
===========================================================================
report_checks -unconstrained
===========================================================================
======================= nom_tt_025C_1v80 Corner ===================================

Startpoint: arst_i (input port clocked by clk)
Endpoint: _4670_ (recovery check against rising-edge clock clk)
Path Group: asynchronous
Path Type: max

Fanout         Cap        Slew       Delay        Time   Description
---------------------------------------------------------------------------------------------
                                  0.000000    0.000000   clock clk (rise edge)
                                  0.000000    0.000000   clock network delay (propagated)
                                  2.000000    2.000000 v input external delay
   178    0.913163    1.985709    1.505593    3.505593 v arst_i (in)
                                                         arst_i (net)
                      1.988658    0.000000    3.505593 v _3452_/A (sky130_fd_sc_hd__inv_2)
     1    0.003697    0.229524    0.321075    3.826668 ^ _3452_/Y (sky130_fd_sc_hd__inv_2)
                                                         _0016_ (net)
                      0.229524    0.000001    3.826669 ^ _4670_/RESET_B (sky130_fd_sc_hd__dfrtp_2)
                                              3.826669   data arrival time

                                 10.000000   10.000000   clock clk (rise edge)
                                  0.000000   10.000000   clock source latency
   923    2.186370    9.702850    6.627521   16.627522 ^ clk (in)
                                                         clk (net)
                      9.702874    0.000000   16.627522 ^ _4670_/CLK (sky130_fd_sc_hd__dfrtp_2)
                                 -0.250000   16.377522   clock uncertainty
                                  0.000000   16.377522   clock reconvergence pessimism
                                  1.499090   17.876614   library recovery time
                                             17.876614   data required time
---------------------------------------------------------------------------------------------
                                             17.876614   data required time
                                             -3.826669   data arrival time
---------------------------------------------------------------------------------------------
                                             14.049944   slack (MET)


Startpoint: _4939_ (rising edge-triggered flip-flop clocked by clk)
Endpoint: store_data[2] (output port clocked by clk)
Path Group: clk
Path Type: max

Fanout         Cap        Slew       Delay        Time   Description
---------------------------------------------------------------------------------------------
                                  0.000000    0.000000   clock clk (rise edge)
                                  0.000000    0.000000   clock source latency
   923    2.186370    9.702850    6.705715    6.705715 ^ clk (in)
                                                         clk (net)
                      9.704080    0.000000    6.705715 ^ _4939_/CLK (sky130_fd_sc_hd__dfrtp_2)
     2    0.036976    0.182232    1.586987    8.292703 ^ _4939_/Q (sky130_fd_sc_hd__dfrtp_2)
                                                         store_data[2] (net)
                      0.182232    0.000132    8.292835 ^ store_data[2] (out)
                                              8.292835   data arrival time

                                 10.000000   10.000000   clock clk (rise edge)
                                  0.000000   10.000000   clock network delay (propagated)
                                 -0.250000    9.750000   clock uncertainty
                                  0.000000    9.750000   clock reconvergence pessimism
                                 -2.000000    7.750000   output external delay
                                              7.750000   data required time
---------------------------------------------------------------------------------------------
                                              7.750000   data required time
                                             -8.292835   data arrival time
---------------------------------------------------------------------------------------------
                                             -0.542835   slack (VIOLATED)




===========================================================================
report_checks --slack_max -0.01
============================================================================
======================= nom_tt_025C_1v80 Corner ===================================

Startpoint: _4939_ (rising edge-triggered flip-flop clocked by clk)
Endpoint: store_data[2] (output port clocked by clk)
Path Group: clk
Path Type: max

Fanout         Cap        Slew       Delay        Time   Description
---------------------------------------------------------------------------------------------
                                  0.000000    0.000000   clock clk (rise edge)
                                  0.000000    0.000000   clock source latency
   923    2.186370    9.702850    6.705715    6.705715 ^ clk (in)
                                                         clk (net)
                      9.704080    0.000000    6.705715 ^ _4939_/CLK (sky130_fd_sc_hd__dfrtp_2)
     2    0.036976    0.182232    1.586987    8.292703 ^ _4939_/Q (sky130_fd_sc_hd__dfrtp_2)
                                                         store_data[2] (net)
                      0.182232    0.000132    8.292835 ^ store_data[2] (out)
                                              8.292835   data arrival time

                                 10.000000   10.000000   clock clk (rise edge)
                                  0.000000   10.000000   clock network delay (propagated)
                                 -0.250000    9.750000   clock uncertainty
                                  0.000000    9.750000   clock reconvergence pessimism
                                 -2.000000    7.750000   output external delay
                                              7.750000   data required time
---------------------------------------------------------------------------------------------
                                              7.750000   data required time
                                             -8.292835   data arrival time
---------------------------------------------------------------------------------------------
                                             -0.542835   slack (VIOLATED)




===========================================================================
 report_check_types -max_slew -max_cap -max_fanout -violators
============================================================================
======================= nom_tt_025C_1v80 Corner ===================================

max slew

Pin                                        Limit        Slew       Slack
------------------------------------------------------------------------
_4123_/CLK                              0.750000    9.704664   -8.954664 (VIOLATED)
_4127_/CLK                              0.750000    9.704668   -8.954668 (VIOLATED)
_4129_/CLK                              0.750000    9.704667   -8.954667 (VIOLATED)
_4133_/CLK                              0.750000    9.704664   -8.954664 (VIOLATED)
_4137_/CLK                              0.750000    9.704668   -8.954668 (VIOLATED)
_4139_/CLK                              0.750000    9.704667   -8.954667 (VIOLATED)
_4175_/CLK                              0.750000    9.704665   -8.954665 (VIOLATED)
_4179_/CLK                              0.750000    9.704669   -8.954669 (VIOLATED)
_4181_/CLK                              0.750000    9.704667   -8.954667 (VIOLATED)
_4185_/CLK                              0.750000    9.704665   -8.954665 (VIOLATED)
_4189_/CLK                              0.750000    9.704669   -8.954669 (VIOLATED)
_4191_/CLK                              0.750000    9.704667   -8.954667 (VIOLATED)
_4121_/CLK                              0.750000    9.704648   -8.954648 (VIOLATED)
_4125_/CLK                              0.750000    9.704644   -8.954644 (VIOLATED)
_4131_/CLK                              0.750000    9.704647   -8.954647 (VIOLATED)
_4135_/CLK                              0.750000    9.704643   -8.954643 (VIOLATED)
_4235_/CLK                              0.750000    9.704653   -8.954653 (VIOLATED)
_4239_/CLK                              0.750000    9.704659   -8.954659 (VIOLATED)
_4255_/CLK                              0.750000    9.704655   -8.954654 (VIOLATED)
_4259_/CLK                              0.750000    9.704660   -8.954660 (VIOLATED)
_4157_/CLK                              0.750000    9.704640   -8.954640 (VIOLATED)
_4165_/CLK                              0.750000    9.704644   -8.954644 (VIOLATED)
_4173_/CLK                              0.750000    9.704648   -8.954648 (VIOLATED)
_4177_/CLK                              0.750000    9.704645   -8.954645 (VIOLATED)
_4183_/CLK                              0.750000    9.704648   -8.954648 (VIOLATED)
_4187_/CLK                              0.750000    9.704645   -8.954645 (VIOLATED)
_4241_/CLK                              0.750000    9.704645   -8.954645 (VIOLATED)
_4245_/CLK                              0.750000    9.704652   -8.954652 (VIOLATED)
_4249_/CLK                              0.750000    9.704659   -8.954659 (VIOLATED)
_4251_/CLK                              0.750000    9.704644   -8.954644 (VIOLATED)
_4481_/CLK                              0.750000    9.704647   -8.954647 (VIOLATED)
_4513_/CLK                              0.750000    9.704647   -8.954647 (VIOLATED)
_4545_/CLK                              0.750000    9.704647   -8.954647 (VIOLATED)
_4577_/CLK                              0.750000    9.704647   -8.954647 (VIOLATED)
_4656_/CLK                              0.750000    9.704649   -8.954649 (VIOLATED)
_4783_/CLK                              0.750000    9.704655   -8.954655 (VIOLATED)
_4787_/CLK                              0.750000    9.704660   -8.954660 (VIOLATED)
_4193_/CLK                              0.750000    9.704633   -8.954633 (VIOLATED)
_4223_/CLK                              0.750000    9.704636   -8.954636 (VIOLATED)
_4233_/CLK                              0.750000    9.704640   -8.954640 (VIOLATED)
_4243_/CLK                              0.750000    9.704639   -8.954639 (VIOLATED)
_4253_/CLK                              0.750000    9.704641   -8.954640 (VIOLATED)
_4261_/CLK                              0.750000    9.704647   -8.954647 (VIOLATED)
_4279_/CLK                              0.750000    9.704640   -8.954640 (VIOLATED)
_4287_/CLK                              0.750000    9.704644   -8.954644 (VIOLATED)
_4311_/CLK                              0.750000    9.704641   -8.954640 (VIOLATED)
_4319_/CLK                              0.750000    9.704643   -8.954643 (VIOLATED)
_4195_/CLK                              0.750000    9.704626   -8.954626 (VIOLATED)
_4203_/CLK                              0.750000    9.704632   -8.954632 (VIOLATED)
_4213_/CLK                              0.750000    9.704635   -8.954635 (VIOLATED)
_4473_/CLK                              0.750000    9.704635   -8.954635 (VIOLATED)
_4505_/CLK                              0.750000    9.704633   -8.954633 (VIOLATED)
_4537_/CLK                              0.750000    9.704637   -8.954637 (VIOLATED)
_4569_/CLK                              0.750000    9.704638   -8.954638 (VIOLATED)
_4601_/CLK                              0.750000    9.704638   -8.954638 (VIOLATED)
_4609_/CLK                              0.750000    9.704644   -8.954644 (VIOLATED)
_4781_/CLK                              0.750000    9.704641   -8.954640 (VIOLATED)
_4789_/CLK                              0.750000    9.704650   -8.954650 (VIOLATED)
_4201_/CLK                              0.750000    9.704619   -8.954619 (VIOLATED)
_4205_/CLK                              0.750000    9.704623   -8.954623 (VIOLATED)
_4215_/CLK                              0.750000    9.704628   -8.954628 (VIOLATED)
_4225_/CLK                              0.750000    9.704629   -8.954628 (VIOLATED)
_4211_/CLK                              0.750000    9.704618   -8.954618 (VIOLATED)
_4221_/CLK                              0.750000    9.704620   -8.954620 (VIOLATED)
_4231_/CLK                              0.750000    9.704622   -8.954622 (VIOLATED)
_4478_/CLK                              0.750000    9.704595   -8.954595 (VIOLATED)
_4542_/CLK                              0.750000    9.704601   -8.954601 (VIOLATED)
_4574_/CLK                              0.750000    9.704605   -8.954605 (VIOLATED)
_4510_/CLK                              0.750000    9.704591   -8.954591 (VIOLATED)
_4348_/CLK                              0.750000    9.704560   -8.954560 (VIOLATED)
_4349_/CLK                              0.750000    9.704556   -8.954556 (VIOLATED)
_4351_/CLK                              0.750000    9.704560   -8.954560 (VIOLATED)
_4382_/CLK                              0.750000    9.704558   -8.954558 (VIOLATED)
_4446_/CLK                              0.750000    9.704566   -8.954566 (VIOLATED)
_4383_/CLK                              0.750000    9.704556   -8.954556 (VIOLATED)
_4385_/CLK                              0.750000    9.704560   -8.954560 (VIOLATED)
_4414_/CLK                              0.750000    9.704564   -8.954564 (VIOLATED)
_4415_/CLK                              0.750000    9.704557   -8.954557 (VIOLATED)
_4417_/CLK                              0.750000    9.704560   -8.954560 (VIOLATED)
_4447_/CLK                              0.750000    9.704558   -8.954558 (VIOLATED)
_4449_/CLK                              0.750000    9.704560   -8.954560 (VIOLATED)
_4807_/CLK                              0.750000    9.704555   -8.954555 (VIOLATED)
_4812_/CLK                              0.750000    9.704560   -8.954560 (VIOLATED)
_4813_/CLK                              0.750000    9.704559   -8.954559 (VIOLATED)
_4815_/CLK                              0.750000    9.704560   -8.954560 (VIOLATED)
_4353_/CLK                              0.750000    9.704542   -8.954542 (VIOLATED)
_4387_/CLK                              0.750000    9.704542   -8.954542 (VIOLATED)
_4419_/CLK                              0.750000    9.704545   -8.954545 (VIOLATED)
_4451_/CLK                              0.750000    9.704547   -8.954547 (VIOLATED)
_4817_/CLK                              0.750000    9.704551   -8.954551 (VIOLATED)
_4821_/CLK                              0.750000    9.704551   -8.954550 (VIOLATED)
_4163_/CLK                              0.750000    9.704526   -8.954526 (VIOLATED)
_4285_/CLK                              0.750000    9.704526   -8.954526 (VIOLATED)
_4317_/CLK                              0.750000    9.704526   -8.954526 (VIOLATED)
_4343_/CLK                              0.750000    9.704533   -8.954533 (VIOLATED)
_4357_/CLK                              0.750000    9.704529   -8.954529 (VIOLATED)
_4377_/CLK                              0.750000    9.704533   -8.954533 (VIOLATED)
_4479_/CLK                              0.750000    9.704539   -8.954539 (VIOLATED)
_4391_/CLK                              0.750000    9.704529   -8.954529 (VIOLATED)
_4409_/CLK                              0.750000    9.704534   -8.954534 (VIOLATED)
_4423_/CLK                              0.750000    9.704529   -8.954529 (VIOLATED)
_4441_/CLK                              0.750000    9.704534   -8.954534 (VIOLATED)
_4455_/CLK                              0.750000    9.704530   -8.954530 (VIOLATED)
_4483_/CLK                              0.750000    9.704535   -8.954535 (VIOLATED)
_4511_/CLK                              0.750000    9.704539   -8.954539 (VIOLATED)
_4515_/CLK                              0.750000    9.704535   -8.954535 (VIOLATED)
_4543_/CLK                              0.750000    9.704540   -8.954540 (VIOLATED)
_4547_/CLK                              0.750000    9.704537   -8.954537 (VIOLATED)
_4575_/CLK                              0.750000    9.704540   -8.954540 (VIOLATED)
_4890_/CLK                              0.750000    9.704535   -8.954535 (VIOLATED)
_4898_/CLK                              0.750000    9.704542   -8.954542 (VIOLATED)
_4487_/CLK                              0.750000    9.704523   -8.954523 (VIOLATED)
_4519_/CLK                              0.750000    9.704523   -8.954523 (VIOLATED)
_4551_/CLK                              0.750000    9.704529   -8.954529 (VIOLATED)
_4579_/CLK                              0.750000    9.704537   -8.954537 (VIOLATED)
_4583_/CLK                              0.750000    9.704533   -8.954533 (VIOLATED)
_4607_/CLK                              0.750000    9.704526   -8.954526 (VIOLATED)
_4633_/CLK                              0.750000    9.704535   -8.954535 (VIOLATED)
_4641_/CLK                              0.750000    9.704542   -8.954542 (VIOLATED)
_4639_/CLK                              0.750000    9.704528   -8.954528 (VIOLATED)
_4896_/CLK                              0.750000    9.704528   -8.954528 (VIOLATED)
_4922_/CLK                              0.750000    9.704535   -8.954535 (VIOLATED)
_4930_/CLK                              0.750000    9.704542   -8.954542 (VIOLATED)
_4643_/CLK                              0.750000    9.704518   -8.954518 (VIOLATED)
_4900_/CLK                              0.750000    9.704522   -8.954522 (VIOLATED)
_4928_/CLK                              0.750000    9.704528   -8.954528 (VIOLATED)
_4996_/CLK                              0.750000    9.704535   -8.954535 (VIOLATED)
_5004_/CLK                              0.750000    9.704542   -8.954542 (VIOLATED)
_4932_/CLK                              0.750000    9.704521   -8.954521 (VIOLATED)
_5002_/CLK                              0.750000    9.704527   -8.954527 (VIOLATED)
_5006_/CLK                              0.750000    9.704516   -8.954516 (VIOLATED)
_4335_/CLK                              0.750000    9.704506   -8.954506 (VIOLATED)
_4369_/CLK                              0.750000    9.704506   -8.954506 (VIOLATED)
_4401_/CLK                              0.750000    9.704506   -8.954506 (VIOLATED)
_4433_/CLK                              0.750000    9.704506   -8.954506 (VIOLATED)
_4465_/CLK                              0.750000    9.704502   -8.954502 (VIOLATED)
_4497_/CLK                              0.750000    9.704502   -8.954502 (VIOLATED)
_4529_/CLK                              0.750000    9.704502   -8.954502 (VIOLATED)
_4561_/CLK                              0.750000    9.704502   -8.954502 (VIOLATED)
_4791_/CLK                              0.750000    9.704507   -8.954507 (VIOLATED)
_4625_/CLK                              0.750000    9.704497   -8.954497 (VIOLATED)
_4799_/CLK                              0.750000    9.704506   -8.954506 (VIOLATED)
_4882_/CLK                              0.750000    9.704502   -8.954502 (VIOLATED)
_4914_/CLK                              0.750000    9.704500   -8.954500 (VIOLATED)
_4988_/CLK                              0.750000    9.704498   -8.954498 (VIOLATED)
_4162_/CLK                              0.750000    9.704486   -8.954485 (VIOLATED)
_4284_/CLK                              0.750000    9.704486   -8.954485 (VIOLATED)
_4316_/CLK                              0.750000    9.704486   -8.954485 (VIOLATED)
_4606_/CLK                              0.750000    9.704486   -8.954485 (VIOLATED)
_4615_/CLK                              0.750000    9.704480   -8.954480 (VIOLATED)
_4638_/CLK                              0.750000    9.704484   -8.954484 (VIOLATED)
_4895_/CLK                              0.750000    9.704484   -8.954484 (VIOLATED)
_4927_/CLK                              0.750000    9.704484   -8.954484 (VIOLATED)
_4970_/CLK                              0.750000    9.704480   -8.954480 (VIOLATED)
_4978_/CLK                              0.750000    9.704481   -8.954481 (VIOLATED)
_5001_/CLK                              0.750000    9.704483   -8.954483 (VIOLATED)
_4149_/CLK                              0.750000    9.704468   -8.954468 (VIOLATED)
_4167_/CLK                              0.750000    9.704470   -8.954470 (VIOLATED)
_4271_/CLK                              0.750000    9.704468   -8.954468 (VIOLATED)
_4289_/CLK                              0.750000    9.704470   -8.954470 (VIOLATED)
_4293_/CLK                              0.750000    9.704468   -8.954468 (VIOLATED)
_4303_/CLK                              0.750000    9.704469   -8.954469 (VIOLATED)
_4321_/CLK                              0.750000    9.704470   -8.954470 (VIOLATED)
_4593_/CLK                              0.750000    9.704469   -8.954469 (VIOLATED)
_4611_/CLK                              0.750000    9.704470   -8.954470 (VIOLATED)
_4171_/CLK                              0.750000    9.704457   -8.954457 (VIOLATED)
_4325_/CLK                              0.750000    9.704454   -8.954454 (VIOLATED)
_4893_/CLK                              0.750000    9.704442   -8.954442 (VIOLATED)
_4636_/CLK                              0.750000    9.704432   -8.954432 (VIOLATED)
_4925_/CLK                              0.750000    9.704437   -8.954437 (VIOLATED)
_4999_/CLK                              0.750000    9.704429   -8.954429 (VIOLATED)
_4151_/CLK                              0.750000    9.704401   -8.954401 (VIOLATED)
_4273_/CLK                              0.750000    9.704401   -8.954401 (VIOLATED)
_4305_/CLK                              0.750000    9.704401   -8.954401 (VIOLATED)
_4595_/CLK                              0.750000    9.704404   -8.954404 (VIOLATED)
_4647_/CLK                              0.750000    9.704391   -8.954391 (VIOLATED)
_4904_/CLK                              0.750000    9.704392   -8.954392 (VIOLATED)
_4936_/CLK                              0.750000    9.704391   -8.954391 (VIOLATED)
_4964_/CLK                              0.750000    9.704395   -8.954394 (VIOLATED)
_4969_/CLK                              0.750000    9.704393   -8.954393 (VIOLATED)
_4972_/CLK                              0.750000    9.704395   -8.954394 (VIOLATED)
_4974_/CLK                              0.750000    9.704399   -8.954399 (VIOLATED)
_5010_/CLK                              0.750000    9.704391   -8.954391 (VIOLATED)
_5028_/CLK                              0.750000    9.704395   -8.954394 (VIOLATED)
_4966_/CLK                              0.750000    9.704379   -8.954379 (VIOLATED)
_4158_/CLK                              0.750000    9.704365   -8.954365 (VIOLATED)
_4280_/CLK                              0.750000    9.704366   -8.954366 (VIOLATED)
_4312_/CLK                              0.750000    9.704365   -8.954365 (VIOLATED)
_4442_/CLK                              0.750000    9.704365   -8.954365 (VIOLATED)
_4602_/CLK                              0.750000    9.704366   -8.954366 (VIOLATED)
_4378_/CLK                              0.750000    9.704355   -8.954355 (VIOLATED)
_4410_/CLK                              0.750000    9.704360   -8.954360 (VIOLATED)
_4603_/CLK                              0.750000    9.704358   -8.954358 (VIOLATED)
_4159_/CLK                              0.750000    9.704345   -8.954345 (VIOLATED)
_4281_/CLK                              0.750000    9.704353   -8.954353 (VIOLATED)
_4344_/CLK                              0.750000    9.704357   -8.954356 (VIOLATED)
_4313_/CLK                              0.750000    9.704340   -8.954340 (VIOLATED)
_4371_/CLK                              0.750000    9.704321   -8.954321 (VIOLATED)
_4380_/CLK                              0.750000    9.704324   -8.954324 (VIOLATED)
_4403_/CLK                              0.750000    9.704322   -8.954322 (VIOLATED)
_4412_/CLK                              0.750000    9.704325   -8.954325 (VIOLATED)
_4435_/CLK                              0.750000    9.704323   -8.954323 (VIOLATED)
_4444_/CLK                              0.750000    9.704325   -8.954325 (VIOLATED)
_4801_/CLK                              0.750000    9.704322   -8.954322 (VIOLATED)
_4810_/CLK                              0.750000    9.704324   -8.954324 (VIOLATED)
_4160_/CLK                              0.750000    9.704311   -8.954311 (VIOLATED)
_4282_/CLK                              0.750000    9.704312   -8.954312 (VIOLATED)
_4337_/CLK                              0.750000    9.704321   -8.954321 (VIOLATED)
_4346_/CLK                              0.750000    9.704324   -8.954324 (VIOLATED)
_4314_/CLK                              0.750000    9.704311   -8.954311 (VIOLATED)
_4443_/CLK                              0.750000    9.704310   -8.954310 (VIOLATED)
_4467_/CLK                              0.750000    9.704317   -8.954317 (VIOLATED)
_4474_/CLK                              0.750000    9.704312   -8.954312 (VIOLATED)
_4476_/CLK                              0.750000    9.704319   -8.954319 (VIOLATED)
_4499_/CLK                              0.750000    9.704317   -8.954317 (VIOLATED)
_4506_/CLK                              0.750000    9.704312   -8.954312 (VIOLATED)
_4508_/CLK                              0.750000    9.704319   -8.954319 (VIOLATED)
_4531_/CLK                              0.750000    9.704318   -8.954317 (VIOLATED)
_4538_/CLK                              0.750000    9.704312   -8.954312 (VIOLATED)
_4540_/CLK                              0.750000    9.704319   -8.954319 (VIOLATED)
_4563_/CLK                              0.750000    9.704318   -8.954317 (VIOLATED)
_4570_/CLK                              0.750000    9.704312   -8.954312 (VIOLATED)
_4572_/CLK                              0.750000    9.704319   -8.954319 (VIOLATED)
_4604_/CLK                              0.750000    9.704312   -8.954312 (VIOLATED)
_4884_/CLK                              0.750000    9.704310   -8.954310 (VIOLATED)
_4891_/CLK                              0.750000    9.704310   -8.954310 (VIOLATED)
_4916_/CLK                              0.750000    9.704310   -8.954310 (VIOLATED)
_4923_/CLK                              0.750000    9.704310   -8.954310 (VIOLATED)
_4990_/CLK                              0.750000    9.704309   -8.954309 (VIOLATED)
_4997_/CLK                              0.750000    9.704313   -8.954313 (VIOLATED)
_4143_/CLK                              0.750000    9.704296   -8.954296 (VIOLATED)
_4265_/CLK                              0.750000    9.704300   -8.954300 (VIOLATED)
_4297_/CLK                              0.750000    9.704295   -8.954295 (VIOLATED)
_4345_/CLK                              0.750000    9.704299   -8.954299 (VIOLATED)
_4379_/CLK                              0.750000    9.704299   -8.954299 (VIOLATED)
_4411_/CLK                              0.750000    9.704303   -8.954303 (VIOLATED)
_4587_/CLK                              0.750000    9.704303   -8.954303 (VIOLATED)
_4627_/CLK                              0.750000    9.704309   -8.954309 (VIOLATED)
_4634_/CLK                              0.750000    9.704311   -8.954311 (VIOLATED)
_4329_/CLK                              0.750000    9.704283   -8.954283 (VIOLATED)
_4363_/CLK                              0.750000    9.704283   -8.954283 (VIOLATED)
_4395_/CLK                              0.750000    9.704284   -8.954284 (VIOLATED)
_4427_/CLK                              0.750000    9.704285   -8.954285 (VIOLATED)
_4459_/CLK                              0.750000    9.704286   -8.954286 (VIOLATED)
_4491_/CLK                              0.750000    9.704286   -8.954286 (VIOLATED)
_4523_/CLK                              0.750000    9.704286   -8.954286 (VIOLATED)
_4555_/CLK                              0.750000    9.704286   -8.954286 (VIOLATED)
_4619_/CLK                              0.750000    9.704282   -8.954282 (VIOLATED)
_4793_/CLK                              0.750000    9.704281   -8.954281 (VIOLATED)
_4876_/CLK                              0.750000    9.704288   -8.954288 (VIOLATED)
_4908_/CLK                              0.750000    9.704286   -8.954286 (VIOLATED)
_4961_/CLK                              0.750000    9.704280   -8.954279 (VIOLATED)
_4982_/CLK                              0.750000    9.704280   -8.954279 (VIOLATED)
_4953_/CLK                              0.750000    9.704269   -8.954269 (VIOLATED)
_4332_/CLK                              0.750000    9.704257   -8.954257 (VIOLATED)
_4366_/CLK                              0.750000    9.704257   -8.954257 (VIOLATED)
_4398_/CLK                              0.750000    9.704261   -8.954261 (VIOLATED)
_4430_/CLK                              0.750000    9.704262   -8.954262 (VIOLATED)
_4967_/CLK                              0.750000    9.704254   -8.954254 (VIOLATED)
_4146_/CLK                              0.750000    9.704241   -8.954241 (VIOLATED)
_4268_/CLK                              0.750000    9.704241   -8.954241 (VIOLATED)
_4300_/CLK                              0.750000    9.704241   -8.954241 (VIOLATED)
_4462_/CLK                              0.750000    9.704242   -8.954242 (VIOLATED)
_4494_/CLK                              0.750000    9.704242   -8.954242 (VIOLATED)
_4526_/CLK                              0.750000    9.704242   -8.954242 (VIOLATED)
_4558_/CLK                              0.750000    9.704242   -8.954242 (VIOLATED)
_4590_/CLK                              0.750000    9.704241   -8.954241 (VIOLATED)
_4597_/CLK                              0.750000    9.704232   -8.954232 (VIOLATED)
_4622_/CLK                              0.750000    9.704237   -8.954237 (VIOLATED)
_4796_/CLK                              0.750000    9.704234   -8.954234 (VIOLATED)
_4879_/CLK                              0.750000    9.704239   -8.954239 (VIOLATED)
_4911_/CLK                              0.750000    9.704239   -8.954239 (VIOLATED)
_4985_/CLK                              0.750000    9.704236   -8.954236 (VIOLATED)
_4153_/CLK                              0.750000    9.704222   -8.954222 (VIOLATED)
_4275_/CLK                              0.750000    9.704228   -8.954228 (VIOLATED)
_4307_/CLK                              0.750000    9.704216   -8.954216 (VIOLATED)
_4808_/CLK                              0.750000    9.704222   -8.954222 (VIOLATED)
_4973_/CLK                              0.750000    9.704224   -8.954224 (VIOLATED)
_4470_/CLK                              0.750000    9.704209   -8.954209 (VIOLATED)
_4502_/CLK                              0.750000    9.704209   -8.954209 (VIOLATED)
_4534_/CLK                              0.750000    9.704209   -8.954209 (VIOLATED)
_4566_/CLK                              0.750000    9.704209   -8.954209 (VIOLATED)
_4630_/CLK                              0.750000    9.704207   -8.954207 (VIOLATED)
_4804_/CLK                              0.750000    9.704200   -8.954200 (VIOLATED)
_4887_/CLK                              0.750000    9.704208   -8.954208 (VIOLATED)
_4919_/CLK                              0.750000    9.704207   -8.954207 (VIOLATED)
_4993_/CLK                              0.750000    9.704206   -8.954206 (VIOLATED)
_4154_/CLK                              0.750000    9.704181   -8.954181 (VIOLATED)
_4276_/CLK                              0.750000    9.704181   -8.954181 (VIOLATED)
_4308_/CLK                              0.750000    9.704181   -8.954181 (VIOLATED)
_4340_/CLK                              0.750000    9.704178   -8.954178 (VIOLATED)
_4374_/CLK                              0.750000    9.704179   -8.954179 (VIOLATED)
_4406_/CLK                              0.750000    9.704179   -8.954179 (VIOLATED)
_4438_/CLK                              0.750000    9.704180   -8.954180 (VIOLATED)
_4598_/CLK                              0.750000    9.704182   -8.954182 (VIOLATED)
_4469_/CLK                              0.750000    9.704161   -8.954161 (VIOLATED)
_4482_/CLK                              0.750000    9.704162   -8.954162 (VIOLATED)
_4533_/CLK                              0.750000    9.704168   -8.954168 (VIOLATED)
_4546_/CLK                              0.750000    9.704174   -8.954174 (VIOLATED)
_4565_/CLK                              0.750000    9.704177   -8.954177 (VIOLATED)
_4578_/CLK                              0.750000    9.704179   -8.954179 (VIOLATED)
_4501_/CLK                              0.750000    9.704158   -8.954158 (VIOLATED)
_4514_/CLK                              0.750000    9.704157   -8.954157 (VIOLATED)
_4629_/CLK                              0.750000    9.704144   -8.954144 (VIOLATED)
_4809_/CLK                              0.750000    9.704148   -8.954148 (VIOLATED)
_4886_/CLK                              0.750000    9.704144   -8.954144 (VIOLATED)
_4918_/CLK                              0.750000    9.704144   -8.954144 (VIOLATED)
_4992_/CLK                              0.750000    9.704144   -8.954144 (VIOLATED)
_4803_/CLK                              0.750000    9.704133   -8.954133 (VIOLATED)
_4339_/CLK                              0.750000    9.704112   -8.954112 (VIOLATED)
_4405_/CLK                              0.750000    9.704121   -8.954121 (VIOLATED)
_4437_/CLK                              0.750000    9.704128   -8.954128 (VIOLATED)
_4352_/CLK                              0.750000    9.704107   -8.954107 (VIOLATED)
_4373_/CLK                              0.750000    9.704110   -8.954110 (VIOLATED)
_4418_/CLK                              0.750000    9.704118   -8.954118 (VIOLATED)
_4450_/CLK                              0.750000    9.704124   -8.954124 (VIOLATED)
_4386_/CLK                              0.750000    9.704102   -8.954102 (VIOLATED)
_4141_/CLK                              0.750000    9.704082   -8.954082 (VIOLATED)
_4263_/CLK                              0.750000    9.704082   -8.954082 (VIOLATED)
_4295_/CLK                              0.750000    9.704082   -8.954082 (VIOLATED)
_4327_/CLK                              0.750000    9.704080   -8.954080 (VIOLATED)
_4361_/CLK                              0.750000    9.704080   -8.954080 (VIOLATED)
_4393_/CLK                              0.750000    9.704080   -8.954080 (VIOLATED)
_4425_/CLK                              0.750000    9.704080   -8.954080 (VIOLATED)
_4457_/CLK                              0.750000    9.704079   -8.954079 (VIOLATED)
_4475_/CLK                              0.750000    9.704075   -8.954075 (VIOLATED)
_4489_/CLK                              0.750000    9.704079   -8.954079 (VIOLATED)
_4507_/CLK                              0.750000    9.704075   -8.954075 (VIOLATED)
_4521_/CLK                              0.750000    9.704080   -8.954080 (VIOLATED)
_4539_/CLK                              0.750000    9.704076   -8.954076 (VIOLATED)
_4553_/CLK                              0.750000    9.704080   -8.954080 (VIOLATED)
_4571_/CLK                              0.750000    9.704076   -8.954076 (VIOLATED)
_4585_/CLK                              0.750000    9.704082   -8.954082 (VIOLATED)
_4617_/CLK                              0.750000    9.704078   -8.954078 (VIOLATED)
_4874_/CLK                              0.750000    9.704078   -8.954078 (VIOLATED)
_4906_/CLK                              0.750000    9.704078   -8.954078 (VIOLATED)
_4938_/CLK                              0.750000    9.704082   -8.954082 (VIOLATED)
_4939_/CLK                              0.750000    9.704080   -8.954080 (VIOLATED)
_4940_/CLK                              0.750000    9.704081   -8.954081 (VIOLATED)
_4942_/CLK                              0.750000    9.704081   -8.954081 (VIOLATED)
_4944_/CLK                              0.750000    9.704082   -8.954082 (VIOLATED)
_4946_/CLK                              0.750000    9.704082   -8.954082 (VIOLATED)
_4951_/CLK                              0.750000    9.704080   -8.954080 (VIOLATED)
_4980_/CLK                              0.750000    9.704078   -8.954078 (VIOLATED)
_4122_/CLK                              0.750000    9.704063   -8.954063 (VIOLATED)
_4132_/CLK                              0.750000    9.704062   -8.954062 (VIOLATED)
_4174_/CLK                              0.750000    9.704064   -8.954064 (VIOLATED)
_4184_/CLK                              0.750000    9.704064   -8.954064 (VIOLATED)
_4662_/CLK                              0.750000    9.704071   -8.954071 (VIOLATED)
_4698_/CLK                              0.750000    9.704070   -8.954070 (VIOLATED)
_4740_/CLK                              0.750000    9.704074   -8.954074 (VIOLATED)
_4742_/CLK                              0.750000    9.704074   -8.954074 (VIOLATED)
_4756_/CLK                              0.750000    9.704076   -8.954076 (VIOLATED)
_4762_/CLK                              0.750000    9.704077   -8.954077 (VIOLATED)
_4764_/CLK                              0.750000    9.704078   -8.954078 (VIOLATED)
_4635_/CLK                              0.750000    9.704060   -8.954060 (VIOLATED)
_4892_/CLK                              0.750000    9.704063   -8.954063 (VIOLATED)
_5033_/CLK                              0.750000    9.704072   -8.954071 (VIOLATED)
_4924_/CLK                              0.750000    9.704062   -8.954062 (VIOLATED)
_4965_/CLK                              0.750000    9.704071   -8.954071 (VIOLATED)
_5013_/CLK                              0.750000    9.704071   -8.954071 (VIOLATED)
_4998_/CLK                              0.750000    9.704060   -8.954059 (VIOLATED)
_4124_/CLK                              0.750000    9.704046   -8.954045 (VIOLATED)
_4661_/CLK                              0.750000    9.704052   -8.954052 (VIOLATED)
_4663_/CLK                              0.750000    9.704056   -8.954056 (VIOLATED)
_4128_/CLK                              0.750000    9.704041   -8.954041 (VIOLATED)
_4134_/CLK                              0.750000    9.704045   -8.954045 (VIOLATED)
_4138_/CLK                              0.750000    9.704041   -8.954041 (VIOLATED)
_4176_/CLK                              0.750000    9.704047   -8.954046 (VIOLATED)
_4180_/CLK                              0.750000    9.704043   -8.954043 (VIOLATED)
_4186_/CLK                              0.750000    9.704047   -8.954046 (VIOLATED)
_4190_/CLK                              0.750000    9.704044   -8.954044 (VIOLATED)
_4257_/CLK                              0.750000    9.704039   -8.954039 (VIOLATED)
_4664_/CLK                              0.750000    9.704047   -8.954047 (VIOLATED)
_4665_/CLK                              0.750000    9.704044   -8.954044 (VIOLATED)
_4667_/CLK                              0.750000    9.704053   -8.954053 (VIOLATED)
_4669_/CLK                              0.750000    9.704049   -8.954049 (VIOLATED)
_4697_/CLK                              0.750000    9.704052   -8.954052 (VIOLATED)
_4699_/CLK                              0.750000    9.704055   -8.954055 (VIOLATED)
_4700_/CLK                              0.750000    9.704047   -8.954047 (VIOLATED)
_4703_/CLK                              0.750000    9.704053   -8.954053 (VIOLATED)
_4701_/CLK                              0.750000    9.704043   -8.954043 (VIOLATED)
_4705_/CLK                              0.750000    9.704049   -8.954049 (VIOLATED)
_4950_/CLK                              0.750000    9.704046   -8.954045 (VIOLATED)
_4958_/CLK                              0.750000    9.704050   -8.954050 (VIOLATED)
_5012_/CLK                              0.750000    9.704054   -8.954054 (VIOLATED)
_5014_/CLK                              0.750000    9.704057   -8.954057 (VIOLATED)
_5015_/CLK                              0.750000    9.704047   -8.954047 (VIOLATED)
_5016_/CLK                              0.750000    9.704045   -8.954045 (VIOLATED)
_5018_/CLK                              0.750000    9.704054   -8.954054 (VIOLATED)
_5020_/CLK                              0.750000    9.704050   -8.954050 (VIOLATED)
_5032_/CLK                              0.750000    9.704054   -8.954054 (VIOLATED)
_5034_/CLK                              0.750000    9.704058   -8.954058 (VIOLATED)
_5035_/CLK                              0.750000    9.704047   -8.954047 (VIOLATED)
_5036_/CLK                              0.750000    9.704046   -8.954045 (VIOLATED)
_5038_/CLK                              0.750000    9.704054   -8.954054 (VIOLATED)
_5040_/CLK                              0.750000    9.704050   -8.954050 (VIOLATED)
_4254_/CLK                              0.750000    9.704027   -8.954027 (VIOLATED)
_4256_/CLK                              0.750000    9.704030   -8.954030 (VIOLATED)
_4941_/CLK                              0.750000    9.704029   -8.954029 (VIOLATED)
_4952_/CLK                              0.750000    9.704034   -8.954034 (VIOLATED)
_4960_/CLK                              0.750000    9.704040   -8.954040 (VIOLATED)
_4194_/CLK                              0.750000    9.704018   -8.954018 (VIOLATED)
_4197_/CLK                              0.750000    9.704015   -8.954015 (VIOLATED)
_4199_/CLK                              0.750000    9.704017   -8.954017 (VIOLATED)
_4204_/CLK                              0.750000    9.704017   -8.954017 (VIOLATED)
_4207_/CLK                              0.750000    9.704015   -8.954015 (VIOLATED)
_4209_/CLK                              0.750000    9.704017   -8.954017 (VIOLATED)
_4214_/CLK                              0.750000    9.704019   -8.954019 (VIOLATED)
_4217_/CLK                              0.750000    9.704016   -8.954016 (VIOLATED)
_4219_/CLK                              0.750000    9.704017   -8.954017 (VIOLATED)
_4224_/CLK                              0.750000    9.704020   -8.954020 (VIOLATED)
_4234_/CLK                              0.750000    9.704026   -8.954026 (VIOLATED)
_4236_/CLK                              0.750000    9.704028   -8.954028 (VIOLATED)
_4237_/CLK                              0.750000    9.704037   -8.954037 (VIOLATED)
_4244_/CLK                              0.750000    9.704025   -8.954025 (VIOLATED)
_4246_/CLK                              0.750000    9.704028   -8.954028 (VIOLATED)
_4247_/CLK                              0.750000    9.704036   -8.954036 (VIOLATED)
_4227_/CLK                              0.750000    9.704016   -8.954016 (VIOLATED)
_4229_/CLK                              0.750000    9.704017   -8.954017 (VIOLATED)
_4238_/CLK                              0.750000    9.704016   -8.954016 (VIOLATED)
_4248_/CLK                              0.750000    9.704016   -8.954016 (VIOLATED)
_4258_/CLK                              0.750000    9.704016   -8.954016 (VIOLATED)
_4331_/CLK                              0.750000    9.704014   -8.954014 (VIOLATED)
_4365_/CLK                              0.750000    9.704017   -8.954017 (VIOLATED)
_4461_/CLK                              0.750000    9.704023   -8.954023 (VIOLATED)
_4657_/CLK                              0.750000    9.704024   -8.954024 (VIOLATED)
_4658_/CLK                              0.750000    9.704024   -8.954024 (VIOLATED)
_4659_/CLK                              0.750000    9.704023   -8.954023 (VIOLATED)
_4397_/CLK                              0.750000    9.704014   -8.954014 (VIOLATED)
_4429_/CLK                              0.750000    9.704014   -8.954014 (VIOLATED)
_4493_/CLK                              0.750000    9.704022   -8.954022 (VIOLATED)
_4525_/CLK                              0.750000    9.704026   -8.954026 (VIOLATED)
_4556_/CLK                              0.750000    9.704021   -8.954021 (VIOLATED)
_4557_/CLK                              0.750000    9.704027   -8.954027 (VIOLATED)
_4878_/CLK                              0.750000    9.704016   -8.954016 (VIOLATED)
_4910_/CLK                              0.750000    9.704016   -8.954016 (VIOLATED)
_4984_/CLK                              0.750000    9.704015   -8.954015 (VIOLATED)
_5019_/CLK                              0.750000    9.704021   -8.954020 (VIOLATED)
_5039_/CLK                              0.750000    9.704021   -8.954021 (VIOLATED)
_4145_/CLK                              0.750000    9.704003   -8.954003 (VIOLATED)
_4240_/CLK                              0.750000    9.704003   -8.954003 (VIOLATED)
_4589_/CLK                              0.750000    9.704012   -8.954012 (VIOLATED)
_4621_/CLK                              0.750000    9.704015   -8.954015 (VIOLATED)
_4668_/CLK                              0.750000    9.704020   -8.954020 (VIOLATED)
_4704_/CLK                              0.750000    9.704019   -8.954019 (VIOLATED)
_4738_/CLK                              0.750000    9.704026   -8.954026 (VIOLATED)
_4739_/CLK                              0.750000    9.704027   -8.954027 (VIOLATED)
_4741_/CLK                              0.750000    9.704029   -8.954029 (VIOLATED)
_4743_/CLK                              0.750000    9.704029   -8.954029 (VIOLATED)
_4782_/CLK                              0.750000    9.704027   -8.954027 (VIOLATED)
_4784_/CLK                              0.750000    9.704031   -8.954031 (VIOLATED)
_4785_/CLK                              0.750000    9.704040   -8.954040 (VIOLATED)
_4786_/CLK                              0.750000    9.704016   -8.954016 (VIOLATED)
_4788_/CLK                              0.750000    9.704012   -8.954012 (VIOLATED)
_5022_/CLK                              0.750000    9.704011   -8.954011 (VIOLATED)
_5024_/CLK                              0.750000    9.704007   -8.954007 (VIOLATED)
_5026_/CLK                              0.750000    9.704011   -8.954011 (VIOLATED)
_5030_/CLK                              0.750000    9.704010   -8.954010 (VIOLATED)
_4196_/CLK                              0.750000    9.703992   -8.953992 (VIOLATED)
_4206_/CLK                              0.750000    9.703992   -8.953992 (VIOLATED)
_4216_/CLK                              0.750000    9.703992   -8.953992 (VIOLATED)
_4226_/CLK                              0.750000    9.703992   -8.953992 (VIOLATED)
_4250_/CLK                              0.750000    9.704000   -8.954000 (VIOLATED)
_4260_/CLK                              0.750000    9.704008   -8.954007 (VIOLATED)
_4267_/CLK                              0.750000    9.704008   -8.954007 (VIOLATED)
_4299_/CLK                              0.750000    9.704002   -8.954002 (VIOLATED)
_5023_/CLK                              0.750000    9.703994   -8.953994 (VIOLATED)
_5025_/CLK                              0.750000    9.703990   -8.953990 (VIOLATED)
_5029_/CLK                              0.750000    9.703991   -8.953991 (VIOLATED)
_4200_/CLK                              0.750000    9.703979   -8.953979 (VIOLATED)
_4210_/CLK                              0.750000    9.703978   -8.953978 (VIOLATED)
_4220_/CLK                              0.750000    9.703982   -8.953981 (VIOLATED)
_4230_/CLK                              0.750000    9.703984   -8.953984 (VIOLATED)
_4460_/CLK                              0.750000    9.703984   -8.953984 (VIOLATED)
_4524_/CLK                              0.750000    9.703992   -8.953992 (VIOLATED)
_4492_/CLK                              0.750000    9.703979   -8.953979 (VIOLATED)
_4795_/CLK                              0.750000    9.703959   -8.953959 (VIOLATED)
_5021_/CLK                              0.750000    9.703967   -8.953967 (VIOLATED)
_5027_/CLK                              0.750000    9.703974   -8.953974 (VIOLATED)
_4270_/CLK                              0.750000    9.703940   -8.953940 (VIOLATED)
_4592_/CLK                              0.750000    9.703944   -8.953944 (VIOLATED)
_4148_/CLK                              0.750000    9.703929   -8.953929 (VIOLATED)
_4428_/CLK                              0.750000    9.703933   -8.953933 (VIOLATED)
_4302_/CLK                              0.750000    9.703922   -8.953922 (VIOLATED)
_4396_/CLK                              0.750000    9.703921   -8.953921 (VIOLATED)
_4330_/CLK                              0.750000    9.703904   -8.953903 (VIOLATED)
_4364_/CLK                              0.750000    9.703898   -8.953898 (VIOLATED)
_4955_/CLK                              0.750000    9.703906   -8.953906 (VIOLATED)
_4400_/CLK                              0.750000    9.703887   -8.953887 (VIOLATED)
_4432_/CLK                              0.750000    9.703892   -8.953892 (VIOLATED)
_4334_/CLK                              0.750000    9.703876   -8.953876 (VIOLATED)
_4368_/CLK                              0.750000    9.703872   -8.953872 (VIOLATED)
_4816_/CLK                              0.750000    9.703876   -8.953876 (VIOLATED)
_4155_/CLK                              0.750000    9.703825   -8.953825 (VIOLATED)
_4277_/CLK                              0.750000    9.703827   -8.953826 (VIOLATED)
_4309_/CLK                              0.750000    9.703824   -8.953824 (VIOLATED)
_4341_/CLK                              0.750000    9.703825   -8.953825 (VIOLATED)
_4407_/CLK                              0.750000    9.703832   -8.953832 (VIOLATED)
_4439_/CLK                              0.750000    9.703836   -8.953836 (VIOLATED)
_4471_/CLK                              0.750000    9.703829   -8.953829 (VIOLATED)
_4503_/CLK                              0.750000    9.703829   -8.953829 (VIOLATED)
_4535_/CLK                              0.750000    9.703829   -8.953829 (VIOLATED)
_4567_/CLK                              0.750000    9.703830   -8.953830 (VIOLATED)
_4599_/CLK                              0.750000    9.703827   -8.953827 (VIOLATED)
_4693_/CLK                              0.750000    9.703831   -8.953831 (VIOLATED)
_4694_/CLK                              0.750000    9.703831   -8.953831 (VIOLATED)
_4695_/CLK                              0.750000    9.703831   -8.953831 (VIOLATED)
_4948_/CLK                              0.750000    9.703827   -8.953827 (VIOLATED)
_4956_/CLK                              0.750000    9.703827   -8.953827 (VIOLATED)
_4962_/CLK                              0.750000    9.703831   -8.953831 (VIOLATED)
_4166_/CLK                              0.750000    9.703810   -8.953810 (VIOLATED)
_4288_/CLK                              0.750000    9.703811   -8.953811 (VIOLATED)
_4320_/CLK                              0.750000    9.703809   -8.953809 (VIOLATED)
_4375_/CLK                              0.750000    9.703815   -8.953815 (VIOLATED)
_4610_/CLK                              0.750000    9.703812   -8.953812 (VIOLATED)
_4631_/CLK                              0.750000    9.703820   -8.953820 (VIOLATED)
_4805_/CLK                              0.750000    9.703816   -8.953816 (VIOLATED)
_4899_/CLK                              0.750000    9.703805   -8.953805 (VIOLATED)
_4975_/CLK                              0.750000    9.703814   -8.953814 (VIOLATED)
_4994_/CLK                              0.750000    9.703820   -8.953820 (VIOLATED)
_4931_/CLK                              0.750000    9.703803   -8.953803 (VIOLATED)
_4959_/CLK                              0.750000    9.703799   -8.953799 (VIOLATED)
_5005_/CLK                              0.750000    9.703801   -8.953801 (VIOLATED)
_4144_/CLK                              0.750000    9.703788   -8.953788 (VIOLATED)
_4266_/CLK                              0.750000    9.703793   -8.953793 (VIOLATED)
_4298_/CLK                              0.750000    9.703787   -8.953787 (VIOLATED)
_4550_/CLK                              0.750000    9.703785   -8.953785 (VIOLATED)
_4582_/CLK                              0.750000    9.703785   -8.953785 (VIOLATED)
_4588_/CLK                              0.750000    9.703794   -8.953794 (VIOLATED)
_4642_/CLK                              0.750000    9.703802   -8.953802 (VIOLATED)
_4624_/CLK                              0.750000    9.703787   -8.953787 (VIOLATED)
_4877_/CLK                              0.750000    9.703779   -8.953779 (VIOLATED)
_4881_/CLK                              0.750000    9.703787   -8.953787 (VIOLATED)
_4909_/CLK                              0.750000    9.703778   -8.953778 (VIOLATED)
_4913_/CLK                              0.750000    9.703787   -8.953787 (VIOLATED)
_4977_/CLK                              0.750000    9.703786   -8.953786 (VIOLATED)
_4987_/CLK                              0.750000    9.703787   -8.953787 (VIOLATED)
_4486_/CLK                              0.750000    9.703769   -8.953769 (VIOLATED)
_4620_/CLK                              0.750000    9.703773   -8.953773 (VIOLATED)
_4983_/CLK                              0.750000    9.703771   -8.953771 (VIOLATED)
_4518_/CLK                              0.750000    9.703761   -8.953761 (VIOLATED)
_4454_/CLK                              0.750000    9.703732   -8.953732 (VIOLATED)
_4794_/CLK                              0.750000    9.703737   -8.953737 (VIOLATED)
_4888_/CLK                              0.750000    9.703740   -8.953740 (VIOLATED)
_4920_/CLK                              0.750000    9.703740   -8.953740 (VIOLATED)
_4422_/CLK                              0.750000    9.703720   -8.953720 (VIOLATED)
_4356_/CLK                              0.750000    9.703711   -8.953710 (VIOLATED)
_4390_/CLK                              0.750000    9.703708   -8.953708 (VIOLATED)
_4120_/CLK                              0.750000    9.703657   -8.953657 (VIOLATED)
_4126_/CLK                              0.750000    9.703653   -8.953653 (VIOLATED)
_4130_/CLK                              0.750000    9.703657   -8.953657 (VIOLATED)
_4136_/CLK                              0.750000    9.703653   -8.953653 (VIOLATED)
_4170_/CLK                              0.750000    9.703657   -8.953657 (VIOLATED)
_4172_/CLK                              0.750000    9.703658   -8.953657 (VIOLATED)
_4178_/CLK                              0.750000    9.703654   -8.953654 (VIOLATED)
_4182_/CLK                              0.750000    9.703658   -8.953657 (VIOLATED)
_4188_/CLK                              0.750000    9.703654   -8.953654 (VIOLATED)
_4292_/CLK                              0.750000    9.703657   -8.953657 (VIOLATED)
_4324_/CLK                              0.750000    9.703656   -8.953656 (VIOLATED)
_4614_/CLK                              0.750000    9.703657   -8.953657 (VIOLATED)
_4646_/CLK                              0.750000    9.703654   -8.953654 (VIOLATED)
_4660_/CLK                              0.750000    9.703659   -8.953659 (VIOLATED)
_4666_/CLK                              0.750000    9.703655   -8.953655 (VIOLATED)
_4696_/CLK                              0.750000    9.703659   -8.953659 (VIOLATED)
_4702_/CLK                              0.750000    9.703655   -8.953655 (VIOLATED)
_4736_/CLK                              0.750000    9.703660   -8.953660 (VIOLATED)
_4737_/CLK                              0.750000    9.703660   -8.953660 (VIOLATED)
_4745_/CLK                              0.750000    9.703658   -8.953657 (VIOLATED)
_4746_/CLK                              0.750000    9.703658   -8.953657 (VIOLATED)
_4903_/CLK                              0.750000    9.703655   -8.953655 (VIOLATED)
_4935_/CLK                              0.750000    9.703655   -8.953655 (VIOLATED)
_4954_/CLK                              0.750000    9.703657   -8.953657 (VIOLATED)
_4963_/CLK                              0.750000    9.703658   -8.953657 (VIOLATED)
_5009_/CLK                              0.750000    9.703655   -8.953655 (VIOLATED)
_5011_/CLK                              0.750000    9.703660   -8.953660 (VIOLATED)
_5017_/CLK                              0.750000    9.703655   -8.953655 (VIOLATED)
_5031_/CLK                              0.750000    9.703660   -8.953660 (VIOLATED)
_5037_/CLK                              0.750000    9.703655   -8.953655 (VIOLATED)
_4648_/CLK                              0.750000    9.703643   -8.953643 (VIOLATED)
_4649_/CLK                              0.750000    9.703640   -8.953640 (VIOLATED)
_4650_/CLK                              0.750000    9.703638   -8.953638 (VIOLATED)
_4651_/CLK                              0.750000    9.703638   -8.953638 (VIOLATED)
_4820_/CLK                              0.750000    9.703633   -8.953633 (VIOLATED)
_4846_/CLK                              0.750000    9.703633   -8.953632 (VIOLATED)
_4168_/CLK                              0.750000    9.703622   -8.953622 (VIOLATED)
_4192_/CLK                              0.750000    9.703627   -8.953627 (VIOLATED)
_4202_/CLK                              0.750000    9.703627   -8.953627 (VIOLATED)
_4212_/CLK                              0.750000    9.703628   -8.953628 (VIOLATED)
_4222_/CLK                              0.750000    9.703628   -8.953628 (VIOLATED)
_4232_/CLK                              0.750000    9.703629   -8.953629 (VIOLATED)
_4242_/CLK                              0.750000    9.703629   -8.953629 (VIOLATED)
_4252_/CLK                              0.750000    9.703629   -8.953629 (VIOLATED)
_4290_/CLK                              0.750000    9.703622   -8.953622 (VIOLATED)
_4322_/CLK                              0.750000    9.703622   -8.953622 (VIOLATED)
_4372_/CLK                              0.750000    9.703619   -8.953619 (VIOLATED)
_4612_/CLK                              0.750000    9.703622   -8.953622 (VIOLATED)
_4780_/CLK                              0.750000    9.703629   -8.953629 (VIOLATED)
_4822_/CLK                              0.750000    9.703623   -8.953623 (VIOLATED)
_5041_/CLK                              0.750000    9.703625   -8.953625 (VIOLATED)
_4338_/CLK                              0.750000    9.703609   -8.953609 (VIOLATED)
_4404_/CLK                              0.750000    9.703609   -8.953609 (VIOLATED)
_4436_/CLK                              0.750000    9.703609   -8.953609 (VIOLATED)
_4456_/CLK                              0.750000    9.703612   -8.953612 (VIOLATED)
_4468_/CLK                              0.750000    9.703619   -8.953619 (VIOLATED)
_4488_/CLK                              0.750000    9.703612   -8.953612 (VIOLATED)
_4500_/CLK                              0.750000    9.703618   -8.953618 (VIOLATED)
_4520_/CLK                              0.750000    9.703614   -8.953614 (VIOLATED)
_4532_/CLK                              0.750000    9.703620   -8.953619 (VIOLATED)
_4552_/CLK                              0.750000    9.703615   -8.953615 (VIOLATED)
_4564_/CLK                              0.750000    9.703620   -8.953619 (VIOLATED)
_4628_/CLK                              0.750000    9.703614   -8.953614 (VIOLATED)
_4644_/CLK                              0.750000    9.703621   -8.953621 (VIOLATED)
_4885_/CLK                              0.750000    9.703615   -8.953615 (VIOLATED)
_4901_/CLK                              0.750000    9.703621   -8.953621 (VIOLATED)
_5042_/CLK                              0.750000    9.703624   -8.953624 (VIOLATED)
_4917_/CLK                              0.750000    9.703614   -8.953614 (VIOLATED)
_4933_/CLK                              0.750000    9.703621   -8.953621 (VIOLATED)
_4991_/CLK                              0.750000    9.703613   -8.953613 (VIOLATED)
_5007_/CLK                              0.750000    9.703621   -8.953621 (VIOLATED)
_4140_/CLK                              0.750000    9.703591   -8.953591 (VIOLATED)
_4262_/CLK                              0.750000    9.703594   -8.953594 (VIOLATED)
_4584_/CLK                              0.750000    9.703597   -8.953597 (VIOLATED)
_4692_/CLK                              0.750000    9.703598   -8.953598 (VIOLATED)
_4847_/CLK                              0.750000    9.703599   -8.953599 (VIOLATED)
_4848_/CLK                              0.750000    9.703599   -8.953599 (VIOLATED)
_4849_/CLK                              0.750000    9.703598   -8.953598 (VIOLATED)
_4968_/CLK                              0.750000    9.703595   -8.953595 (VIOLATED)
_4976_/CLK                              0.750000    9.703595   -8.953595 (VIOLATED)
_4198_/CLK                              0.750000    9.703584   -8.953584 (VIOLATED)
_4208_/CLK                              0.750000    9.703584   -8.953584 (VIOLATED)
_4218_/CLK                              0.750000    9.703584   -8.953584 (VIOLATED)
_4228_/CLK                              0.750000    9.703584   -8.953584 (VIOLATED)
_4294_/CLK                              0.750000    9.703590   -8.953590 (VIOLATED)
_4326_/CLK                              0.750000    9.703576   -8.953576 (VIOLATED)
_4360_/CLK                              0.750000    9.703576   -8.953576 (VIOLATED)
_4392_/CLK                              0.750000    9.703577   -8.953577 (VIOLATED)
_4424_/CLK                              0.750000    9.703578   -8.953578 (VIOLATED)
_4464_/CLK                              0.750000    9.703583   -8.953583 (VIOLATED)
_4496_/CLK                              0.750000    9.703583   -8.953583 (VIOLATED)
_4528_/CLK                              0.750000    9.703583   -8.953583 (VIOLATED)
_4560_/CLK                              0.750000    9.703583   -8.953583 (VIOLATED)
_4947_/CLK                              0.750000    9.703581   -8.953581 (VIOLATED)
_4480_/CLK                              0.750000    9.703564   -8.953564 (VIOLATED)
_4616_/CLK                              0.750000    9.703570   -8.953570 (VIOLATED)
_4873_/CLK                              0.750000    9.703571   -8.953571 (VIOLATED)
_4905_/CLK                              0.750000    9.703571   -8.953571 (VIOLATED)
_4971_/CLK                              0.750000    9.703581   -8.953580 (VIOLATED)
_4979_/CLK                              0.750000    9.703571   -8.953571 (VIOLATED)
_4512_/CLK                              0.750000    9.703561   -8.953561 (VIOLATED)
_4544_/CLK                              0.750000    9.703569   -8.953569 (VIOLATED)
_4576_/CLK                              0.750000    9.703572   -8.953572 (VIOLATED)
_4484_/CLK                              0.750000    9.703548   -8.953548 (VIOLATED)
_4548_/CLK                              0.750000    9.703556   -8.953556 (VIOLATED)
_4580_/CLK                              0.750000    9.703563   -8.953563 (VIOLATED)
_4463_/CLK                              0.750000    9.703538   -8.953538 (VIOLATED)
_4495_/CLK                              0.750000    9.703536   -8.953536 (VIOLATED)
_4516_/CLK                              0.750000    9.703545   -8.953545 (VIOLATED)
_4527_/CLK                              0.750000    9.703541   -8.953541 (VIOLATED)
_4559_/CLK                              0.750000    9.703543   -8.953542 (VIOLATED)
_4147_/CLK                              0.750000    9.703517   -8.953516 (VIOLATED)
_4269_/CLK                              0.750000    9.703517   -8.953516 (VIOLATED)
_4301_/CLK                              0.750000    9.703516   -8.953515 (VIOLATED)
_4333_/CLK                              0.750000    9.703517   -8.953517 (VIOLATED)
_4367_/CLK                              0.750000    9.703517   -8.953517 (VIOLATED)
_4399_/CLK                              0.750000    9.703517   -8.953517 (VIOLATED)
_4431_/CLK                              0.750000    9.703517   -8.953517 (VIOLATED)
_4591_/CLK                              0.750000    9.703517   -8.953516 (VIOLATED)
_4623_/CLK                              0.750000    9.703509   -8.953509 (VIOLATED)
_4880_/CLK                              0.750000    9.703518   -8.953518 (VIOLATED)
_4912_/CLK                              0.750000    9.703515   -8.953515 (VIOLATED)
_4354_/CLK                              0.750000    9.703500   -8.953500 (VIOLATED)
_4388_/CLK                              0.750000    9.703497   -8.953497 (VIOLATED)
_4420_/CLK                              0.750000    9.703506   -8.953506 (VIOLATED)
_4452_/CLK                              0.750000    9.703512   -8.953512 (VIOLATED)
_4986_/CLK                              0.750000    9.703506   -8.953506 (VIOLATED)
_4802_/CLK                              0.750000    9.703495   -8.953495 (VIOLATED)
_4477_/CLK                              0.750000    9.703484   -8.953484 (VIOLATED)
_4541_/CLK                              0.750000    9.703488   -8.953488 (VIOLATED)
_4573_/CLK                              0.750000    9.703490   -8.953489 (VIOLATED)
_4509_/CLK                              0.750000    9.703478   -8.953478 (VIOLATED)
_4347_/CLK                              0.750000    9.703461   -8.953461 (VIOLATED)
_4381_/CLK                              0.750000    9.703459   -8.953459 (VIOLATED)
_4413_/CLK                              0.750000    9.703465   -8.953464 (VIOLATED)
_4445_/CLK                              0.750000    9.703466   -8.953466 (VIOLATED)
_4949_/CLK                              0.750000    9.703461   -8.953461 (VIOLATED)
_4818_/CLK                              0.750000    9.703451   -8.953450 (VIOLATED)
_4957_/CLK                              0.750000    9.703452   -8.953451 (VIOLATED)
_4894_/CLK                              0.750000    9.703392   -8.953392 (VIOLATED)
_4926_/CLK                              0.750000    9.703392   -8.953392 (VIOLATED)
_5000_/CLK                              0.750000    9.703391   -8.953391 (VIOLATED)
_4355_/CLK                              0.750000    9.703375   -8.953375 (VIOLATED)
_4421_/CLK                              0.750000    9.703382   -8.953382 (VIOLATED)
_4453_/CLK                              0.750000    9.703390   -8.953390 (VIOLATED)
_4485_/CLK                              0.750000    9.703390   -8.953390 (VIOLATED)
_4517_/CLK                              0.750000    9.703390   -8.953390 (VIOLATED)
_4549_/CLK                              0.750000    9.703391   -8.953391 (VIOLATED)
_4581_/CLK                              0.750000    9.703391   -8.953391 (VIOLATED)
_4637_/CLK                              0.750000    9.703391   -8.953391 (VIOLATED)
_4389_/CLK                              0.750000    9.703372   -8.953372 (VIOLATED)
_4328_/CLK                              0.750000    9.703322   -8.953322 (VIOLATED)
_4362_/CLK                              0.750000    9.703326   -8.953326 (VIOLATED)
_4394_/CLK                              0.750000    9.703323   -8.953323 (VIOLATED)
_4426_/CLK                              0.750000    9.703323   -8.953323 (VIOLATED)
_4618_/CLK                              0.750000    9.703324   -8.953324 (VIOLATED)
_4875_/CLK                              0.750000    9.703324   -8.953324 (VIOLATED)
_4907_/CLK                              0.750000    9.703324   -8.953324 (VIOLATED)
_4981_/CLK                              0.750000    9.703324   -8.953324 (VIOLATED)
_4562_/CLK                              0.750000    9.703282   -8.953282 (VIOLATED)
_4530_/CLK                              0.750000    9.703271   -8.953270 (VIOLATED)
_4652_/CLK                              0.750000    9.703271   -8.953270 (VIOLATED)
_4653_/CLK                              0.750000    9.703271   -8.953270 (VIOLATED)
_4654_/CLK                              0.750000    9.703270   -8.953270 (VIOLATED)
_4790_/CLK                              0.750000    9.703269   -8.953269 (VIOLATED)
_4792_/CLK                              0.750000    9.703268   -8.953268 (VIOLATED)
_4798_/CLK                              0.750000    9.703269   -8.953269 (VIOLATED)
_4814_/CLK                              0.750000    9.703269   -8.953269 (VIOLATED)
_4142_/CLK                              0.750000    9.703258   -8.953257 (VIOLATED)
_4152_/CLK                              0.750000    9.703260   -8.953260 (VIOLATED)
_4156_/CLK                              0.750000    9.703260   -8.953260 (VIOLATED)
_4164_/CLK                              0.750000    9.703269   -8.953269 (VIOLATED)
_4264_/CLK                              0.750000    9.703258   -8.953257 (VIOLATED)
_4274_/CLK                              0.750000    9.703260   -8.953260 (VIOLATED)
_4278_/CLK                              0.750000    9.703261   -8.953261 (VIOLATED)
_4286_/CLK                              0.750000    9.703269   -8.953269 (VIOLATED)
_4296_/CLK                              0.750000    9.703258   -8.953257 (VIOLATED)
_4306_/CLK                              0.750000    9.703260   -8.953260 (VIOLATED)
_4310_/CLK                              0.750000    9.703260   -8.953260 (VIOLATED)
_4318_/CLK                              0.750000    9.703268   -8.953268 (VIOLATED)
_4342_/CLK                              0.750000    9.703258   -8.953258 (VIOLATED)
_4350_/CLK                              0.750000    9.703262   -8.953262 (VIOLATED)
_4376_/CLK                              0.750000    9.703258   -8.953258 (VIOLATED)
_4384_/CLK                              0.750000    9.703262   -8.953262 (VIOLATED)
_4408_/CLK                              0.750000    9.703259   -8.953259 (VIOLATED)
_4416_/CLK                              0.750000    9.703262   -8.953262 (VIOLATED)
_4440_/CLK                              0.750000    9.703259   -8.953259 (VIOLATED)
_4448_/CLK                              0.750000    9.703262   -8.953262 (VIOLATED)
_4458_/CLK                              0.750000    9.703259   -8.953259 (VIOLATED)
_4466_/CLK                              0.750000    9.703258   -8.953257 (VIOLATED)
_4472_/CLK                              0.750000    9.703260   -8.953260 (VIOLATED)
_4490_/CLK                              0.750000    9.703259   -8.953259 (VIOLATED)
_4504_/CLK                              0.750000    9.703260   -8.953260 (VIOLATED)
_4522_/CLK                              0.750000    9.703259   -8.953259 (VIOLATED)
_4536_/CLK                              0.750000    9.703261   -8.953261 (VIOLATED)
_4554_/CLK                              0.750000    9.703259   -8.953259 (VIOLATED)
_4568_/CLK                              0.750000    9.703261   -8.953261 (VIOLATED)
_4897_/CLK                              0.750000    9.703266   -8.953266 (VIOLATED)
_4929_/CLK                              0.750000    9.703266   -8.953266 (VIOLATED)
_4161_/CLK                              0.750000    9.703243   -8.953243 (VIOLATED)
_4283_/CLK                              0.750000    9.703244   -8.953244 (VIOLATED)
_4498_/CLK                              0.750000    9.703248   -8.953248 (VIOLATED)
_4586_/CLK                              0.750000    9.703258   -8.953257 (VIOLATED)
_4596_/CLK                              0.750000    9.703260   -8.953260 (VIOLATED)
_4600_/CLK                              0.750000    9.703261   -8.953261 (VIOLATED)
_4608_/CLK                              0.750000    9.703269   -8.953269 (VIOLATED)
_4640_/CLK                              0.750000    9.703265   -8.953265 (VIOLATED)
_4632_/CLK                              0.750000    9.703256   -8.953256 (VIOLATED)
_4655_/CLK                              0.750000    9.703262   -8.953262 (VIOLATED)
_4605_/CLK                              0.750000    9.703245   -8.953244 (VIOLATED)
_4797_/CLK                              0.750000    9.703250   -8.953250 (VIOLATED)
_4806_/CLK                              0.750000    9.703250   -8.953250 (VIOLATED)
_4889_/CLK                              0.750000    9.703257   -8.953257 (VIOLATED)
_4921_/CLK                              0.750000    9.703257   -8.953257 (VIOLATED)
_5003_/CLK                              0.750000    9.703265   -8.953265 (VIOLATED)
_4995_/CLK                              0.750000    9.703256   -8.953256 (VIOLATED)
_4169_/CLK                              0.750000    9.703233   -8.953233 (VIOLATED)
_4291_/CLK                              0.750000    9.703234   -8.953234 (VIOLATED)
_4315_/CLK                              0.750000    9.703242   -8.953242 (VIOLATED)
_4323_/CLK                              0.750000    9.703232   -8.953231 (VIOLATED)
_4613_/CLK                              0.750000    9.703236   -8.953236 (VIOLATED)
_4811_/CLK                              0.750000    9.703237   -8.953237 (VIOLATED)
_4819_/CLK                              0.750000    9.703229   -8.953229 (VIOLATED)
_4645_/CLK                              0.750000    9.703218   -8.953218 (VIOLATED)
_4902_/CLK                              0.750000    9.703220   -8.953220 (VIOLATED)
_4934_/CLK                              0.750000    9.703219   -8.953219 (VIOLATED)
_5008_/CLK                              0.750000    9.703218   -8.953218 (VIOLATED)
_4150_/CLK                              0.750000    9.703202   -8.953202 (VIOLATED)
_4272_/CLK                              0.750000    9.703204   -8.953204 (VIOLATED)
_4304_/CLK                              0.750000    9.703200   -8.953200 (VIOLATED)
_4594_/CLK                              0.750000    9.703206   -8.953205 (VIOLATED)
_4336_/CLK                              0.750000    9.703187   -8.953187 (VIOLATED)
_4370_/CLK                              0.750000    9.703187   -8.953187 (VIOLATED)
_4402_/CLK                              0.750000    9.703188   -8.953188 (VIOLATED)
_4434_/CLK                              0.750000    9.703188   -8.953188 (VIOLATED)
_4883_/CLK                              0.750000    9.703162   -8.953162 (VIOLATED)
_4915_/CLK                              0.750000    9.703153   -8.953153 (VIOLATED)
_4626_/CLK                              0.750000    9.703138   -8.953138 (VIOLATED)
_4989_/CLK                              0.750000    9.703128   -8.953127 (VIOLATED)
_4800_/CLK                              0.750000    9.703066   -8.953066 (VIOLATED)
_4937_/CLK                              0.750000    9.703003   -8.953003 (VIOLATED)
_4943_/CLK                              0.750000    9.703003   -8.953003 (VIOLATED)
_4945_/CLK                              0.750000    9.703003   -8.953003 (VIOLATED)
_4744_/CLK                              0.750000    9.702993   -8.952993 (VIOLATED)
_4747_/CLK                              0.750000    9.703000   -8.953000 (VIOLATED)
_4748_/CLK                              0.750000    9.702998   -8.952998 (VIOLATED)
_4749_/CLK                              0.750000    9.702998   -8.952998 (VIOLATED)
_4763_/CLK                              0.750000    9.703001   -8.953001 (VIOLATED)
_4750_/CLK                              0.750000    9.702989   -8.952989 (VIOLATED)
_4755_/CLK                              0.750000    9.702997   -8.952997 (VIOLATED)
_4757_/CLK                              0.750000    9.703003   -8.953003 (VIOLATED)
_4758_/CLK                              0.750000    9.703002   -8.953002 (VIOLATED)
_4759_/CLK                              0.750000    9.703002   -8.953002 (VIOLATED)
_4761_/CLK                              0.750000    9.702999   -8.952999 (VIOLATED)
_4765_/CLK                              0.750000    9.702995   -8.952995 (VIOLATED)
_4767_/CLK                              0.750000    9.703001   -8.953001 (VIOLATED)
_4768_/CLK                              0.750000    9.703002   -8.953002 (VIOLATED)
_4769_/CLK                              0.750000    9.703002   -8.953002 (VIOLATED)
_4706_/CLK                              0.750000    9.702974   -8.952974 (VIOLATED)
_4707_/CLK                              0.750000    9.702974   -8.952974 (VIOLATED)
_4708_/CLK                              0.750000    9.702973   -8.952973 (VIOLATED)
_4751_/CLK                              0.750000    9.702983   -8.952983 (VIOLATED)
_4752_/CLK                              0.750000    9.702983   -8.952983 (VIOLATED)
_4753_/CLK                              0.750000    9.702989   -8.952989 (VIOLATED)
_4754_/CLK                              0.750000    9.702997   -8.952997 (VIOLATED)
_4766_/CLK                              0.750000    9.702991   -8.952991 (VIOLATED)
_4770_/CLK                              0.750000    9.702999   -8.952999 (VIOLATED)
_4771_/CLK                              0.750000    9.702998   -8.952998 (VIOLATED)
_4760_/CLK                              0.750000    9.702981   -8.952981 (VIOLATED)
_4772_/CLK                              0.750000    9.702987   -8.952987 (VIOLATED)
_4774_/CLK                              0.750000    9.702992   -8.952992 (VIOLATED)
_4775_/CLK                              0.750000    9.702993   -8.952993 (VIOLATED)
_4773_/CLK                              0.750000    9.702980   -8.952980 (VIOLATED)
_4776_/CLK                              0.750000    9.702984   -8.952984 (VIOLATED)
_4778_/CLK                              0.750000    9.702989   -8.952989 (VIOLATED)
_4716_/CLK                              0.750000    9.702970   -8.952970 (VIOLATED)
_4717_/CLK                              0.750000    9.702970   -8.952970 (VIOLATED)
_4728_/CLK                              0.750000    9.702970   -8.952970 (VIOLATED)
_4731_/CLK                              0.750000    9.702974   -8.952974 (VIOLATED)
_4732_/CLK                              0.750000    9.702975   -8.952975 (VIOLATED)
_4733_/CLK                              0.750000    9.702975   -8.952975 (VIOLATED)
_4734_/CLK                              0.750000    9.702975   -8.952975 (VIOLATED)
_4735_/CLK                              0.750000    9.702975   -8.952975 (VIOLATED)
_4823_/CLK                              0.750000    9.702962   -8.952962 (VIOLATED)
_4824_/CLK                              0.750000    9.702963   -8.952963 (VIOLATED)
_4825_/CLK                              0.750000    9.702964   -8.952964 (VIOLATED)
_4826_/CLK                              0.750000    9.702965   -8.952965 (VIOLATED)
_4827_/CLK                              0.750000    9.702966   -8.952966 (VIOLATED)
_4828_/CLK                              0.750000    9.702966   -8.952966 (VIOLATED)
_4829_/CLK                              0.750000    9.702966   -8.952966 (VIOLATED)
_4830_/CLK                              0.750000    9.702966   -8.952966 (VIOLATED)
_4831_/CLK                              0.750000    9.702967   -8.952967 (VIOLATED)
_4832_/CLK                              0.750000    9.702969   -8.952969 (VIOLATED)
_4833_/CLK                              0.750000    9.702967   -8.952967 (VIOLATED)
_4834_/CLK                              0.750000    9.702967   -8.952967 (VIOLATED)
_4835_/CLK                              0.750000    9.702967   -8.952967 (VIOLATED)
_4836_/CLK                              0.750000    9.702968   -8.952968 (VIOLATED)
_4837_/CLK                              0.750000    9.702968   -8.952968 (VIOLATED)
_4838_/CLK                              0.750000    9.702971   -8.952971 (VIOLATED)
_4839_/CLK                              0.750000    9.702973   -8.952972 (VIOLATED)
_4840_/CLK                              0.750000    9.702973   -8.952973 (VIOLATED)
_4841_/CLK                              0.750000    9.702973   -8.952973 (VIOLATED)
_4842_/CLK                              0.750000    9.702974   -8.952974 (VIOLATED)
_4843_/CLK                              0.750000    9.702974   -8.952974 (VIOLATED)
_4844_/CLK                              0.750000    9.702973   -8.952973 (VIOLATED)
_4845_/CLK                              0.750000    9.702973   -8.952972 (VIOLATED)
_4358_/CLK                              0.750000    9.702950   -8.952950 (VIOLATED)
_4359_/CLK                              0.750000    9.702950   -8.952950 (VIOLATED)
_4777_/CLK                              0.750000    9.702952   -8.952952 (VIOLATED)
_4850_/CLK                              0.750000    9.702959   -8.952959 (VIOLATED)
_4851_/CLK                              0.750000    9.702958   -8.952958 (VIOLATED)
_4852_/CLK                              0.750000    9.702958   -8.952958 (VIOLATED)
_4855_/CLK                              0.750000    9.702962   -8.952962 (VIOLATED)
_4856_/CLK                              0.750000    9.702963   -8.952963 (VIOLATED)
_4857_/CLK                              0.750000    9.702965   -8.952965 (VIOLATED)
_4858_/CLK                              0.750000    9.702966   -8.952966 (VIOLATED)
_4865_/CLK                              0.750000    9.702964   -8.952964 (VIOLATED)
_4866_/CLK                              0.750000    9.702967   -8.952967 (VIOLATED)
_4867_/CLK                              0.750000    9.702971   -8.952971 (VIOLATED)
_4868_/CLK                              0.750000    9.702971   -8.952971 (VIOLATED)
_4853_/CLK                              0.750000    9.702950   -8.952950 (VIOLATED)
_4854_/CLK                              0.750000    9.702950   -8.952950 (VIOLATED)
_4859_/CLK                              0.750000    9.702952   -8.952952 (VIOLATED)
_4860_/CLK                              0.750000    9.702952   -8.952952 (VIOLATED)
_4861_/CLK                              0.750000    9.702953   -8.952953 (VIOLATED)
_4862_/CLK                              0.750000    9.702954   -8.952954 (VIOLATED)
_4863_/CLK                              0.750000    9.702954   -8.952954 (VIOLATED)
_4864_/CLK                              0.750000    9.702954   -8.952954 (VIOLATED)
_4869_/CLK                              0.750000    9.702955   -8.952955 (VIOLATED)
_4870_/CLK                              0.750000    9.702955   -8.952955 (VIOLATED)
_4871_/CLK                              0.750000    9.702955   -8.952955 (VIOLATED)
_4872_/CLK                              0.750000    9.702955   -8.952955 (VIOLATED)
_4677_/CLK                              0.750000    9.702941   -8.952941 (VIOLATED)
_4678_/CLK                              0.750000    9.702943   -8.952943 (VIOLATED)
_4779_/CLK                              0.750000    9.702947   -8.952947 (VIOLATED)
_4688_/CLK                              0.750000    9.702935   -8.952935 (VIOLATED)
_4689_/CLK                              0.750000    9.702944   -8.952944 (VIOLATED)
_4690_/CLK                              0.750000    9.702944   -8.952944 (VIOLATED)
_4691_/CLK                              0.750000    9.702949   -8.952949 (VIOLATED)
_4727_/CLK                              0.750000    9.702936   -8.952936 (VIOLATED)
_4729_/CLK                              0.750000    9.702944   -8.952944 (VIOLATED)
_4730_/CLK                              0.750000    9.702950   -8.952950 (VIOLATED)
_4674_/CLK                              0.750000    9.702916   -8.952916 (VIOLATED)
_4675_/CLK                              0.750000    9.702916   -8.952916 (VIOLATED)
_4676_/CLK                              0.750000    9.702923   -8.952923 (VIOLATED)
_4679_/CLK                              0.750000    9.702930   -8.952930 (VIOLATED)
_4686_/CLK                              0.750000    9.702916   -8.952916 (VIOLATED)
_4713_/CLK                              0.750000    9.702920   -8.952920 (VIOLATED)
_4725_/CLK                              0.750000    9.702926   -8.952926 (VIOLATED)
_4718_/CLK                              0.750000    9.702915   -8.952915 (VIOLATED)
_4719_/CLK                              0.750000    9.702911   -8.952911 (VIOLATED)
_4724_/CLK                              0.750000    9.702907   -8.952907 (VIOLATED)
_4673_/CLK                              0.750000    9.702896   -8.952896 (VIOLATED)
_4680_/CLK                              0.750000    9.702904   -8.952904 (VIOLATED)
_4685_/CLK                              0.750000    9.702905   -8.952905 (VIOLATED)
_4687_/CLK                              0.750000    9.702902   -8.952902 (VIOLATED)
_4710_/CLK                              0.750000    9.702888   -8.952888 (VIOLATED)
_4711_/CLK                              0.750000    9.702887   -8.952887 (VIOLATED)
_4712_/CLK                              0.750000    9.702895   -8.952894 (VIOLATED)
_4670_/CLK                              0.750000    9.702874   -8.952874 (VIOLATED)
_4671_/CLK                              0.750000    9.702882   -8.952882 (VIOLATED)
_4672_/CLK                              0.750000    9.702882   -8.952882 (VIOLATED)
_4681_/CLK                              0.750000    9.702874   -8.952874 (VIOLATED)
_4682_/CLK                              0.750000    9.702881   -8.952881 (VIOLATED)
_4683_/CLK                              0.750000    9.702881   -8.952881 (VIOLATED)
_4684_/CLK                              0.750000    9.702881   -8.952881 (VIOLATED)
_4715_/CLK                              0.750000    9.702881   -8.952881 (VIOLATED)
_4722_/CLK                              0.750000    9.702884   -8.952884 (VIOLATED)
_4723_/CLK                              0.750000    9.702891   -8.952891 (VIOLATED)
_4709_/CLK                              0.750000    9.702867   -8.952867 (VIOLATED)
_4714_/CLK                              0.750000    9.702868   -8.952868 (VIOLATED)
_4720_/CLK                              0.750000    9.702871   -8.952871 (VIOLATED)
_4721_/CLK                              0.750000    9.702878   -8.952878 (VIOLATED)
_4726_/CLK                              0.750000    9.702869   -8.952868 (VIOLATED)
clk                                     0.750000    9.702850   -8.952850 (VIOLATED)
_3452_/A                                0.750000    4.349829   -3.599829 (VIOLATED)
_3463_/A                                0.750000    4.349829   -3.599829 (VIOLATED)
_3464_/A                                0.750000    4.349825   -3.599825 (VIOLATED)
_3465_/A                                0.750000    4.349825   -3.599825 (VIOLATED)
_3466_/A                                0.750000    4.349821   -3.599821 (VIOLATED)
_3453_/A                                0.750000    4.349814   -3.599814 (VIOLATED)
_3454_/A                                0.750000    4.349818   -3.599818 (VIOLATED)
_3455_/A                                0.750000    4.349805   -3.599805 (VIOLATED)
_3469_/A                                0.750000    4.349799   -3.599799 (VIOLATED)
_3462_/A                                0.750000    4.349795   -3.599795 (VIOLATED)
_3467_/A                                0.750000    4.349795   -3.599795 (VIOLATED)
_3468_/A                                0.750000    4.349783   -3.599783 (VIOLATED)
_3456_/A                                0.750000    4.349771   -3.599771 (VIOLATED)
_3457_/A                                0.750000    4.349771   -3.599771 (VIOLATED)
_3458_/A                                0.750000    4.349768   -3.599768 (VIOLATED)
_3461_/A                                0.750000    4.349754   -3.599754 (VIOLATED)
_3470_/A                                0.750000    4.349742   -3.599742 (VIOLATED)
_3459_/A                                0.750000    4.349730   -3.599730 (VIOLATED)
_3460_/A                                0.750000    4.349720   -3.599719 (VIOLATED)
_3439_/A                                0.750000    4.349675   -3.599675 (VIOLATED)
_3635_/A                                0.750000    4.349678   -3.599678 (VIOLATED)
_3284_/A                                0.750000    4.349659   -3.599659 (VIOLATED)
_3505_/A                                0.750000    4.349662   -3.599663 (VIOLATED)
_3227_/A                                0.750000    4.349615   -3.599615 (VIOLATED)
_3471_/A                                0.750000    4.349614   -3.599614 (VIOLATED)
_3472_/A                                0.750000    4.349615   -3.599615 (VIOLATED)
_3537_/A                                0.750000    4.349617   -3.599616 (VIOLATED)
_3473_/A                                0.750000    4.349611   -3.599611 (VIOLATED)
_3507_/A                                0.750000    4.349613   -3.599613 (VIOLATED)
_3538_/A                                0.750000    4.349614   -3.599614 (VIOLATED)
_3536_/A                                0.750000    4.349604   -3.599604 (VIOLATED)
_3539_/A                                0.750000    4.349603   -3.599602 (VIOLATED)
_3540_/A                                0.750000    4.349599   -3.599599 (VIOLATED)
_3541_/A                                0.750000    4.349573   -3.599573 (VIOLATED)
_3542_/A                                0.750000    4.349542   -3.599542 (VIOLATED)
_3546_/A                                0.750000    4.349520   -3.599520 (VIOLATED)
_3543_/A                                0.750000    4.349516   -3.599516 (VIOLATED)
_3544_/A                                0.750000    4.349516   -3.599516 (VIOLATED)
_3545_/A                                0.750000    4.349520   -3.599520 (VIOLATED)
_3518_/A                                0.750000    4.349427   -3.599427 (VIOLATED)
_3446_/A                                0.750000    4.349400   -3.599400 (VIOLATED)
_3444_/A                                0.750000    4.349395   -3.599395 (VIOLATED)
_3445_/A                                0.750000    4.349398   -3.599398 (VIOLATED)
_3447_/A                                0.750000    4.349401   -3.599401 (VIOLATED)
_3509_/A                                0.750000    4.349396   -3.599396 (VIOLATED)
_3510_/A                                0.750000    4.349396   -3.599396 (VIOLATED)
_3511_/A                                0.750000    4.349394   -3.599394 (VIOLATED)
_3512_/A                                0.750000    4.349389   -3.599388 (VIOLATED)
_3513_/A                                0.750000    4.349383   -3.599383 (VIOLATED)
_3514_/A                                0.750000    4.349384   -3.599384 (VIOLATED)
_3515_/A                                0.750000    4.349377   -3.599377 (VIOLATED)
_3519_/A                                0.750000    4.349379   -3.599379 (VIOLATED)
_3516_/A                                0.750000    4.349374   -3.599374 (VIOLATED)
_3517_/A                                0.750000    4.349365   -3.599365 (VIOLATED)
_3520_/A                                0.750000    4.349349   -3.599349 (VIOLATED)
_3521_/A                                0.750000    4.349298   -3.599298 (VIOLATED)
_3551_/A                                0.750000    4.349294   -3.599294 (VIOLATED)
_3552_/A                                0.750000    4.349294   -3.599293 (VIOLATED)
_3553_/A                                0.750000    4.349291   -3.599291 (VIOLATED)
_3554_/A                                0.750000    4.349290   -3.599290 (VIOLATED)
_3522_/A                                0.750000    4.349282   -3.599282 (VIOLATED)
_3547_/A                                0.750000    4.349283   -3.599283 (VIOLATED)
_3548_/A                                0.750000    4.349282   -3.599282 (VIOLATED)
_3549_/A                                0.750000    4.349282   -3.599282 (VIOLATED)
_3550_/A                                0.750000    4.349281   -3.599281 (VIOLATED)
_3555_/A                                0.750000    4.349281   -3.599281 (VIOLATED)
_3523_/A                                0.750000    4.349277   -3.599277 (VIOLATED)
_3556_/A                                0.750000    4.349274   -3.599273 (VIOLATED)
_3557_/A                                0.750000    4.349268   -3.599268 (VIOLATED)
_3558_/A                                0.750000    4.349272   -3.599272 (VIOLATED)
_3524_/A                                0.750000    4.349246   -3.599246 (VIOLATED)
_3525_/A                                0.750000    4.349249   -3.599249 (VIOLATED)
_3526_/A                                0.750000    4.349235   -3.599235 (VIOLATED)
_3527_/A                                0.750000    4.349227   -3.599227 (VIOLATED)
_3480_/A                                0.750000    4.349210   -3.599210 (VIOLATED)
_3478_/A                                0.750000    4.349182   -3.599182 (VIOLATED)
_3479_/A                                0.750000    4.349151   -3.599150 (VIOLATED)
_3569_/A                                0.750000    4.349145   -3.599145 (VIOLATED)
_3593_/A                                0.750000    4.349145   -3.599145 (VIOLATED)
_3474_/A                                0.750000    4.349141   -3.599141 (VIOLATED)
_3508_/A                                0.750000    4.349139   -3.599139 (VIOLATED)
_3533_/A                                0.750000    4.349139   -3.599139 (VIOLATED)
_3534_/A                                0.750000    4.349138   -3.599138 (VIOLATED)
_3535_/A                                0.750000    4.349140   -3.599140 (VIOLATED)
_3611_/A                                0.750000    4.349138   -3.599138 (VIOLATED)
_3612_/A                                0.750000    4.349140   -3.599140 (VIOLATED)
_3532_/A                                0.750000    4.349129   -3.599129 (VIOLATED)
_3442_/A                                0.750000    4.349123   -3.599123 (VIOLATED)
_3443_/A                                0.750000    4.349123   -3.599123 (VIOLATED)
_3441_/A                                0.750000    4.349117   -3.599117 (VIOLATED)
_3440_/A                                0.750000    4.349109   -3.599109 (VIOLATED)
_3481_/A                                0.750000    4.349061   -3.599061 (VIOLATED)
_3528_/A                                0.750000    4.348991   -3.598991 (VIOLATED)
_3529_/A                                0.750000    4.348991   -3.598991 (VIOLATED)
_3530_/A                                0.750000    4.348993   -3.598993 (VIOLATED)
_3531_/A                                0.750000    4.348994   -3.598994 (VIOLATED)
_3482_/A                                0.750000    4.348986   -3.598986 (VIOLATED)
_3483_/A                                0.750000    4.348986   -3.598986 (VIOLATED)
_3484_/A                                0.750000    4.348970   -3.598970 (VIOLATED)
_3485_/A                                0.750000    4.348952   -3.598952 (VIOLATED)
_3572_/A                                0.750000    4.348955   -3.598955 (VIOLATED)
_3573_/A                                0.750000    4.348954   -3.598954 (VIOLATED)
_3575_/A                                0.750000    4.348957   -3.598957 (VIOLATED)
_3580_/A                                0.750000    4.348956   -3.598955 (VIOLATED)
_3581_/A                                0.750000    4.348955   -3.598955 (VIOLATED)
_3583_/A                                0.750000    4.348958   -3.598957 (VIOLATED)
_3574_/A                                0.750000    4.348950   -3.598950 (VIOLATED)
_3582_/A                                0.750000    4.348952   -3.598952 (VIOLATED)
_3587_/A                                0.750000    4.348941   -3.598941 (VIOLATED)
_3589_/A                                0.750000    4.348937   -3.598936 (VIOLATED)
_3595_/A                                0.750000    4.348935   -3.598935 (VIOLATED)
_3597_/A                                0.750000    4.348938   -3.598938 (VIOLATED)
_3570_/A                                0.750000    4.348916   -3.598916 (VIOLATED)
_3571_/A                                0.750000    4.348916   -3.598916 (VIOLATED)
_3578_/A                                0.750000    4.348919   -3.598919 (VIOLATED)
_3579_/A                                0.750000    4.348916   -3.598916 (VIOLATED)
_3588_/A                                0.750000    4.348917   -3.598917 (VIOLATED)
_3596_/A                                0.750000    4.348918   -3.598918 (VIOLATED)
_3590_/A                                0.750000    4.348910   -3.598910 (VIOLATED)
_3598_/A                                0.750000    4.348910   -3.598910 (VIOLATED)
_3576_/A                                0.750000    4.348895   -3.598895 (VIOLATED)
_3585_/A                                0.750000    4.348893   -3.598893 (VIOLATED)
_3584_/A                                0.750000    4.348887   -3.598887 (VIOLATED)
_3599_/A                                0.750000    4.348886   -3.598886 (VIOLATED)
_3250_/A                                0.750000    4.348861   -3.598861 (VIOLATED)
_3475_/A                                0.750000    4.348860   -3.598860 (VIOLATED)
_3500_/A                                0.750000    4.348860   -3.598860 (VIOLATED)
_3501_/A                                0.750000    4.348863   -3.598863 (VIOLATED)
_3502_/A                                0.750000    4.348863   -3.598863 (VIOLATED)
_3504_/A                                0.750000    4.348861   -3.598861 (VIOLATED)
_3476_/A                                0.750000    4.348855   -3.598855 (VIOLATED)
_3503_/A                                0.750000    4.348858   -3.598858 (VIOLATED)
_3506_/A                                0.750000    4.348858   -3.598858 (VIOLATED)
_3477_/A                                0.750000    4.348852   -3.598851 (VIOLATED)
_3494_/A                                0.750000    4.348850   -3.598850 (VIOLATED)
_3499_/A                                0.750000    4.348840   -3.598840 (VIOLATED)
_3495_/A                                0.750000    4.348833   -3.598833 (VIOLATED)
_3498_/A                                0.750000    4.348833   -3.598832 (VIOLATED)
_3497_/A                                0.750000    4.348824   -3.598824 (VIOLATED)
_3577_/A                                0.750000    4.348825   -3.598825 (VIOLATED)
_3591_/A                                0.750000    4.348827   -3.598827 (VIOLATED)
_3592_/A                                0.750000    4.348829   -3.598829 (VIOLATED)
_3600_/A                                0.750000    4.348829   -3.598829 (VIOLATED)
_3586_/A                                0.750000    4.348823   -3.598823 (VIOLATED)
_3594_/A                                0.750000    4.348823   -3.598823 (VIOLATED)
_3608_/A                                0.750000    4.348824   -3.598824 (VIOLATED)
_3602_/A                                0.750000    4.348819   -3.598819 (VIOLATED)
_3606_/A                                0.750000    4.348819   -3.598819 (VIOLATED)
_3610_/A                                0.750000    4.348818   -3.598818 (VIOLATED)
_3604_/A                                0.750000    4.348814   -3.598813 (VIOLATED)
_3603_/A                                0.750000    4.348805   -3.598805 (VIOLATED)
_3605_/A                                0.750000    4.348803   -3.598803 (VIOLATED)
_3609_/A                                0.750000    4.348805   -3.598805 (VIOLATED)
_3607_/A                                0.750000    4.348794   -3.598794 (VIOLATED)
_3496_/A                                0.750000    4.348766   -3.598766 (VIOLATED)
_3601_/A                                0.750000    4.348770   -3.598769 (VIOLATED)
_3486_/A                                0.750000    4.348660   -3.598660 (VIOLATED)
_3451_/A                                0.750000    4.348612   -3.598612 (VIOLATED)
_3450_/A                                0.750000    4.348608   -3.598607 (VIOLATED)
_3487_/A                                0.750000    4.348610   -3.598610 (VIOLATED)
_3449_/A                                0.750000    4.348603   -3.598603 (VIOLATED)
_3488_/A                                0.750000    4.348573   -3.598573 (VIOLATED)
_3489_/A                                0.750000    4.348496   -3.598496 (VIOLATED)
_3491_/A                                0.750000    4.348395   -3.598395 (VIOLATED)
_3493_/A                                0.750000    4.348381   -3.598380 (VIOLATED)
_3559_/A                                0.750000    4.348364   -3.598364 (VIOLATED)
_3563_/A                                0.750000    4.348362   -3.598362 (VIOLATED)
_3565_/A                                0.750000    4.348364   -3.598364 (VIOLATED)
_3567_/A                                0.750000    4.348363   -3.598363 (VIOLATED)
_3490_/A                                0.750000    4.348298   -3.598298 (VIOLATED)
_3492_/A                                0.750000    4.348291   -3.598292 (VIOLATED)
arst_i                                  0.750000    4.348240   -3.598240 (VIOLATED)
_3448_/A                                0.750000    4.348240   -3.598240 (VIOLATED)
_3560_/A                                0.750000    4.348240   -3.598240 (VIOLATED)
_3561_/A                                0.750000    4.348240   -3.598240 (VIOLATED)
_3562_/A                                0.750000    4.348240   -3.598240 (VIOLATED)
_3564_/A                                0.750000    4.348240   -3.598240 (VIOLATED)
_3566_/A                                0.750000    4.348240   -3.598240 (VIOLATED)
_3568_/A                                0.750000    4.348240   -3.598240 (VIOLATED)
_3976_/S0                               0.750000    4.215961   -3.465961 (VIOLATED)
_3977_/S0                               0.750000    4.215959   -3.465959 (VIOLATED)
_3978_/S0                               0.750000    4.215960   -3.465960 (VIOLATED)
_3979_/S0                               0.750000    4.215958   -3.465958 (VIOLATED)
_3958_/S0                               0.750000    4.215953   -3.465953 (VIOLATED)
_3954_/S0                               0.750000    4.215948   -3.465948 (VIOLATED)
_3955_/S0                               0.750000    4.215944   -3.465944 (VIOLATED)
_3957_/S0                               0.750000    4.215946   -3.465945 (VIOLATED)
_3899_/S0                               0.750000    4.215940   -3.465940 (VIOLATED)
_3900_/S0                               0.750000    4.215941   -3.465941 (VIOLATED)
_3898_/S0                               0.750000    4.215932   -3.465932 (VIOLATED)
_3901_/S0                               0.750000    4.215930   -3.465930 (VIOLATED)
_3904_/S0                               0.750000    4.215916   -3.465916 (VIOLATED)
_3905_/S0                               0.750000    4.215905   -3.465905 (VIOLATED)
_3907_/S0                               0.750000    4.215905   -3.465904 (VIOLATED)
_3908_/S0                               0.750000    4.215903   -3.465903 (VIOLATED)
_3962_/S0                               0.750000    4.215885   -3.465885 (VIOLATED)
_3964_/S0                               0.750000    4.215884   -3.465884 (VIOLATED)
_3963_/S0                               0.750000    4.215881   -3.465881 (VIOLATED)
_3965_/S0                               0.750000    4.215870   -3.465870 (VIOLATED)
_3969_/S0                               0.750000    4.215847   -3.465847 (VIOLATED)
_3921_/S0                               0.750000    4.215835   -3.465835 (VIOLATED)
_3858_/S0                               0.750000    4.215831   -3.465831 (VIOLATED)
_3922_/S0                               0.750000    4.215834   -3.465834 (VIOLATED)
_3859_/S0                               0.750000    4.215830   -3.465830 (VIOLATED)
_3918_/S0                               0.750000    4.215829   -3.465830 (VIOLATED)
_3919_/S0                               0.750000    4.215832   -3.465832 (VIOLATED)
_3861_/S0                               0.750000    4.215826   -3.465826 (VIOLATED)
_3862_/S0                               0.750000    4.215828   -3.465828 (VIOLATED)
_3872_/S0                               0.750000    4.215825   -3.465825 (VIOLATED)
_3972_/S0                               0.750000    4.215828   -3.465828 (VIOLATED)
_3874_/S0                               0.750000    4.215820   -3.465820 (VIOLATED)
_3875_/S0                               0.750000    4.215820   -3.465820 (VIOLATED)
_3873_/S0                               0.750000    4.215815   -3.465815 (VIOLATED)
_3982_/S0                               0.750000    4.215816   -3.465815 (VIOLATED)
_3912_/S0                               0.750000    4.215809   -3.465809 (VIOLATED)
_3968_/S0                               0.750000    4.215811   -3.465811 (VIOLATED)
_3914_/S0                               0.750000    4.215807   -3.465807 (VIOLATED)
_3915_/S0                               0.750000    4.215808   -3.465808 (VIOLATED)
_3971_/S0                               0.750000    4.215810   -3.465810 (VIOLATED)
_3983_/S0                               0.750000    4.215813   -3.465813 (VIOLATED)
_3984_/S0                               0.750000    4.215815   -3.465815 (VIOLATED)
_3985_/S0                               0.750000    4.215814   -3.465814 (VIOLATED)
_3932_/S0                               0.750000    4.215807   -3.465807 (VIOLATED)
_3933_/S0                               0.750000    4.215806   -3.465806 (VIOLATED)
_3935_/S0                               0.750000    4.215804   -3.465804 (VIOLATED)
_3868_/S0                               0.750000    4.215799   -3.465799 (VIOLATED)
_3936_/S0                               0.750000    4.215802   -3.465801 (VIOLATED)
_3913_/S0                               0.750000    4.215798   -3.465798 (VIOLATED)
_3988_/S0                               0.750000    4.215797   -3.465797 (VIOLATED)
_3990_/S0                               0.750000    4.215793   -3.465793 (VIOLATED)
_3866_/S0                               0.750000    4.215786   -3.465786 (VIOLATED)
_3867_/S0                               0.750000    4.215786   -3.465786 (VIOLATED)
_3869_/S0                               0.750000    4.215775   -3.465775 (VIOLATED)
_3777_/S0                               0.750000    4.215766   -3.465766 (VIOLATED)
_3778_/S0                               0.750000    4.215764   -3.465764 (VIOLATED)
_3804_/S0                               0.750000    4.215766   -3.465766 (VIOLATED)
_3808_/S0                               0.750000    4.215769   -3.465769 (VIOLATED)
_3809_/S0                               0.750000    4.215770   -3.465770 (VIOLATED)
_3847_/S0                               0.750000    4.215765   -3.465764 (VIOLATED)
_3989_/S0                               0.750000    4.215762   -3.465762 (VIOLATED)
_3991_/S0                               0.750000    4.215763   -3.465762 (VIOLATED)
_3774_/S0                               0.750000    4.215757   -3.465757 (VIOLATED)
_3775_/S0                               0.750000    4.215751   -3.465750 (VIOLATED)
_3816_/S0                               0.750000    4.215753   -3.465753 (VIOLATED)
_3802_/S0                               0.750000    4.215749   -3.465749 (VIOLATED)
_3803_/S0                               0.750000    4.215748   -3.465748 (VIOLATED)
_3817_/S0                               0.750000    4.215752   -3.465751 (VIOLATED)
_3818_/S0                               0.750000    4.215752   -3.465752 (VIOLATED)
_3819_/S0                               0.750000    4.215751   -3.465750 (VIOLATED)
_3805_/S0                               0.750000    4.215742   -3.465742 (VIOLATED)
_3790_/S0                               0.750000    4.215705   -3.465705 (VIOLATED)
_3792_/S0                               0.750000    4.215704   -3.465704 (VIOLATED)
_3890_/S0                               0.750000    4.215707   -3.465707 (VIOLATED)
_3891_/S0                               0.750000    4.215706   -3.465707 (VIOLATED)
_3894_/S0                               0.750000    4.215692   -3.465692 (VIOLATED)
_3926_/S0                               0.750000    4.215685   -3.465685 (VIOLATED)
_3927_/S0                               0.750000    4.215683   -3.465683 (VIOLATED)
_3928_/S0                               0.750000    4.215684   -3.465684 (VIOLATED)
_3929_/S0                               0.750000    4.215683   -3.465683 (VIOLATED)
_3791_/S0                               0.750000    4.215678   -3.465678 (VIOLATED)
_3793_/S0                               0.750000    4.215678   -3.465678 (VIOLATED)
_3796_/S0                               0.750000    4.215678   -3.465678 (VIOLATED)
_3798_/S0                               0.750000    4.215681   -3.465680 (VIOLATED)
_3797_/S0                               0.750000    4.215675   -3.465675 (VIOLATED)
_3799_/S0                               0.750000    4.215674   -3.465674 (VIOLATED)
_3854_/S0                               0.750000    4.215672   -3.465671 (VIOLATED)
_3855_/S0                               0.750000    4.215673   -3.465673 (VIOLATED)
_3852_/S0                               0.750000    4.215663   -3.465663 (VIOLATED)
_3893_/S0                               0.750000    4.215666   -3.465666 (VIOLATED)
_3853_/S0                               0.750000    4.215661   -3.465661 (VIOLATED)
_2505_/B                                0.750000    4.215654   -3.465654 (VIOLATED)
_2510_/A1                               0.750000    4.215654   -3.465655 (VIOLATED)
_3947_/S0                               0.750000    4.215653   -3.465653 (VIOLATED)
_3811_/S0                               0.750000    4.215644   -3.465644 (VIOLATED)
_3812_/S0                               0.750000    4.215643   -3.465643 (VIOLATED)
_3839_/S0                               0.750000    4.215643   -3.465643 (VIOLATED)
_3940_/S0                               0.750000    4.215641   -3.465641 (VIOLATED)
_3946_/S0                               0.750000    4.215644   -3.465644 (VIOLATED)
_3822_/S0                               0.750000    4.215636   -3.465636 (VIOLATED)
_3836_/S0                               0.750000    4.215639   -3.465639 (VIOLATED)
_3840_/S0                               0.750000    4.215642   -3.465642 (VIOLATED)
_3823_/S0                               0.750000    4.215635   -3.465635 (VIOLATED)
_3825_/S0                               0.750000    4.215635   -3.465636 (VIOLATED)
_3837_/S0                               0.750000    4.215638   -3.465638 (VIOLATED)
_3826_/S0                               0.750000    4.215634   -3.465634 (VIOLATED)
_3878_/S0                               0.750000    4.215633   -3.465633 (VIOLATED)
_3879_/S0                               0.750000    4.215629   -3.465628 (VIOLATED)
_3880_/S0                               0.750000    4.215630   -3.465630 (VIOLATED)
_3881_/S0                               0.750000    4.215631   -3.465631 (VIOLATED)
_3950_/S0                               0.750000    4.215626   -3.465626 (VIOLATED)
_3848_/S0                               0.750000    4.215619   -3.465619 (VIOLATED)
_3942_/S0                               0.750000    4.215622   -3.465622 (VIOLATED)
_3949_/S0                               0.750000    4.215620   -3.465620 (VIOLATED)
_3844_/S0                               0.750000    4.215609   -3.465608 (VIOLATED)
_3845_/S0                               0.750000    4.215608   -3.465607 (VIOLATED)
_3884_/S0                               0.750000    4.215596   -3.465596 (VIOLATED)
_3830_/S0                               0.750000    4.215593   -3.465593 (VIOLATED)
_3832_/S0                               0.750000    4.215594   -3.465594 (VIOLATED)
_3833_/S0                               0.750000    4.215595   -3.465595 (VIOLATED)
_3885_/S0                               0.750000    4.215596   -3.465595 (VIOLATED)
_3886_/S0                               0.750000    4.215596   -3.465596 (VIOLATED)
_3887_/S0                               0.750000    4.215596   -3.465596 (VIOLATED)
_3994_/S0                               0.750000    4.215594   -3.465594 (VIOLATED)
_3831_/S0                               0.750000    4.215589   -3.465589 (VIOLATED)
_3996_/S0                               0.750000    4.215580   -3.465580 (VIOLATED)
_3943_/S0                               0.750000    4.215573   -3.465573 (VIOLATED)
_3941_/S0                               0.750000    4.215565   -3.465565 (VIOLATED)
_3995_/S0                               0.750000    4.215554   -3.465554 (VIOLATED)
_3997_/S0                               0.750000    4.215533   -3.465533 (VIOLATED)
_3628_/A                                0.750000    4.215515   -3.465515 (VIOLATED)
_3784_/A                                0.750000    4.215515   -3.465515 (VIOLATED)
_4692_/Q                                0.750000    4.215515   -3.465515 (VIOLATED)
_3976_/S1                               0.750000    2.759893   -2.009894 (VIOLATED)
_3954_/S1                               0.750000    2.759892   -2.009892 (VIOLATED)
_3977_/S1                               0.750000    2.759893   -2.009893 (VIOLATED)
_3978_/S1                               0.750000    2.759893   -2.009893 (VIOLATED)
_3979_/S1                               0.750000    2.759893   -2.009893 (VIOLATED)
_3955_/S1                               0.750000    2.759891   -2.009891 (VIOLATED)
_3957_/S1                               0.750000    2.759891   -2.009892 (VIOLATED)
_3958_/S1                               0.750000    2.759892   -2.009892 (VIOLATED)
_2505_/A                                0.750000    2.759889   -2.009889 (VIOLATED)
_2510_/B1                               0.750000    2.759889   -2.009889 (VIOLATED)
_3774_/S1                               0.750000    2.759889   -2.009889 (VIOLATED)
_3775_/S1                               0.750000    2.759889   -2.009889 (VIOLATED)
_3777_/S1                               0.750000    2.759889   -2.009889 (VIOLATED)
_3778_/S1                               0.750000    2.759889   -2.009889 (VIOLATED)
_3785_/A                                0.750000    2.759889   -2.009889 (VIOLATED)
_3790_/S1                               0.750000    2.759889   -2.009889 (VIOLATED)
_3791_/S1                               0.750000    2.759889   -2.009889 (VIOLATED)
_3792_/S1                               0.750000    2.759889   -2.009889 (VIOLATED)
_3793_/S1                               0.750000    2.759889   -2.009889 (VIOLATED)
_3796_/S1                               0.750000    2.759889   -2.009889 (VIOLATED)
_3797_/S1                               0.750000    2.759889   -2.009889 (VIOLATED)
_3798_/S1                               0.750000    2.759889   -2.009889 (VIOLATED)
_3799_/S1                               0.750000    2.759889   -2.009889 (VIOLATED)
_3802_/S1                               0.750000    2.759889   -2.009889 (VIOLATED)
_3803_/S1                               0.750000    2.759889   -2.009889 (VIOLATED)
_3804_/S1                               0.750000    2.759889   -2.009889 (VIOLATED)
_3805_/S1                               0.750000    2.759889   -2.009889 (VIOLATED)
_3808_/S1                               0.750000    2.759889   -2.009889 (VIOLATED)
_3809_/S1                               0.750000    2.759889   -2.009889 (VIOLATED)
_3811_/S1                               0.750000    2.759889   -2.009889 (VIOLATED)
_3812_/S1                               0.750000    2.759889   -2.009889 (VIOLATED)
_3816_/S1                               0.750000    2.759889   -2.009889 (VIOLATED)
_3817_/S1                               0.750000    2.759889   -2.009889 (VIOLATED)
_3818_/S1                               0.750000    2.759889   -2.009889 (VIOLATED)
_3819_/S1                               0.750000    2.759889   -2.009889 (VIOLATED)
_3822_/S1                               0.750000    2.759889   -2.009889 (VIOLATED)
_3823_/S1                               0.750000    2.759889   -2.009889 (VIOLATED)
_3825_/S1                               0.750000    2.759889   -2.009889 (VIOLATED)
_3826_/S1                               0.750000    2.759889   -2.009889 (VIOLATED)
_3830_/S1                               0.750000    2.759889   -2.009889 (VIOLATED)
_3831_/S1                               0.750000    2.759889   -2.009889 (VIOLATED)
_3832_/S1                               0.750000    2.759889   -2.009889 (VIOLATED)
_3833_/S1                               0.750000    2.759889   -2.009889 (VIOLATED)
_3836_/S1                               0.750000    2.759889   -2.009889 (VIOLATED)
_3837_/S1                               0.750000    2.759889   -2.009889 (VIOLATED)
_3839_/S1                               0.750000    2.759889   -2.009889 (VIOLATED)
_3840_/S1                               0.750000    2.759889   -2.009889 (VIOLATED)
_3844_/S1                               0.750000    2.759889   -2.009889 (VIOLATED)
_3845_/S1                               0.750000    2.759889   -2.009889 (VIOLATED)
_3847_/S1                               0.750000    2.759889   -2.009889 (VIOLATED)
_3848_/S1                               0.750000    2.759889   -2.009889 (VIOLATED)
_3852_/S1                               0.750000    2.759889   -2.009889 (VIOLATED)
_3853_/S1                               0.750000    2.759889   -2.009889 (VIOLATED)
_3854_/S1                               0.750000    2.759889   -2.009889 (VIOLATED)
_3855_/S1                               0.750000    2.759889   -2.009889 (VIOLATED)
_3858_/S1                               0.750000    2.759889   -2.009889 (VIOLATED)
_3859_/S1                               0.750000    2.759889   -2.009889 (VIOLATED)
_3861_/S1                               0.750000    2.759889   -2.009889 (VIOLATED)
_3862_/S1                               0.750000    2.759889   -2.009889 (VIOLATED)
_3866_/S1                               0.750000    2.759889   -2.009889 (VIOLATED)
_3867_/S1                               0.750000    2.759889   -2.009889 (VIOLATED)
_3868_/S1                               0.750000    2.759889   -2.009889 (VIOLATED)
_3869_/S1                               0.750000    2.759889   -2.009889 (VIOLATED)
_3872_/S1                               0.750000    2.759889   -2.009889 (VIOLATED)
_3873_/S1                               0.750000    2.759889   -2.009889 (VIOLATED)
_3874_/S1                               0.750000    2.759889   -2.009889 (VIOLATED)
_3875_/S1                               0.750000    2.759889   -2.009889 (VIOLATED)
_3878_/S1                               0.750000    2.759889   -2.009889 (VIOLATED)
_3879_/S1                               0.750000    2.759889   -2.009889 (VIOLATED)
_3880_/S1                               0.750000    2.759889   -2.009889 (VIOLATED)
_3881_/S1                               0.750000    2.759889   -2.009889 (VIOLATED)
_3884_/S1                               0.750000    2.759889   -2.009889 (VIOLATED)
_3885_/S1                               0.750000    2.759889   -2.009889 (VIOLATED)
_3886_/S1                               0.750000    2.759889   -2.009889 (VIOLATED)
_3887_/S1                               0.750000    2.759889   -2.009889 (VIOLATED)
_3890_/S1                               0.750000    2.759889   -2.009889 (VIOLATED)
_3891_/S1                               0.750000    2.759889   -2.009889 (VIOLATED)
_3893_/S1                               0.750000    2.759889   -2.009889 (VIOLATED)
_3894_/S1                               0.750000    2.759889   -2.009889 (VIOLATED)
_3898_/S1                               0.750000    2.759889   -2.009889 (VIOLATED)
_3899_/S1                               0.750000    2.759890   -2.009891 (VIOLATED)
_3900_/S1                               0.750000    2.759891   -2.009891 (VIOLATED)
_3901_/S1                               0.750000    2.759889   -2.009889 (VIOLATED)
_3904_/S1                               0.750000    2.759889   -2.009889 (VIOLATED)
_3905_/S1                               0.750000    2.759889   -2.009889 (VIOLATED)
_3907_/S1                               0.750000    2.759889   -2.009889 (VIOLATED)
_3908_/S1                               0.750000    2.759889   -2.009889 (VIOLATED)
_3912_/S1                               0.750000    2.759889   -2.009889 (VIOLATED)
_3913_/S1                               0.750000    2.759889   -2.009889 (VIOLATED)
_3914_/S1                               0.750000    2.759889   -2.009889 (VIOLATED)
_3915_/S1                               0.750000    2.759889   -2.009889 (VIOLATED)
_3918_/S1                               0.750000    2.759889   -2.009889 (VIOLATED)
_3919_/S1                               0.750000    2.759889   -2.009889 (VIOLATED)
_3921_/S1                               0.750000    2.759889   -2.009889 (VIOLATED)
_3922_/S1                               0.750000    2.759889   -2.009889 (VIOLATED)
_3926_/S1                               0.750000    2.759889   -2.009889 (VIOLATED)
_3927_/S1                               0.750000    2.759889   -2.009889 (VIOLATED)
_3928_/S1                               0.750000    2.759889   -2.009889 (VIOLATED)
_3929_/S1                               0.750000    2.759889   -2.009889 (VIOLATED)
_3932_/S1                               0.750000    2.759889   -2.009889 (VIOLATED)
_3933_/S1                               0.750000    2.759889   -2.009889 (VIOLATED)
_3935_/S1                               0.750000    2.759889   -2.009889 (VIOLATED)
_3936_/S1                               0.750000    2.759889   -2.009889 (VIOLATED)
_3940_/S1                               0.750000    2.759889   -2.009889 (VIOLATED)
_3941_/S1                               0.750000    2.759889   -2.009889 (VIOLATED)
_3942_/S1                               0.750000    2.759889   -2.009889 (VIOLATED)
_3943_/S1                               0.750000    2.759889   -2.009889 (VIOLATED)
_3946_/S1                               0.750000    2.759889   -2.009889 (VIOLATED)
_3947_/S1                               0.750000    2.759889   -2.009889 (VIOLATED)
_3949_/S1                               0.750000    2.759889   -2.009889 (VIOLATED)
_3950_/S1                               0.750000    2.759889   -2.009889 (VIOLATED)
_3962_/S1                               0.750000    2.759889   -2.009889 (VIOLATED)
_3963_/S1                               0.750000    2.759889   -2.009889 (VIOLATED)
_3964_/S1                               0.750000    2.759889   -2.009889 (VIOLATED)
_3965_/S1                               0.750000    2.759889   -2.009889 (VIOLATED)
_3968_/S1                               0.750000    2.759889   -2.009889 (VIOLATED)
_3969_/S1                               0.750000    2.759889   -2.009889 (VIOLATED)
_3971_/S1                               0.750000    2.759889   -2.009889 (VIOLATED)
_3972_/S1                               0.750000    2.759889   -2.009889 (VIOLATED)
_3982_/S1                               0.750000    2.759889   -2.009889 (VIOLATED)
_3983_/S1                               0.750000    2.759889   -2.009889 (VIOLATED)
_3984_/S1                               0.750000    2.759889   -2.009889 (VIOLATED)
_3985_/S1                               0.750000    2.759889   -2.009889 (VIOLATED)
_3988_/S1                               0.750000    2.759889   -2.009889 (VIOLATED)
_3989_/S1                               0.750000    2.759889   -2.009889 (VIOLATED)
_3990_/S1                               0.750000    2.759889   -2.009889 (VIOLATED)
_3991_/S1                               0.750000    2.759889   -2.009889 (VIOLATED)
_3994_/S1                               0.750000    2.759889   -2.009889 (VIOLATED)
_3995_/S1                               0.750000    2.759889   -2.009889 (VIOLATED)
_3996_/S1                               0.750000    2.759889   -2.009889 (VIOLATED)
_3997_/S1                               0.750000    2.759889   -2.009889 (VIOLATED)
_4693_/Q                                0.750000    2.759889   -2.009889 (VIOLATED)
_2883_/S                                0.750000    1.979181   -1.229181 (VIOLATED)
_2881_/S                                0.750000    1.979180   -1.229180 (VIOLATED)
_2892_/S                                0.750000    1.979181   -1.229181 (VIOLATED)
_2899_/S                                0.750000    1.979178   -1.229178 (VIOLATED)
_2895_/S                                0.750000    1.979176   -1.229176 (VIOLATED)
_2897_/S                                0.750000    1.979176   -1.229176 (VIOLATED)
_2873_/S                                0.750000    1.979168   -1.229168 (VIOLATED)
_2890_/S                                0.750000    1.979168   -1.229168 (VIOLATED)
_2889_/S                                0.750000    1.979166   -1.229166 (VIOLATED)
_2903_/S                                0.750000    1.979166   -1.229166 (VIOLATED)
_2875_/S                                0.750000    1.979159   -1.229159 (VIOLATED)
_2878_/S                                0.750000    1.979159   -1.229159 (VIOLATED)
_2894_/S                                0.750000    1.979159   -1.229159 (VIOLATED)
_2886_/S                                0.750000    1.979156   -1.229156 (VIOLATED)
_2885_/S                                0.750000    1.979154   -1.229154 (VIOLATED)
_2877_/S                                0.750000    1.979152   -1.229152 (VIOLATED)
_2876_/S                                0.750000    1.979149   -1.229149 (VIOLATED)
_2884_/S                                0.750000    1.979145   -1.229145 (VIOLATED)
_2874_/S                                0.750000    1.979141   -1.229141 (VIOLATED)
_2882_/S                                0.750000    1.979139   -1.229139 (VIOLATED)
_2880_/S                                0.750000    1.979137   -1.229137 (VIOLATED)
_2891_/S                                0.750000    1.979135   -1.229135 (VIOLATED)
_2887_/S                                0.750000    1.979134   -1.229134 (VIOLATED)
_2898_/S                                0.750000    1.979134   -1.229134 (VIOLATED)
_2900_/S                                0.750000    1.979132   -1.229132 (VIOLATED)
_2901_/S                                0.750000    1.979133   -1.229133 (VIOLATED)
_2902_/S                                0.750000    1.979131   -1.229131 (VIOLATED)
_2893_/S                                0.750000    1.979129   -1.229129 (VIOLATED)
_2872_/S                                0.750000    1.979126   -1.229126 (VIOLATED)
_2879_/S                                0.750000    1.979124   -1.229124 (VIOLATED)
_2888_/S                                0.750000    1.979122   -1.229122 (VIOLATED)
_2620_/Y                                0.750000    1.979117   -1.229117 (VIOLATED)
_2622_/A                                0.750000    1.979117   -1.229117 (VIOLATED)
_2896_/S                                0.750000    1.979117   -1.229117 (VIOLATED)
_3307_/S                                0.750000    1.737845   -0.987845 (VIOLATED)
_3308_/S                                0.750000    1.737844   -0.987844 (VIOLATED)
_3310_/S                                0.750000    1.737845   -0.987845 (VIOLATED)
_3302_/S                                0.750000    1.737843   -0.987843 (VIOLATED)
_3312_/S                                0.750000    1.737841   -0.987841 (VIOLATED)
_3316_/S                                0.750000    1.737840   -0.987840 (VIOLATED)
_3286_/S                                0.750000    1.737837   -0.987837 (VIOLATED)
_3294_/S                                0.750000    1.737831   -0.987831 (VIOLATED)
_3305_/S                                0.750000    1.737824   -0.987824 (VIOLATED)
_3296_/S                                0.750000    1.737815   -0.987815 (VIOLATED)
_3288_/S                                0.750000    1.737785   -0.987785 (VIOLATED)
_3291_/S                                0.750000    1.737762   -0.987762 (VIOLATED)
_3303_/S                                0.750000    1.737758   -0.987758 (VIOLATED)
_3299_/S                                0.750000    1.737750   -0.987750 (VIOLATED)
_3304_/S                                0.750000    1.737735   -0.987735 (VIOLATED)
_3298_/S                                0.750000    1.737730   -0.987730 (VIOLATED)
_3290_/S                                0.750000    1.737703   -0.987703 (VIOLATED)
_3311_/S                                0.750000    1.737695   -0.987695 (VIOLATED)
_3289_/S                                0.750000    1.737683   -0.987683 (VIOLATED)
_3297_/S                                0.750000    1.737668   -0.987668 (VIOLATED)
_3313_/S                                0.750000    1.737664   -0.987665 (VIOLATED)
_3287_/S                                0.750000    1.737650   -0.987650 (VIOLATED)
_3295_/S                                0.750000    1.737634   -0.987634 (VIOLATED)
_3314_/S                                0.750000    1.737610   -0.987610 (VIOLATED)
_3306_/S                                0.750000    1.737607   -0.987607 (VIOLATED)
_3284_/Y                                0.750000    1.737604   -0.987604 (VIOLATED)
_3285_/S                                0.750000    1.737604   -0.987604 (VIOLATED)
_3292_/S                                0.750000    1.737604   -0.987604 (VIOLATED)
_3293_/S                                0.750000    1.737604   -0.987604 (VIOLATED)
_3300_/S                                0.750000    1.737604   -0.987604 (VIOLATED)
_3301_/S                                0.750000    1.737604   -0.987604 (VIOLATED)
_3309_/S                                0.750000    1.737604   -0.987604 (VIOLATED)
_3315_/S                                0.750000    1.737604   -0.987604 (VIOLATED)
_4045_/S0                               0.750000    1.418886   -0.668886 (VIOLATED)
_4107_/S0                               0.750000    1.418886   -0.668886 (VIOLATED)
_4111_/S0                               0.750000    1.418886   -0.668886 (VIOLATED)
_4023_/S0                               0.750000    1.418885   -0.668885 (VIOLATED)
_4006_/A                                0.750000    1.418884   -0.668884 (VIOLATED)
_4019_/S0                               0.750000    1.418884   -0.668884 (VIOLATED)
_4043_/S0                               0.750000    1.418883   -0.668884 (VIOLATED)
_4046_/S0                               0.750000    1.418882   -0.668883 (VIOLATED)
_4024_/S0                               0.750000    1.418882   -0.668882 (VIOLATED)
_4041_/S0                               0.750000    1.418882   -0.668882 (VIOLATED)
_4063_/S0                               0.750000    1.418882   -0.668882 (VIOLATED)
_2608_/B                                0.750000    1.418880   -0.668881 (VIOLATED)
_2613_/A1                               0.750000    1.418880   -0.668880 (VIOLATED)
_4067_/S0                               0.750000    1.418881   -0.668881 (VIOLATED)
_4108_/S0                               0.750000    1.418881   -0.668881 (VIOLATED)
_4113_/S0                               0.750000    1.418881   -0.668881 (VIOLATED)
_4085_/S0                               0.750000    1.418880   -0.668880 (VIOLATED)
_4089_/S0                               0.750000    1.418881   -0.668881 (VIOLATED)
_2615_/A                                0.750000    1.418878   -0.668878 (VIOLATED)
_4008_/S0                               0.750000    1.418878   -0.668878 (VIOLATED)
_4010_/S0                               0.750000    1.418878   -0.668878 (VIOLATED)
_4012_/S0                               0.750000    1.418878   -0.668878 (VIOLATED)
_4013_/S0                               0.750000    1.418878   -0.668878 (VIOLATED)
_4021_/S0                               0.750000    1.418878   -0.668878 (VIOLATED)
_4030_/S0                               0.750000    1.418878   -0.668878 (VIOLATED)
_4032_/S0                               0.750000    1.418878   -0.668878 (VIOLATED)
_4034_/S0                               0.750000    1.418878   -0.668878 (VIOLATED)
_4035_/S0                               0.750000    1.418878   -0.668878 (VIOLATED)
_4052_/S0                               0.750000    1.418878   -0.668878 (VIOLATED)
_4054_/S0                               0.750000    1.418878   -0.668878 (VIOLATED)
_4056_/S0                               0.750000    1.418878   -0.668878 (VIOLATED)
_4057_/S0                               0.750000    1.418878   -0.668878 (VIOLATED)
_4065_/S0                               0.750000    1.418878   -0.668878 (VIOLATED)
_4068_/S0                               0.750000    1.418878   -0.668878 (VIOLATED)
_4074_/S0                               0.750000    1.418878   -0.668878 (VIOLATED)
_4076_/S0                               0.750000    1.418878   -0.668878 (VIOLATED)
_4078_/S0                               0.750000    1.418878   -0.668878 (VIOLATED)
_4079_/S0                               0.750000    1.418878   -0.668878 (VIOLATED)
_4087_/S0                               0.750000    1.418878   -0.668878 (VIOLATED)
_4090_/S0                               0.750000    1.418878   -0.668878 (VIOLATED)
_4096_/S0                               0.750000    1.418878   -0.668878 (VIOLATED)
_4098_/S0                               0.750000    1.418878   -0.668878 (VIOLATED)
_4100_/S0                               0.750000    1.418878   -0.668878 (VIOLATED)
_4101_/S0                               0.750000    1.418878   -0.668878 (VIOLATED)
_4656_/Q                                0.750000    1.418878   -0.668878 (VIOLATED)
_3860_/S                                0.750000    1.212328   -0.462328 (VIOLATED)
_3923_/S                                0.750000    1.212328   -0.462328 (VIOLATED)
_3934_/S                                0.750000    1.212327   -0.462328 (VIOLATED)
_3863_/S                                0.750000    1.212327   -0.462327 (VIOLATED)
_3920_/S                                0.750000    1.212327   -0.462327 (VIOLATED)
_3937_/S                                0.750000    1.212327   -0.462327 (VIOLATED)
_3813_/S                                0.750000    1.212326   -0.462326 (VIOLATED)
_3838_/S                                0.750000    1.212326   -0.462326 (VIOLATED)
_3841_/S                                0.750000    1.212326   -0.462326 (VIOLATED)
_3980_/S1                               0.750000    1.212326   -0.462326 (VIOLATED)
_3956_/S                                0.750000    1.212325   -0.462325 (VIOLATED)
_3959_/S                                0.750000    1.212325   -0.462325 (VIOLATED)
_3810_/S                                0.750000    1.212324   -0.462324 (VIOLATED)
_3902_/S1                               0.750000    1.212324   -0.462324 (VIOLATED)
_3906_/S                                0.750000    1.212323   -0.462323 (VIOLATED)
_2330_/A1                               0.750000    1.212322   -0.462322 (VIOLATED)
_2506_/A                                0.750000    1.212322   -0.462322 (VIOLATED)
_2508_/A                                0.750000    1.212322   -0.462322 (VIOLATED)
_3776_/S                                0.750000    1.212322   -0.462322 (VIOLATED)
_3779_/S                                0.750000    1.212322   -0.462322 (VIOLATED)
_3783_/A                                0.750000    1.212322   -0.462322 (VIOLATED)
_3794_/S1                               0.750000    1.212322   -0.462322 (VIOLATED)
_3800_/S1                               0.750000    1.212322   -0.462322 (VIOLATED)
_3806_/S1                               0.750000    1.212322   -0.462322 (VIOLATED)
_3820_/S1                               0.750000    1.212322   -0.462322 (VIOLATED)
_3824_/S                                0.750000    1.212322   -0.462322 (VIOLATED)
_3827_/S                                0.750000    1.212322   -0.462322 (VIOLATED)
_3834_/S1                               0.750000    1.212322   -0.462322 (VIOLATED)
_3846_/S                                0.750000    1.212322   -0.462322 (VIOLATED)
_3849_/S                                0.750000    1.212322   -0.462322 (VIOLATED)
_3856_/S1                               0.750000    1.212322   -0.462322 (VIOLATED)
_3870_/S1                               0.750000    1.212322   -0.462322 (VIOLATED)
_3876_/S1                               0.750000    1.212322   -0.462322 (VIOLATED)
_3882_/S1                               0.750000    1.212322   -0.462322 (VIOLATED)
_3888_/S1                               0.750000    1.212322   -0.462322 (VIOLATED)
_3892_/S                                0.750000    1.212322   -0.462322 (VIOLATED)
_3895_/S                                0.750000    1.212322   -0.462322 (VIOLATED)
_3909_/S                                0.750000    1.212322   -0.462323 (VIOLATED)
_3916_/S1                               0.750000    1.212322   -0.462322 (VIOLATED)
_3930_/S1                               0.750000    1.212322   -0.462322 (VIOLATED)
_3944_/S1                               0.750000    1.212322   -0.462322 (VIOLATED)
_3948_/S                                0.750000    1.212322   -0.462322 (VIOLATED)
_3951_/S                                0.750000    1.212322   -0.462322 (VIOLATED)
_3966_/S1                               0.750000    1.212322   -0.462322 (VIOLATED)
_3970_/S                                0.750000    1.212322   -0.462322 (VIOLATED)
_3973_/S                                0.750000    1.212322   -0.462322 (VIOLATED)
_3986_/S1                               0.750000    1.212322   -0.462322 (VIOLATED)
_3992_/S1                               0.750000    1.212322   -0.462322 (VIOLATED)
_3998_/S1                               0.750000    1.212322   -0.462322 (VIOLATED)
_4694_/Q                                0.750000    1.212322   -0.462322 (VIOLATED)
_3902_/S0                               0.750000    1.165767   -0.415767 (VIOLATED)
_3930_/S0                               0.750000    1.165767   -0.415767 (VIOLATED)
_3960_/S                                0.750000    1.165768   -0.415768 (VIOLATED)
_2507_/A                                0.750000    1.165767   -0.415767 (VIOLATED)
_3780_/A_N                              0.750000    1.165767   -0.415767 (VIOLATED)
_3781_/A                                0.750000    1.165767   -0.415767 (VIOLATED)
_3788_/A1                               0.750000    1.165767   -0.415767 (VIOLATED)
_3794_/S0                               0.750000    1.165767   -0.415767 (VIOLATED)
_3800_/S0                               0.750000    1.165767   -0.415767 (VIOLATED)
_3806_/S0                               0.750000    1.165767   -0.415767 (VIOLATED)
_3814_/S                                0.750000    1.165767   -0.415767 (VIOLATED)
_3820_/S0                               0.750000    1.165767   -0.415767 (VIOLATED)
_3828_/S                                0.750000    1.165767   -0.415767 (VIOLATED)
_3834_/S0                               0.750000    1.165767   -0.415767 (VIOLATED)
_3842_/S                                0.750000    1.165767   -0.415767 (VIOLATED)
_3850_/S                                0.750000    1.165767   -0.415767 (VIOLATED)
_3856_/S0                               0.750000    1.165767   -0.415767 (VIOLATED)
_3864_/S                                0.750000    1.165767   -0.415767 (VIOLATED)
_3870_/S0                               0.750000    1.165767   -0.415767 (VIOLATED)
_3876_/S0                               0.750000    1.165767   -0.415767 (VIOLATED)
_3882_/S0                               0.750000    1.165767   -0.415767 (VIOLATED)
_3888_/S0                               0.750000    1.165767   -0.415767 (VIOLATED)
_3896_/S                                0.750000    1.165767   -0.415767 (VIOLATED)
_3910_/S                                0.750000    1.165767   -0.415767 (VIOLATED)
_3916_/S0                               0.750000    1.165767   -0.415767 (VIOLATED)
_3924_/S                                0.750000    1.165767   -0.415767 (VIOLATED)
_3938_/S                                0.750000    1.165767   -0.415767 (VIOLATED)
_3944_/S0                               0.750000    1.165767   -0.415767 (VIOLATED)
_3952_/S                                0.750000    1.165767   -0.415767 (VIOLATED)
_3966_/S0                               0.750000    1.165767   -0.415767 (VIOLATED)
_3974_/S                                0.750000    1.165767   -0.415767 (VIOLATED)
_3980_/S0                               0.750000    1.165767   -0.415767 (VIOLATED)
_3986_/S0                               0.750000    1.165767   -0.415767 (VIOLATED)
_3992_/S0                               0.750000    1.165767   -0.415767 (VIOLATED)
_3998_/S0                               0.750000    1.165767   -0.415767 (VIOLATED)
_4695_/Q                                0.750000    1.165767   -0.415767 (VIOLATED)
_2615_/B                                0.750000    1.159554   -0.409554 (VIOLATED)
_4017_/A                                0.750000    1.159553   -0.409553 (VIOLATED)
_4039_/A                                0.750000    1.159553   -0.409553 (VIOLATED)
_4083_/A                                0.750000    1.159553   -0.409553 (VIOLATED)
_4105_/A                                0.750000    1.159553   -0.409553 (VIOLATED)
_4018_/A2                               0.750000    1.159552   -0.409552 (VIOLATED)
_4040_/A2                               0.750000    1.159552   -0.409552 (VIOLATED)
_4106_/A2                               0.750000    1.159552   -0.409552 (VIOLATED)
_4084_/A2                               0.750000    1.159551   -0.409551 (VIOLATED)
_4061_/A                                0.750000    1.159550   -0.409550 (VIOLATED)
_4062_/A2                               0.750000    1.159550   -0.409550 (VIOLATED)
_4095_/A2                               0.750000    1.159548   -0.409548 (VIOLATED)
_4094_/A                                0.750000    1.159547   -0.409547 (VIOLATED)
_4073_/A2                               0.750000    1.159540   -0.409540 (VIOLATED)
_4029_/A2                               0.750000    1.159536   -0.409537 (VIOLATED)
_4116_/S                                0.750000    1.159534   -0.409534 (VIOLATED)
_4051_/A2                               0.750000    1.159532   -0.409532 (VIOLATED)
_2608_/C                                0.750000    1.159529   -0.409529 (VIOLATED)
_2613_/A2                               0.750000    1.159529   -0.409529 (VIOLATED)
_4028_/A                                0.750000    1.159529   -0.409529 (VIOLATED)
_4050_/A                                0.750000    1.159529   -0.409529 (VIOLATED)
_4072_/A                                0.750000    1.159529   -0.409529 (VIOLATED)
_4007_/Y                                0.750000    1.159526   -0.409526 (VIOLATED)
_3227_/Y                                0.750000    1.107574   -0.357575 (VIOLATED)
_3228_/S                                0.750000    1.107574   -0.357575 (VIOLATED)
_3229_/S                                0.750000    1.107574   -0.357575 (VIOLATED)
_3230_/S                                0.750000    1.107574   -0.357575 (VIOLATED)
_3231_/S                                0.750000    1.107574   -0.357575 (VIOLATED)
_3232_/S                                0.750000    1.107574   -0.357575 (VIOLATED)
_3233_/S                                0.750000    1.107574   -0.357575 (VIOLATED)
_3234_/S                                0.750000    1.107574   -0.357575 (VIOLATED)
_3235_/S                                0.750000    1.107574   -0.357575 (VIOLATED)
_3236_/S                                0.750000    1.107574   -0.357575 (VIOLATED)
_3237_/S                                0.750000    1.107574   -0.357575 (VIOLATED)
_3238_/S                                0.750000    1.107574   -0.357575 (VIOLATED)
_3239_/S                                0.750000    1.107574   -0.357575 (VIOLATED)
_3240_/S                                0.750000    1.107574   -0.357575 (VIOLATED)
_3241_/S                                0.750000    1.107574   -0.357575 (VIOLATED)
_3242_/S                                0.750000    1.107574   -0.357575 (VIOLATED)
_3243_/S                                0.750000    1.107574   -0.357575 (VIOLATED)
_3244_/S                                0.750000    1.107574   -0.357575 (VIOLATED)
_3245_/S                                0.750000    1.107574   -0.357575 (VIOLATED)
_3246_/S                                0.750000    1.107574   -0.357575 (VIOLATED)
_3247_/S                                0.750000    1.107574   -0.357575 (VIOLATED)
_3248_/S                                0.750000    1.107574   -0.357575 (VIOLATED)
_3249_/S                                0.750000    1.107574   -0.357575 (VIOLATED)
_2809_/S                                0.750000    1.081417   -0.331417 (VIOLATED)
_2812_/S                                0.750000    1.081417   -0.331417 (VIOLATED)
_2817_/S                                0.750000    1.081415   -0.331415 (VIOLATED)
_2826_/S                                0.750000    1.081414   -0.331414 (VIOLATED)
_2824_/S                                0.750000    1.081409   -0.331409 (VIOLATED)
_2815_/S                                0.750000    1.081401   -0.331401 (VIOLATED)
_2833_/S                                0.750000    1.081401   -0.331401 (VIOLATED)
_2807_/S                                0.750000    1.081400   -0.331400 (VIOLATED)
_2837_/S                                0.750000    1.081387   -0.331387 (VIOLATED)
_2829_/S                                0.750000    1.081381   -0.331381 (VIOLATED)
_2831_/S                                0.750000    1.081380   -0.331380 (VIOLATED)
_2823_/S                                0.750000    1.081379   -0.331379 (VIOLATED)
_2828_/S                                0.750000    1.081372   -0.331372 (VIOLATED)
_2820_/S                                0.750000    1.081353   -0.331353 (VIOLATED)
_2819_/S                                0.750000    1.081353   -0.331353 (VIOLATED)
_2811_/S                                0.750000    1.081350   -0.331350 (VIOLATED)
_2810_/S                                0.750000    1.081348   -0.331348 (VIOLATED)
_2832_/S                                0.750000    1.081344   -0.331344 (VIOLATED)
_2825_/S                                0.750000    1.081341   -0.331341 (VIOLATED)
_2834_/S                                0.750000    1.081341   -0.331341 (VIOLATED)
_2814_/S                                0.750000    1.081341   -0.331341 (VIOLATED)
_2821_/S                                0.750000    1.081340   -0.331340 (VIOLATED)
_2836_/S                                0.750000    1.081336   -0.331336 (VIOLATED)
_2813_/S                                0.750000    1.081331   -0.331331 (VIOLATED)
_2806_/S                                0.750000    1.081321   -0.331321 (VIOLATED)
_2818_/S                                0.750000    1.081321   -0.331321 (VIOLATED)
_2808_/S                                0.750000    1.081321   -0.331321 (VIOLATED)
_2816_/S                                0.750000    1.081320   -0.331320 (VIOLATED)
_2835_/S                                0.750000    1.081320   -0.331320 (VIOLATED)
_2827_/S                                0.750000    1.081319   -0.331319 (VIOLATED)
_2805_/X                                0.750000    1.081317   -0.331317 (VIOLATED)
_2822_/S                                0.750000    1.081317   -0.331317 (VIOLATED)
_2830_/S                                0.750000    1.081317   -0.331317 (VIOLATED)
_2949_/S                                0.750000    1.075154   -0.325154 (VIOLATED)
_2958_/S                                0.750000    1.075153   -0.325153 (VIOLATED)
_2947_/S                                0.750000    1.075152   -0.325152 (VIOLATED)
_2965_/S                                0.750000    1.075148   -0.325148 (VIOLATED)
_2963_/S                                0.750000    1.075145   -0.325145 (VIOLATED)
_2961_/S                                0.750000    1.075144   -0.325144 (VIOLATED)
_2956_/S                                0.750000    1.075130   -0.325130 (VIOLATED)
_2939_/S                                0.750000    1.075128   -0.325128 (VIOLATED)
_2955_/S                                0.750000    1.075125   -0.325125 (VIOLATED)
_2969_/S                                0.750000    1.075125   -0.325125 (VIOLATED)
_2941_/S                                0.750000    1.075113   -0.325113 (VIOLATED)
_2944_/S                                0.750000    1.075111   -0.325111 (VIOLATED)
_2960_/S                                0.750000    1.075111   -0.325111 (VIOLATED)
_2952_/S                                0.750000    1.075107   -0.325107 (VIOLATED)
_2951_/S                                0.750000    1.075102   -0.325102 (VIOLATED)
_2943_/S                                0.750000    1.075098   -0.325098 (VIOLATED)
_2942_/S                                0.750000    1.075093   -0.325093 (VIOLATED)
_2950_/S                                0.750000    1.075085   -0.325085 (VIOLATED)
_2940_/S                                0.750000    1.075075   -0.325075 (VIOLATED)
_2948_/S                                0.750000    1.075071   -0.325071 (VIOLATED)
_2946_/S                                0.750000    1.075070   -0.325070 (VIOLATED)
_2957_/S                                0.750000    1.075066   -0.325066 (VIOLATED)
_2964_/S                                0.750000    1.075064   -0.325064 (VIOLATED)
_2953_/S                                0.750000    1.075062   -0.325062 (VIOLATED)
_2967_/S                                0.750000    1.075062   -0.325062 (VIOLATED)
_2966_/S                                0.750000    1.075059   -0.325059 (VIOLATED)
_2968_/S                                0.750000    1.075057   -0.325057 (VIOLATED)
_2959_/S                                0.750000    1.075053   -0.325053 (VIOLATED)
_2945_/S                                0.750000    1.075044   -0.325044 (VIOLATED)
_2938_/S                                0.750000    1.075042   -0.325042 (VIOLATED)
_2954_/S                                0.750000    1.075040   -0.325040 (VIOLATED)
_2962_/S                                0.750000    1.075033   -0.325033 (VIOLATED)
_2937_/X                                0.750000    1.075029   -0.325029 (VIOLATED)
_3354_/S                                0.750000    1.026217   -0.276217 (VIOLATED)
_3362_/S                                0.750000    1.026217   -0.276217 (VIOLATED)
_3371_/S                                0.750000    1.026217   -0.276217 (VIOLATED)
_3357_/S                                0.750000    1.026216   -0.276216 (VIOLATED)
_3360_/S                                0.750000    1.026215   -0.276215 (VIOLATED)
_3365_/S                                0.750000    1.026215   -0.276215 (VIOLATED)
_3378_/S                                0.750000    1.026214   -0.276213 (VIOLATED)
_3364_/S                                0.750000    1.026211   -0.276211 (VIOLATED)
_3374_/S                                0.750000    1.026208   -0.276208 (VIOLATED)
_3376_/S                                0.750000    1.026207   -0.276207 (VIOLATED)
_3356_/S                                0.750000    1.026207   -0.276207 (VIOLATED)
_3368_/S                                0.750000    1.026201   -0.276201 (VIOLATED)
_3355_/S                                0.750000    1.026199   -0.276200 (VIOLATED)
_3363_/S                                0.750000    1.026196   -0.276196 (VIOLATED)
_3369_/S                                0.750000    1.026195   -0.276195 (VIOLATED)
_3370_/S                                0.750000    1.026194   -0.276194 (VIOLATED)
_3352_/S                                0.750000    1.026193   -0.276193 (VIOLATED)
_3373_/S                                0.750000    1.026191   -0.276191 (VIOLATED)
_3353_/S                                0.750000    1.026190   -0.276190 (VIOLATED)
_3382_/S                                0.750000    1.026188   -0.276188 (VIOLATED)
_3361_/S                                0.750000    1.026180   -0.276180 (VIOLATED)
_3380_/S                                0.750000    1.026173   -0.276173 (VIOLATED)
_3377_/S                                0.750000    1.026170   -0.276170 (VIOLATED)
_3379_/S                                0.750000    1.026170   -0.276170 (VIOLATED)
_3366_/S                                0.750000    1.026168   -0.276169 (VIOLATED)
_3381_/S                                0.750000    1.026168   -0.276168 (VIOLATED)
_3372_/S                                0.750000    1.026166   -0.276166 (VIOLATED)
_3358_/S                                0.750000    1.026165   -0.276165 (VIOLATED)
_3359_/S                                0.750000    1.026163   -0.276164 (VIOLATED)
_3367_/S                                0.750000    1.026159   -0.276159 (VIOLATED)
_3351_/S                                0.750000    1.026155   -0.276155 (VIOLATED)
_3375_/S                                0.750000    1.026153   -0.276153 (VIOLATED)
_3350_/Y                                0.750000    1.026150   -0.276150 (VIOLATED)
_3076_/S                                0.750000    0.952814   -0.202814 (VIOLATED)
_3084_/S                                0.750000    0.952812   -0.202812 (VIOLATED)
_3093_/S                                0.750000    0.952810   -0.202810 (VIOLATED)
_3082_/S                                0.750000    0.952806   -0.202806 (VIOLATED)
_3098_/S                                0.750000    0.952801   -0.202801 (VIOLATED)
_3096_/S                                0.750000    0.952799   -0.202799 (VIOLATED)
_3100_/S                                0.750000    0.952798   -0.202798 (VIOLATED)
_3090_/S                                0.750000    0.952769   -0.202769 (VIOLATED)
_3095_/S                                0.750000    0.952767   -0.202767 (VIOLATED)
_3104_/S                                0.750000    0.952761   -0.202761 (VIOLATED)
_3091_/S                                0.750000    0.952756   -0.202756 (VIOLATED)
_3092_/S                                0.750000    0.952755   -0.202755 (VIOLATED)
_3074_/S                                0.750000    0.952753   -0.202753 (VIOLATED)
_3079_/S                                0.750000    0.952730   -0.202730 (VIOLATED)
_3087_/S                                0.750000    0.952728   -0.202728 (VIOLATED)
_3086_/S                                0.750000    0.952723   -0.202723 (VIOLATED)
_3078_/S                                0.750000    0.952718   -0.202718 (VIOLATED)
_3099_/S                                0.750000    0.952707   -0.202707 (VIOLATED)
_3088_/S                                0.750000    0.952697   -0.202697 (VIOLATED)
_3060_/S                                0.750000    0.952689   -0.202689 (VIOLATED)
_3049_/S                                0.750000    0.952688   -0.202688 (VIOLATED)
_3067_/S                                0.750000    0.952685   -0.202685 (VIOLATED)
_3063_/S                                0.750000    0.952684   -0.202684 (VIOLATED)
_3065_/S                                0.750000    0.952679   -0.202679 (VIOLATED)
_3057_/S                                0.750000    0.952676   -0.202676 (VIOLATED)
_3062_/S                                0.750000    0.952673   -0.202673 (VIOLATED)
_3071_/S                                0.750000    0.952666   -0.202666 (VIOLATED)
_3103_/S                                0.750000    0.952665   -0.202665 (VIOLATED)
_3058_/S                                0.750000    0.952662   -0.202662 (VIOLATED)
_3059_/S                                0.750000    0.952661   -0.202661 (VIOLATED)
_3041_/S                                0.750000    0.952659   -0.202659 (VIOLATED)
_3051_/S                                0.750000    0.952640   -0.202640 (VIOLATED)
_3043_/S                                0.750000    0.952639   -0.202639 (VIOLATED)
_3077_/S                                0.750000    0.952638   -0.202638 (VIOLATED)
_3085_/S                                0.750000    0.952637   -0.202637 (VIOLATED)
_3075_/S                                0.750000    0.952636   -0.202636 (VIOLATED)
_3046_/S                                0.750000    0.952635   -0.202635 (VIOLATED)
_3083_/S                                0.750000    0.952636   -0.202636 (VIOLATED)
_3102_/S                                0.750000    0.952634   -0.202634 (VIOLATED)
_3101_/S                                0.750000    0.952633   -0.202633 (VIOLATED)
_3054_/S                                0.750000    0.952630   -0.202630 (VIOLATED)
_3094_/S                                0.750000    0.952629   -0.202629 (VIOLATED)
_3089_/S                                0.750000    0.952624   -0.202624 (VIOLATED)
_3053_/S                                0.750000    0.952621   -0.202621 (VIOLATED)
_3080_/S                                0.750000    0.952621   -0.202621 (VIOLATED)
_3045_/S                                0.750000    0.952620   -0.202620 (VIOLATED)
_3066_/S                                0.750000    0.952618   -0.202618 (VIOLATED)
_3055_/S                                0.750000    0.952616   -0.202616 (VIOLATED)
_3044_/S                                0.750000    0.952609   -0.202609 (VIOLATED)
_3097_/S                                0.750000    0.952606   -0.202606 (VIOLATED)
_3081_/S                                0.750000    0.952601   -0.202601 (VIOLATED)
_3073_/S                                0.750000    0.952601   -0.202601 (VIOLATED)
_3052_/S                                0.750000    0.952598   -0.202598 (VIOLATED)
_3072_/Y                                0.750000    0.952598   -0.202598 (VIOLATED)
_3070_/S                                0.750000    0.952595   -0.202595 (VIOLATED)
_3068_/S                                0.750000    0.952583   -0.202584 (VIOLATED)
_3042_/S                                0.750000    0.952582   -0.202582 (VIOLATED)
_3050_/S                                0.750000    0.952581   -0.202582 (VIOLATED)
_3069_/S                                0.750000    0.952580   -0.202580 (VIOLATED)
_3061_/S                                0.750000    0.952573   -0.202574 (VIOLATED)
_3056_/S                                0.750000    0.952561   -0.202561 (VIOLATED)
_3047_/S                                0.750000    0.952557   -0.202557 (VIOLATED)
_3064_/S                                0.750000    0.952545   -0.202545 (VIOLATED)
_3040_/S                                0.750000    0.952538   -0.202538 (VIOLATED)
_3048_/S                                0.750000    0.952538   -0.202538 (VIOLATED)
_3039_/X                                0.750000    0.952536   -0.202536 (VIOLATED)
_3027_/S                                0.750000    0.948811   -0.198811 (VIOLATED)
_3016_/S                                0.750000    0.948810   -0.198810 (VIOLATED)
_3034_/S                                0.750000    0.948807   -0.198807 (VIOLATED)
_3030_/S                                0.750000    0.948806   -0.198806 (VIOLATED)
_3032_/S                                0.750000    0.948801   -0.198801 (VIOLATED)
_3024_/S                                0.750000    0.948798   -0.198798 (VIOLATED)
_3029_/S                                0.750000    0.948794   -0.198794 (VIOLATED)
_3018_/S                                0.750000    0.948792   -0.198792 (VIOLATED)
_3010_/S                                0.750000    0.948791   -0.198791 (VIOLATED)
_3013_/S                                0.750000    0.948788   -0.198788 (VIOLATED)
_3038_/S                                0.750000    0.948786   -0.198786 (VIOLATED)
_3025_/S                                0.750000    0.948782   -0.198782 (VIOLATED)
_3026_/S                                0.750000    0.948781   -0.198781 (VIOLATED)
_3021_/S                                0.750000    0.948780   -0.198780 (VIOLATED)
_3008_/S                                0.750000    0.948779   -0.198779 (VIOLATED)
_3020_/S                                0.750000    0.948769   -0.198769 (VIOLATED)
_3012_/S                                0.750000    0.948760   -0.198760 (VIOLATED)
_3033_/S                                0.750000    0.948743   -0.198743 (VIOLATED)
_3022_/S                                0.750000    0.948731   -0.198731 (VIOLATED)
_3037_/S                                0.750000    0.948698   -0.198698 (VIOLATED)
_3011_/S                                0.750000    0.948668   -0.198668 (VIOLATED)
_3019_/S                                0.750000    0.948667   -0.198667 (VIOLATED)
_3009_/S                                0.750000    0.948666   -0.198666 (VIOLATED)
_3017_/S                                0.750000    0.948666   -0.198666 (VIOLATED)
_3036_/S                                0.750000    0.948664   -0.198664 (VIOLATED)
_3035_/S                                0.750000    0.948664   -0.198664 (VIOLATED)
_3028_/S                                0.750000    0.948659   -0.198659 (VIOLATED)
_3023_/S                                0.750000    0.948652   -0.198652 (VIOLATED)
_3014_/S                                0.750000    0.948648   -0.198648 (VIOLATED)
_3031_/S                                0.750000    0.948635   -0.198635 (VIOLATED)
_3007_/S                                0.750000    0.948628   -0.198628 (VIOLATED)
_3015_/S                                0.750000    0.948629   -0.198629 (VIOLATED)
_3006_/X                                0.750000    0.948626   -0.198626 (VIOLATED)
_2916_/S                                0.750000    0.935972   -0.185972 (VIOLATED)
_2925_/S                                0.750000    0.935971   -0.185971 (VIOLATED)
_2914_/S                                0.750000    0.935969   -0.185969 (VIOLATED)
_2932_/S                                0.750000    0.935964   -0.185964 (VIOLATED)
_2930_/S                                0.750000    0.935960   -0.185960 (VIOLATED)
_2928_/S                                0.750000    0.935960   -0.185960 (VIOLATED)
_2923_/S                                0.750000    0.935943   -0.185943 (VIOLATED)
_2906_/S                                0.750000    0.935941   -0.185941 (VIOLATED)
_2922_/S                                0.750000    0.935937   -0.185937 (VIOLATED)
_2936_/S                                0.750000    0.935937   -0.185937 (VIOLATED)
_2927_/S                                0.750000    0.935922   -0.185922 (VIOLATED)
_2908_/S                                0.750000    0.935912   -0.185912 (VIOLATED)
_2911_/S                                0.750000    0.935910   -0.185910 (VIOLATED)
_2919_/S                                0.750000    0.935905   -0.185905 (VIOLATED)
_2918_/S                                0.750000    0.935900   -0.185900 (VIOLATED)
_2910_/S                                0.750000    0.935896   -0.185896 (VIOLATED)
_2909_/S                                0.750000    0.935890   -0.185891 (VIOLATED)
_2917_/S                                0.750000    0.935882   -0.185882 (VIOLATED)
_2913_/S                                0.750000    0.935872   -0.185872 (VIOLATED)
_2920_/S                                0.750000    0.935872   -0.185872 (VIOLATED)
_2907_/S                                0.750000    0.935872   -0.185872 (VIOLATED)
_2915_/S                                0.750000    0.935868   -0.185868 (VIOLATED)
_2934_/S                                0.750000    0.935856   -0.185856 (VIOLATED)
_2931_/S                                0.750000    0.935855   -0.185855 (VIOLATED)
_2905_/S                                0.750000    0.935853   -0.185853 (VIOLATED)
_2933_/S                                0.750000    0.935853   -0.185853 (VIOLATED)
_2924_/S                                0.750000    0.935853   -0.185853 (VIOLATED)
_2935_/S                                0.750000    0.935850   -0.185850 (VIOLATED)
_2926_/S                                0.750000    0.935847   -0.185847 (VIOLATED)
_2912_/S                                0.750000    0.935842   -0.185842 (VIOLATED)
_2921_/S                                0.750000    0.935835   -0.185835 (VIOLATED)
_2929_/S                                0.750000    0.935826   -0.185826 (VIOLATED)
_2904_/X                                0.750000    0.935823   -0.185823 (VIOLATED)
_3175_/S                                0.750000    0.935432   -0.185432 (VIOLATED)
_3178_/S                                0.750000    0.935431   -0.185431 (VIOLATED)
_3186_/S                                0.750000    0.935428   -0.185428 (VIOLATED)
_3183_/S                                0.750000    0.935426   -0.185426 (VIOLATED)
_3192_/S                                0.750000    0.935424   -0.185424 (VIOLATED)
_3185_/S                                0.750000    0.935423   -0.185423 (VIOLATED)
_3173_/S                                0.750000    0.935421   -0.185421 (VIOLATED)
_3190_/S                                0.750000    0.935419   -0.185419 (VIOLATED)
_3191_/S                                0.750000    0.935413   -0.185413 (VIOLATED)
_3181_/S                                0.750000    0.935400   -0.185400 (VIOLATED)
_3199_/S                                0.750000    0.935400   -0.185400 (VIOLATED)
_3197_/S                                0.750000    0.935397   -0.185397 (VIOLATED)
_3195_/S                                0.750000    0.935395   -0.185395 (VIOLATED)
_3189_/S                                0.750000    0.935390   -0.185390 (VIOLATED)
_3203_/S                                0.750000    0.935382   -0.185382 (VIOLATED)
_3194_/S                                0.750000    0.935380   -0.185380 (VIOLATED)
_3177_/S                                0.750000    0.935337   -0.185337 (VIOLATED)
_3176_/S                                0.750000    0.935336   -0.185336 (VIOLATED)
_3184_/S                                0.750000    0.935335   -0.185335 (VIOLATED)
_3174_/S                                0.750000    0.935332   -0.185332 (VIOLATED)
_3180_/S                                0.750000    0.935329   -0.185329 (VIOLATED)
_3182_/S                                0.750000    0.935328   -0.185328 (VIOLATED)
_3198_/S                                0.750000    0.935324   -0.185324 (VIOLATED)
_3200_/S                                0.750000    0.935324   -0.185324 (VIOLATED)
_3201_/S                                0.750000    0.935324   -0.185324 (VIOLATED)
_3187_/S                                0.750000    0.935323   -0.185323 (VIOLATED)
_3202_/S                                0.750000    0.935322   -0.185322 (VIOLATED)
_3179_/S                                0.750000    0.935319   -0.185319 (VIOLATED)
_3193_/S                                0.750000    0.935319   -0.185319 (VIOLATED)
_3172_/S                                0.750000    0.935314   -0.185314 (VIOLATED)
_3188_/S                                0.750000    0.935315   -0.185315 (VIOLATED)
_3196_/S                                0.750000    0.935309   -0.185309 (VIOLATED)
_3171_/X                                0.750000    0.935306   -0.185306 (VIOLATED)
_2676_/S                                0.750000    0.934510   -0.184510 (VIOLATED)
_2679_/S                                0.750000    0.934510   -0.184510 (VIOLATED)
_2684_/S                                0.750000    0.934507   -0.184507 (VIOLATED)
_2693_/S                                0.750000    0.934505   -0.184505 (VIOLATED)
_2691_/S                                0.750000    0.934500   -0.184500 (VIOLATED)
_2682_/S                                0.750000    0.934491   -0.184491 (VIOLATED)
_2700_/S                                0.750000    0.934491   -0.184491 (VIOLATED)
_2674_/S                                0.750000    0.934490   -0.184490 (VIOLATED)
_2704_/S                                0.750000    0.934474   -0.184474 (VIOLATED)
_2696_/S                                0.750000    0.934468   -0.184468 (VIOLATED)
_2698_/S                                0.750000    0.934468   -0.184468 (VIOLATED)
_2690_/S                                0.750000    0.934466   -0.184466 (VIOLATED)
_2695_/S                                0.750000    0.934457   -0.184457 (VIOLATED)
_2687_/S                                0.750000    0.934437   -0.184437 (VIOLATED)
_2686_/S                                0.750000    0.934436   -0.184436 (VIOLATED)
_2678_/S                                0.750000    0.934433   -0.184433 (VIOLATED)
_2677_/S                                0.750000    0.934430   -0.184430 (VIOLATED)
_2699_/S                                0.750000    0.934426   -0.184426 (VIOLATED)
_2692_/S                                0.750000    0.934423   -0.184423 (VIOLATED)
_2701_/S                                0.750000    0.934422   -0.184422 (VIOLATED)
_2688_/S                                0.750000    0.934422   -0.184422 (VIOLATED)
_2681_/S                                0.750000    0.934421   -0.184421 (VIOLATED)
_2703_/S                                0.750000    0.934416   -0.184416 (VIOLATED)
_2680_/S                                0.750000    0.934411   -0.184411 (VIOLATED)
_2673_/S                                0.750000    0.934399   -0.184399 (VIOLATED)
_2685_/S                                0.750000    0.934399   -0.184399 (VIOLATED)
_2675_/S                                0.750000    0.934399   -0.184399 (VIOLATED)
_2683_/S                                0.750000    0.934398   -0.184398 (VIOLATED)
_2702_/S                                0.750000    0.934397   -0.184397 (VIOLATED)
_2694_/S                                0.750000    0.934397   -0.184397 (VIOLATED)
_2672_/X                                0.750000    0.934395   -0.184395 (VIOLATED)
_2689_/S                                0.750000    0.934395   -0.184395 (VIOLATED)
_2697_/S                                0.750000    0.934395   -0.184395 (VIOLATED)
_2843_/S                                0.750000    0.934104   -0.184104 (VIOLATED)
_2846_/S                                0.750000    0.934104   -0.184104 (VIOLATED)
_2851_/S                                0.750000    0.934102   -0.184102 (VIOLATED)
_2860_/S                                0.750000    0.934100   -0.184100 (VIOLATED)
_2858_/S                                0.750000    0.934095   -0.184095 (VIOLATED)
_2849_/S                                0.750000    0.934087   -0.184087 (VIOLATED)
_2867_/S                                0.750000    0.934086   -0.184086 (VIOLATED)
_2841_/S                                0.750000    0.934086   -0.184086 (VIOLATED)
_2871_/S                                0.750000    0.934071   -0.184071 (VIOLATED)
_2863_/S                                0.750000    0.934066   -0.184066 (VIOLATED)
_2865_/S                                0.750000    0.934065   -0.184065 (VIOLATED)
_2857_/S                                0.750000    0.934064   -0.184064 (VIOLATED)
_2862_/S                                0.750000    0.934056   -0.184056 (VIOLATED)
_2854_/S                                0.750000    0.934037   -0.184037 (VIOLATED)
_2853_/S                                0.750000    0.934037   -0.184037 (VIOLATED)
_2845_/S                                0.750000    0.934034   -0.184034 (VIOLATED)
_2844_/S                                0.750000    0.934031   -0.184031 (VIOLATED)
_2866_/S                                0.750000    0.934027   -0.184027 (VIOLATED)
_2859_/S                                0.750000    0.934025   -0.184025 (VIOLATED)
_2868_/S                                0.750000    0.934025   -0.184025 (VIOLATED)
_2855_/S                                0.750000    0.934024   -0.184024 (VIOLATED)
_2848_/S                                0.750000    0.934023   -0.184023 (VIOLATED)
_2870_/S                                0.750000    0.934019   -0.184019 (VIOLATED)
_2847_/S                                0.750000    0.934014   -0.184014 (VIOLATED)
_2852_/S                                0.750000    0.934008   -0.184008 (VIOLATED)
_2842_/S                                0.750000    0.934007   -0.184007 (VIOLATED)
_2850_/S                                0.750000    0.934007   -0.184007 (VIOLATED)
_2869_/S                                0.750000    0.934006   -0.184006 (VIOLATED)
_2840_/S                                0.750000    0.934005   -0.184005 (VIOLATED)
_2861_/S                                0.750000    0.934005   -0.184005 (VIOLATED)
_2856_/S                                0.750000    0.934004   -0.184004 (VIOLATED)
_2839_/X                                0.750000    0.934003   -0.184003 (VIOLATED)
_2864_/S                                0.750000    0.934003   -0.184003 (VIOLATED)
_3387_/S                                0.750000    0.933746   -0.183746 (VIOLATED)
_3395_/S                                0.750000    0.933744   -0.183744 (VIOLATED)
_3404_/S                                0.750000    0.933743   -0.183743 (VIOLATED)
_3393_/S                                0.750000    0.933739   -0.183739 (VIOLATED)
_3411_/S                                0.750000    0.933735   -0.183735 (VIOLATED)
_3407_/S                                0.750000    0.933726   -0.183726 (VIOLATED)
_3409_/S                                0.750000    0.933724   -0.183724 (VIOLATED)
_3390_/S                                0.750000    0.933719   -0.183719 (VIOLATED)
_3398_/S                                0.750000    0.933718   -0.183718 (VIOLATED)
_3397_/S                                0.750000    0.933716   -0.183716 (VIOLATED)
_3401_/S                                0.750000    0.933714   -0.183714 (VIOLATED)
_3389_/S                                0.750000    0.933711   -0.183711 (VIOLATED)
_3403_/S                                0.750000    0.933705   -0.183705 (VIOLATED)
_3402_/S                                0.750000    0.933704   -0.183704 (VIOLATED)
_3388_/S                                0.750000    0.933704   -0.183704 (VIOLATED)
_3385_/S                                0.750000    0.933702   -0.183702 (VIOLATED)
_3396_/S                                0.750000    0.933700   -0.183700 (VIOLATED)
_3406_/S                                0.750000    0.933699   -0.183699 (VIOLATED)
_3415_/S                                0.750000    0.933694   -0.183694 (VIOLATED)
_3386_/S                                0.750000    0.933693   -0.183693 (VIOLATED)
_3394_/S                                0.750000    0.933682   -0.183682 (VIOLATED)
_3413_/S                                0.750000    0.933674   -0.183674 (VIOLATED)
_3410_/S                                0.750000    0.933670   -0.183670 (VIOLATED)
_3412_/S                                0.750000    0.933669   -0.183669 (VIOLATED)
_3399_/S                                0.750000    0.933668   -0.183669 (VIOLATED)
_3414_/S                                0.750000    0.933667   -0.183667 (VIOLATED)
_3405_/S                                0.750000    0.933664   -0.183664 (VIOLATED)
_3391_/S                                0.750000    0.933664   -0.183664 (VIOLATED)
_3392_/S                                0.750000    0.933660   -0.183660 (VIOLATED)
_3400_/S                                0.750000    0.933657   -0.183657 (VIOLATED)
_3384_/S                                0.750000    0.933650   -0.183650 (VIOLATED)
_3408_/S                                0.750000    0.933649   -0.183649 (VIOLATED)
_3383_/X                                0.750000    0.933644   -0.183644 (VIOLATED)
_3109_/S                                0.750000    0.931169   -0.181169 (VIOLATED)
_3117_/S                                0.750000    0.931168   -0.181168 (VIOLATED)
_3126_/S                                0.750000    0.931166   -0.181166 (VIOLATED)
_3115_/S                                0.750000    0.931162   -0.181162 (VIOLATED)
_3131_/S                                0.750000    0.931158   -0.181158 (VIOLATED)
_3129_/S                                0.750000    0.931156   -0.181156 (VIOLATED)
_3133_/S                                0.750000    0.931155   -0.181155 (VIOLATED)
_3123_/S                                0.750000    0.931129   -0.181129 (VIOLATED)
_3128_/S                                0.750000    0.931128   -0.181128 (VIOLATED)
_3137_/S                                0.750000    0.931123   -0.181123 (VIOLATED)
_3124_/S                                0.750000    0.931119   -0.181119 (VIOLATED)
_3125_/S                                0.750000    0.931118   -0.181118 (VIOLATED)
_3107_/S                                0.750000    0.931116   -0.181116 (VIOLATED)
_3121_/S                                0.750000    0.931068   -0.181068 (VIOLATED)
_3132_/S                                0.750000    0.931067   -0.181067 (VIOLATED)
_3112_/S                                0.750000    0.931064   -0.181064 (VIOLATED)
_3120_/S                                0.750000    0.931062   -0.181063 (VIOLATED)
_3119_/S                                0.750000    0.931059   -0.181059 (VIOLATED)
_3111_/S                                0.750000    0.931057   -0.181057 (VIOLATED)
_3110_/S                                0.750000    0.931052   -0.181052 (VIOLATED)
_3136_/S                                0.750000    0.931045   -0.181045 (VIOLATED)
_3118_/S                                0.750000    0.931045   -0.181045 (VIOLATED)
_3108_/S                                0.750000    0.931035   -0.181035 (VIOLATED)
_3134_/S                                0.750000    0.931035   -0.181035 (VIOLATED)
_3116_/S                                0.750000    0.931034   -0.181034 (VIOLATED)
_3135_/S                                0.750000    0.931033   -0.181033 (VIOLATED)
_3127_/S                                0.750000    0.931027   -0.181027 (VIOLATED)
_3122_/S                                0.750000    0.931019   -0.181019 (VIOLATED)
_3113_/S                                0.750000    0.931016   -0.181016 (VIOLATED)
_3130_/S                                0.750000    0.931003   -0.181003 (VIOLATED)
_3106_/S                                0.750000    0.931001   -0.181001 (VIOLATED)
_3114_/S                                0.750000    0.931001   -0.181001 (VIOLATED)
_3105_/X                                0.750000    0.930999   -0.181000 (VIOLATED)
_3159_/S                                0.750000    0.930067   -0.180067 (VIOLATED)
_3150_/S                                0.750000    0.930067   -0.180067 (VIOLATED)
_3157_/S                                0.750000    0.930064   -0.180064 (VIOLATED)
_3162_/S                                0.750000    0.930062   -0.180062 (VIOLATED)
_3148_/S                                0.750000    0.930061   -0.180061 (VIOLATED)
_3166_/S                                0.750000    0.930061   -0.180061 (VIOLATED)
_3140_/S                                0.750000    0.930059   -0.180059 (VIOLATED)
_3170_/S                                0.750000    0.930047   -0.180047 (VIOLATED)
_3142_/S                                0.750000    0.930046   -0.180046 (VIOLATED)
_3145_/S                                0.750000    0.930045   -0.180045 (VIOLATED)
_3153_/S                                0.750000    0.930042   -0.180042 (VIOLATED)
_3152_/S                                0.750000    0.930040   -0.180040 (VIOLATED)
_3164_/S                                0.750000    0.930038   -0.180038 (VIOLATED)
_3156_/S                                0.750000    0.930037   -0.180038 (VIOLATED)
_3144_/S                                0.750000    0.930034   -0.180034 (VIOLATED)
_3161_/S                                0.750000    0.930033   -0.180033 (VIOLATED)
_3143_/S                                0.750000    0.930028   -0.180029 (VIOLATED)
_3165_/S                                0.750000    0.930022   -0.180022 (VIOLATED)
_3167_/S                                0.750000    0.930017   -0.180017 (VIOLATED)
_3158_/S                                0.750000    0.930015   -0.180015 (VIOLATED)
_3154_/S                                0.750000    0.930014   -0.180014 (VIOLATED)
_3169_/S                                0.750000    0.930010   -0.180010 (VIOLATED)
_3147_/S                                0.750000    0.930007   -0.180007 (VIOLATED)
_3146_/S                                0.750000    0.930004   -0.180004 (VIOLATED)
_3151_/S                                0.750000    0.929989   -0.179989 (VIOLATED)
_3139_/S                                0.750000    0.929989   -0.179989 (VIOLATED)
_3141_/S                                0.750000    0.929989   -0.179989 (VIOLATED)
_3149_/S                                0.750000    0.929988   -0.179988 (VIOLATED)
_3168_/S                                0.750000    0.929987   -0.179987 (VIOLATED)
_3160_/S                                0.750000    0.929987   -0.179987 (VIOLATED)
_3138_/X                                0.750000    0.929985   -0.179985 (VIOLATED)
_3155_/S                                0.750000    0.929985   -0.179985 (VIOLATED)
_3163_/S                                0.750000    0.929985   -0.179985 (VIOLATED)
_2984_/S                                0.750000    0.926749   -0.176749 (VIOLATED)
_2993_/S                                0.750000    0.926748   -0.176748 (VIOLATED)
_2982_/S                                0.750000    0.926746   -0.176746 (VIOLATED)
_3000_/S                                0.750000    0.926742   -0.176743 (VIOLATED)
_2998_/S                                0.750000    0.926740   -0.176740 (VIOLATED)
_2996_/S                                0.750000    0.926740   -0.176740 (VIOLATED)
_2976_/S                                0.750000    0.926739   -0.176739 (VIOLATED)
_2979_/S                                0.750000    0.926737   -0.176737 (VIOLATED)
_2987_/S                                0.750000    0.926733   -0.176733 (VIOLATED)
_2986_/S                                0.750000    0.926728   -0.176728 (VIOLATED)
_2991_/S                                0.750000    0.926727   -0.176727 (VIOLATED)
_2974_/S                                0.750000    0.926726   -0.176726 (VIOLATED)
_2978_/S                                0.750000    0.926724   -0.176724 (VIOLATED)
_3004_/S                                0.750000    0.926723   -0.176723 (VIOLATED)
_2990_/S                                0.750000    0.926723   -0.176723 (VIOLATED)
_2977_/S                                0.750000    0.926719   -0.176719 (VIOLATED)
_2995_/S                                0.750000    0.926712   -0.176712 (VIOLATED)
_2985_/S                                0.750000    0.926710   -0.176710 (VIOLATED)
_2975_/S                                0.750000    0.926700   -0.176700 (VIOLATED)
_2983_/S                                0.750000    0.926697   -0.176697 (VIOLATED)
_2992_/S                                0.750000    0.926691   -0.176691 (VIOLATED)
_2999_/S                                0.750000    0.926690   -0.176690 (VIOLATED)
_3002_/S                                0.750000    0.926687   -0.176688 (VIOLATED)
_3001_/S                                0.750000    0.926685   -0.176685 (VIOLATED)
_3003_/S                                0.750000    0.926681   -0.176681 (VIOLATED)
_2988_/S                                0.750000    0.926681   -0.176681 (VIOLATED)
_2994_/S                                0.750000    0.926680   -0.176680 (VIOLATED)
_2981_/S                                0.750000    0.926679   -0.176679 (VIOLATED)
_2973_/S                                0.750000    0.926668   -0.176668 (VIOLATED)
_2989_/S                                0.750000    0.926668   -0.176668 (VIOLATED)
_2980_/S                                0.750000    0.926666   -0.176666 (VIOLATED)
_2972_/X                                0.750000    0.926662   -0.176662 (VIOLATED)
_2997_/S                                0.750000    0.926662   -0.176662 (VIOLATED)
_3321_/S                                0.750000    0.925606   -0.175606 (VIOLATED)
_3329_/S                                0.750000    0.925604   -0.175604 (VIOLATED)
_3338_/S                                0.750000    0.925603   -0.175603 (VIOLATED)
_3327_/S                                0.750000    0.925600   -0.175600 (VIOLATED)
_3345_/S                                0.750000    0.925596   -0.175596 (VIOLATED)
_3341_/S                                0.750000    0.925588   -0.175588 (VIOLATED)
_3343_/S                                0.750000    0.925586   -0.175586 (VIOLATED)
_3324_/S                                0.750000    0.925582   -0.175582 (VIOLATED)
_3332_/S                                0.750000    0.925582   -0.175582 (VIOLATED)
_3331_/S                                0.750000    0.925579   -0.175579 (VIOLATED)
_3335_/S                                0.750000    0.925577   -0.175577 (VIOLATED)
_3323_/S                                0.750000    0.925575   -0.175575 (VIOLATED)
_3322_/S                                0.750000    0.925569   -0.175569 (VIOLATED)
_3336_/S                                0.750000    0.925568   -0.175568 (VIOLATED)
_3337_/S                                0.750000    0.925567   -0.175567 (VIOLATED)
_3319_/S                                0.750000    0.925566   -0.175566 (VIOLATED)
_3330_/S                                0.750000    0.925565   -0.175566 (VIOLATED)
_3340_/S                                0.750000    0.925563   -0.175563 (VIOLATED)
_3349_/S                                0.750000    0.925560   -0.175560 (VIOLATED)
_3320_/S                                0.750000    0.925560   -0.175560 (VIOLATED)
_3328_/S                                0.750000    0.925549   -0.175549 (VIOLATED)
_3347_/S                                0.750000    0.925543   -0.175543 (VIOLATED)
_3344_/S                                0.750000    0.925539   -0.175540 (VIOLATED)
_3346_/S                                0.750000    0.925539   -0.175539 (VIOLATED)
_3333_/S                                0.750000    0.925538   -0.175538 (VIOLATED)
_3348_/S                                0.750000    0.925537   -0.175537 (VIOLATED)
_3339_/S                                0.750000    0.925534   -0.175534 (VIOLATED)
_3325_/S                                0.750000    0.925534   -0.175534 (VIOLATED)
_3326_/S                                0.750000    0.925529   -0.175529 (VIOLATED)
_3334_/S                                0.750000    0.925528   -0.175528 (VIOLATED)
_3342_/S                                0.750000    0.925520   -0.175520 (VIOLATED)
_3318_/S                                0.750000    0.925520   -0.175520 (VIOLATED)
_3317_/X                                0.750000    0.925517   -0.175517 (VIOLATED)
_2608_/A                                0.750000    0.912941   -0.162941 (VIOLATED)
_2613_/B1                               0.750000    0.912941   -0.162941 (VIOLATED)
_4003_/B                                0.750000    0.912941   -0.162941 (VIOLATED)
_4004_/A_N                              0.750000    0.912941   -0.162941 (VIOLATED)
_4008_/S1                               0.750000    0.912941   -0.162941 (VIOLATED)
_4010_/S1                               0.750000    0.912941   -0.162941 (VIOLATED)
_4012_/S1                               0.750000    0.912941   -0.162941 (VIOLATED)
_4013_/S1                               0.750000    0.912941   -0.162941 (VIOLATED)
_4019_/S1                               0.750000    0.912941   -0.162941 (VIOLATED)
_4021_/S1                               0.750000    0.912941   -0.162941 (VIOLATED)
_4023_/S1                               0.750000    0.912941   -0.162941 (VIOLATED)
_4024_/S1                               0.750000    0.912941   -0.162941 (VIOLATED)
_4030_/S1                               0.750000    0.912941   -0.162941 (VIOLATED)
_4032_/S1                               0.750000    0.912941   -0.162941 (VIOLATED)
_4034_/S1                               0.750000    0.912941   -0.162941 (VIOLATED)
_4035_/S1                               0.750000    0.912941   -0.162941 (VIOLATED)
_4041_/S1                               0.750000    0.912941   -0.162941 (VIOLATED)
_4043_/S1                               0.750000    0.912941   -0.162941 (VIOLATED)
_4045_/S1                               0.750000    0.912941   -0.162941 (VIOLATED)
_4046_/S1                               0.750000    0.912941   -0.162941 (VIOLATED)
_4052_/S1                               0.750000    0.912941   -0.162941 (VIOLATED)
_4054_/S1                               0.750000    0.912941   -0.162941 (VIOLATED)
_4056_/S1                               0.750000    0.912941   -0.162941 (VIOLATED)
_4057_/S1                               0.750000    0.912941   -0.162941 (VIOLATED)
_4063_/S1                               0.750000    0.912941   -0.162941 (VIOLATED)
_4065_/S1                               0.750000    0.912941   -0.162941 (VIOLATED)
_4067_/S1                               0.750000    0.912941   -0.162941 (VIOLATED)
_4068_/S1                               0.750000    0.912941   -0.162941 (VIOLATED)
_4074_/S1                               0.750000    0.912941   -0.162941 (VIOLATED)
_4076_/S1                               0.750000    0.912941   -0.162941 (VIOLATED)
_4078_/S1                               0.750000    0.912941   -0.162941 (VIOLATED)
_4079_/S1                               0.750000    0.912941   -0.162941 (VIOLATED)
_4085_/S1                               0.750000    0.912941   -0.162941 (VIOLATED)
_4087_/S1                               0.750000    0.912941   -0.162941 (VIOLATED)
_4089_/S1                               0.750000    0.912941   -0.162941 (VIOLATED)
_4090_/S1                               0.750000    0.912941   -0.162941 (VIOLATED)
_4096_/S1                               0.750000    0.912941   -0.162941 (VIOLATED)
_4098_/S1                               0.750000    0.912941   -0.162941 (VIOLATED)
_4100_/S1                               0.750000    0.912941   -0.162941 (VIOLATED)
_4101_/S1                               0.750000    0.912941   -0.162941 (VIOLATED)
_4107_/S1                               0.750000    0.912941   -0.162941 (VIOLATED)
_4108_/S1                               0.750000    0.912941   -0.162941 (VIOLATED)
_4111_/S1                               0.750000    0.912941   -0.162941 (VIOLATED)
_4113_/S1                               0.750000    0.912941   -0.162941 (VIOLATED)
_4657_/Q                                0.750000    0.912941   -0.162941 (VIOLATED)
_3903_/S                                0.750000    0.881642   -0.131642 (VIOLATED)
_3961_/S                                0.750000    0.881642   -0.131642 (VIOLATED)
_3925_/S                                0.750000    0.881641   -0.131641 (VIOLATED)
_3981_/S                                0.750000    0.881640   -0.131640 (VIOLATED)
_3911_/S                                0.750000    0.881638   -0.131638 (VIOLATED)
_3975_/S                                0.750000    0.881638   -0.131638 (VIOLATED)
_3967_/S                                0.750000    0.881637   -0.131637 (VIOLATED)
_3877_/S                                0.750000    0.881632   -0.131632 (VIOLATED)
_3865_/S                                0.750000    0.881629   -0.131629 (VIOLATED)
_3821_/S                                0.750000    0.881628   -0.131628 (VIOLATED)
_3939_/S                                0.750000    0.881619   -0.131619 (VIOLATED)
_3815_/S                                0.750000    0.881619   -0.131619 (VIOLATED)
_3871_/S                                0.750000    0.881618   -0.131618 (VIOLATED)
_3993_/S                                0.750000    0.881617   -0.131617 (VIOLATED)
_3897_/S                                0.750000    0.881600   -0.131600 (VIOLATED)
_2505_/C                                0.750000    0.881591   -0.131591 (VIOLATED)
_2510_/A2                               0.750000    0.881590   -0.131590 (VIOLATED)
_3788_/B1_N                             0.750000    0.881588   -0.131588 (VIOLATED)
_3789_/A2                               0.750000    0.881588   -0.131588 (VIOLATED)
_3843_/S                                0.750000    0.881588   -0.131588 (VIOLATED)
_3851_/S                                0.750000    0.881587   -0.131587 (VIOLATED)
_3829_/S                                0.750000    0.881585   -0.131585 (VIOLATED)
_3883_/S                                0.750000    0.881585   -0.131585 (VIOLATED)
_3945_/S                                0.750000    0.881574   -0.131574 (VIOLATED)
_3917_/S                                0.750000    0.881572   -0.131572 (VIOLATED)
_3807_/S                                0.750000    0.881571   -0.131571 (VIOLATED)
_3931_/S                                0.750000    0.881570   -0.131570 (VIOLATED)
_3987_/S                                0.750000    0.881570   -0.131570 (VIOLATED)
_3801_/S                                0.750000    0.881568   -0.131568 (VIOLATED)
_3857_/S                                0.750000    0.881568   -0.131568 (VIOLATED)
_3953_/S                                0.750000    0.881558   -0.131558 (VIOLATED)
_3889_/S                                0.750000    0.881557   -0.131557 (VIOLATED)
_3795_/S                                0.750000    0.881556   -0.131556 (VIOLATED)
_3835_/S                                0.750000    0.881552   -0.131552 (VIOLATED)
_3999_/S                                0.750000    0.881548   -0.131548 (VIOLATED)
_2512_/B                                0.750000    0.881530   -0.131530 (VIOLATED)
_3787_/X                                0.750000    0.881530   -0.131530 (VIOLATED)
_2458_/A                                0.750000    0.854483   -0.104484 (VIOLATED)
_2467_/A2                               0.750000    0.854483   -0.104484 (VIOLATED)
_2448_/B1                               0.750000    0.854483   -0.104483 (VIOLATED)
_2473_/B1                               0.750000    0.854483   -0.104483 (VIOLATED)
_2477_/A2                               0.750000    0.854483   -0.104483 (VIOLATED)
_2480_/C1                               0.750000    0.854483   -0.104483 (VIOLATED)
_2322_/B1                               0.750000    0.854483   -0.104483 (VIOLATED)
_2325_/B                                0.750000    0.854483   -0.104483 (VIOLATED)
_2320_/A2                               0.750000    0.854483   -0.104483 (VIOLATED)
_2318_/B1                               0.750000    0.854482   -0.104482 (VIOLATED)
_2484_/A2                               0.750000    0.854482   -0.104482 (VIOLATED)
_2315_/A2                               0.750000    0.854482   -0.104482 (VIOLATED)
_2312_/B1                               0.750000    0.854482   -0.104482 (VIOLATED)
_2310_/A2                               0.750000    0.854482   -0.104482 (VIOLATED)
_2307_/B1                               0.750000    0.854481   -0.104481 (VIOLATED)
_2452_/S                                0.750000    0.854481   -0.104481 (VIOLATED)
_2302_/B1                               0.750000    0.854481   -0.104481 (VIOLATED)
_2305_/A2                               0.750000    0.854481   -0.104481 (VIOLATED)
_2300_/A2                               0.750000    0.854481   -0.104481 (VIOLATED)
_2297_/B1                               0.750000    0.854480   -0.104480 (VIOLATED)
_2485_/B1                               0.750000    0.854480   -0.104480 (VIOLATED)
_2490_/B2                               0.750000    0.854479   -0.104480 (VIOLATED)
_2444_/B1                               0.750000    0.854479   -0.104479 (VIOLATED)
_2295_/A2                               0.750000    0.854479   -0.104479 (VIOLATED)
_2441_/S                                0.750000    0.854479   -0.104479 (VIOLATED)
_2292_/B1                               0.750000    0.854479   -0.104479 (VIOLATED)
_2492_/B1                               0.750000    0.854478   -0.104478 (VIOLATED)
_2495_/B2                               0.750000    0.854478   -0.104478 (VIOLATED)
_2290_/A2                               0.750000    0.854477   -0.104477 (VIOLATED)
_2427_/S                                0.750000    0.854477   -0.104477 (VIOLATED)
_2430_/S                                0.750000    0.854477   -0.104477 (VIOLATED)
_2287_/B1                               0.750000    0.854477   -0.104477 (VIOLATED)
_2403_/A2                               0.750000    0.854477   -0.104477 (VIOLATED)
_2280_/A2                               0.750000    0.854477   -0.104477 (VIOLATED)
_2433_/B1                               0.750000    0.854477   -0.104477 (VIOLATED)
_2437_/B1                               0.750000    0.854477   -0.104477 (VIOLATED)
_2455_/B1                               0.750000    0.854477   -0.104477 (VIOLATED)
_2285_/A2                               0.750000    0.854477   -0.104477 (VIOLATED)
_2258_/X                                0.750000    0.854475   -0.104475 (VIOLATED)
_2272_/A                                0.750000    0.854475   -0.104475 (VIOLATED)
_2275_/A1                               0.750000    0.854475   -0.104475 (VIOLATED)
_2282_/B1                               0.750000    0.854475   -0.104475 (VIOLATED)
_2567_/A2                               0.750000    0.813290   -0.063290 (VIOLATED)
_2606_/S                                0.750000    0.813290   -0.063290 (VIOLATED)
_2566_/A                                0.750000    0.813290   -0.063290 (VIOLATED)
_2558_/B1                               0.750000    0.813289   -0.063289 (VIOLATED)
_2559_/A2                               0.750000    0.813289   -0.063289 (VIOLATED)
_2562_/A                                0.750000    0.813289   -0.063289 (VIOLATED)
_2563_/A2                               0.750000    0.813289   -0.063289 (VIOLATED)
_2554_/A                                0.750000    0.813288   -0.063288 (VIOLATED)
_2555_/A2                               0.750000    0.813287   -0.063287 (VIOLATED)
_2601_/A2                               0.750000    0.813286   -0.063286 (VIOLATED)
_2600_/A                                0.750000    0.813285   -0.063285 (VIOLATED)
_2570_/B1                               0.750000    0.813280   -0.063280 (VIOLATED)
_2571_/A2                               0.750000    0.813280   -0.063280 (VIOLATED)
_2550_/A                                0.750000    0.813280   -0.063280 (VIOLATED)
_2551_/A2                               0.750000    0.813279   -0.063279 (VIOLATED)
_2542_/A                                0.750000    0.813277   -0.063277 (VIOLATED)
_2543_/A2                               0.750000    0.813277   -0.063277 (VIOLATED)
_2546_/B1                               0.750000    0.813277   -0.063277 (VIOLATED)
_2547_/A2                               0.750000    0.813276   -0.063276 (VIOLATED)
_2592_/B                                0.750000    0.813272   -0.063272 (VIOLATED)
_2586_/A2                               0.750000    0.813270   -0.063270 (VIOLATED)
_2574_/A                                0.750000    0.813268   -0.063268 (VIOLATED)
_2575_/A2                               0.750000    0.813266   -0.063266 (VIOLATED)
_2535_/A                                0.750000    0.813264   -0.063264 (VIOLATED)
_2539_/A2                               0.750000    0.813263   -0.063263 (VIOLATED)
_2581_/B                                0.750000    0.813263   -0.063263 (VIOLATED)
_2530_/B                                0.750000    0.813260   -0.063260 (VIOLATED)
_2536_/A2                               0.750000    0.813259   -0.063259 (VIOLATED)
_2528_/B2                               0.750000    0.813258   -0.063258 (VIOLATED)
_2531_/B1                               0.750000    0.813258   -0.063258 (VIOLATED)
_2198_/B2                               0.750000    0.813257   -0.063257 (VIOLATED)
_2203_/B2                               0.750000    0.813257   -0.063257 (VIOLATED)
_2188_/B2                               0.750000    0.813256   -0.063256 (VIOLATED)
_2193_/B2                               0.750000    0.813256   -0.063256 (VIOLATED)
_2208_/B2                               0.750000    0.813256   -0.063256 (VIOLATED)
_2213_/B2                               0.750000    0.813256   -0.063256 (VIOLATED)
_2218_/B2                               0.750000    0.813256   -0.063256 (VIOLATED)
_2223_/B2                               0.750000    0.813256   -0.063256 (VIOLATED)
_2228_/B2                               0.750000    0.813256   -0.063256 (VIOLATED)
_2233_/B2                               0.750000    0.813256   -0.063256 (VIOLATED)
_2238_/B1                               0.750000    0.813256   -0.063256 (VIOLATED)
_2647_/A2                               0.750000    0.813256   -0.063256 (VIOLATED)
_4118_/Y                                0.750000    0.813256   -0.063256 (VIOLATED)

max fanout

Pin                                   Limit Fanout  Slack
---------------------------------------------------------
clk                                      10    923   -913 (VIOLATED)
arst_i                                   10    178   -168 (VIOLATED)
_4692_/Q                                 10    132   -122 (VIOLATED)
_4693_/Q                                 10    131   -121 (VIOLATED)
_4694_/Q                                 10     49    -39 (VIOLATED)
_4656_/Q                                 10     44    -34 (VIOLATED)
_4657_/Q                                 10     44    -34 (VIOLATED)
_4118_/Y                                 10     42    -32 (VIOLATED)
_2258_/X                                 10     41    -31 (VIOLATED)
_3787_/X                                 10     36    -26 (VIOLATED)
_4695_/Q                                 10     35    -25 (VIOLATED)
_2620_/Y                                 10     33    -23 (VIOLATED)
_2672_/X                                 10     32    -22 (VIOLATED)
_2805_/X                                 10     32    -22 (VIOLATED)
_2839_/X                                 10     32    -22 (VIOLATED)
_2904_/X                                 10     32    -22 (VIOLATED)
_2937_/X                                 10     32    -22 (VIOLATED)
_2972_/X                                 10     32    -22 (VIOLATED)
_3006_/X                                 10     32    -22 (VIOLATED)
_3039_/X                                 10     32    -22 (VIOLATED)
_3072_/Y                                 10     32    -22 (VIOLATED)
_3105_/X                                 10     32    -22 (VIOLATED)
_3138_/X                                 10     32    -22 (VIOLATED)
_3171_/X                                 10     32    -22 (VIOLATED)
_3284_/Y                                 10     32    -22 (VIOLATED)
_3317_/X                                 10     32    -22 (VIOLATED)
_3350_/Y                                 10     32    -22 (VIOLATED)
_3383_/X                                 10     32    -22 (VIOLATED)
_2254_/Y                                 10     28    -18 (VIOLATED)
_2061_/X                                 10     26    -16 (VIOLATED)
_2173_/X                                 10     26    -16 (VIOLATED)
_2175_/Y                                 10     26    -16 (VIOLATED)
_4658_/Q                                 10     24    -14 (VIOLATED)
_4659_/Q                                 10     23    -13 (VIOLATED)
_2176_/X                                 10     22    -12 (VIOLATED)
_2253_/X                                 10     22    -12 (VIOLATED)
_3227_/Y                                 10     22    -12 (VIOLATED)
_3250_/X                                 10     22    -12 (VIOLATED)
_4007_/Y                                 10     22    -12 (VIOLATED)
_3631_/Y                                 10     20    -10 (VIOLATED)
_4790_/Q                                 10     17     -7 (VIOLATED)
_4791_/Q                                 10     17     -7 (VIOLATED)
_4792_/Q                                 10     17     -7 (VIOLATED)
_4793_/Q                                 10     17     -7 (VIOLATED)
_4794_/Q                                 10     17     -7 (VIOLATED)
_4795_/Q                                 10     17     -7 (VIOLATED)
_4796_/Q                                 10     17     -7 (VIOLATED)
_4797_/Q                                 10     17     -7 (VIOLATED)
_4798_/Q                                 10     17     -7 (VIOLATED)
_4799_/Q                                 10     17     -7 (VIOLATED)
_4800_/Q                                 10     17     -7 (VIOLATED)
_4801_/Q                                 10     17     -7 (VIOLATED)
_4802_/Q                                 10     17     -7 (VIOLATED)
_4803_/Q                                 10     17     -7 (VIOLATED)
_4804_/Q                                 10     17     -7 (VIOLATED)
_4805_/Q                                 10     17     -7 (VIOLATED)
_4806_/Q                                 10     17     -7 (VIOLATED)
_4807_/Q                                 10     17     -7 (VIOLATED)
_4808_/Q                                 10     17     -7 (VIOLATED)
_4809_/Q                                 10     17     -7 (VIOLATED)
_4810_/Q                                 10     17     -7 (VIOLATED)
_4811_/Q                                 10     17     -7 (VIOLATED)
_4812_/Q                                 10     17     -7 (VIOLATED)
_4813_/Q                                 10     17     -7 (VIOLATED)
_4814_/Q                                 10     17     -7 (VIOLATED)
_4815_/Q                                 10     17     -7 (VIOLATED)
_4816_/Q                                 10     17     -7 (VIOLATED)
_4817_/Q                                 10     17     -7 (VIOLATED)
_4818_/Q                                 10     17     -7 (VIOLATED)
_4819_/Q                                 10     17     -7 (VIOLATED)
_4820_/Q                                 10     17     -7 (VIOLATED)
_4821_/Q                                 10     17     -7 (VIOLATED)
_5021_/Q                                 10     17     -7 (VIOLATED)
_5022_/Q                                 10     17     -7 (VIOLATED)
_5023_/Q                                 10     17     -7 (VIOLATED)
_5024_/Q                                 10     17     -7 (VIOLATED)
_5025_/Q                                 10     17     -7 (VIOLATED)
_5026_/Q                                 10     17     -7 (VIOLATED)
_5027_/Q                                 10     17     -7 (VIOLATED)
_5028_/Q                                 10     17     -7 (VIOLATED)
_5029_/Q                                 10     17     -7 (VIOLATED)
_5030_/Q                                 10     17     -7 (VIOLATED)
_4654_/Q                                 10     16     -6 (VIOLATED)
_4655_/Q                                 10     15     -5 (VIOLATED)
_2259_/X                                 10     14     -4 (VIOLATED)
_2189_/X                                 10     12     -2 (VIOLATED)
_4117_/Y                                 10     12     -2 (VIOLATED)
_2639_/X                                 10     11        (VIOLATED)
_4649_/Q                                 10     11        (VIOLATED)

max capacitance

Pin                                        Limit         Cap       Slack
------------------------------------------------------------------------
clk                                     0.200000    2.186370   -1.986370 (VIOLATED)
arst_i                                  0.200000    0.978210   -0.778210 (VIOLATED)
_4692_/Q                                0.200000    0.927549   -0.727549 (VIOLATED)
_4693_/Q                                0.200000    0.606532   -0.406532 (VIOLATED)
_4656_/Q                                0.200000    0.310018   -0.110018 (VIOLATED)
_4694_/Q                                0.200000    0.264359   -0.064359 (VIOLATED)
_4695_/Q                                0.200000    0.254080   -0.054080 (VIOLATED)
_2620_/Y                                0.141917    0.191632   -0.049715 (VIOLATED)
_3284_/Y                                0.141917    0.166668   -0.024751 (VIOLATED)



===========================================================================
report_parasitic_annotation -report_unannotated
============================================================================
Found 22 unannotated drivers.
 _5043_/HI
 _5044_/HI
 _5045_/HI
 _5046_/HI
 _5047_/HI
 _5048_/HI
 _5049_/HI
 _5050_/HI
 _5051_/HI
 _5052_/HI
 _5053_/HI
 _5054_/HI
 _5055_/HI
 _5056_/HI
 _5057_/HI
 _5058_/HI
 _5059_/HI
 _5060_/HI
 _5061_/HI
 _5062_/HI
 _5063_/HI
 _5064_/HI
Found 0 partially unannotated drivers.

===========================================================================
max slew violation count 2274
Writing metric design__max_slew_violation__count__corner:nom_tt_025C_1v80: 2274
max fanout violation count 89
Writing metric design__max_fanout_violation__count__corner:nom_tt_025C_1v80: 89
max cap violation count 9
Writing metric design__max_cap_violation__count__corner:nom_tt_025C_1v80: 9
============================================================================

===========================================================================
check_setup -verbose -unconstrained_endpoints -multiple_clock -no_clock -no_input_delay -loops -generated_clocks
===========================================================================
Warning: There are 22 unconstrained endpoints.
  store_data[10]
  store_data[11]
  store_data[12]
  store_data[13]
  store_data[14]
  store_data[15]
  store_data[16]
  store_data[17]
  store_data[18]
  store_data[19]
  store_data[20]
  store_data[21]
  store_data[22]
  store_data[23]
  store_data[24]
  store_data[25]
  store_data[26]
  store_data[27]
  store_data[28]
  store_data[29]
  store_data[30]
  store_data[31]
