
 /----------------------------------------------------------------------------\
 |  yosys -- Yosys Open SYnthesis Suite                                       |
 |  Copyright (C) 2012 - 2024  Claire Xenia Wolf <claire@yosyshq.com>         |
 |  Distributed under an ISC-like license, type "license" to see terms        |
 \----------------------------------------------------------------------------/
 Yosys 0.46 (git sha1 e97731b9dda91fa5fa53ed87df7c34163ba59a41, clang++ 17.0.6 -fPIC -O3)
Loaded SDC plugin

1. Executing Liberty frontend: /home/rodrialves/.volare/volare/sky130/versions/0fe599b2afb6708d281543108caf8310912f54af/sky130A/libs.ref/sky130_fd_sc_hd/lib/sky130_fd_sc_hd__tt_025C_1v80.lib
Imported 428 cell types from liberty file.
[INFO] Using SDC file '/home/rodrialves/MSc/design_runs/lsu_acc/runs/RUN_2025-06-21_22-15-54/06-yosys-synthesis/synthesis.abc.sdc' for ABC…

2. Executing Verilog-2005 frontend: /home/rodrialves/MSc/design_runs/lsu_acc/4num-sum.v
Parsing SystemVerilog input from `/home/rodrialves/MSc/design_runs/lsu_acc/4num-sum.v' to AST representation.
Storing AST representation for module `$abstract\accelerator'.
Successfully finished Verilog frontend.

3. Executing Verilog-2005 frontend: /home/rodrialves/MSc/design_runs/lsu_acc/fifo.v
Parsing SystemVerilog input from `/home/rodrialves/MSc/design_runs/lsu_acc/fifo.v' to AST representation.
Storing AST representation for module `$abstract\fifo'.
Successfully finished Verilog frontend.

4. Executing Verilog-2005 frontend: /home/rodrialves/MSc/design_runs/lsu_acc/lsu_wrapper.v
Parsing SystemVerilog input from `/home/rodrialves/MSc/design_runs/lsu_acc/lsu_wrapper.v' to AST representation.
Storing AST representation for module `$abstract\lsu_wrapper'.
Successfully finished Verilog frontend.

5. Executing Verilog-2005 frontend: /home/rodrialves/MSc/design_runs/lsu_acc/load_store_unit.v
Parsing SystemVerilog input from `/home/rodrialves/MSc/design_runs/lsu_acc/load_store_unit.v' to AST representation.
Storing AST representation for module `$abstract\load_store_unit'.
Successfully finished Verilog frontend.

6. Executing HIERARCHY pass (managing design hierarchy).

7. Executing AST frontend in derive mode using pre-parsed AST for module `\lsu_wrapper'.
Generating RTLIL representation for module `\lsu_wrapper'.

7.1. Analyzing design hierarchy..
Top module:  \lsu_wrapper

7.2. Executing AST frontend in derive mode using pre-parsed AST for module `\accelerator'.
Generating RTLIL representation for module `\accelerator'.

7.3. Executing AST frontend in derive mode using pre-parsed AST for module `\load_store_unit'.
Generating RTLIL representation for module `\load_store_unit'.
Warning: reg '\store_fifo_data_in' is assigned in a continuous assignment at /home/rodrialves/MSc/design_runs/lsu_acc/load_store_unit.v:232.12-232.53.
Warning: reg '\store_data' is assigned in a continuous assignment at /home/rodrialves/MSc/design_runs/lsu_acc/load_store_unit.v:233.12-233.44.

7.4. Analyzing design hierarchy..
Top module:  \lsu_wrapper
Used module:     \accelerator
Used module:     \load_store_unit

7.5. Executing AST frontend in derive mode using pre-parsed AST for module `\fifo'.
Generating RTLIL representation for module `\fifo'.

7.6. Analyzing design hierarchy..
Top module:  \lsu_wrapper
Used module:     \accelerator
Used module:     \load_store_unit
Used module:         \fifo

7.7. Analyzing design hierarchy..
Top module:  \lsu_wrapper
Used module:     \accelerator
Used module:     \load_store_unit
Used module:         \fifo
Removing unused module `$abstract\load_store_unit'.
Removing unused module `$abstract\lsu_wrapper'.
Removing unused module `$abstract\fifo'.
Removing unused module `$abstract\accelerator'.
Removed 4 unused modules.
Renaming module lsu_wrapper to lsu_wrapper.

8. Generating Graphviz representation of design.
Writing dot description to `/home/rodrialves/MSc/design_runs/lsu_acc/runs/RUN_2025-06-21_22-15-54/06-yosys-synthesis/hierarchy.dot'.
Dumping module lsu_wrapper to page 1.

9. Executing TRIBUF pass.

10. Executing HIERARCHY pass (managing design hierarchy).

10.1. Analyzing design hierarchy..
Top module:  \lsu_wrapper
Used module:     \accelerator
Used module:     \load_store_unit
Used module:         \fifo

10.2. Analyzing design hierarchy..
Top module:  \lsu_wrapper
Used module:     \accelerator
Used module:     \load_store_unit
Used module:         \fifo
Removed 0 unused modules.

11. Executing PROC_CLEAN pass (remove empty switches from decision trees).
Cleaned up 0 empty switches.

12. Executing PROC_RMDEAD pass (remove dead branches from decision trees).
Marked 2 switch rules as full_case in process $proc$/home/rodrialves/MSc/design_runs/lsu_acc/load_store_unit.v:195$24 in module load_store_unit.
Marked 3 switch rules as full_case in process $proc$/home/rodrialves/MSc/design_runs/lsu_acc/load_store_unit.v:135$16 in module load_store_unit.
Marked 4 switch rules as full_case in process $proc$/home/rodrialves/MSc/design_runs/lsu_acc/load_store_unit.v:86$8 in module load_store_unit.
Removed 1 dead cases from process $proc$/home/rodrialves/MSc/design_runs/lsu_acc/4num-sum.v:27$4 in module accelerator.
Marked 2 switch rules as full_case in process $proc$/home/rodrialves/MSc/design_runs/lsu_acc/4num-sum.v:27$4 in module accelerator.
Marked 1 switch rules as full_case in process $proc$/home/rodrialves/MSc/design_runs/lsu_acc/fifo.v:40$48 in module fifo.
Marked 1 switch rules as full_case in process $proc$/home/rodrialves/MSc/design_runs/lsu_acc/fifo.v:32$43 in module fifo.
Marked 1 switch rules as full_case in process $proc$/home/rodrialves/MSc/design_runs/lsu_acc/fifo.v:25$34 in module fifo.
Marked 1 switch rules as full_case in process $proc$/home/rodrialves/MSc/design_runs/lsu_acc/fifo.v:17$29 in module fifo.
Removed a total of 1 dead cases.

13. Executing PROC_PRUNE pass (remove redundant assignments in processes).
Removed 3 redundant assignments.
Promoted 3 assignments to connections.

14. Executing PROC_INIT pass (extract init attributes).

15. Executing PROC_ARST pass (detect async resets in processes).
Found async reset \arst_i in `\load_store_unit.$proc$/home/rodrialves/MSc/design_runs/lsu_acc/load_store_unit.v:195$24'.
Found async reset \arst_i in `\load_store_unit.$proc$/home/rodrialves/MSc/design_runs/lsu_acc/load_store_unit.v:135$16'.
Found async reset \arst_i in `\load_store_unit.$proc$/home/rodrialves/MSc/design_runs/lsu_acc/load_store_unit.v:86$8'.
Found async reset \arst_i in `\accelerator.$proc$/home/rodrialves/MSc/design_runs/lsu_acc/4num-sum.v:27$4'.
Found async reset \rst_n in `\fifo.$proc$/home/rodrialves/MSc/design_runs/lsu_acc/fifo.v:40$48'.
Found async reset \rst_n in `\fifo.$proc$/home/rodrialves/MSc/design_runs/lsu_acc/fifo.v:32$43'.
Found async reset \rst_n in `\fifo.$proc$/home/rodrialves/MSc/design_runs/lsu_acc/fifo.v:17$29'.

16. Executing PROC_ROM pass (convert switches to ROMs).
Converted 0 switches.
<suppressed ~20 debug messages>

17. Executing PROC_MUX pass (convert decision trees to multiplexers).
Creating decoders for process `\load_store_unit.$proc$/home/rodrialves/MSc/design_runs/lsu_acc/load_store_unit.v:195$24'.
     1/4: $0\store_fifo_write_en[0:0]
     2/4: $0\load_fifo_read_en[0:0]
     3/4: $0\acc_state[2:0]
     4/4: $0\accelerator_start[0:0]
Creating decoders for process `\load_store_unit.$proc$/home/rodrialves/MSc/design_runs/lsu_acc/load_store_unit.v:135$16'.
     1/9: $display$/home/rodrialves/MSc/design_runs/lsu_acc/load_store_unit.v:173$19_EN
     2/9: $display$/home/rodrialves/MSc/design_runs/lsu_acc/load_store_unit.v:150$17_EN
     3/9: $0\current_store_addr[21:0]
     4/9: $0\store_counter[22:0]
     5/9: $0\storer_state[2:0]
     6/9: $0\store_fifo_read_en[0:0]
     7/9: $0\store_addr[21:0]
     8/9: $0\store_req[0:0]
     9/9: $0\done[0:0]
Creating decoders for process `\load_store_unit.$proc$/home/rodrialves/MSc/design_runs/lsu_acc/load_store_unit.v:86$8'.
     1/9: $display$/home/rodrialves/MSc/design_runs/lsu_acc/load_store_unit.v:114$11_EN
     2/9: $display$/home/rodrialves/MSc/design_runs/lsu_acc/load_store_unit.v:106$10_EN
     3/9: $0\current_load_addr[21:0]
     4/9: $0\load_counter[22:0]
     5/9: $0\loader_state[2:0]
     6/9: $0\load_fifo_data_in[31:0]
     7/9: $0\load_fifo_write_en[0:0]
     8/9: $0\load_addr[21:0]
     9/9: $0\load_req[0:0]
Creating decoders for process `\accelerator.$proc$/home/rodrialves/MSc/design_runs/lsu_acc/4num-sum.v:27$4'.
     1/3: $0\done[0:0]
     2/3: $0\state[0:0]
     3/3: $0\data_out[31:0]
Creating decoders for process `\fifo.$proc$/home/rodrialves/MSc/design_runs/lsu_acc/fifo.v:40$48'.
     1/1: $0\data_out[31:0]
Creating decoders for process `\fifo.$proc$/home/rodrialves/MSc/design_runs/lsu_acc/fifo.v:32$43'.
     1/1: $0\r_ptr[3:0]
Creating decoders for process `\fifo.$proc$/home/rodrialves/MSc/design_runs/lsu_acc/fifo.v:25$34'.
     1/3: $1$memwr$\queue$/home/rodrialves/MSc/design_runs/lsu_acc/fifo.v:27$28_EN[31:0]$42
     2/3: $1$memwr$\queue$/home/rodrialves/MSc/design_runs/lsu_acc/fifo.v:27$28_DATA[31:0]$41
     3/3: $1$memwr$\queue$/home/rodrialves/MSc/design_runs/lsu_acc/fifo.v:27$28_ADDR[3:0]$40
Creating decoders for process `\fifo.$proc$/home/rodrialves/MSc/design_runs/lsu_acc/fifo.v:17$29'.
     1/1: $0\w_ptr[3:0]

18. Executing PROC_DLATCH pass (convert process syncs to latches).

19. Executing PROC_DFF pass (convert process syncs to FFs).
Creating register for signal `\load_store_unit.\accelerator_start' using process `\load_store_unit.$proc$/home/rodrialves/MSc/design_runs/lsu_acc/load_store_unit.v:195$24'.
  created $adff cell `$procdff$262' with positive edge clock and positive level reset.
Creating register for signal `\load_store_unit.\load_fifo_read_en' using process `\load_store_unit.$proc$/home/rodrialves/MSc/design_runs/lsu_acc/load_store_unit.v:195$24'.
  created $adff cell `$procdff$265' with positive edge clock and positive level reset.
Creating register for signal `\load_store_unit.\store_fifo_write_en' using process `\load_store_unit.$proc$/home/rodrialves/MSc/design_runs/lsu_acc/load_store_unit.v:195$24'.
  created $adff cell `$procdff$268' with positive edge clock and positive level reset.
Creating register for signal `\load_store_unit.\acc_state' using process `\load_store_unit.$proc$/home/rodrialves/MSc/design_runs/lsu_acc/load_store_unit.v:195$24'.
  created $adff cell `$procdff$271' with positive edge clock and positive level reset.
Creating register for signal `\load_store_unit.\done' using process `\load_store_unit.$proc$/home/rodrialves/MSc/design_runs/lsu_acc/load_store_unit.v:135$16'.
  created $adff cell `$procdff$274' with positive edge clock and positive level reset.
Creating register for signal `\load_store_unit.\store_req' using process `\load_store_unit.$proc$/home/rodrialves/MSc/design_runs/lsu_acc/load_store_unit.v:135$16'.
  created $adff cell `$procdff$277' with positive edge clock and positive level reset.
Creating register for signal `\load_store_unit.\store_addr' using process `\load_store_unit.$proc$/home/rodrialves/MSc/design_runs/lsu_acc/load_store_unit.v:135$16'.
  created $dff cell `$procdff$282' with positive edge clock.
Creating register for signal `\load_store_unit.\store_fifo_read_en' using process `\load_store_unit.$proc$/home/rodrialves/MSc/design_runs/lsu_acc/load_store_unit.v:135$16'.
  created $adff cell `$procdff$285' with positive edge clock and positive level reset.
Creating register for signal `\load_store_unit.\storer_state' using process `\load_store_unit.$proc$/home/rodrialves/MSc/design_runs/lsu_acc/load_store_unit.v:135$16'.
  created $adff cell `$procdff$288' with positive edge clock and positive level reset.
Creating register for signal `\load_store_unit.\store_counter' using process `\load_store_unit.$proc$/home/rodrialves/MSc/design_runs/lsu_acc/load_store_unit.v:135$16'.
  created $adff cell `$procdff$291' with positive edge clock and positive level reset.
Creating register for signal `\load_store_unit.\current_store_addr' using process `\load_store_unit.$proc$/home/rodrialves/MSc/design_runs/lsu_acc/load_store_unit.v:135$16'.
  created $adff cell `$procdff$294' with positive edge clock and positive level reset.
Creating register for signal `\load_store_unit.\load_req' using process `\load_store_unit.$proc$/home/rodrialves/MSc/design_runs/lsu_acc/load_store_unit.v:86$8'.
  created $adff cell `$procdff$297' with positive edge clock and positive level reset.
Creating register for signal `\load_store_unit.\load_addr' using process `\load_store_unit.$proc$/home/rodrialves/MSc/design_runs/lsu_acc/load_store_unit.v:86$8'.
  created $dff cell `$procdff$302' with positive edge clock.
Creating register for signal `\load_store_unit.\load_fifo_write_en' using process `\load_store_unit.$proc$/home/rodrialves/MSc/design_runs/lsu_acc/load_store_unit.v:86$8'.
  created $adff cell `$procdff$305' with positive edge clock and positive level reset.
Creating register for signal `\load_store_unit.\load_fifo_data_in' using process `\load_store_unit.$proc$/home/rodrialves/MSc/design_runs/lsu_acc/load_store_unit.v:86$8'.
  created $dff cell `$procdff$310' with positive edge clock.
Creating register for signal `\load_store_unit.\loader_state' using process `\load_store_unit.$proc$/home/rodrialves/MSc/design_runs/lsu_acc/load_store_unit.v:86$8'.
  created $adff cell `$procdff$313' with positive edge clock and positive level reset.
Creating register for signal `\load_store_unit.\load_counter' using process `\load_store_unit.$proc$/home/rodrialves/MSc/design_runs/lsu_acc/load_store_unit.v:86$8'.
  created $adff cell `$procdff$316' with positive edge clock and positive level reset.
Creating register for signal `\load_store_unit.\current_load_addr' using process `\load_store_unit.$proc$/home/rodrialves/MSc/design_runs/lsu_acc/load_store_unit.v:86$8'.
  created $adff cell `$procdff$319' with positive edge clock and positive level reset.
Creating register for signal `\accelerator.\done' using process `\accelerator.$proc$/home/rodrialves/MSc/design_runs/lsu_acc/4num-sum.v:27$4'.
  created $adff cell `$procdff$322' with positive edge clock and positive level reset.
Creating register for signal `\accelerator.\data_out' using process `\accelerator.$proc$/home/rodrialves/MSc/design_runs/lsu_acc/4num-sum.v:27$4'.
  created $adff cell `$procdff$325' with positive edge clock and positive level reset.
Creating register for signal `\accelerator.\state' using process `\accelerator.$proc$/home/rodrialves/MSc/design_runs/lsu_acc/4num-sum.v:27$4'.
  created $adff cell `$procdff$328' with positive edge clock and positive level reset.
Creating register for signal `\fifo.\data_out' using process `\fifo.$proc$/home/rodrialves/MSc/design_runs/lsu_acc/fifo.v:40$48'.
  created $adff cell `$procdff$333' with positive edge clock and positive level reset.
Creating register for signal `\fifo.\r_ptr' using process `\fifo.$proc$/home/rodrialves/MSc/design_runs/lsu_acc/fifo.v:32$43'.
  created $adff cell `$procdff$338' with positive edge clock and positive level reset.
Creating register for signal `\fifo.$memwr$\queue$/home/rodrialves/MSc/design_runs/lsu_acc/fifo.v:27$28_ADDR' using process `\fifo.$proc$/home/rodrialves/MSc/design_runs/lsu_acc/fifo.v:25$34'.
  created $dff cell `$procdff$339' with positive edge clock.
Creating register for signal `\fifo.$memwr$\queue$/home/rodrialves/MSc/design_runs/lsu_acc/fifo.v:27$28_DATA' using process `\fifo.$proc$/home/rodrialves/MSc/design_runs/lsu_acc/fifo.v:25$34'.
  created $dff cell `$procdff$340' with positive edge clock.
Creating register for signal `\fifo.$memwr$\queue$/home/rodrialves/MSc/design_runs/lsu_acc/fifo.v:27$28_EN' using process `\fifo.$proc$/home/rodrialves/MSc/design_runs/lsu_acc/fifo.v:25$34'.
  created $dff cell `$procdff$341' with positive edge clock.
Creating register for signal `\fifo.\w_ptr' using process `\fifo.$proc$/home/rodrialves/MSc/design_runs/lsu_acc/fifo.v:17$29'.
  created $adff cell `$procdff$346' with positive edge clock and positive level reset.

20. Executing PROC_MEMWR pass (convert process memory writes to cells).

21. Executing PROC_CLEAN pass (remove empty switches from decision trees).
Found and cleaned up 3 empty switches in `\load_store_unit.$proc$/home/rodrialves/MSc/design_runs/lsu_acc/load_store_unit.v:195$24'.
Removing empty process `load_store_unit.$proc$/home/rodrialves/MSc/design_runs/lsu_acc/load_store_unit.v:195$24'.
Found and cleaned up 5 empty switches in `\load_store_unit.$proc$/home/rodrialves/MSc/design_runs/lsu_acc/load_store_unit.v:135$16'.
Removing empty process `load_store_unit.$proc$/home/rodrialves/MSc/design_runs/lsu_acc/load_store_unit.v:135$16'.
Found and cleaned up 5 empty switches in `\load_store_unit.$proc$/home/rodrialves/MSc/design_runs/lsu_acc/load_store_unit.v:86$8'.
Removing empty process `load_store_unit.$proc$/home/rodrialves/MSc/design_runs/lsu_acc/load_store_unit.v:86$8'.
Found and cleaned up 3 empty switches in `\accelerator.$proc$/home/rodrialves/MSc/design_runs/lsu_acc/4num-sum.v:27$4'.
Removing empty process `accelerator.$proc$/home/rodrialves/MSc/design_runs/lsu_acc/4num-sum.v:27$4'.
Found and cleaned up 1 empty switch in `\fifo.$proc$/home/rodrialves/MSc/design_runs/lsu_acc/fifo.v:40$48'.
Removing empty process `fifo.$proc$/home/rodrialves/MSc/design_runs/lsu_acc/fifo.v:40$48'.
Found and cleaned up 1 empty switch in `\fifo.$proc$/home/rodrialves/MSc/design_runs/lsu_acc/fifo.v:32$43'.
Removing empty process `fifo.$proc$/home/rodrialves/MSc/design_runs/lsu_acc/fifo.v:32$43'.
Found and cleaned up 1 empty switch in `\fifo.$proc$/home/rodrialves/MSc/design_runs/lsu_acc/fifo.v:25$34'.
Removing empty process `fifo.$proc$/home/rodrialves/MSc/design_runs/lsu_acc/fifo.v:25$34'.
Found and cleaned up 1 empty switch in `\fifo.$proc$/home/rodrialves/MSc/design_runs/lsu_acc/fifo.v:17$29'.
Removing empty process `fifo.$proc$/home/rodrialves/MSc/design_runs/lsu_acc/fifo.v:17$29'.
Cleaned up 20 empty switches.

22. Executing CHECK pass (checking for obvious problems).
Checking module lsu_wrapper...
Checking module load_store_unit...
Checking module accelerator...
Checking module fifo...
Found and reported 0 problems.

23. Executing OPT_EXPR pass (perform const folding).
Optimizing module lsu_wrapper.
Optimizing module load_store_unit.
<suppressed ~34 debug messages>
Optimizing module accelerator.
<suppressed ~10 debug messages>
Optimizing module fifo.
<suppressed ~6 debug messages>

24. Executing FLATTEN pass (flatten design).
Deleting now unused module load_store_unit.
Deleting now unused module accelerator.
Deleting now unused module fifo.
<suppressed ~4 debug messages>

25. Executing OPT_EXPR pass (perform const folding).
Optimizing module lsu_wrapper.
<suppressed ~18 debug messages>

26. Executing OPT_CLEAN pass (remove unused cells and wires).
Finding unused cells or wires in module \lsu_wrapper..
Removed 14 unused cells and 155 unused wires.
<suppressed ~19 debug messages>

27. Executing OPT_EXPR pass (perform const folding).
Optimizing module lsu_wrapper.

28. Executing OPT_MERGE pass (detect identical cells).
Finding identical cells in module `\lsu_wrapper'.
<suppressed ~129 debug messages>
Removed a total of 43 cells.

29. Executing OPT_MUXTREE pass (detect dead branches in mux trees).
Running muxtree optimizer on module \lsu_wrapper..
  Creating internal representation of mux trees.
  Evaluating internal representation of mux trees.
      Replacing known input bits on port A of cell $flatten\acc.$procmux$235: \acc.state -> 1'0
      Replacing known input bits on port B of cell $flatten\acc.$procmux$233: \acc.state -> 1'1
      Replacing known input bits on port A of cell $flatten\acc.$procmux$237: \acc.state -> 1'0
  Analyzing evaluation results.
Removed 0 multiplexer ports.
<suppressed ~37 debug messages>

30. Executing OPT_REDUCE pass (consolidate $*mux and $reduce_* inputs).
  Optimizing cells in module \lsu_wrapper.
    New ctrl vector for $pmux cell $flatten\lsu.$procmux$214: { $auto$opt_reduce.cc:134:opt_pmux$353 $flatten\lsu.$procmux$158_CMP }
    Consolidated identical input bits for $mux cell $flatten\lsu.\load_fifo.$procmux$250:
      Old ports: A=0, B=32'11111111111111111111111111111111, Y=$flatten\lsu.\load_fifo.$0$memwr$\queue$/home/rodrialves/MSc/design_runs/lsu_acc/fifo.v:27$28_EN[31:0]$37
      New ports: A=1'0, B=1'1, Y=$flatten\lsu.\load_fifo.$0$memwr$\queue$/home/rodrialves/MSc/design_runs/lsu_acc/fifo.v:27$28_EN[31:0]$37 [0]
      New connections: $flatten\lsu.\load_fifo.$0$memwr$\queue$/home/rodrialves/MSc/design_runs/lsu_acc/fifo.v:27$28_EN[31:0]$37 [31:1] = { $flatten\lsu.\load_fifo.$0$memwr$\queue$/home/rodrialves/MSc/design_runs/lsu_acc/fifo.v:27$28_EN[31:0]$37 [0] $flatten\lsu.\load_fifo.$0$memwr$\queue$/home/rodrialves/MSc/design_runs/lsu_acc/fifo.v:27$28_EN[31:0]$37 [0] $flatten\lsu.\load_fifo.$0$memwr$\queue$/home/rodrialves/MSc/design_runs/lsu_acc/fifo.v:27$28_EN[31:0]$37 [0] $flatten\lsu.\load_fifo.$0$memwr$\queue$/home/rodrialves/MSc/design_runs/lsu_acc/fifo.v:27$28_EN[31:0]$37 [0] $flatten\lsu.\load_fifo.$0$memwr$\queue$/home/rodrialves/MSc/design_runs/lsu_acc/fifo.v:27$28_EN[31:0]$37 [0] $flatten\lsu.\load_fifo.$0$memwr$\queue$/home/rodrialves/MSc/design_runs/lsu_acc/fifo.v:27$28_EN[31:0]$37 [0] $flatten\lsu.\load_fifo.$0$memwr$\queue$/home/rodrialves/MSc/design_runs/lsu_acc/fifo.v:27$28_EN[31:0]$37 [0] $flatten\lsu.\load_fifo.$0$memwr$\queue$/home/rodrialves/MSc/design_runs/lsu_acc/fifo.v:27$28_EN[31:0]$37 [0] $flatten\lsu.\load_fifo.$0$memwr$\queue$/home/rodrialves/MSc/design_runs/lsu_acc/fifo.v:27$28_EN[31:0]$37 [0] $flatten\lsu.\load_fifo.$0$memwr$\queue$/home/rodrialves/MSc/design_runs/lsu_acc/fifo.v:27$28_EN[31:0]$37 [0] $flatten\lsu.\load_fifo.$0$memwr$\queue$/home/rodrialves/MSc/design_runs/lsu_acc/fifo.v:27$28_EN[31:0]$37 [0] $flatten\lsu.\load_fifo.$0$memwr$\queue$/home/rodrialves/MSc/design_runs/lsu_acc/fifo.v:27$28_EN[31:0]$37 [0] $flatten\lsu.\load_fifo.$0$memwr$\queue$/home/rodrialves/MSc/design_runs/lsu_acc/fifo.v:27$28_EN[31:0]$37 [0] $flatten\lsu.\load_fifo.$0$memwr$\queue$/home/rodrialves/MSc/design_runs/lsu_acc/fifo.v:27$28_EN[31:0]$37 [0] $flatten\lsu.\load_fifo.$0$memwr$\queue$/home/rodrialves/MSc/design_runs/lsu_acc/fifo.v:27$28_EN[31:0]$37 [0] $flatten\lsu.\load_fifo.$0$memwr$\queue$/home/rodrialves/MSc/design_runs/lsu_acc/fifo.v:27$28_EN[31:0]$37 [0] $flatten\lsu.\load_fifo.$0$memwr$\queue$/home/rodrialves/MSc/design_runs/lsu_acc/fifo.v:27$28_EN[31:0]$37 [0] $flatten\lsu.\load_fifo.$0$memwr$\queue$/home/rodrialves/MSc/design_runs/lsu_acc/fifo.v:27$28_EN[31:0]$37 [0] $flatten\lsu.\load_fifo.$0$memwr$\queue$/home/rodrialves/MSc/design_runs/lsu_acc/fifo.v:27$28_EN[31:0]$37 [0] $flatten\lsu.\load_fifo.$0$memwr$\queue$/home/rodrialves/MSc/design_runs/lsu_acc/fifo.v:27$28_EN[31:0]$37 [0] $flatten\lsu.\load_fifo.$0$memwr$\queue$/home/rodrialves/MSc/design_runs/lsu_acc/fifo.v:27$28_EN[31:0]$37 [0] $flatten\lsu.\load_fifo.$0$memwr$\queue$/home/rodrialves/MSc/design_runs/lsu_acc/fifo.v:27$28_EN[31:0]$37 [0] $flatten\lsu.\load_fifo.$0$memwr$\queue$/home/rodrialves/MSc/design_runs/lsu_acc/fifo.v:27$28_EN[31:0]$37 [0] $flatten\lsu.\load_fifo.$0$memwr$\queue$/home/rodrialves/MSc/design_runs/lsu_acc/fifo.v:27$28_EN[31:0]$37 [0] $flatten\lsu.\load_fifo.$0$memwr$\queue$/home/rodrialves/MSc/design_runs/lsu_acc/fifo.v:27$28_EN[31:0]$37 [0] $flatten\lsu.\load_fifo.$0$memwr$\queue$/home/rodrialves/MSc/design_runs/lsu_acc/fifo.v:27$28_EN[31:0]$37 [0] $flatten\lsu.\load_fifo.$0$memwr$\queue$/home/rodrialves/MSc/design_runs/lsu_acc/fifo.v:27$28_EN[31:0]$37 [0] $flatten\lsu.\load_fifo.$0$memwr$\queue$/home/rodrialves/MSc/design_runs/lsu_acc/fifo.v:27$28_EN[31:0]$37 [0] $flatten\lsu.\load_fifo.$0$memwr$\queue$/home/rodrialves/MSc/design_runs/lsu_acc/fifo.v:27$28_EN[31:0]$37 [0] $flatten\lsu.\load_fifo.$0$memwr$\queue$/home/rodrialves/MSc/design_runs/lsu_acc/fifo.v:27$28_EN[31:0]$37 [0] $flatten\lsu.\load_fifo.$0$memwr$\queue$/home/rodrialves/MSc/design_runs/lsu_acc/fifo.v:27$28_EN[31:0]$37 [0] }
    Consolidated identical input bits for $mux cell $flatten\lsu.\store_fifo.$procmux$250:
      Old ports: A=0, B=32'11111111111111111111111111111111, Y=$flatten\lsu.\store_fifo.$0$memwr$\queue$/home/rodrialves/MSc/design_runs/lsu_acc/fifo.v:27$28_EN[31:0]$37
      New ports: A=1'0, B=1'1, Y=$flatten\lsu.\store_fifo.$0$memwr$\queue$/home/rodrialves/MSc/design_runs/lsu_acc/fifo.v:27$28_EN[31:0]$37 [0]
      New connections: $flatten\lsu.\store_fifo.$0$memwr$\queue$/home/rodrialves/MSc/design_runs/lsu_acc/fifo.v:27$28_EN[31:0]$37 [31:1] = { $flatten\lsu.\store_fifo.$0$memwr$\queue$/home/rodrialves/MSc/design_runs/lsu_acc/fifo.v:27$28_EN[31:0]$37 [0] $flatten\lsu.\store_fifo.$0$memwr$\queue$/home/rodrialves/MSc/design_runs/lsu_acc/fifo.v:27$28_EN[31:0]$37 [0] $flatten\lsu.\store_fifo.$0$memwr$\queue$/home/rodrialves/MSc/design_runs/lsu_acc/fifo.v:27$28_EN[31:0]$37 [0] $flatten\lsu.\store_fifo.$0$memwr$\queue$/home/rodrialves/MSc/design_runs/lsu_acc/fifo.v:27$28_EN[31:0]$37 [0] $flatten\lsu.\store_fifo.$0$memwr$\queue$/home/rodrialves/MSc/design_runs/lsu_acc/fifo.v:27$28_EN[31:0]$37 [0] $flatten\lsu.\store_fifo.$0$memwr$\queue$/home/rodrialves/MSc/design_runs/lsu_acc/fifo.v:27$28_EN[31:0]$37 [0] $flatten\lsu.\store_fifo.$0$memwr$\queue$/home/rodrialves/MSc/design_runs/lsu_acc/fifo.v:27$28_EN[31:0]$37 [0] $flatten\lsu.\store_fifo.$0$memwr$\queue$/home/rodrialves/MSc/design_runs/lsu_acc/fifo.v:27$28_EN[31:0]$37 [0] $flatten\lsu.\store_fifo.$0$memwr$\queue$/home/rodrialves/MSc/design_runs/lsu_acc/fifo.v:27$28_EN[31:0]$37 [0] $flatten\lsu.\store_fifo.$0$memwr$\queue$/home/rodrialves/MSc/design_runs/lsu_acc/fifo.v:27$28_EN[31:0]$37 [0] $flatten\lsu.\store_fifo.$0$memwr$\queue$/home/rodrialves/MSc/design_runs/lsu_acc/fifo.v:27$28_EN[31:0]$37 [0] $flatten\lsu.\store_fifo.$0$memwr$\queue$/home/rodrialves/MSc/design_runs/lsu_acc/fifo.v:27$28_EN[31:0]$37 [0] $flatten\lsu.\store_fifo.$0$memwr$\queue$/home/rodrialves/MSc/design_runs/lsu_acc/fifo.v:27$28_EN[31:0]$37 [0] $flatten\lsu.\store_fifo.$0$memwr$\queue$/home/rodrialves/MSc/design_runs/lsu_acc/fifo.v:27$28_EN[31:0]$37 [0] $flatten\lsu.\store_fifo.$0$memwr$\queue$/home/rodrialves/MSc/design_runs/lsu_acc/fifo.v:27$28_EN[31:0]$37 [0] $flatten\lsu.\store_fifo.$0$memwr$\queue$/home/rodrialves/MSc/design_runs/lsu_acc/fifo.v:27$28_EN[31:0]$37 [0] $flatten\lsu.\store_fifo.$0$memwr$\queue$/home/rodrialves/MSc/design_runs/lsu_acc/fifo.v:27$28_EN[31:0]$37 [0] $flatten\lsu.\store_fifo.$0$memwr$\queue$/home/rodrialves/MSc/design_runs/lsu_acc/fifo.v:27$28_EN[31:0]$37 [0] $flatten\lsu.\store_fifo.$0$memwr$\queue$/home/rodrialves/MSc/design_runs/lsu_acc/fifo.v:27$28_EN[31:0]$37 [0] $flatten\lsu.\store_fifo.$0$memwr$\queue$/home/rodrialves/MSc/design_runs/lsu_acc/fifo.v:27$28_EN[31:0]$37 [0] $flatten\lsu.\store_fifo.$0$memwr$\queue$/home/rodrialves/MSc/design_runs/lsu_acc/fifo.v:27$28_EN[31:0]$37 [0] $flatten\lsu.\store_fifo.$0$memwr$\queue$/home/rodrialves/MSc/design_runs/lsu_acc/fifo.v:27$28_EN[31:0]$37 [0] $flatten\lsu.\store_fifo.$0$memwr$\queue$/home/rodrialves/MSc/design_runs/lsu_acc/fifo.v:27$28_EN[31:0]$37 [0] $flatten\lsu.\store_fifo.$0$memwr$\queue$/home/rodrialves/MSc/design_runs/lsu_acc/fifo.v:27$28_EN[31:0]$37 [0] $flatten\lsu.\store_fifo.$0$memwr$\queue$/home/rodrialves/MSc/design_runs/lsu_acc/fifo.v:27$28_EN[31:0]$37 [0] $flatten\lsu.\store_fifo.$0$memwr$\queue$/home/rodrialves/MSc/design_runs/lsu_acc/fifo.v:27$28_EN[31:0]$37 [0] $flatten\lsu.\store_fifo.$0$memwr$\queue$/home/rodrialves/MSc/design_runs/lsu_acc/fifo.v:27$28_EN[31:0]$37 [0] $flatten\lsu.\store_fifo.$0$memwr$\queue$/home/rodrialves/MSc/design_runs/lsu_acc/fifo.v:27$28_EN[31:0]$37 [0] $flatten\lsu.\store_fifo.$0$memwr$\queue$/home/rodrialves/MSc/design_runs/lsu_acc/fifo.v:27$28_EN[31:0]$37 [0] $flatten\lsu.\store_fifo.$0$memwr$\queue$/home/rodrialves/MSc/design_runs/lsu_acc/fifo.v:27$28_EN[31:0]$37 [0] $flatten\lsu.\store_fifo.$0$memwr$\queue$/home/rodrialves/MSc/design_runs/lsu_acc/fifo.v:27$28_EN[31:0]$37 [0] }
  Optimizing cells in module \lsu_wrapper.
Performed a total of 3 changes.

31. Executing OPT_MERGE pass (detect identical cells).
Finding identical cells in module `\lsu_wrapper'.
<suppressed ~3 debug messages>
Removed a total of 1 cells.

32. Executing OPT_DFF pass (perform DFF optimizations).

33. Executing OPT_CLEAN pass (remove unused cells and wires).
Finding unused cells or wires in module \lsu_wrapper..
Removed 0 unused cells and 44 unused wires.
<suppressed ~1 debug messages>

34. Executing OPT_EXPR pass (perform const folding).
Optimizing module lsu_wrapper.

35. Rerunning OPT passes. (Maybe there is more to do…)

36. Executing OPT_MUXTREE pass (detect dead branches in mux trees).
Running muxtree optimizer on module \lsu_wrapper..
  Creating internal representation of mux trees.
  Evaluating internal representation of mux trees.
  Analyzing evaluation results.
Removed 0 multiplexer ports.
<suppressed ~37 debug messages>

37. Executing OPT_REDUCE pass (consolidate $*mux and $reduce_* inputs).
  Optimizing cells in module \lsu_wrapper.
    New ctrl vector for $pmux cell $flatten\acc.$procmux$235: $auto$opt_reduce.cc:134:opt_pmux$355
  Optimizing cells in module \lsu_wrapper.
Performed a total of 1 changes.

38. Executing OPT_MERGE pass (detect identical cells).
Finding identical cells in module `\lsu_wrapper'.
Removed a total of 0 cells.

39. Executing OPT_DFF pass (perform DFF optimizations).

40. Executing OPT_CLEAN pass (remove unused cells and wires).
Finding unused cells or wires in module \lsu_wrapper..

41. Executing OPT_EXPR pass (perform const folding).
Optimizing module lsu_wrapper.
<suppressed ~2 debug messages>

42. Rerunning OPT passes. (Maybe there is more to do…)

43. Executing OPT_MUXTREE pass (detect dead branches in mux trees).
Running muxtree optimizer on module \lsu_wrapper..
  Creating internal representation of mux trees.
  Evaluating internal representation of mux trees.
  Analyzing evaluation results.
Removed 0 multiplexer ports.
<suppressed ~37 debug messages>

44. Executing OPT_REDUCE pass (consolidate $*mux and $reduce_* inputs).
  Optimizing cells in module \lsu_wrapper.
Performed a total of 0 changes.

45. Executing OPT_MERGE pass (detect identical cells).
Finding identical cells in module `\lsu_wrapper'.
Removed a total of 0 cells.

46. Executing OPT_DFF pass (perform DFF optimizations).

47. Executing OPT_CLEAN pass (remove unused cells and wires).
Finding unused cells or wires in module \lsu_wrapper..
Removed 0 unused cells and 2 unused wires.
<suppressed ~1 debug messages>

48. Executing OPT_EXPR pass (perform const folding).
Optimizing module lsu_wrapper.

49. Rerunning OPT passes. (Maybe there is more to do…)

50. Executing OPT_MUXTREE pass (detect dead branches in mux trees).
Running muxtree optimizer on module \lsu_wrapper..
  Creating internal representation of mux trees.
  Evaluating internal representation of mux trees.
  Analyzing evaluation results.
Removed 0 multiplexer ports.
<suppressed ~37 debug messages>

51. Executing OPT_REDUCE pass (consolidate $*mux and $reduce_* inputs).
  Optimizing cells in module \lsu_wrapper.
Performed a total of 0 changes.

52. Executing OPT_MERGE pass (detect identical cells).
Finding identical cells in module `\lsu_wrapper'.
Removed a total of 0 cells.

53. Executing OPT_DFF pass (perform DFF optimizations).

54. Executing OPT_CLEAN pass (remove unused cells and wires).
Finding unused cells or wires in module \lsu_wrapper..

55. Executing OPT_EXPR pass (perform const folding).
Optimizing module lsu_wrapper.

56. Executing FSM pass (extract and optimize FSM).

56.1. Executing FSM_DETECT pass (finding FSMs in design).
Not marking lsu_wrapper.lsu.acc_state as FSM state register:
    Circuit seems to be self-resetting.
Not marking lsu_wrapper.lsu.loader_state as FSM state register:
    Circuit seems to be self-resetting.
Not marking lsu_wrapper.lsu.storer_state as FSM state register:
    Circuit seems to be self-resetting.

56.2. Executing FSM_EXTRACT pass (extracting FSM from design).

56.3. Executing FSM_OPT pass (simple optimizations of FSMs).

56.4. Executing OPT_CLEAN pass (remove unused cells and wires).
Finding unused cells or wires in module \lsu_wrapper..

56.5. Executing FSM_OPT pass (simple optimizations of FSMs).

56.6. Executing FSM_RECODE pass (re-assigning FSM state encoding).

56.7. Executing FSM_INFO pass (dumping all available information on FSM cells).

56.8. Executing FSM_MAP pass (mapping FSMs to basic logic).

57. Executing OPT_EXPR pass (perform const folding).
Optimizing module lsu_wrapper.

58. Executing OPT_MERGE pass (detect identical cells).
Finding identical cells in module `\lsu_wrapper'.
Removed a total of 0 cells.

59. Executing OPT_MUXTREE pass (detect dead branches in mux trees).
Running muxtree optimizer on module \lsu_wrapper..
  Creating internal representation of mux trees.
  Evaluating internal representation of mux trees.
  Analyzing evaluation results.
Removed 0 multiplexer ports.
<suppressed ~37 debug messages>

60. Executing OPT_REDUCE pass (consolidate $*mux and $reduce_* inputs).
  Optimizing cells in module \lsu_wrapper.
Performed a total of 0 changes.

61. Executing OPT_MERGE pass (detect identical cells).
Finding identical cells in module `\lsu_wrapper'.
Removed a total of 0 cells.

62. Executing OPT_DFF pass (perform DFF optimizations).
Adding EN signal on $flatten\lsu.\store_fifo.$procdff$346 ($adff) from module lsu_wrapper (D = \lsu.store_fifo.w_ptr_next, Q = \lsu.store_fifo.w_ptr).
Adding EN signal on $flatten\lsu.\store_fifo.$procdff$338 ($adff) from module lsu_wrapper (D = $flatten\lsu.\store_fifo.$add$/home/rodrialves/MSc/design_runs/lsu_acc/fifo.v:36$47_Y [3:0], Q = \lsu.store_fifo.r_ptr).
Adding EN signal on $flatten\lsu.\store_fifo.$procdff$333 ($adff) from module lsu_wrapper (D = $flatten\lsu.\store_fifo.$memrd$\queue$/home/rodrialves/MSc/design_runs/lsu_acc/fifo.v:44$52_DATA, Q = \lsu.store_fifo.data_out).
Adding EN signal on $flatten\lsu.\load_fifo.$procdff$346 ($adff) from module lsu_wrapper (D = \lsu.load_fifo.w_ptr_next, Q = \lsu.load_fifo.w_ptr).
Adding EN signal on $flatten\lsu.\load_fifo.$procdff$338 ($adff) from module lsu_wrapper (D = $flatten\lsu.\load_fifo.$add$/home/rodrialves/MSc/design_runs/lsu_acc/fifo.v:36$47_Y [3:0], Q = \lsu.load_fifo.r_ptr).
Adding EN signal on $flatten\lsu.\load_fifo.$procdff$333 ($adff) from module lsu_wrapper (D = $flatten\lsu.\load_fifo.$memrd$\queue$/home/rodrialves/MSc/design_runs/lsu_acc/fifo.v:44$52_DATA, Q = \lsu.load_fifo.data_out).
Adding EN signal on $flatten\lsu.$procdff$319 ($adff) from module lsu_wrapper (D = $flatten\lsu.$0\current_load_addr[21:0], Q = \lsu.current_load_addr).
Adding EN signal on $flatten\lsu.$procdff$316 ($adff) from module lsu_wrapper (D = $flatten\lsu.$0\load_counter[22:0], Q = \lsu.load_counter).
Adding EN signal on $flatten\lsu.$procdff$313 ($adff) from module lsu_wrapper (D = $flatten\lsu.$0\loader_state[2:0], Q = \lsu.loader_state).
Adding EN signal on $flatten\lsu.$procdff$310 ($dff) from module lsu_wrapper (D = \load_data, Q = \lsu.load_fifo_data_in).
Adding EN signal on $flatten\lsu.$procdff$305 ($adff) from module lsu_wrapper (D = $flatten\lsu.$0\load_fifo_write_en[0:0], Q = \lsu.load_fifo_write_en).
Adding EN signal on $flatten\lsu.$procdff$302 ($dff) from module lsu_wrapper (D = \lsu.current_load_addr, Q = \lsu.load_addr).
Adding EN signal on $flatten\lsu.$procdff$297 ($adff) from module lsu_wrapper (D = $flatten\lsu.$0\load_req[0:0], Q = \lsu.load_req).
Adding EN signal on $flatten\lsu.$procdff$294 ($adff) from module lsu_wrapper (D = $flatten\lsu.$0\current_store_addr[21:0], Q = \lsu.current_store_addr).
Adding EN signal on $flatten\lsu.$procdff$291 ($adff) from module lsu_wrapper (D = $flatten\lsu.$0\store_counter[22:0], Q = \lsu.store_counter).
Adding EN signal on $flatten\lsu.$procdff$288 ($adff) from module lsu_wrapper (D = $flatten\lsu.$0\storer_state[2:0], Q = \lsu.storer_state).
Adding EN signal on $flatten\lsu.$procdff$285 ($adff) from module lsu_wrapper (D = $flatten\lsu.$0\store_fifo_read_en[0:0], Q = \lsu.store_fifo_read_en).
Adding EN signal on $flatten\lsu.$procdff$282 ($dff) from module lsu_wrapper (D = \lsu.current_store_addr, Q = \lsu.store_addr).
Adding EN signal on $flatten\lsu.$procdff$277 ($adff) from module lsu_wrapper (D = $flatten\lsu.$0\store_req[0:0], Q = \lsu.store_req).
Adding EN signal on $flatten\lsu.$procdff$274 ($adff) from module lsu_wrapper (D = $flatten\lsu.$0\done[0:0], Q = \lsu.done).
Adding EN signal on $flatten\lsu.$procdff$271 ($adff) from module lsu_wrapper (D = $flatten\lsu.$0\acc_state[2:0], Q = \lsu.acc_state).
Adding EN signal on $flatten\lsu.$procdff$262 ($adff) from module lsu_wrapper (D = $flatten\lsu.$0\accelerator_start[0:0], Q = \lsu.accelerator_start).
Adding EN signal on $flatten\acc.$procdff$325 ($adff) from module lsu_wrapper (D = { 22'0000000000000000000000 \acc.sum }, Q = \acc.data_out).
Setting constant 0-bit at position 10 on $auto$ff.cc:266:slice$480 ($adffe) from module lsu_wrapper.
Setting constant 0-bit at position 11 on $auto$ff.cc:266:slice$480 ($adffe) from module lsu_wrapper.
Setting constant 0-bit at position 12 on $auto$ff.cc:266:slice$480 ($adffe) from module lsu_wrapper.
Setting constant 0-bit at position 13 on $auto$ff.cc:266:slice$480 ($adffe) from module lsu_wrapper.
Setting constant 0-bit at position 14 on $auto$ff.cc:266:slice$480 ($adffe) from module lsu_wrapper.
Setting constant 0-bit at position 15 on $auto$ff.cc:266:slice$480 ($adffe) from module lsu_wrapper.
Setting constant 0-bit at position 16 on $auto$ff.cc:266:slice$480 ($adffe) from module lsu_wrapper.
Setting constant 0-bit at position 17 on $auto$ff.cc:266:slice$480 ($adffe) from module lsu_wrapper.
Setting constant 0-bit at position 18 on $auto$ff.cc:266:slice$480 ($adffe) from module lsu_wrapper.
Setting constant 0-bit at position 19 on $auto$ff.cc:266:slice$480 ($adffe) from module lsu_wrapper.
Setting constant 0-bit at position 20 on $auto$ff.cc:266:slice$480 ($adffe) from module lsu_wrapper.
Setting constant 0-bit at position 21 on $auto$ff.cc:266:slice$480 ($adffe) from module lsu_wrapper.
Setting constant 0-bit at position 22 on $auto$ff.cc:266:slice$480 ($adffe) from module lsu_wrapper.
Setting constant 0-bit at position 23 on $auto$ff.cc:266:slice$480 ($adffe) from module lsu_wrapper.
Setting constant 0-bit at position 24 on $auto$ff.cc:266:slice$480 ($adffe) from module lsu_wrapper.
Setting constant 0-bit at position 25 on $auto$ff.cc:266:slice$480 ($adffe) from module lsu_wrapper.
Setting constant 0-bit at position 26 on $auto$ff.cc:266:slice$480 ($adffe) from module lsu_wrapper.
Setting constant 0-bit at position 27 on $auto$ff.cc:266:slice$480 ($adffe) from module lsu_wrapper.
Setting constant 0-bit at position 28 on $auto$ff.cc:266:slice$480 ($adffe) from module lsu_wrapper.
Setting constant 0-bit at position 29 on $auto$ff.cc:266:slice$480 ($adffe) from module lsu_wrapper.
Setting constant 0-bit at position 30 on $auto$ff.cc:266:slice$480 ($adffe) from module lsu_wrapper.
Setting constant 0-bit at position 31 on $auto$ff.cc:266:slice$480 ($adffe) from module lsu_wrapper.

63. Executing OPT_CLEAN pass (remove unused cells and wires).
Finding unused cells or wires in module \lsu_wrapper..
Removed 16 unused cells and 16 unused wires.
<suppressed ~17 debug messages>

64. Executing OPT_EXPR pass (perform const folding).
Optimizing module lsu_wrapper.
<suppressed ~10 debug messages>

65. Rerunning OPT passes. (Maybe there is more to do…)

66. Executing OPT_MUXTREE pass (detect dead branches in mux trees).
Running muxtree optimizer on module \lsu_wrapper..
  Creating internal representation of mux trees.
  Evaluating internal representation of mux trees.
  Analyzing evaluation results.
Removed 0 multiplexer ports.
<suppressed ~27 debug messages>

67. Executing OPT_REDUCE pass (consolidate $*mux and $reduce_* inputs).
  Optimizing cells in module \lsu_wrapper.
Performed a total of 0 changes.

68. Executing OPT_MERGE pass (detect identical cells).
Finding identical cells in module `\lsu_wrapper'.
<suppressed ~69 debug messages>
Removed a total of 23 cells.

69. Executing OPT_DFF pass (perform DFF optimizations).

70. Executing OPT_CLEAN pass (remove unused cells and wires).
Finding unused cells or wires in module \lsu_wrapper..
Removed 0 unused cells and 23 unused wires.
<suppressed ~1 debug messages>

71. Executing OPT_EXPR pass (perform const folding).
Optimizing module lsu_wrapper.

72. Rerunning OPT passes. (Maybe there is more to do…)

73. Executing OPT_MUXTREE pass (detect dead branches in mux trees).
Running muxtree optimizer on module \lsu_wrapper..
  Creating internal representation of mux trees.
  Evaluating internal representation of mux trees.
  Analyzing evaluation results.
Removed 0 multiplexer ports.
<suppressed ~29 debug messages>

74. Executing OPT_REDUCE pass (consolidate $*mux and $reduce_* inputs).
  Optimizing cells in module \lsu_wrapper.
Performed a total of 0 changes.

75. Executing OPT_MERGE pass (detect identical cells).
Finding identical cells in module `\lsu_wrapper'.
Removed a total of 0 cells.

76. Executing OPT_DFF pass (perform DFF optimizations).

77. Executing OPT_CLEAN pass (remove unused cells and wires).
Finding unused cells or wires in module \lsu_wrapper..

78. Executing OPT_EXPR pass (perform const folding).
Optimizing module lsu_wrapper.

79. Executing WREDUCE pass (reducing word size of cells).
Removed top 1 bits (of 3) from port B of cell lsu_wrapper.$auto$opt_dff.cc:195:make_patterns_logic$368 ($ne).
Removed top 1 bits (of 2) from port B of cell lsu_wrapper.$auto$opt_dff.cc:195:make_patterns_logic$468 ($ne).
Removed top 1 bits (of 2) from port B of cell lsu_wrapper.$auto$opt_dff.cc:195:make_patterns_logic$470 ($ne).
Removed top 31 bits (of 32) from port B of cell lsu_wrapper.$flatten\lsu.\store_fifo.$add$/home/rodrialves/MSc/design_runs/lsu_acc/fifo.v:21$33 ($add).
Removed top 28 bits (of 32) from port Y of cell lsu_wrapper.$flatten\lsu.\store_fifo.$add$/home/rodrialves/MSc/design_runs/lsu_acc/fifo.v:21$33 ($add).
Removed top 31 bits (of 32) from port B of cell lsu_wrapper.$flatten\lsu.\store_fifo.$add$/home/rodrialves/MSc/design_runs/lsu_acc/fifo.v:36$47 ($add).
Removed top 28 bits (of 32) from port Y of cell lsu_wrapper.$flatten\lsu.\store_fifo.$add$/home/rodrialves/MSc/design_runs/lsu_acc/fifo.v:36$47 ($add).
Removed top 31 bits (of 32) from port B of cell lsu_wrapper.$flatten\lsu.\load_fifo.$add$/home/rodrialves/MSc/design_runs/lsu_acc/fifo.v:21$33 ($add).
Removed top 28 bits (of 32) from port Y of cell lsu_wrapper.$flatten\lsu.\load_fifo.$add$/home/rodrialves/MSc/design_runs/lsu_acc/fifo.v:21$33 ($add).
Removed top 31 bits (of 32) from port B of cell lsu_wrapper.$flatten\lsu.\load_fifo.$add$/home/rodrialves/MSc/design_runs/lsu_acc/fifo.v:36$47 ($add).
Removed top 28 bits (of 32) from port Y of cell lsu_wrapper.$flatten\lsu.\load_fifo.$add$/home/rodrialves/MSc/design_runs/lsu_acc/fifo.v:36$47 ($add).
Removed top 2 bits (of 3) from mux cell lsu_wrapper.$flatten\lsu.$procmux$192 ($mux).
Removed top 2 bits (of 3) from port B of cell lsu_wrapper.$flatten\lsu.$procmux$164_CMP0 ($eq).
Removed top 1 bits (of 3) from port B of cell lsu_wrapper.$flatten\lsu.$procmux$158_CMP0 ($eq).
Removed top 2 bits (of 3) from port B of cell lsu_wrapper.$flatten\lsu.$procmux$128_CMP0 ($eq).
Removed top 1 bits (of 3) from port B of cell lsu_wrapper.$flatten\lsu.$procmux$125_CMP0 ($eq).
Removed top 1 bits (of 3) from port B of cell lsu_wrapper.$flatten\lsu.$procmux$124_CMP0 ($eq).
Removed top 2 bits (of 3) from mux cell lsu_wrapper.$flatten\lsu.$procmux$118 ($mux).
Removed top 2 bits (of 3) from port B of cell lsu_wrapper.$flatten\lsu.$procmux$76_CMP0 ($eq).
Removed top 1 bits (of 3) from port B of cell lsu_wrapper.$flatten\lsu.$procmux$63_CMP0 ($eq).
Removed top 31 bits (of 32) from port B of cell lsu_wrapper.$flatten\lsu.$add$/home/rodrialves/MSc/design_runs/lsu_acc/load_store_unit.v:176$21 ($add).
Removed top 9 bits (of 32) from port Y of cell lsu_wrapper.$flatten\lsu.$add$/home/rodrialves/MSc/design_runs/lsu_acc/load_store_unit.v:176$21 ($add).
Removed top 31 bits (of 32) from port B of cell lsu_wrapper.$flatten\lsu.$add$/home/rodrialves/MSc/design_runs/lsu_acc/load_store_unit.v:175$20 ($add).
Removed top 10 bits (of 32) from port Y of cell lsu_wrapper.$flatten\lsu.$add$/home/rodrialves/MSc/design_runs/lsu_acc/load_store_unit.v:175$20 ($add).
Removed top 31 bits (of 32) from port B of cell lsu_wrapper.$flatten\lsu.$add$/home/rodrialves/MSc/design_runs/lsu_acc/load_store_unit.v:120$15 ($add).
Removed top 9 bits (of 32) from port Y of cell lsu_wrapper.$flatten\lsu.$add$/home/rodrialves/MSc/design_runs/lsu_acc/load_store_unit.v:120$15 ($add).
Removed top 31 bits (of 32) from port B of cell lsu_wrapper.$flatten\lsu.$add$/home/rodrialves/MSc/design_runs/lsu_acc/load_store_unit.v:119$14 ($add).
Removed top 10 bits (of 32) from port Y of cell lsu_wrapper.$flatten\lsu.$add$/home/rodrialves/MSc/design_runs/lsu_acc/load_store_unit.v:119$14 ($add).
Removed top 21 bits (of 22) from port B of cell lsu_wrapper.$flatten\lsu.$sub$/home/rodrialves/MSc/design_runs/lsu_acc/load_store_unit.v:118$12 ($sub).
Removed top 2 bits (of 10) from port B of cell lsu_wrapper.$flatten\acc.$add$/home/rodrialves/MSc/design_runs/lsu_acc/4num-sum.v:21$3 ($add).
Removed top 2 bits (of 10) from port B of cell lsu_wrapper.$flatten\acc.$add$/home/rodrialves/MSc/design_runs/lsu_acc/4num-sum.v:21$2 ($add).
Removed top 2 bits (of 10) from port A of cell lsu_wrapper.$flatten\acc.$add$/home/rodrialves/MSc/design_runs/lsu_acc/4num-sum.v:21$1 ($add).
Removed top 2 bits (of 10) from port B of cell lsu_wrapper.$flatten\acc.$add$/home/rodrialves/MSc/design_runs/lsu_acc/4num-sum.v:21$1 ($add).
Removed top 1 bits (of 10) from port Y of cell lsu_wrapper.$flatten\acc.$add$/home/rodrialves/MSc/design_runs/lsu_acc/4num-sum.v:21$1 ($add).
Removed top 1 bits (of 10) from wire lsu_wrapper.$flatten\acc.$add$/home/rodrialves/MSc/design_runs/lsu_acc/4num-sum.v:21$1_Y.
Removed top 1 bits (of 10) from wire lsu_wrapper.$flatten\acc.$add$/home/rodrialves/MSc/design_runs/lsu_acc/4num-sum.v:21$2_Y.
Removed top 10 bits (of 32) from wire lsu_wrapper.$flatten\lsu.$add$/home/rodrialves/MSc/design_runs/lsu_acc/load_store_unit.v:119$14_Y.
Removed top 10 bits (of 32) from wire lsu_wrapper.$flatten\lsu.$add$/home/rodrialves/MSc/design_runs/lsu_acc/load_store_unit.v:175$20_Y.
Removed top 2 bits (of 3) from wire lsu_wrapper.$flatten\lsu.$procmux$118_Y.
Removed top 2 bits (of 3) from wire lsu_wrapper.$flatten\lsu.$procmux$192_Y.
Removed top 28 bits (of 32) from wire lsu_wrapper.$flatten\lsu.\load_fifo.$add$/home/rodrialves/MSc/design_runs/lsu_acc/fifo.v:36$47_Y.
Removed top 28 bits (of 32) from wire lsu_wrapper.$flatten\lsu.\store_fifo.$add$/home/rodrialves/MSc/design_runs/lsu_acc/fifo.v:36$47_Y.
Removed top 22 bits (of 32) from wire lsu_wrapper.accelerator_data_out.

80. Executing PEEPOPT pass (run peephole optimizers).

81. Executing OPT_CLEAN pass (remove unused cells and wires).
Finding unused cells or wires in module \lsu_wrapper..
Removed 0 unused cells and 11 unused wires.
<suppressed ~1 debug messages>

82. Executing ALUMACC pass (create $alu and $macc cells).
Extracting $alu and $macc cells in module lsu_wrapper:
  creating $macc model for $flatten\acc.$add$/home/rodrialves/MSc/design_runs/lsu_acc/4num-sum.v:21$1 ($add).
  creating $macc model for $flatten\acc.$add$/home/rodrialves/MSc/design_runs/lsu_acc/4num-sum.v:21$2 ($add).
  creating $macc model for $flatten\acc.$add$/home/rodrialves/MSc/design_runs/lsu_acc/4num-sum.v:21$3 ($add).
  creating $macc model for $flatten\lsu.$add$/home/rodrialves/MSc/design_runs/lsu_acc/load_store_unit.v:119$14 ($add).
  creating $macc model for $flatten\lsu.$add$/home/rodrialves/MSc/design_runs/lsu_acc/load_store_unit.v:120$15 ($add).
  creating $macc model for $flatten\lsu.$add$/home/rodrialves/MSc/design_runs/lsu_acc/load_store_unit.v:175$20 ($add).
  creating $macc model for $flatten\lsu.$add$/home/rodrialves/MSc/design_runs/lsu_acc/load_store_unit.v:176$21 ($add).
  creating $macc model for $flatten\lsu.$sub$/home/rodrialves/MSc/design_runs/lsu_acc/load_store_unit.v:118$12 ($sub).
  creating $macc model for $flatten\lsu.\load_fifo.$add$/home/rodrialves/MSc/design_runs/lsu_acc/fifo.v:21$33 ($add).
  creating $macc model for $flatten\lsu.\load_fifo.$add$/home/rodrialves/MSc/design_runs/lsu_acc/fifo.v:36$47 ($add).
  creating $macc model for $flatten\lsu.\store_fifo.$add$/home/rodrialves/MSc/design_runs/lsu_acc/fifo.v:21$33 ($add).
  creating $macc model for $flatten\lsu.\store_fifo.$add$/home/rodrialves/MSc/design_runs/lsu_acc/fifo.v:36$47 ($add).
  merging $macc model for $flatten\acc.$add$/home/rodrialves/MSc/design_runs/lsu_acc/4num-sum.v:21$2 into $flatten\acc.$add$/home/rodrialves/MSc/design_runs/lsu_acc/4num-sum.v:21$3.
  creating $alu model for $macc $flatten\lsu.\store_fifo.$add$/home/rodrialves/MSc/design_runs/lsu_acc/fifo.v:21$33.
  creating $alu model for $macc $flatten\lsu.\load_fifo.$add$/home/rodrialves/MSc/design_runs/lsu_acc/fifo.v:36$47.
  creating $alu model for $macc $flatten\lsu.\load_fifo.$add$/home/rodrialves/MSc/design_runs/lsu_acc/fifo.v:21$33.
  creating $alu model for $macc $flatten\lsu.$sub$/home/rodrialves/MSc/design_runs/lsu_acc/load_store_unit.v:118$12.
  creating $alu model for $macc $flatten\lsu.$add$/home/rodrialves/MSc/design_runs/lsu_acc/load_store_unit.v:176$21.
  creating $alu model for $macc $flatten\lsu.$add$/home/rodrialves/MSc/design_runs/lsu_acc/load_store_unit.v:175$20.
  creating $alu model for $macc $flatten\lsu.$add$/home/rodrialves/MSc/design_runs/lsu_acc/load_store_unit.v:120$15.
  creating $alu model for $macc $flatten\lsu.$add$/home/rodrialves/MSc/design_runs/lsu_acc/load_store_unit.v:119$14.
  creating $alu model for $macc $flatten\lsu.\store_fifo.$add$/home/rodrialves/MSc/design_runs/lsu_acc/fifo.v:36$47.
  creating $alu model for $macc $flatten\acc.$add$/home/rodrialves/MSc/design_runs/lsu_acc/4num-sum.v:21$1.
  creating $macc cell for $flatten\acc.$add$/home/rodrialves/MSc/design_runs/lsu_acc/4num-sum.v:21$3: $auto$alumacc.cc:365:replace_macc$495
  creating $alu model for $flatten\lsu.$lt$/home/rodrialves/MSc/design_runs/lsu_acc/load_store_unit.v:118$13 ($lt): new $alu
  creating $alu model for $flatten\lsu.$lt$/home/rodrialves/MSc/design_runs/lsu_acc/load_store_unit.v:177$23 ($lt): new $alu
  creating $alu cell for $flatten\lsu.$lt$/home/rodrialves/MSc/design_runs/lsu_acc/load_store_unit.v:177$23: $auto$alumacc.cc:485:replace_alu$498
  creating $alu cell for $flatten\lsu.$lt$/home/rodrialves/MSc/design_runs/lsu_acc/load_store_unit.v:118$13: $auto$alumacc.cc:485:replace_alu$509
  creating $alu cell for $flatten\acc.$add$/home/rodrialves/MSc/design_runs/lsu_acc/4num-sum.v:21$1: $auto$alumacc.cc:485:replace_alu$520
  creating $alu cell for $flatten\lsu.\store_fifo.$add$/home/rodrialves/MSc/design_runs/lsu_acc/fifo.v:36$47: $auto$alumacc.cc:485:replace_alu$523
  creating $alu cell for $flatten\lsu.$add$/home/rodrialves/MSc/design_runs/lsu_acc/load_store_unit.v:119$14: $auto$alumacc.cc:485:replace_alu$526
  creating $alu cell for $flatten\lsu.$add$/home/rodrialves/MSc/design_runs/lsu_acc/load_store_unit.v:120$15: $auto$alumacc.cc:485:replace_alu$529
  creating $alu cell for $flatten\lsu.$add$/home/rodrialves/MSc/design_runs/lsu_acc/load_store_unit.v:175$20: $auto$alumacc.cc:485:replace_alu$532
  creating $alu cell for $flatten\lsu.$add$/home/rodrialves/MSc/design_runs/lsu_acc/load_store_unit.v:176$21: $auto$alumacc.cc:485:replace_alu$535
  creating $alu cell for $flatten\lsu.$sub$/home/rodrialves/MSc/design_runs/lsu_acc/load_store_unit.v:118$12: $auto$alumacc.cc:485:replace_alu$538
  creating $alu cell for $flatten\lsu.\load_fifo.$add$/home/rodrialves/MSc/design_runs/lsu_acc/fifo.v:21$33: $auto$alumacc.cc:485:replace_alu$541
  creating $alu cell for $flatten\lsu.\load_fifo.$add$/home/rodrialves/MSc/design_runs/lsu_acc/fifo.v:36$47: $auto$alumacc.cc:485:replace_alu$544
  creating $alu cell for $flatten\lsu.\store_fifo.$add$/home/rodrialves/MSc/design_runs/lsu_acc/fifo.v:21$33: $auto$alumacc.cc:485:replace_alu$547
  created 12 $alu and 1 $macc cells.

83. Executing SHARE pass (SAT-based resource sharing).

84. Executing OPT_EXPR pass (perform const folding).
Optimizing module lsu_wrapper.
<suppressed ~5 debug messages>

85. Executing OPT_MERGE pass (detect identical cells).
Finding identical cells in module `\lsu_wrapper'.
Removed a total of 0 cells.

86. Executing OPT_MUXTREE pass (detect dead branches in mux trees).
Running muxtree optimizer on module \lsu_wrapper..
  Creating internal representation of mux trees.
  Evaluating internal representation of mux trees.
  Analyzing evaluation results.
Removed 0 multiplexer ports.
<suppressed ~29 debug messages>

87. Executing OPT_REDUCE pass (consolidate $*mux and $reduce_* inputs).
  Optimizing cells in module \lsu_wrapper.
Performed a total of 0 changes.

88. Executing OPT_MERGE pass (detect identical cells).
Finding identical cells in module `\lsu_wrapper'.
Removed a total of 0 cells.

89. Executing OPT_DFF pass (perform DFF optimizations).

90. Executing OPT_CLEAN pass (remove unused cells and wires).
Finding unused cells or wires in module \lsu_wrapper..
Removed 1 unused cells and 3 unused wires.
<suppressed ~2 debug messages>

91. Executing OPT_EXPR pass (perform const folding).
Optimizing module lsu_wrapper.

92. Rerunning OPT passes. (Maybe there is more to do…)

93. Executing OPT_MUXTREE pass (detect dead branches in mux trees).
Running muxtree optimizer on module \lsu_wrapper..
  Creating internal representation of mux trees.
  Evaluating internal representation of mux trees.
  Analyzing evaluation results.
Removed 0 multiplexer ports.
<suppressed ~29 debug messages>

94. Executing OPT_REDUCE pass (consolidate $*mux and $reduce_* inputs).
  Optimizing cells in module \lsu_wrapper.
Performed a total of 0 changes.

95. Executing OPT_MERGE pass (detect identical cells).
Finding identical cells in module `\lsu_wrapper'.
Removed a total of 0 cells.

96. Executing OPT_DFF pass (perform DFF optimizations).

97. Executing OPT_CLEAN pass (remove unused cells and wires).
Finding unused cells or wires in module \lsu_wrapper..

98. Executing OPT_EXPR pass (perform const folding).
Optimizing module lsu_wrapper.

99. Executing MEMORY pass.

99.1. Executing OPT_MEM pass (optimize memories).
Performed a total of 0 transformations.

99.2. Executing OPT_MEM_PRIORITY pass (removing unnecessary memory write priority relations).
Performed a total of 0 transformations.

99.3. Executing OPT_MEM_FEEDBACK pass (finding memory read-to-write feedback paths).
  Analyzing lsu_wrapper.lsu.load_fifo.queue write port 0.
  Analyzing lsu_wrapper.lsu.store_fifo.queue write port 0.

99.4. Executing MEMORY_BMUX2ROM pass (converting muxes to ROMs).

99.5. Executing MEMORY_DFF pass (merging $dff cells to $memrd).
Checking read port `\lsu.load_fifo.queue'[0] in module `\lsu_wrapper': merging output FF to cell.
    Write port 0: don't care on collision.
Checking read port `\lsu.store_fifo.queue'[0] in module `\lsu_wrapper': merging output FF to cell.
    Write port 0: don't care on collision.

99.6. Executing OPT_CLEAN pass (remove unused cells and wires).
Finding unused cells or wires in module \lsu_wrapper..
Removed 2 unused cells and 66 unused wires.
<suppressed ~3 debug messages>

99.7. Executing MEMORY_SHARE pass (consolidating $memrd/$memwr cells).

99.8. Executing OPT_MEM_WIDEN pass (optimize memories where all ports are wide).
Performed a total of 0 transformations.

99.9. Executing OPT_CLEAN pass (remove unused cells and wires).
Finding unused cells or wires in module \lsu_wrapper..

99.10. Executing MEMORY_COLLECT pass (generating $mem cells).

100. Executing OPT_CLEAN pass (remove unused cells and wires).
Finding unused cells or wires in module \lsu_wrapper..

101. Executing OPT_EXPR pass (perform const folding).
Optimizing module lsu_wrapper.
<suppressed ~57 debug messages>

102. Executing OPT_MERGE pass (detect identical cells).
Finding identical cells in module `\lsu_wrapper'.
<suppressed ~9 debug messages>
Removed a total of 3 cells.

103. Executing OPT_DFF pass (perform DFF optimizations).

104. Executing OPT_CLEAN pass (remove unused cells and wires).
Finding unused cells or wires in module \lsu_wrapper..
Removed 0 unused cells and 39 unused wires.
<suppressed ~1 debug messages>

105. Executing MEMORY_MAP pass (converting memories to logic and flip-flops).
Mapping memory \lsu.load_fifo.queue in module \lsu_wrapper:
  created 16 $dff cells and 0 static cells of width 32.
Extracted data FF from read port 0 of lsu_wrapper.lsu.load_fifo.queue: $\lsu.load_fifo.queue$rdreg[0]
  read interface: 1 $dff and 15 $mux cells.
  write interface: 16 write mux blocks.
Mapping memory \lsu.store_fifo.queue in module \lsu_wrapper:
  created 16 $dff cells and 0 static cells of width 32.
Extracted data FF from read port 0 of lsu_wrapper.lsu.store_fifo.queue: $\lsu.store_fifo.queue$rdreg[0]
  read interface: 1 $dff and 15 $mux cells.
  write interface: 16 write mux blocks.

106. Executing OPT_EXPR pass (perform const folding).
Optimizing module lsu_wrapper.
<suppressed ~21 debug messages>

107. Executing OPT_MERGE pass (detect identical cells).
Finding identical cells in module `\lsu_wrapper'.
Removed a total of 0 cells.

108. Executing OPT_MUXTREE pass (detect dead branches in mux trees).
Running muxtree optimizer on module \lsu_wrapper..
  Creating internal representation of mux trees.
  Evaluating internal representation of mux trees.
  Analyzing evaluation results.
Removed 0 multiplexer ports.
<suppressed ~41 debug messages>

109. Executing OPT_REDUCE pass (consolidate $*mux and $reduce_* inputs).
  Optimizing cells in module \lsu_wrapper.
    Consolidated identical input bits for $pmux cell $flatten\lsu.$procmux$196:
      Old ports: A=3'000, B={ 8'00101000 $auto$rtlil.cc:2493:Not$519 }, Y=$flatten\lsu.$0\loader_state[2:0]
      New ports: A=2'00, B={ 5'01100 $auto$rtlil.cc:2493:Not$519 }, Y=$flatten\lsu.$0\loader_state[2:0] [1:0]
      New connections: $flatten\lsu.$0\loader_state[2:0] [2] = 1'0
    Consolidated identical input bits for $pmux cell $flatten\lsu.$procmux$74:
      Old ports: A=3'000, B=9'001010000, Y=$flatten\lsu.$0\acc_state[2:0]
      New ports: A=2'00, B=6'011000, Y=$flatten\lsu.$0\acc_state[2:0] [1:0]
      New connections: $flatten\lsu.$0\acc_state[2:0] [2] = 1'0
    New ctrl vector for $pmux cell $flatten\lsu.$procmux$74: { $flatten\lsu.$procmux$70_CMP $flatten\lsu.$procmux$76_CMP }
  Optimizing cells in module \lsu_wrapper.
Performed a total of 3 changes.

110. Executing OPT_MERGE pass (detect identical cells).
Finding identical cells in module `\lsu_wrapper'.
Removed a total of 0 cells.

111. Executing OPT_SHARE pass.

112. Executing OPT_DFF pass (perform DFF optimizations).

113. Executing OPT_CLEAN pass (remove unused cells and wires).
Finding unused cells or wires in module \lsu_wrapper..
Removed 4 unused cells and 78 unused wires.
<suppressed ~5 debug messages>

114. Executing OPT_EXPR pass (perform const folding).
Optimizing module lsu_wrapper.

115. Rerunning OPT passes. (Maybe there is more to do…)

116. Executing OPT_MUXTREE pass (detect dead branches in mux trees).
Running muxtree optimizer on module \lsu_wrapper..
  Creating internal representation of mux trees.
  Evaluating internal representation of mux trees.
  Analyzing evaluation results.
Removed 0 multiplexer ports.
<suppressed ~41 debug messages>

117. Executing OPT_REDUCE pass (consolidate $*mux and $reduce_* inputs).
  Optimizing cells in module \lsu_wrapper.
Performed a total of 0 changes.

118. Executing OPT_MERGE pass (detect identical cells).
Finding identical cells in module `\lsu_wrapper'.
Removed a total of 0 cells.

119. Executing OPT_SHARE pass.

120. Executing OPT_DFF pass (perform DFF optimizations).
Adding EN signal on $memory\lsu.store_fifo.queue[9]$842 ($dff) from module lsu_wrapper (D = { 22'0000000000000000000000 \acc.data_out [9:0] }, Q = \lsu.store_fifo.queue[9]).
Adding EN signal on $memory\lsu.store_fifo.queue[8]$840 ($dff) from module lsu_wrapper (D = { 22'0000000000000000000000 \acc.data_out [9:0] }, Q = \lsu.store_fifo.queue[8]).
Adding EN signal on $memory\lsu.store_fifo.queue[7]$838 ($dff) from module lsu_wrapper (D = { 22'0000000000000000000000 \acc.data_out [9:0] }, Q = \lsu.store_fifo.queue[7]).
Adding EN signal on $memory\lsu.store_fifo.queue[6]$836 ($dff) from module lsu_wrapper (D = { 22'0000000000000000000000 \acc.data_out [9:0] }, Q = \lsu.store_fifo.queue[6]).
Adding EN signal on $memory\lsu.store_fifo.queue[5]$834 ($dff) from module lsu_wrapper (D = { 22'0000000000000000000000 \acc.data_out [9:0] }, Q = \lsu.store_fifo.queue[5]).
Adding EN signal on $memory\lsu.store_fifo.queue[4]$832 ($dff) from module lsu_wrapper (D = { 22'0000000000000000000000 \acc.data_out [9:0] }, Q = \lsu.store_fifo.queue[4]).
Adding EN signal on $memory\lsu.store_fifo.queue[3]$830 ($dff) from module lsu_wrapper (D = { 22'0000000000000000000000 \acc.data_out [9:0] }, Q = \lsu.store_fifo.queue[3]).
Adding EN signal on $memory\lsu.store_fifo.queue[2]$828 ($dff) from module lsu_wrapper (D = { 22'0000000000000000000000 \acc.data_out [9:0] }, Q = \lsu.store_fifo.queue[2]).
Adding EN signal on $memory\lsu.store_fifo.queue[1]$826 ($dff) from module lsu_wrapper (D = { 22'0000000000000000000000 \acc.data_out [9:0] }, Q = \lsu.store_fifo.queue[1]).
Adding EN signal on $memory\lsu.store_fifo.queue[15]$854 ($dff) from module lsu_wrapper (D = { 22'0000000000000000000000 \acc.data_out [9:0] }, Q = \lsu.store_fifo.queue[15]).
Adding EN signal on $memory\lsu.store_fifo.queue[14]$852 ($dff) from module lsu_wrapper (D = { 22'0000000000000000000000 \acc.data_out [9:0] }, Q = \lsu.store_fifo.queue[14]).
Adding EN signal on $memory\lsu.store_fifo.queue[13]$850 ($dff) from module lsu_wrapper (D = { 22'0000000000000000000000 \acc.data_out [9:0] }, Q = \lsu.store_fifo.queue[13]).
Adding EN signal on $memory\lsu.store_fifo.queue[12]$848 ($dff) from module lsu_wrapper (D = { 22'0000000000000000000000 \acc.data_out [9:0] }, Q = \lsu.store_fifo.queue[12]).
Adding EN signal on $memory\lsu.store_fifo.queue[11]$846 ($dff) from module lsu_wrapper (D = { 22'0000000000000000000000 \acc.data_out [9:0] }, Q = \lsu.store_fifo.queue[11]).
Adding EN signal on $memory\lsu.store_fifo.queue[10]$844 ($dff) from module lsu_wrapper (D = { 22'0000000000000000000000 \acc.data_out [9:0] }, Q = \lsu.store_fifo.queue[10]).
Adding EN signal on $memory\lsu.store_fifo.queue[0]$824 ($dff) from module lsu_wrapper (D = { 22'0000000000000000000000 \acc.data_out [9:0] }, Q = \lsu.store_fifo.queue[0]).
Adding EN signal on $memory\lsu.load_fifo.queue[9]$634 ($dff) from module lsu_wrapper (D = \lsu.load_fifo_data_in, Q = \lsu.load_fifo.queue[9]).
Adding EN signal on $memory\lsu.load_fifo.queue[8]$632 ($dff) from module lsu_wrapper (D = \lsu.load_fifo_data_in, Q = \lsu.load_fifo.queue[8]).
Adding EN signal on $memory\lsu.load_fifo.queue[7]$630 ($dff) from module lsu_wrapper (D = \lsu.load_fifo_data_in, Q = \lsu.load_fifo.queue[7]).
Adding EN signal on $memory\lsu.load_fifo.queue[6]$628 ($dff) from module lsu_wrapper (D = \lsu.load_fifo_data_in, Q = \lsu.load_fifo.queue[6]).
Adding EN signal on $memory\lsu.load_fifo.queue[5]$626 ($dff) from module lsu_wrapper (D = \lsu.load_fifo_data_in, Q = \lsu.load_fifo.queue[5]).
Adding EN signal on $memory\lsu.load_fifo.queue[4]$624 ($dff) from module lsu_wrapper (D = \lsu.load_fifo_data_in, Q = \lsu.load_fifo.queue[4]).
Adding EN signal on $memory\lsu.load_fifo.queue[3]$622 ($dff) from module lsu_wrapper (D = \lsu.load_fifo_data_in, Q = \lsu.load_fifo.queue[3]).
Adding EN signal on $memory\lsu.load_fifo.queue[2]$620 ($dff) from module lsu_wrapper (D = \lsu.load_fifo_data_in, Q = \lsu.load_fifo.queue[2]).
Adding EN signal on $memory\lsu.load_fifo.queue[1]$618 ($dff) from module lsu_wrapper (D = \lsu.load_fifo_data_in, Q = \lsu.load_fifo.queue[1]).
Adding EN signal on $memory\lsu.load_fifo.queue[15]$646 ($dff) from module lsu_wrapper (D = \lsu.load_fifo_data_in, Q = \lsu.load_fifo.queue[15]).
Adding EN signal on $memory\lsu.load_fifo.queue[14]$644 ($dff) from module lsu_wrapper (D = \lsu.load_fifo_data_in, Q = \lsu.load_fifo.queue[14]).
Adding EN signal on $memory\lsu.load_fifo.queue[13]$642 ($dff) from module lsu_wrapper (D = \lsu.load_fifo_data_in, Q = \lsu.load_fifo.queue[13]).
Adding EN signal on $memory\lsu.load_fifo.queue[12]$640 ($dff) from module lsu_wrapper (D = \lsu.load_fifo_data_in, Q = \lsu.load_fifo.queue[12]).
Adding EN signal on $memory\lsu.load_fifo.queue[11]$638 ($dff) from module lsu_wrapper (D = \lsu.load_fifo_data_in, Q = \lsu.load_fifo.queue[11]).
Adding EN signal on $memory\lsu.load_fifo.queue[10]$636 ($dff) from module lsu_wrapper (D = \lsu.load_fifo_data_in, Q = \lsu.load_fifo.queue[10]).
Adding EN signal on $memory\lsu.load_fifo.queue[0]$616 ($dff) from module lsu_wrapper (D = \lsu.load_fifo_data_in, Q = \lsu.load_fifo.queue[0]).
Setting constant 0-bit at position 2 on $auto$ff.cc:266:slice$384 ($adffe) from module lsu_wrapper.
Setting constant 0-bit at position 2 on $auto$ff.cc:266:slice$466 ($adffe) from module lsu_wrapper.
Setting constant 0-bit at position 10 on $auto$ff.cc:266:slice$1047 ($dffe) from module lsu_wrapper.
Setting constant 0-bit at position 11 on $auto$ff.cc:266:slice$1047 ($dffe) from module lsu_wrapper.
Setting constant 0-bit at position 12 on $auto$ff.cc:266:slice$1047 ($dffe) from module lsu_wrapper.
Setting constant 0-bit at position 13 on $auto$ff.cc:266:slice$1047 ($dffe) from module lsu_wrapper.
Setting constant 0-bit at position 14 on $auto$ff.cc:266:slice$1047 ($dffe) from module lsu_wrapper.
Setting constant 0-bit at position 15 on $auto$ff.cc:266:slice$1047 ($dffe) from module lsu_wrapper.
Setting constant 0-bit at position 16 on $auto$ff.cc:266:slice$1047 ($dffe) from module lsu_wrapper.
Setting constant 0-bit at position 17 on $auto$ff.cc:266:slice$1047 ($dffe) from module lsu_wrapper.
Setting constant 0-bit at position 18 on $auto$ff.cc:266:slice$1047 ($dffe) from module lsu_wrapper.
Setting constant 0-bit at position 19 on $auto$ff.cc:266:slice$1047 ($dffe) from module lsu_wrapper.
Setting constant 0-bit at position 20 on $auto$ff.cc:266:slice$1047 ($dffe) from module lsu_wrapper.
Setting constant 0-bit at position 21 on $auto$ff.cc:266:slice$1047 ($dffe) from module lsu_wrapper.
Setting constant 0-bit at position 22 on $auto$ff.cc:266:slice$1047 ($dffe) from module lsu_wrapper.
Setting constant 0-bit at position 23 on $auto$ff.cc:266:slice$1047 ($dffe) from module lsu_wrapper.
Setting constant 0-bit at position 24 on $auto$ff.cc:266:slice$1047 ($dffe) from module lsu_wrapper.
Setting constant 0-bit at position 25 on $auto$ff.cc:266:slice$1047 ($dffe) from module lsu_wrapper.
Setting constant 0-bit at position 26 on $auto$ff.cc:266:slice$1047 ($dffe) from module lsu_wrapper.
Setting constant 0-bit at position 27 on $auto$ff.cc:266:slice$1047 ($dffe) from module lsu_wrapper.
Setting constant 0-bit at position 28 on $auto$ff.cc:266:slice$1047 ($dffe) from module lsu_wrapper.
Setting constant 0-bit at position 29 on $auto$ff.cc:266:slice$1047 ($dffe) from module lsu_wrapper.
Setting constant 0-bit at position 30 on $auto$ff.cc:266:slice$1047 ($dffe) from module lsu_wrapper.
Setting constant 0-bit at position 31 on $auto$ff.cc:266:slice$1047 ($dffe) from module lsu_wrapper.
Setting constant 0-bit at position 10 on $auto$ff.cc:266:slice$1046 ($dffe) from module lsu_wrapper.
Setting constant 0-bit at position 11 on $auto$ff.cc:266:slice$1046 ($dffe) from module lsu_wrapper.
Setting constant 0-bit at position 12 on $auto$ff.cc:266:slice$1046 ($dffe) from module lsu_wrapper.
Setting constant 0-bit at position 13 on $auto$ff.cc:266:slice$1046 ($dffe) from module lsu_wrapper.
Setting constant 0-bit at position 14 on $auto$ff.cc:266:slice$1046 ($dffe) from module lsu_wrapper.
Setting constant 0-bit at position 15 on $auto$ff.cc:266:slice$1046 ($dffe) from module lsu_wrapper.
Setting constant 0-bit at position 16 on $auto$ff.cc:266:slice$1046 ($dffe) from module lsu_wrapper.
Setting constant 0-bit at position 17 on $auto$ff.cc:266:slice$1046 ($dffe) from module lsu_wrapper.
Setting constant 0-bit at position 18 on $auto$ff.cc:266:slice$1046 ($dffe) from module lsu_wrapper.
Setting constant 0-bit at position 19 on $auto$ff.cc:266:slice$1046 ($dffe) from module lsu_wrapper.
Setting constant 0-bit at position 20 on $auto$ff.cc:266:slice$1046 ($dffe) from module lsu_wrapper.
Setting constant 0-bit at position 21 on $auto$ff.cc:266:slice$1046 ($dffe) from module lsu_wrapper.
Setting constant 0-bit at position 22 on $auto$ff.cc:266:slice$1046 ($dffe) from module lsu_wrapper.
Setting constant 0-bit at position 23 on $auto$ff.cc:266:slice$1046 ($dffe) from module lsu_wrapper.
Setting constant 0-bit at position 24 on $auto$ff.cc:266:slice$1046 ($dffe) from module lsu_wrapper.
Setting constant 0-bit at position 25 on $auto$ff.cc:266:slice$1046 ($dffe) from module lsu_wrapper.
Setting constant 0-bit at position 26 on $auto$ff.cc:266:slice$1046 ($dffe) from module lsu_wrapper.
Setting constant 0-bit at position 27 on $auto$ff.cc:266:slice$1046 ($dffe) from module lsu_wrapper.
Setting constant 0-bit at position 28 on $auto$ff.cc:266:slice$1046 ($dffe) from module lsu_wrapper.
Setting constant 0-bit at position 29 on $auto$ff.cc:266:slice$1046 ($dffe) from module lsu_wrapper.
Setting constant 0-bit at position 30 on $auto$ff.cc:266:slice$1046 ($dffe) from module lsu_wrapper.
Setting constant 0-bit at position 31 on $auto$ff.cc:266:slice$1046 ($dffe) from module lsu_wrapper.
Setting constant 0-bit at position 10 on $auto$ff.cc:266:slice$1045 ($dffe) from module lsu_wrapper.
Setting constant 0-bit at position 11 on $auto$ff.cc:266:slice$1045 ($dffe) from module lsu_wrapper.
Setting constant 0-bit at position 12 on $auto$ff.cc:266:slice$1045 ($dffe) from module lsu_wrapper.
Setting constant 0-bit at position 13 on $auto$ff.cc:266:slice$1045 ($dffe) from module lsu_wrapper.
Setting constant 0-bit at position 14 on $auto$ff.cc:266:slice$1045 ($dffe) from module lsu_wrapper.
Setting constant 0-bit at position 15 on $auto$ff.cc:266:slice$1045 ($dffe) from module lsu_wrapper.
Setting constant 0-bit at position 16 on $auto$ff.cc:266:slice$1045 ($dffe) from module lsu_wrapper.
Setting constant 0-bit at position 17 on $auto$ff.cc:266:slice$1045 ($dffe) from module lsu_wrapper.
Setting constant 0-bit at position 18 on $auto$ff.cc:266:slice$1045 ($dffe) from module lsu_wrapper.
Setting constant 0-bit at position 19 on $auto$ff.cc:266:slice$1045 ($dffe) from module lsu_wrapper.
Setting constant 0-bit at position 20 on $auto$ff.cc:266:slice$1045 ($dffe) from module lsu_wrapper.
Setting constant 0-bit at position 21 on $auto$ff.cc:266:slice$1045 ($dffe) from module lsu_wrapper.
Setting constant 0-bit at position 22 on $auto$ff.cc:266:slice$1045 ($dffe) from module lsu_wrapper.
Setting constant 0-bit at position 23 on $auto$ff.cc:266:slice$1045 ($dffe) from module lsu_wrapper.
Setting constant 0-bit at position 24 on $auto$ff.cc:266:slice$1045 ($dffe) from module lsu_wrapper.
Setting constant 0-bit at position 25 on $auto$ff.cc:266:slice$1045 ($dffe) from module lsu_wrapper.
Setting constant 0-bit at position 26 on $auto$ff.cc:266:slice$1045 ($dffe) from module lsu_wrapper.
Setting constant 0-bit at position 27 on $auto$ff.cc:266:slice$1045 ($dffe) from module lsu_wrapper.
Setting constant 0-bit at position 28 on $auto$ff.cc:266:slice$1045 ($dffe) from module lsu_wrapper.
Setting constant 0-bit at position 29 on $auto$ff.cc:266:slice$1045 ($dffe) from module lsu_wrapper.
Setting constant 0-bit at position 30 on $auto$ff.cc:266:slice$1045 ($dffe) from module lsu_wrapper.
Setting constant 0-bit at position 31 on $auto$ff.cc:266:slice$1045 ($dffe) from module lsu_wrapper.
Setting constant 0-bit at position 10 on $auto$ff.cc:266:slice$1044 ($dffe) from module lsu_wrapper.
Setting constant 0-bit at position 11 on $auto$ff.cc:266:slice$1044 ($dffe) from module lsu_wrapper.
Setting constant 0-bit at position 12 on $auto$ff.cc:266:slice$1044 ($dffe) from module lsu_wrapper.
Setting constant 0-bit at position 13 on $auto$ff.cc:266:slice$1044 ($dffe) from module lsu_wrapper.
Setting constant 0-bit at position 14 on $auto$ff.cc:266:slice$1044 ($dffe) from module lsu_wrapper.
Setting constant 0-bit at position 15 on $auto$ff.cc:266:slice$1044 ($dffe) from module lsu_wrapper.
Setting constant 0-bit at position 16 on $auto$ff.cc:266:slice$1044 ($dffe) from module lsu_wrapper.
Setting constant 0-bit at position 17 on $auto$ff.cc:266:slice$1044 ($dffe) from module lsu_wrapper.
Setting constant 0-bit at position 18 on $auto$ff.cc:266:slice$1044 ($dffe) from module lsu_wrapper.
Setting constant 0-bit at position 19 on $auto$ff.cc:266:slice$1044 ($dffe) from module lsu_wrapper.
Setting constant 0-bit at position 20 on $auto$ff.cc:266:slice$1044 ($dffe) from module lsu_wrapper.
Setting constant 0-bit at position 21 on $auto$ff.cc:266:slice$1044 ($dffe) from module lsu_wrapper.
Setting constant 0-bit at position 22 on $auto$ff.cc:266:slice$1044 ($dffe) from module lsu_wrapper.
Setting constant 0-bit at position 23 on $auto$ff.cc:266:slice$1044 ($dffe) from module lsu_wrapper.
Setting constant 0-bit at position 24 on $auto$ff.cc:266:slice$1044 ($dffe) from module lsu_wrapper.
Setting constant 0-bit at position 25 on $auto$ff.cc:266:slice$1044 ($dffe) from module lsu_wrapper.
Setting constant 0-bit at position 26 on $auto$ff.cc:266:slice$1044 ($dffe) from module lsu_wrapper.
Setting constant 0-bit at position 27 on $auto$ff.cc:266:slice$1044 ($dffe) from module lsu_wrapper.
Setting constant 0-bit at position 28 on $auto$ff.cc:266:slice$1044 ($dffe) from module lsu_wrapper.
Setting constant 0-bit at position 29 on $auto$ff.cc:266:slice$1044 ($dffe) from module lsu_wrapper.
Setting constant 0-bit at position 30 on $auto$ff.cc:266:slice$1044 ($dffe) from module lsu_wrapper.
Setting constant 0-bit at position 31 on $auto$ff.cc:266:slice$1044 ($dffe) from module lsu_wrapper.
Setting constant 0-bit at position 10 on $auto$ff.cc:266:slice$1043 ($dffe) from module lsu_wrapper.
Setting constant 0-bit at position 11 on $auto$ff.cc:266:slice$1043 ($dffe) from module lsu_wrapper.
Setting constant 0-bit at position 12 on $auto$ff.cc:266:slice$1043 ($dffe) from module lsu_wrapper.
Setting constant 0-bit at position 13 on $auto$ff.cc:266:slice$1043 ($dffe) from module lsu_wrapper.
Setting constant 0-bit at position 14 on $auto$ff.cc:266:slice$1043 ($dffe) from module lsu_wrapper.
Setting constant 0-bit at position 15 on $auto$ff.cc:266:slice$1043 ($dffe) from module lsu_wrapper.
Setting constant 0-bit at position 16 on $auto$ff.cc:266:slice$1043 ($dffe) from module lsu_wrapper.
Setting constant 0-bit at position 17 on $auto$ff.cc:266:slice$1043 ($dffe) from module lsu_wrapper.
Setting constant 0-bit at position 18 on $auto$ff.cc:266:slice$1043 ($dffe) from module lsu_wrapper.
Setting constant 0-bit at position 19 on $auto$ff.cc:266:slice$1043 ($dffe) from module lsu_wrapper.
Setting constant 0-bit at position 20 on $auto$ff.cc:266:slice$1043 ($dffe) from module lsu_wrapper.
Setting constant 0-bit at position 21 on $auto$ff.cc:266:slice$1043 ($dffe) from module lsu_wrapper.
Setting constant 0-bit at position 22 on $auto$ff.cc:266:slice$1043 ($dffe) from module lsu_wrapper.
Setting constant 0-bit at position 23 on $auto$ff.cc:266:slice$1043 ($dffe) from module lsu_wrapper.
Setting constant 0-bit at position 24 on $auto$ff.cc:266:slice$1043 ($dffe) from module lsu_wrapper.
Setting constant 0-bit at position 25 on $auto$ff.cc:266:slice$1043 ($dffe) from module lsu_wrapper.
Setting constant 0-bit at position 26 on $auto$ff.cc:266:slice$1043 ($dffe) from module lsu_wrapper.
Setting constant 0-bit at position 27 on $auto$ff.cc:266:slice$1043 ($dffe) from module lsu_wrapper.
Setting constant 0-bit at position 28 on $auto$ff.cc:266:slice$1043 ($dffe) from module lsu_wrapper.
Setting constant 0-bit at position 29 on $auto$ff.cc:266:slice$1043 ($dffe) from module lsu_wrapper.
Setting constant 0-bit at position 30 on $auto$ff.cc:266:slice$1043 ($dffe) from module lsu_wrapper.
Setting constant 0-bit at position 31 on $auto$ff.cc:266:slice$1043 ($dffe) from module lsu_wrapper.
Setting constant 0-bit at position 10 on $auto$ff.cc:266:slice$1042 ($dffe) from module lsu_wrapper.
Setting constant 0-bit at position 11 on $auto$ff.cc:266:slice$1042 ($dffe) from module lsu_wrapper.
Setting constant 0-bit at position 12 on $auto$ff.cc:266:slice$1042 ($dffe) from module lsu_wrapper.
Setting constant 0-bit at position 13 on $auto$ff.cc:266:slice$1042 ($dffe) from module lsu_wrapper.
Setting constant 0-bit at position 14 on $auto$ff.cc:266:slice$1042 ($dffe) from module lsu_wrapper.
Setting constant 0-bit at position 15 on $auto$ff.cc:266:slice$1042 ($dffe) from module lsu_wrapper.
Setting constant 0-bit at position 16 on $auto$ff.cc:266:slice$1042 ($dffe) from module lsu_wrapper.
Setting constant 0-bit at position 17 on $auto$ff.cc:266:slice$1042 ($dffe) from module lsu_wrapper.
Setting constant 0-bit at position 18 on $auto$ff.cc:266:slice$1042 ($dffe) from module lsu_wrapper.
Setting constant 0-bit at position 19 on $auto$ff.cc:266:slice$1042 ($dffe) from module lsu_wrapper.
Setting constant 0-bit at position 20 on $auto$ff.cc:266:slice$1042 ($dffe) from module lsu_wrapper.
Setting constant 0-bit at position 21 on $auto$ff.cc:266:slice$1042 ($dffe) from module lsu_wrapper.
Setting constant 0-bit at position 22 on $auto$ff.cc:266:slice$1042 ($dffe) from module lsu_wrapper.
Setting constant 0-bit at position 23 on $auto$ff.cc:266:slice$1042 ($dffe) from module lsu_wrapper.
Setting constant 0-bit at position 24 on $auto$ff.cc:266:slice$1042 ($dffe) from module lsu_wrapper.
Setting constant 0-bit at position 25 on $auto$ff.cc:266:slice$1042 ($dffe) from module lsu_wrapper.
Setting constant 0-bit at position 26 on $auto$ff.cc:266:slice$1042 ($dffe) from module lsu_wrapper.
Setting constant 0-bit at position 27 on $auto$ff.cc:266:slice$1042 ($dffe) from module lsu_wrapper.
Setting constant 0-bit at position 28 on $auto$ff.cc:266:slice$1042 ($dffe) from module lsu_wrapper.
Setting constant 0-bit at position 29 on $auto$ff.cc:266:slice$1042 ($dffe) from module lsu_wrapper.
Setting constant 0-bit at position 30 on $auto$ff.cc:266:slice$1042 ($dffe) from module lsu_wrapper.
Setting constant 0-bit at position 31 on $auto$ff.cc:266:slice$1042 ($dffe) from module lsu_wrapper.
Setting constant 0-bit at position 10 on $auto$ff.cc:266:slice$1041 ($dffe) from module lsu_wrapper.
Setting constant 0-bit at position 11 on $auto$ff.cc:266:slice$1041 ($dffe) from module lsu_wrapper.
Setting constant 0-bit at position 12 on $auto$ff.cc:266:slice$1041 ($dffe) from module lsu_wrapper.
Setting constant 0-bit at position 13 on $auto$ff.cc:266:slice$1041 ($dffe) from module lsu_wrapper.
Setting constant 0-bit at position 14 on $auto$ff.cc:266:slice$1041 ($dffe) from module lsu_wrapper.
Setting constant 0-bit at position 15 on $auto$ff.cc:266:slice$1041 ($dffe) from module lsu_wrapper.
Setting constant 0-bit at position 16 on $auto$ff.cc:266:slice$1041 ($dffe) from module lsu_wrapper.
Setting constant 0-bit at position 17 on $auto$ff.cc:266:slice$1041 ($dffe) from module lsu_wrapper.
Setting constant 0-bit at position 18 on $auto$ff.cc:266:slice$1041 ($dffe) from module lsu_wrapper.
Setting constant 0-bit at position 19 on $auto$ff.cc:266:slice$1041 ($dffe) from module lsu_wrapper.
Setting constant 0-bit at position 20 on $auto$ff.cc:266:slice$1041 ($dffe) from module lsu_wrapper.
Setting constant 0-bit at position 21 on $auto$ff.cc:266:slice$1041 ($dffe) from module lsu_wrapper.
Setting constant 0-bit at position 22 on $auto$ff.cc:266:slice$1041 ($dffe) from module lsu_wrapper.
Setting constant 0-bit at position 23 on $auto$ff.cc:266:slice$1041 ($dffe) from module lsu_wrapper.
Setting constant 0-bit at position 24 on $auto$ff.cc:266:slice$1041 ($dffe) from module lsu_wrapper.
Setting constant 0-bit at position 25 on $auto$ff.cc:266:slice$1041 ($dffe) from module lsu_wrapper.
Setting constant 0-bit at position 26 on $auto$ff.cc:266:slice$1041 ($dffe) from module lsu_wrapper.
Setting constant 0-bit at position 27 on $auto$ff.cc:266:slice$1041 ($dffe) from module lsu_wrapper.
Setting constant 0-bit at position 28 on $auto$ff.cc:266:slice$1041 ($dffe) from module lsu_wrapper.
Setting constant 0-bit at position 29 on $auto$ff.cc:266:slice$1041 ($dffe) from module lsu_wrapper.
Setting constant 0-bit at position 30 on $auto$ff.cc:266:slice$1041 ($dffe) from module lsu_wrapper.
Setting constant 0-bit at position 31 on $auto$ff.cc:266:slice$1041 ($dffe) from module lsu_wrapper.
Setting constant 0-bit at position 10 on $auto$ff.cc:266:slice$1040 ($dffe) from module lsu_wrapper.
Setting constant 0-bit at position 11 on $auto$ff.cc:266:slice$1040 ($dffe) from module lsu_wrapper.
Setting constant 0-bit at position 12 on $auto$ff.cc:266:slice$1040 ($dffe) from module lsu_wrapper.
Setting constant 0-bit at position 13 on $auto$ff.cc:266:slice$1040 ($dffe) from module lsu_wrapper.
Setting constant 0-bit at position 14 on $auto$ff.cc:266:slice$1040 ($dffe) from module lsu_wrapper.
Setting constant 0-bit at position 15 on $auto$ff.cc:266:slice$1040 ($dffe) from module lsu_wrapper.
Setting constant 0-bit at position 16 on $auto$ff.cc:266:slice$1040 ($dffe) from module lsu_wrapper.
Setting constant 0-bit at position 17 on $auto$ff.cc:266:slice$1040 ($dffe) from module lsu_wrapper.
Setting constant 0-bit at position 18 on $auto$ff.cc:266:slice$1040 ($dffe) from module lsu_wrapper.
Setting constant 0-bit at position 19 on $auto$ff.cc:266:slice$1040 ($dffe) from module lsu_wrapper.
Setting constant 0-bit at position 20 on $auto$ff.cc:266:slice$1040 ($dffe) from module lsu_wrapper.
Setting constant 0-bit at position 21 on $auto$ff.cc:266:slice$1040 ($dffe) from module lsu_wrapper.
Setting constant 0-bit at position 22 on $auto$ff.cc:266:slice$1040 ($dffe) from module lsu_wrapper.
Setting constant 0-bit at position 23 on $auto$ff.cc:266:slice$1040 ($dffe) from module lsu_wrapper.
Setting constant 0-bit at position 24 on $auto$ff.cc:266:slice$1040 ($dffe) from module lsu_wrapper.
Setting constant 0-bit at position 25 on $auto$ff.cc:266:slice$1040 ($dffe) from module lsu_wrapper.
Setting constant 0-bit at position 26 on $auto$ff.cc:266:slice$1040 ($dffe) from module lsu_wrapper.
Setting constant 0-bit at position 27 on $auto$ff.cc:266:slice$1040 ($dffe) from module lsu_wrapper.
Setting constant 0-bit at position 28 on $auto$ff.cc:266:slice$1040 ($dffe) from module lsu_wrapper.
Setting constant 0-bit at position 29 on $auto$ff.cc:266:slice$1040 ($dffe) from module lsu_wrapper.
Setting constant 0-bit at position 30 on $auto$ff.cc:266:slice$1040 ($dffe) from module lsu_wrapper.
Setting constant 0-bit at position 31 on $auto$ff.cc:266:slice$1040 ($dffe) from module lsu_wrapper.
Setting constant 0-bit at position 10 on $auto$ff.cc:266:slice$1039 ($dffe) from module lsu_wrapper.
Setting constant 0-bit at position 11 on $auto$ff.cc:266:slice$1039 ($dffe) from module lsu_wrapper.
Setting constant 0-bit at position 12 on $auto$ff.cc:266:slice$1039 ($dffe) from module lsu_wrapper.
Setting constant 0-bit at position 13 on $auto$ff.cc:266:slice$1039 ($dffe) from module lsu_wrapper.
Setting constant 0-bit at position 14 on $auto$ff.cc:266:slice$1039 ($dffe) from module lsu_wrapper.
Setting constant 0-bit at position 15 on $auto$ff.cc:266:slice$1039 ($dffe) from module lsu_wrapper.
Setting constant 0-bit at position 16 on $auto$ff.cc:266:slice$1039 ($dffe) from module lsu_wrapper.
Setting constant 0-bit at position 17 on $auto$ff.cc:266:slice$1039 ($dffe) from module lsu_wrapper.
Setting constant 0-bit at position 18 on $auto$ff.cc:266:slice$1039 ($dffe) from module lsu_wrapper.
Setting constant 0-bit at position 19 on $auto$ff.cc:266:slice$1039 ($dffe) from module lsu_wrapper.
Setting constant 0-bit at position 20 on $auto$ff.cc:266:slice$1039 ($dffe) from module lsu_wrapper.
Setting constant 0-bit at position 21 on $auto$ff.cc:266:slice$1039 ($dffe) from module lsu_wrapper.
Setting constant 0-bit at position 22 on $auto$ff.cc:266:slice$1039 ($dffe) from module lsu_wrapper.
Setting constant 0-bit at position 23 on $auto$ff.cc:266:slice$1039 ($dffe) from module lsu_wrapper.
Setting constant 0-bit at position 24 on $auto$ff.cc:266:slice$1039 ($dffe) from module lsu_wrapper.
Setting constant 0-bit at position 25 on $auto$ff.cc:266:slice$1039 ($dffe) from module lsu_wrapper.
Setting constant 0-bit at position 26 on $auto$ff.cc:266:slice$1039 ($dffe) from module lsu_wrapper.
Setting constant 0-bit at position 27 on $auto$ff.cc:266:slice$1039 ($dffe) from module lsu_wrapper.
Setting constant 0-bit at position 28 on $auto$ff.cc:266:slice$1039 ($dffe) from module lsu_wrapper.
Setting constant 0-bit at position 29 on $auto$ff.cc:266:slice$1039 ($dffe) from module lsu_wrapper.
Setting constant 0-bit at position 30 on $auto$ff.cc:266:slice$1039 ($dffe) from module lsu_wrapper.
Setting constant 0-bit at position 31 on $auto$ff.cc:266:slice$1039 ($dffe) from module lsu_wrapper.
Setting constant 0-bit at position 10 on $auto$ff.cc:266:slice$1038 ($dffe) from module lsu_wrapper.
Setting constant 0-bit at position 11 on $auto$ff.cc:266:slice$1038 ($dffe) from module lsu_wrapper.
Setting constant 0-bit at position 12 on $auto$ff.cc:266:slice$1038 ($dffe) from module lsu_wrapper.
Setting constant 0-bit at position 13 on $auto$ff.cc:266:slice$1038 ($dffe) from module lsu_wrapper.
Setting constant 0-bit at position 14 on $auto$ff.cc:266:slice$1038 ($dffe) from module lsu_wrapper.
Setting constant 0-bit at position 15 on $auto$ff.cc:266:slice$1038 ($dffe) from module lsu_wrapper.
Setting constant 0-bit at position 16 on $auto$ff.cc:266:slice$1038 ($dffe) from module lsu_wrapper.
Setting constant 0-bit at position 17 on $auto$ff.cc:266:slice$1038 ($dffe) from module lsu_wrapper.
Setting constant 0-bit at position 18 on $auto$ff.cc:266:slice$1038 ($dffe) from module lsu_wrapper.
Setting constant 0-bit at position 19 on $auto$ff.cc:266:slice$1038 ($dffe) from module lsu_wrapper.
Setting constant 0-bit at position 20 on $auto$ff.cc:266:slice$1038 ($dffe) from module lsu_wrapper.
Setting constant 0-bit at position 21 on $auto$ff.cc:266:slice$1038 ($dffe) from module lsu_wrapper.
Setting constant 0-bit at position 22 on $auto$ff.cc:266:slice$1038 ($dffe) from module lsu_wrapper.
Setting constant 0-bit at position 23 on $auto$ff.cc:266:slice$1038 ($dffe) from module lsu_wrapper.
Setting constant 0-bit at position 24 on $auto$ff.cc:266:slice$1038 ($dffe) from module lsu_wrapper.
Setting constant 0-bit at position 25 on $auto$ff.cc:266:slice$1038 ($dffe) from module lsu_wrapper.
Setting constant 0-bit at position 26 on $auto$ff.cc:266:slice$1038 ($dffe) from module lsu_wrapper.
Setting constant 0-bit at position 27 on $auto$ff.cc:266:slice$1038 ($dffe) from module lsu_wrapper.
Setting constant 0-bit at position 28 on $auto$ff.cc:266:slice$1038 ($dffe) from module lsu_wrapper.
Setting constant 0-bit at position 29 on $auto$ff.cc:266:slice$1038 ($dffe) from module lsu_wrapper.
Setting constant 0-bit at position 30 on $auto$ff.cc:266:slice$1038 ($dffe) from module lsu_wrapper.
Setting constant 0-bit at position 31 on $auto$ff.cc:266:slice$1038 ($dffe) from module lsu_wrapper.
Setting constant 0-bit at position 10 on $auto$ff.cc:266:slice$1037 ($dffe) from module lsu_wrapper.
Setting constant 0-bit at position 11 on $auto$ff.cc:266:slice$1037 ($dffe) from module lsu_wrapper.
Setting constant 0-bit at position 12 on $auto$ff.cc:266:slice$1037 ($dffe) from module lsu_wrapper.
Setting constant 0-bit at position 13 on $auto$ff.cc:266:slice$1037 ($dffe) from module lsu_wrapper.
Setting constant 0-bit at position 14 on $auto$ff.cc:266:slice$1037 ($dffe) from module lsu_wrapper.
Setting constant 0-bit at position 15 on $auto$ff.cc:266:slice$1037 ($dffe) from module lsu_wrapper.
Setting constant 0-bit at position 16 on $auto$ff.cc:266:slice$1037 ($dffe) from module lsu_wrapper.
Setting constant 0-bit at position 17 on $auto$ff.cc:266:slice$1037 ($dffe) from module lsu_wrapper.
Setting constant 0-bit at position 18 on $auto$ff.cc:266:slice$1037 ($dffe) from module lsu_wrapper.
Setting constant 0-bit at position 19 on $auto$ff.cc:266:slice$1037 ($dffe) from module lsu_wrapper.
Setting constant 0-bit at position 20 on $auto$ff.cc:266:slice$1037 ($dffe) from module lsu_wrapper.
Setting constant 0-bit at position 21 on $auto$ff.cc:266:slice$1037 ($dffe) from module lsu_wrapper.
Setting constant 0-bit at position 22 on $auto$ff.cc:266:slice$1037 ($dffe) from module lsu_wrapper.
Setting constant 0-bit at position 23 on $auto$ff.cc:266:slice$1037 ($dffe) from module lsu_wrapper.
Setting constant 0-bit at position 24 on $auto$ff.cc:266:slice$1037 ($dffe) from module lsu_wrapper.
Setting constant 0-bit at position 25 on $auto$ff.cc:266:slice$1037 ($dffe) from module lsu_wrapper.
Setting constant 0-bit at position 26 on $auto$ff.cc:266:slice$1037 ($dffe) from module lsu_wrapper.
Setting constant 0-bit at position 27 on $auto$ff.cc:266:slice$1037 ($dffe) from module lsu_wrapper.
Setting constant 0-bit at position 28 on $auto$ff.cc:266:slice$1037 ($dffe) from module lsu_wrapper.
Setting constant 0-bit at position 29 on $auto$ff.cc:266:slice$1037 ($dffe) from module lsu_wrapper.
Setting constant 0-bit at position 30 on $auto$ff.cc:266:slice$1037 ($dffe) from module lsu_wrapper.
Setting constant 0-bit at position 31 on $auto$ff.cc:266:slice$1037 ($dffe) from module lsu_wrapper.
Setting constant 0-bit at position 10 on $auto$ff.cc:266:slice$1036 ($dffe) from module lsu_wrapper.
Setting constant 0-bit at position 11 on $auto$ff.cc:266:slice$1036 ($dffe) from module lsu_wrapper.
Setting constant 0-bit at position 12 on $auto$ff.cc:266:slice$1036 ($dffe) from module lsu_wrapper.
Setting constant 0-bit at position 13 on $auto$ff.cc:266:slice$1036 ($dffe) from module lsu_wrapper.
Setting constant 0-bit at position 14 on $auto$ff.cc:266:slice$1036 ($dffe) from module lsu_wrapper.
Setting constant 0-bit at position 15 on $auto$ff.cc:266:slice$1036 ($dffe) from module lsu_wrapper.
Setting constant 0-bit at position 16 on $auto$ff.cc:266:slice$1036 ($dffe) from module lsu_wrapper.
Setting constant 0-bit at position 17 on $auto$ff.cc:266:slice$1036 ($dffe) from module lsu_wrapper.
Setting constant 0-bit at position 18 on $auto$ff.cc:266:slice$1036 ($dffe) from module lsu_wrapper.
Setting constant 0-bit at position 19 on $auto$ff.cc:266:slice$1036 ($dffe) from module lsu_wrapper.
Setting constant 0-bit at position 20 on $auto$ff.cc:266:slice$1036 ($dffe) from module lsu_wrapper.
Setting constant 0-bit at position 21 on $auto$ff.cc:266:slice$1036 ($dffe) from module lsu_wrapper.
Setting constant 0-bit at position 22 on $auto$ff.cc:266:slice$1036 ($dffe) from module lsu_wrapper.
Setting constant 0-bit at position 23 on $auto$ff.cc:266:slice$1036 ($dffe) from module lsu_wrapper.
Setting constant 0-bit at position 24 on $auto$ff.cc:266:slice$1036 ($dffe) from module lsu_wrapper.
Setting constant 0-bit at position 25 on $auto$ff.cc:266:slice$1036 ($dffe) from module lsu_wrapper.
Setting constant 0-bit at position 26 on $auto$ff.cc:266:slice$1036 ($dffe) from module lsu_wrapper.
Setting constant 0-bit at position 27 on $auto$ff.cc:266:slice$1036 ($dffe) from module lsu_wrapper.
Setting constant 0-bit at position 28 on $auto$ff.cc:266:slice$1036 ($dffe) from module lsu_wrapper.
Setting constant 0-bit at position 29 on $auto$ff.cc:266:slice$1036 ($dffe) from module lsu_wrapper.
Setting constant 0-bit at position 30 on $auto$ff.cc:266:slice$1036 ($dffe) from module lsu_wrapper.
Setting constant 0-bit at position 31 on $auto$ff.cc:266:slice$1036 ($dffe) from module lsu_wrapper.
Setting constant 0-bit at position 10 on $auto$ff.cc:266:slice$1035 ($dffe) from module lsu_wrapper.
Setting constant 0-bit at position 11 on $auto$ff.cc:266:slice$1035 ($dffe) from module lsu_wrapper.
Setting constant 0-bit at position 12 on $auto$ff.cc:266:slice$1035 ($dffe) from module lsu_wrapper.
Setting constant 0-bit at position 13 on $auto$ff.cc:266:slice$1035 ($dffe) from module lsu_wrapper.
Setting constant 0-bit at position 14 on $auto$ff.cc:266:slice$1035 ($dffe) from module lsu_wrapper.
Setting constant 0-bit at position 15 on $auto$ff.cc:266:slice$1035 ($dffe) from module lsu_wrapper.
Setting constant 0-bit at position 16 on $auto$ff.cc:266:slice$1035 ($dffe) from module lsu_wrapper.
Setting constant 0-bit at position 17 on $auto$ff.cc:266:slice$1035 ($dffe) from module lsu_wrapper.
Setting constant 0-bit at position 18 on $auto$ff.cc:266:slice$1035 ($dffe) from module lsu_wrapper.
Setting constant 0-bit at position 19 on $auto$ff.cc:266:slice$1035 ($dffe) from module lsu_wrapper.
Setting constant 0-bit at position 20 on $auto$ff.cc:266:slice$1035 ($dffe) from module lsu_wrapper.
Setting constant 0-bit at position 21 on $auto$ff.cc:266:slice$1035 ($dffe) from module lsu_wrapper.
Setting constant 0-bit at position 22 on $auto$ff.cc:266:slice$1035 ($dffe) from module lsu_wrapper.
Setting constant 0-bit at position 23 on $auto$ff.cc:266:slice$1035 ($dffe) from module lsu_wrapper.
Setting constant 0-bit at position 24 on $auto$ff.cc:266:slice$1035 ($dffe) from module lsu_wrapper.
Setting constant 0-bit at position 25 on $auto$ff.cc:266:slice$1035 ($dffe) from module lsu_wrapper.
Setting constant 0-bit at position 26 on $auto$ff.cc:266:slice$1035 ($dffe) from module lsu_wrapper.
Setting constant 0-bit at position 27 on $auto$ff.cc:266:slice$1035 ($dffe) from module lsu_wrapper.
Setting constant 0-bit at position 28 on $auto$ff.cc:266:slice$1035 ($dffe) from module lsu_wrapper.
Setting constant 0-bit at position 29 on $auto$ff.cc:266:slice$1035 ($dffe) from module lsu_wrapper.
Setting constant 0-bit at position 30 on $auto$ff.cc:266:slice$1035 ($dffe) from module lsu_wrapper.
Setting constant 0-bit at position 31 on $auto$ff.cc:266:slice$1035 ($dffe) from module lsu_wrapper.
Setting constant 0-bit at position 10 on $auto$ff.cc:266:slice$1034 ($dffe) from module lsu_wrapper.
Setting constant 0-bit at position 11 on $auto$ff.cc:266:slice$1034 ($dffe) from module lsu_wrapper.
Setting constant 0-bit at position 12 on $auto$ff.cc:266:slice$1034 ($dffe) from module lsu_wrapper.
Setting constant 0-bit at position 13 on $auto$ff.cc:266:slice$1034 ($dffe) from module lsu_wrapper.
Setting constant 0-bit at position 14 on $auto$ff.cc:266:slice$1034 ($dffe) from module lsu_wrapper.
Setting constant 0-bit at position 15 on $auto$ff.cc:266:slice$1034 ($dffe) from module lsu_wrapper.
Setting constant 0-bit at position 16 on $auto$ff.cc:266:slice$1034 ($dffe) from module lsu_wrapper.
Setting constant 0-bit at position 17 on $auto$ff.cc:266:slice$1034 ($dffe) from module lsu_wrapper.
Setting constant 0-bit at position 18 on $auto$ff.cc:266:slice$1034 ($dffe) from module lsu_wrapper.
Setting constant 0-bit at position 19 on $auto$ff.cc:266:slice$1034 ($dffe) from module lsu_wrapper.
Setting constant 0-bit at position 20 on $auto$ff.cc:266:slice$1034 ($dffe) from module lsu_wrapper.
Setting constant 0-bit at position 21 on $auto$ff.cc:266:slice$1034 ($dffe) from module lsu_wrapper.
Setting constant 0-bit at position 22 on $auto$ff.cc:266:slice$1034 ($dffe) from module lsu_wrapper.
Setting constant 0-bit at position 23 on $auto$ff.cc:266:slice$1034 ($dffe) from module lsu_wrapper.
Setting constant 0-bit at position 24 on $auto$ff.cc:266:slice$1034 ($dffe) from module lsu_wrapper.
Setting constant 0-bit at position 25 on $auto$ff.cc:266:slice$1034 ($dffe) from module lsu_wrapper.
Setting constant 0-bit at position 26 on $auto$ff.cc:266:slice$1034 ($dffe) from module lsu_wrapper.
Setting constant 0-bit at position 27 on $auto$ff.cc:266:slice$1034 ($dffe) from module lsu_wrapper.
Setting constant 0-bit at position 28 on $auto$ff.cc:266:slice$1034 ($dffe) from module lsu_wrapper.
Setting constant 0-bit at position 29 on $auto$ff.cc:266:slice$1034 ($dffe) from module lsu_wrapper.
Setting constant 0-bit at position 30 on $auto$ff.cc:266:slice$1034 ($dffe) from module lsu_wrapper.
Setting constant 0-bit at position 31 on $auto$ff.cc:266:slice$1034 ($dffe) from module lsu_wrapper.
Setting constant 0-bit at position 10 on $auto$ff.cc:266:slice$1033 ($dffe) from module lsu_wrapper.
Setting constant 0-bit at position 11 on $auto$ff.cc:266:slice$1033 ($dffe) from module lsu_wrapper.
Setting constant 0-bit at position 12 on $auto$ff.cc:266:slice$1033 ($dffe) from module lsu_wrapper.
Setting constant 0-bit at position 13 on $auto$ff.cc:266:slice$1033 ($dffe) from module lsu_wrapper.
Setting constant 0-bit at position 14 on $auto$ff.cc:266:slice$1033 ($dffe) from module lsu_wrapper.
Setting constant 0-bit at position 15 on $auto$ff.cc:266:slice$1033 ($dffe) from module lsu_wrapper.
Setting constant 0-bit at position 16 on $auto$ff.cc:266:slice$1033 ($dffe) from module lsu_wrapper.
Setting constant 0-bit at position 17 on $auto$ff.cc:266:slice$1033 ($dffe) from module lsu_wrapper.
Setting constant 0-bit at position 18 on $auto$ff.cc:266:slice$1033 ($dffe) from module lsu_wrapper.
Setting constant 0-bit at position 19 on $auto$ff.cc:266:slice$1033 ($dffe) from module lsu_wrapper.
Setting constant 0-bit at position 20 on $auto$ff.cc:266:slice$1033 ($dffe) from module lsu_wrapper.
Setting constant 0-bit at position 21 on $auto$ff.cc:266:slice$1033 ($dffe) from module lsu_wrapper.
Setting constant 0-bit at position 22 on $auto$ff.cc:266:slice$1033 ($dffe) from module lsu_wrapper.
Setting constant 0-bit at position 23 on $auto$ff.cc:266:slice$1033 ($dffe) from module lsu_wrapper.
Setting constant 0-bit at position 24 on $auto$ff.cc:266:slice$1033 ($dffe) from module lsu_wrapper.
Setting constant 0-bit at position 25 on $auto$ff.cc:266:slice$1033 ($dffe) from module lsu_wrapper.
Setting constant 0-bit at position 26 on $auto$ff.cc:266:slice$1033 ($dffe) from module lsu_wrapper.
Setting constant 0-bit at position 27 on $auto$ff.cc:266:slice$1033 ($dffe) from module lsu_wrapper.
Setting constant 0-bit at position 28 on $auto$ff.cc:266:slice$1033 ($dffe) from module lsu_wrapper.
Setting constant 0-bit at position 29 on $auto$ff.cc:266:slice$1033 ($dffe) from module lsu_wrapper.
Setting constant 0-bit at position 30 on $auto$ff.cc:266:slice$1033 ($dffe) from module lsu_wrapper.
Setting constant 0-bit at position 31 on $auto$ff.cc:266:slice$1033 ($dffe) from module lsu_wrapper.
Setting constant 0-bit at position 10 on $auto$ff.cc:266:slice$1032 ($dffe) from module lsu_wrapper.
Setting constant 0-bit at position 11 on $auto$ff.cc:266:slice$1032 ($dffe) from module lsu_wrapper.
Setting constant 0-bit at position 12 on $auto$ff.cc:266:slice$1032 ($dffe) from module lsu_wrapper.
Setting constant 0-bit at position 13 on $auto$ff.cc:266:slice$1032 ($dffe) from module lsu_wrapper.
Setting constant 0-bit at position 14 on $auto$ff.cc:266:slice$1032 ($dffe) from module lsu_wrapper.
Setting constant 0-bit at position 15 on $auto$ff.cc:266:slice$1032 ($dffe) from module lsu_wrapper.
Setting constant 0-bit at position 16 on $auto$ff.cc:266:slice$1032 ($dffe) from module lsu_wrapper.
Setting constant 0-bit at position 17 on $auto$ff.cc:266:slice$1032 ($dffe) from module lsu_wrapper.
Setting constant 0-bit at position 18 on $auto$ff.cc:266:slice$1032 ($dffe) from module lsu_wrapper.
Setting constant 0-bit at position 19 on $auto$ff.cc:266:slice$1032 ($dffe) from module lsu_wrapper.
Setting constant 0-bit at position 20 on $auto$ff.cc:266:slice$1032 ($dffe) from module lsu_wrapper.
Setting constant 0-bit at position 21 on $auto$ff.cc:266:slice$1032 ($dffe) from module lsu_wrapper.
Setting constant 0-bit at position 22 on $auto$ff.cc:266:slice$1032 ($dffe) from module lsu_wrapper.
Setting constant 0-bit at position 23 on $auto$ff.cc:266:slice$1032 ($dffe) from module lsu_wrapper.
Setting constant 0-bit at position 24 on $auto$ff.cc:266:slice$1032 ($dffe) from module lsu_wrapper.
Setting constant 0-bit at position 25 on $auto$ff.cc:266:slice$1032 ($dffe) from module lsu_wrapper.
Setting constant 0-bit at position 26 on $auto$ff.cc:266:slice$1032 ($dffe) from module lsu_wrapper.
Setting constant 0-bit at position 27 on $auto$ff.cc:266:slice$1032 ($dffe) from module lsu_wrapper.
Setting constant 0-bit at position 28 on $auto$ff.cc:266:slice$1032 ($dffe) from module lsu_wrapper.
Setting constant 0-bit at position 29 on $auto$ff.cc:266:slice$1032 ($dffe) from module lsu_wrapper.
Setting constant 0-bit at position 30 on $auto$ff.cc:266:slice$1032 ($dffe) from module lsu_wrapper.
Setting constant 0-bit at position 31 on $auto$ff.cc:266:slice$1032 ($dffe) from module lsu_wrapper.

121. Executing OPT_CLEAN pass (remove unused cells and wires).
Finding unused cells or wires in module \lsu_wrapper..
Removed 32 unused cells and 32 unused wires.
<suppressed ~33 debug messages>

122. Executing OPT_EXPR pass (perform const folding).
Optimizing module lsu_wrapper.
<suppressed ~2 debug messages>

123. Rerunning OPT passes. (Maybe there is more to do…)

124. Executing OPT_MUXTREE pass (detect dead branches in mux trees).
Running muxtree optimizer on module \lsu_wrapper..
  Creating internal representation of mux trees.
  Evaluating internal representation of mux trees.
  Analyzing evaluation results.
Removed 0 multiplexer ports.
<suppressed ~9 debug messages>

125. Executing OPT_REDUCE pass (consolidate $*mux and $reduce_* inputs).
  Optimizing cells in module \lsu_wrapper.
    Consolidated identical input bits for $mux cell $memory\lsu.store_fifo.queue$rdmux[0][3][0]$880:
      Old ports: A={ 22'0000000000000000000000 \lsu.store_fifo.queue[0] [9:0] }, B={ 22'0000000000000000000000 \lsu.store_fifo.queue[1] [9:0] }, Y=$memory\lsu.store_fifo.queue$rdmux[0][2][0]$a$869
      New ports: A=\lsu.store_fifo.queue[0] [9:0], B=\lsu.store_fifo.queue[1] [9:0], Y=$memory\lsu.store_fifo.queue$rdmux[0][2][0]$a$869 [9:0]
      New connections: $memory\lsu.store_fifo.queue$rdmux[0][2][0]$a$869 [31:10] = 22'0000000000000000000000
    Consolidated identical input bits for $mux cell $memory\lsu.store_fifo.queue$rdmux[0][3][1]$883:
      Old ports: A={ 22'0000000000000000000000 \lsu.store_fifo.queue[2] [9:0] }, B={ 22'0000000000000000000000 \lsu.store_fifo.queue[3] [9:0] }, Y=$memory\lsu.store_fifo.queue$rdmux[0][2][0]$b$870
      New ports: A=\lsu.store_fifo.queue[2] [9:0], B=\lsu.store_fifo.queue[3] [9:0], Y=$memory\lsu.store_fifo.queue$rdmux[0][2][0]$b$870 [9:0]
      New connections: $memory\lsu.store_fifo.queue$rdmux[0][2][0]$b$870 [31:10] = 22'0000000000000000000000
    Consolidated identical input bits for $mux cell $memory\lsu.store_fifo.queue$rdmux[0][3][2]$886:
      Old ports: A={ 22'0000000000000000000000 \lsu.store_fifo.queue[4] [9:0] }, B={ 22'0000000000000000000000 \lsu.store_fifo.queue[5] [9:0] }, Y=$memory\lsu.store_fifo.queue$rdmux[0][2][1]$a$872
      New ports: A=\lsu.store_fifo.queue[4] [9:0], B=\lsu.store_fifo.queue[5] [9:0], Y=$memory\lsu.store_fifo.queue$rdmux[0][2][1]$a$872 [9:0]
      New connections: $memory\lsu.store_fifo.queue$rdmux[0][2][1]$a$872 [31:10] = 22'0000000000000000000000
    Consolidated identical input bits for $mux cell $memory\lsu.store_fifo.queue$rdmux[0][3][3]$889:
      Old ports: A={ 22'0000000000000000000000 \lsu.store_fifo.queue[6] [9:0] }, B={ 22'0000000000000000000000 \lsu.store_fifo.queue[7] [9:0] }, Y=$memory\lsu.store_fifo.queue$rdmux[0][2][1]$b$873
      New ports: A=\lsu.store_fifo.queue[6] [9:0], B=\lsu.store_fifo.queue[7] [9:0], Y=$memory\lsu.store_fifo.queue$rdmux[0][2][1]$b$873 [9:0]
      New connections: $memory\lsu.store_fifo.queue$rdmux[0][2][1]$b$873 [31:10] = 22'0000000000000000000000
    Consolidated identical input bits for $mux cell $memory\lsu.store_fifo.queue$rdmux[0][3][4]$892:
      Old ports: A={ 22'0000000000000000000000 \lsu.store_fifo.queue[8] [9:0] }, B={ 22'0000000000000000000000 \lsu.store_fifo.queue[9] [9:0] }, Y=$memory\lsu.store_fifo.queue$rdmux[0][2][2]$a$875
      New ports: A=\lsu.store_fifo.queue[8] [9:0], B=\lsu.store_fifo.queue[9] [9:0], Y=$memory\lsu.store_fifo.queue$rdmux[0][2][2]$a$875 [9:0]
      New connections: $memory\lsu.store_fifo.queue$rdmux[0][2][2]$a$875 [31:10] = 22'0000000000000000000000
    Consolidated identical input bits for $mux cell $memory\lsu.store_fifo.queue$rdmux[0][3][5]$895:
      Old ports: A={ 22'0000000000000000000000 \lsu.store_fifo.queue[10] [9:0] }, B={ 22'0000000000000000000000 \lsu.store_fifo.queue[11] [9:0] }, Y=$memory\lsu.store_fifo.queue$rdmux[0][2][2]$b$876
      New ports: A=\lsu.store_fifo.queue[10] [9:0], B=\lsu.store_fifo.queue[11] [9:0], Y=$memory\lsu.store_fifo.queue$rdmux[0][2][2]$b$876 [9:0]
      New connections: $memory\lsu.store_fifo.queue$rdmux[0][2][2]$b$876 [31:10] = 22'0000000000000000000000
    Consolidated identical input bits for $mux cell $memory\lsu.store_fifo.queue$rdmux[0][3][6]$898:
      Old ports: A={ 22'0000000000000000000000 \lsu.store_fifo.queue[12] [9:0] }, B={ 22'0000000000000000000000 \lsu.store_fifo.queue[13] [9:0] }, Y=$memory\lsu.store_fifo.queue$rdmux[0][2][3]$a$878
      New ports: A=\lsu.store_fifo.queue[12] [9:0], B=\lsu.store_fifo.queue[13] [9:0], Y=$memory\lsu.store_fifo.queue$rdmux[0][2][3]$a$878 [9:0]
      New connections: $memory\lsu.store_fifo.queue$rdmux[0][2][3]$a$878 [31:10] = 22'0000000000000000000000
    Consolidated identical input bits for $mux cell $memory\lsu.store_fifo.queue$rdmux[0][3][7]$901:
      Old ports: A={ 22'0000000000000000000000 \lsu.store_fifo.queue[14] [9:0] }, B={ 22'0000000000000000000000 \lsu.store_fifo.queue[15] [9:0] }, Y=$memory\lsu.store_fifo.queue$rdmux[0][2][3]$b$879
      New ports: A=\lsu.store_fifo.queue[14] [9:0], B=\lsu.store_fifo.queue[15] [9:0], Y=$memory\lsu.store_fifo.queue$rdmux[0][2][3]$b$879 [9:0]
      New connections: $memory\lsu.store_fifo.queue$rdmux[0][2][3]$b$879 [31:10] = 22'0000000000000000000000
  Optimizing cells in module \lsu_wrapper.
    Consolidated identical input bits for $mux cell $memory\lsu.store_fifo.queue$rdmux[0][2][0]$868:
      Old ports: A=$memory\lsu.store_fifo.queue$rdmux[0][2][0]$a$869, B=$memory\lsu.store_fifo.queue$rdmux[0][2][0]$b$870, Y=$memory\lsu.store_fifo.queue$rdmux[0][1][0]$a$863
      New ports: A=$memory\lsu.store_fifo.queue$rdmux[0][2][0]$a$869 [9:0], B=$memory\lsu.store_fifo.queue$rdmux[0][2][0]$b$870 [9:0], Y=$memory\lsu.store_fifo.queue$rdmux[0][1][0]$a$863 [9:0]
      New connections: $memory\lsu.store_fifo.queue$rdmux[0][1][0]$a$863 [31:10] = 22'0000000000000000000000
    Consolidated identical input bits for $mux cell $memory\lsu.store_fifo.queue$rdmux[0][2][1]$871:
      Old ports: A=$memory\lsu.store_fifo.queue$rdmux[0][2][1]$a$872, B=$memory\lsu.store_fifo.queue$rdmux[0][2][1]$b$873, Y=$memory\lsu.store_fifo.queue$rdmux[0][1][0]$b$864
      New ports: A=$memory\lsu.store_fifo.queue$rdmux[0][2][1]$a$872 [9:0], B=$memory\lsu.store_fifo.queue$rdmux[0][2][1]$b$873 [9:0], Y=$memory\lsu.store_fifo.queue$rdmux[0][1][0]$b$864 [9:0]
      New connections: $memory\lsu.store_fifo.queue$rdmux[0][1][0]$b$864 [31:10] = 22'0000000000000000000000
    Consolidated identical input bits for $mux cell $memory\lsu.store_fifo.queue$rdmux[0][2][2]$874:
      Old ports: A=$memory\lsu.store_fifo.queue$rdmux[0][2][2]$a$875, B=$memory\lsu.store_fifo.queue$rdmux[0][2][2]$b$876, Y=$memory\lsu.store_fifo.queue$rdmux[0][1][1]$a$866
      New ports: A=$memory\lsu.store_fifo.queue$rdmux[0][2][2]$a$875 [9:0], B=$memory\lsu.store_fifo.queue$rdmux[0][2][2]$b$876 [9:0], Y=$memory\lsu.store_fifo.queue$rdmux[0][1][1]$a$866 [9:0]
      New connections: $memory\lsu.store_fifo.queue$rdmux[0][1][1]$a$866 [31:10] = 22'0000000000000000000000
    Consolidated identical input bits for $mux cell $memory\lsu.store_fifo.queue$rdmux[0][2][3]$877:
      Old ports: A=$memory\lsu.store_fifo.queue$rdmux[0][2][3]$a$878, B=$memory\lsu.store_fifo.queue$rdmux[0][2][3]$b$879, Y=$memory\lsu.store_fifo.queue$rdmux[0][1][1]$b$867
      New ports: A=$memory\lsu.store_fifo.queue$rdmux[0][2][3]$a$878 [9:0], B=$memory\lsu.store_fifo.queue$rdmux[0][2][3]$b$879 [9:0], Y=$memory\lsu.store_fifo.queue$rdmux[0][1][1]$b$867 [9:0]
      New connections: $memory\lsu.store_fifo.queue$rdmux[0][1][1]$b$867 [31:10] = 22'0000000000000000000000
  Optimizing cells in module \lsu_wrapper.
    Consolidated identical input bits for $mux cell $memory\lsu.store_fifo.queue$rdmux[0][1][0]$862:
      Old ports: A=$memory\lsu.store_fifo.queue$rdmux[0][1][0]$a$863, B=$memory\lsu.store_fifo.queue$rdmux[0][1][0]$b$864, Y=$memory\lsu.store_fifo.queue$rdmux[0][0][0]$a$860
      New ports: A=$memory\lsu.store_fifo.queue$rdmux[0][1][0]$a$863 [9:0], B=$memory\lsu.store_fifo.queue$rdmux[0][1][0]$b$864 [9:0], Y=$memory\lsu.store_fifo.queue$rdmux[0][0][0]$a$860 [9:0]
      New connections: $memory\lsu.store_fifo.queue$rdmux[0][0][0]$a$860 [31:10] = 22'0000000000000000000000
    Consolidated identical input bits for $mux cell $memory\lsu.store_fifo.queue$rdmux[0][1][1]$865:
      Old ports: A=$memory\lsu.store_fifo.queue$rdmux[0][1][1]$a$866, B=$memory\lsu.store_fifo.queue$rdmux[0][1][1]$b$867, Y=$memory\lsu.store_fifo.queue$rdmux[0][0][0]$b$861
      New ports: A=$memory\lsu.store_fifo.queue$rdmux[0][1][1]$a$866 [9:0], B=$memory\lsu.store_fifo.queue$rdmux[0][1][1]$b$867 [9:0], Y=$memory\lsu.store_fifo.queue$rdmux[0][0][0]$b$861 [9:0]
      New connections: $memory\lsu.store_fifo.queue$rdmux[0][0][0]$b$861 [31:10] = 22'0000000000000000000000
  Optimizing cells in module \lsu_wrapper.
    Consolidated identical input bits for $mux cell $memory\lsu.store_fifo.queue$rdmux[0][0][0]$859:
      Old ports: A=$memory\lsu.store_fifo.queue$rdmux[0][0][0]$a$860, B=$memory\lsu.store_fifo.queue$rdmux[0][0][0]$b$861, Y=$\lsu.store_fifo.queue$rdreg[0]$d
      New ports: A=$memory\lsu.store_fifo.queue$rdmux[0][0][0]$a$860 [9:0], B=$memory\lsu.store_fifo.queue$rdmux[0][0][0]$b$861 [9:0], Y=$\lsu.store_fifo.queue$rdreg[0]$d [9:0]
      New connections: $\lsu.store_fifo.queue$rdreg[0]$d [31:10] = 22'0000000000000000000000
  Optimizing cells in module \lsu_wrapper.
Performed a total of 15 changes.

126. Executing OPT_MERGE pass (detect identical cells).
Finding identical cells in module `\lsu_wrapper'.
Removed a total of 0 cells.

127. Executing OPT_SHARE pass.

128. Executing OPT_DFF pass (perform DFF optimizations).

129. Executing OPT_CLEAN pass (remove unused cells and wires).
Finding unused cells or wires in module \lsu_wrapper..

130. Executing OPT_EXPR pass (perform const folding).
Optimizing module lsu_wrapper.

131. Rerunning OPT passes. (Maybe there is more to do…)

132. Executing OPT_MUXTREE pass (detect dead branches in mux trees).
Running muxtree optimizer on module \lsu_wrapper..
  Creating internal representation of mux trees.
  Evaluating internal representation of mux trees.
  Analyzing evaluation results.
Removed 0 multiplexer ports.
<suppressed ~9 debug messages>

133. Executing OPT_REDUCE pass (consolidate $*mux and $reduce_* inputs).
  Optimizing cells in module \lsu_wrapper.
Performed a total of 0 changes.

134. Executing OPT_MERGE pass (detect identical cells).
Finding identical cells in module `\lsu_wrapper'.
Removed a total of 0 cells.

135. Executing OPT_SHARE pass.

136. Executing OPT_DFF pass (perform DFF optimizations).
Setting constant 0-bit at position 10 on $\lsu.store_fifo.queue$rdreg[0] ($adffe) from module lsu_wrapper.
Setting constant 0-bit at position 11 on $\lsu.store_fifo.queue$rdreg[0] ($adffe) from module lsu_wrapper.
Setting constant 0-bit at position 12 on $\lsu.store_fifo.queue$rdreg[0] ($adffe) from module lsu_wrapper.
Setting constant 0-bit at position 13 on $\lsu.store_fifo.queue$rdreg[0] ($adffe) from module lsu_wrapper.
Setting constant 0-bit at position 14 on $\lsu.store_fifo.queue$rdreg[0] ($adffe) from module lsu_wrapper.
Setting constant 0-bit at position 15 on $\lsu.store_fifo.queue$rdreg[0] ($adffe) from module lsu_wrapper.
Setting constant 0-bit at position 16 on $\lsu.store_fifo.queue$rdreg[0] ($adffe) from module lsu_wrapper.
Setting constant 0-bit at position 17 on $\lsu.store_fifo.queue$rdreg[0] ($adffe) from module lsu_wrapper.
Setting constant 0-bit at position 18 on $\lsu.store_fifo.queue$rdreg[0] ($adffe) from module lsu_wrapper.
Setting constant 0-bit at position 19 on $\lsu.store_fifo.queue$rdreg[0] ($adffe) from module lsu_wrapper.
Setting constant 0-bit at position 20 on $\lsu.store_fifo.queue$rdreg[0] ($adffe) from module lsu_wrapper.
Setting constant 0-bit at position 21 on $\lsu.store_fifo.queue$rdreg[0] ($adffe) from module lsu_wrapper.
Setting constant 0-bit at position 22 on $\lsu.store_fifo.queue$rdreg[0] ($adffe) from module lsu_wrapper.
Setting constant 0-bit at position 23 on $\lsu.store_fifo.queue$rdreg[0] ($adffe) from module lsu_wrapper.
Setting constant 0-bit at position 24 on $\lsu.store_fifo.queue$rdreg[0] ($adffe) from module lsu_wrapper.
Setting constant 0-bit at position 25 on $\lsu.store_fifo.queue$rdreg[0] ($adffe) from module lsu_wrapper.
Setting constant 0-bit at position 26 on $\lsu.store_fifo.queue$rdreg[0] ($adffe) from module lsu_wrapper.
Setting constant 0-bit at position 27 on $\lsu.store_fifo.queue$rdreg[0] ($adffe) from module lsu_wrapper.
Setting constant 0-bit at position 28 on $\lsu.store_fifo.queue$rdreg[0] ($adffe) from module lsu_wrapper.
Setting constant 0-bit at position 29 on $\lsu.store_fifo.queue$rdreg[0] ($adffe) from module lsu_wrapper.
Setting constant 0-bit at position 30 on $\lsu.store_fifo.queue$rdreg[0] ($adffe) from module lsu_wrapper.
Setting constant 0-bit at position 31 on $\lsu.store_fifo.queue$rdreg[0] ($adffe) from module lsu_wrapper.

137. Executing OPT_CLEAN pass (remove unused cells and wires).
Finding unused cells or wires in module \lsu_wrapper..

138. Executing OPT_EXPR pass (perform const folding).
Optimizing module lsu_wrapper.

139. Rerunning OPT passes. (Maybe there is more to do…)

140. Executing OPT_MUXTREE pass (detect dead branches in mux trees).
Running muxtree optimizer on module \lsu_wrapper..
  Creating internal representation of mux trees.
  Evaluating internal representation of mux trees.
  Analyzing evaluation results.
Removed 0 multiplexer ports.
<suppressed ~9 debug messages>

141. Executing OPT_REDUCE pass (consolidate $*mux and $reduce_* inputs).
  Optimizing cells in module \lsu_wrapper.
Performed a total of 0 changes.

142. Executing OPT_MERGE pass (detect identical cells).
Finding identical cells in module `\lsu_wrapper'.
Removed a total of 0 cells.

143. Executing OPT_SHARE pass.

144. Executing OPT_DFF pass (perform DFF optimizations).

145. Executing OPT_CLEAN pass (remove unused cells and wires).
Finding unused cells or wires in module \lsu_wrapper..

146. Executing OPT_EXPR pass (perform const folding).
Optimizing module lsu_wrapper.

147. Executing TECHMAP pass (map to technology primitives).

147.1. Executing Verilog-2005 frontend: /nix/store/9r0bh7sp051dpm8km8bqlb028anpd3v3-yosys/bin/../share/yosys/techmap.v
Parsing Verilog input from `/nix/store/9r0bh7sp051dpm8km8bqlb028anpd3v3-yosys/bin/../share/yosys/techmap.v' to AST representation.
Generating RTLIL representation for module `\_90_simplemap_bool_ops'.
Generating RTLIL representation for module `\_90_simplemap_reduce_ops'.
Generating RTLIL representation for module `\_90_simplemap_logic_ops'.
Generating RTLIL representation for module `\_90_simplemap_compare_ops'.
Generating RTLIL representation for module `\_90_simplemap_various'.
Generating RTLIL representation for module `\_90_simplemap_registers'.
Generating RTLIL representation for module `\_90_shift_ops_shr_shl_sshl_sshr'.
Generating RTLIL representation for module `\_90_shift_shiftx'.
Generating RTLIL representation for module `\_90_fa'.
Generating RTLIL representation for module `\_90_lcu_brent_kung'.
Generating RTLIL representation for module `\_90_alu'.
Generating RTLIL representation for module `\_90_macc'.
Generating RTLIL representation for module `\_90_alumacc'.
Generating RTLIL representation for module `\$__div_mod_u'.
Generating RTLIL representation for module `\$__div_mod_trunc'.
Generating RTLIL representation for module `\_90_div'.
Generating RTLIL representation for module `\_90_mod'.
Generating RTLIL representation for module `\$__div_mod_floor'.
Generating RTLIL representation for module `\_90_divfloor'.
Generating RTLIL representation for module `\_90_modfloor'.
Generating RTLIL representation for module `\_90_pow'.
Generating RTLIL representation for module `\_90_pmux'.
Generating RTLIL representation for module `\_90_demux'.
Generating RTLIL representation for module `\_90_lut'.
Successfully finished Verilog frontend.

147.2. Continuing TECHMAP pass.
Using extmapper simplemap for cells of type $and.
Using extmapper simplemap for cells of type $mux.
Using extmapper simplemap for cells of type $not.
Using extmapper simplemap for cells of type $dffe.
Using extmapper simplemap for cells of type $reduce_bool.
Using extmapper simplemap for cells of type $or.
Using extmapper simplemap for cells of type $reduce_and.
Using extmapper simplemap for cells of type $ne.
Using extmapper simplemap for cells of type $adffe.
Using extmapper simplemap for cells of type $logic_not.
Using extmapper simplemap for cells of type $logic_and.
Using template $paramod$080e6a70eb8bfa1ccf22d9718e795074645029a4\_90_alu for cells of type $alu.
Using extmapper simplemap for cells of type $reduce_or.
Using extmapper simplemap for cells of type $eq.
Using template $paramod$32a7b7b86c07519b7537abc18e96f0331f97914d\_90_alu for cells of type $alu.
Using extmapper simplemap for cells of type $adff.
Using template $paramod$97565c3687be688407d1272a293bd9d0ae6852dc\_90_pmux for cells of type $pmux.
Using template $paramod$56f7ce6d87f8add68ca646dc02d7695a3189f8e5\_90_pmux for cells of type $pmux.
Using extmapper maccmap for cells of type $macc.
  add $auto$wreduce.cc:461:run$486 [8:0] (9 bits, unsigned)
  add \lsu.load_fifo.data_out [31:24] (8 bits, unsigned)
  add \lsu.load_fifo.data_out [23:16] (8 bits, unsigned)
Using template $paramod$521ce43182eecb9f60c72393a788160d2c356bf5\_90_pmux for cells of type $pmux.
Using template $paramod$6d47785a8a7387c2a8640b43a7a74c2e16e99cae\_90_alu for cells of type $alu.
Using template $paramod$448756c9a9dfaa49080ce4b90c6cc182883e181f\_90_alu for cells of type $alu.
Using template $paramod$36fdbc18fab0758c8553dda57bd33e3f8f3e8765\_90_alu for cells of type $alu.
Using template $paramod$4ccbe221165818e15f326ddee3d1183c7924e12f\_90_alu for cells of type $alu.
Using extmapper simplemap for cells of type $xor.
Using template $paramod\_90_lcu_brent_kung\WIDTH=32'00000000000000000000000000010110 for cells of type $lcu.
Using extmapper simplemap for cells of type $pos.
Using template $paramod\_90_lcu_brent_kung\WIDTH=32'00000000000000000000000000000100 for cells of type $lcu.
Using template $paramod\_90_fa\WIDTH=32'00000000000000000000000000001001 for cells of type $fa.
Using template $paramod$484d51534650924b7ed4c69e46eed3a56904771f\_90_alu for cells of type $alu.
Using template $paramod\_90_lcu_brent_kung\WIDTH=32'00000000000000000000000000010111 for cells of type $lcu.
Using template $paramod\_90_lcu_brent_kung\WIDTH=32'00000000000000000000000000001001 for cells of type $lcu.
Using template $paramod\_90_lcu_brent_kung\WIDTH=32'00000000000000000000000000001010 for cells of type $lcu.
No more expansions possible.
<suppressed ~2003 debug messages>

148. Executing OPT_EXPR pass (perform const folding).
Optimizing module lsu_wrapper.
<suppressed ~967 debug messages>

149. Executing OPT_MERGE pass (detect identical cells).
Finding identical cells in module `\lsu_wrapper'.
<suppressed ~324 debug messages>
Removed a total of 108 cells.

150. Executing OPT_DFF pass (perform DFF optimizations).

151. Executing OPT_CLEAN pass (remove unused cells and wires).
Finding unused cells or wires in module \lsu_wrapper..
Removed 182 unused cells and 848 unused wires.
<suppressed ~187 debug messages>

152. Executing OPT_EXPR pass (perform const folding).
Optimizing module lsu_wrapper.

153. Executing OPT_MERGE pass (detect identical cells).
Finding identical cells in module `\lsu_wrapper'.
Removed a total of 0 cells.

154. Executing OPT_DFF pass (perform DFF optimizations).

155. Executing OPT_CLEAN pass (remove unused cells and wires).
Finding unused cells or wires in module \lsu_wrapper..

156. Executing ABC pass (technology mapping using ABC).

156.1. Extracting gate netlist of module `\lsu_wrapper' to `<abc-temp-dir>/input.blif'..
Extracted 1744 gates and 2639 wires to a netlist network with 894 inputs and 228 outputs.

156.1.1. Executing ABC.
Running ABC command: "/nix/store/6l3aj1gi4lja8z5s4lan2k2cfz9mqkrz-yosys-abc/bin/abc" -s -f <abc-temp-dir>/abc.script 2>&1
ABC: ABC command line: "source <abc-temp-dir>/abc.script".
ABC: 
ABC: + read_blif <abc-temp-dir>/input.blif 
ABC: + read_library <abc-temp-dir>/stdcells.genlib 
ABC: Entered genlib library with 13 gates from file "<abc-temp-dir>/stdcells.genlib".
ABC: + strash 
ABC: + dretime 
ABC: + map 
ABC: + write_blif <abc-temp-dir>/output.blif 

156.1.2. Re-integrating ABC results.
ABC RESULTS:               MUX cells:      678
ABC RESULTS:               NOT cells:       64
ABC RESULTS:             ORNOT cells:       33
ABC RESULTS:              XNOR cells:       49
ABC RESULTS:               AND cells:       49
ABC RESULTS:              NAND cells:       85
ABC RESULTS:               XOR cells:      178
ABC RESULTS:            ANDNOT cells:      354
ABC RESULTS:               NOR cells:       54
ABC RESULTS:                OR cells:      122
ABC RESULTS:        internal signals:     1517
ABC RESULTS:           input signals:      894
ABC RESULTS:          output signals:      228
Removing temp directory.

157. Executing OPT pass (performing simple optimizations).

157.1. Executing OPT_EXPR pass (perform const folding).
Optimizing module lsu_wrapper.
<suppressed ~333 debug messages>

157.2. Executing OPT_MERGE pass (detect identical cells).
Finding identical cells in module `\lsu_wrapper'.
<suppressed ~30 debug messages>
Removed a total of 10 cells.

157.3. Executing OPT_DFF pass (perform DFF optimizations).

157.4. Executing OPT_CLEAN pass (remove unused cells and wires).
Finding unused cells or wires in module \lsu_wrapper..
Removed 0 unused cells and 1493 unused wires.
<suppressed ~5 debug messages>

157.5. Finished fast OPT passes.

158. Executing HIERARCHY pass (managing design hierarchy).

158.1. Analyzing design hierarchy..
Top module:  \lsu_wrapper

158.2. Analyzing design hierarchy..
Top module:  \lsu_wrapper
Removed 0 unused modules.

159. Executing CHECK pass (checking for obvious problems).
Checking module lsu_wrapper...
Found and reported 0 problems.

160. Printing statistics.

=== lsu_wrapper ===

   Number of wires:               1703
   Number of wire bits:           3672
   Number of public wires:         113
   Number of public wire bits:    1998
   Number of ports:                 15
   Number of port bits:            182
   Number of memories:               0
   Number of memory bits:            0
   Number of processes:              0
   Number of cells:               2587
     $_ANDNOT_                     353
     $_AND_                         49
     $_DFFE_PP0P_                  171
     $_DFFE_PP_                    748
     $_DFF_PP0_                      4
     $_MUX_                        678
     $_NAND_                        85
     $_NOR_                         45
     $_NOT_                         64
     $_ORNOT_                       33
     $_OR_                         122
     $_XNOR_                        49
     $_XOR_                        178
     $print                          4
     $scopeinfo                      4

161. Generating Graphviz representation of design.
Writing dot description to `/home/rodrialves/MSc/design_runs/lsu_acc/runs/RUN_2025-06-21_22-15-54/06-yosys-synthesis/primitive_techmap.dot'.
Dumping module lsu_wrapper to page 1.

162. Executing OPT pass (performing simple optimizations).

162.1. Executing OPT_EXPR pass (perform const folding).
Optimizing module lsu_wrapper.

162.2. Executing OPT_MERGE pass (detect identical cells).
Finding identical cells in module `\lsu_wrapper'.
Removed a total of 0 cells.

162.3. Executing OPT_MUXTREE pass (detect dead branches in mux trees).
Running muxtree optimizer on module \lsu_wrapper..
  Creating internal representation of mux trees.
  No muxes found in this module.
Removed 0 multiplexer ports.

162.4. Executing OPT_REDUCE pass (consolidate $*mux and $reduce_* inputs).
  Optimizing cells in module \lsu_wrapper.
Performed a total of 0 changes.

162.5. Executing OPT_MERGE pass (detect identical cells).
Finding identical cells in module `\lsu_wrapper'.
Removed a total of 0 cells.

162.6. Executing OPT_DFF pass (perform DFF optimizations).

162.7. Executing OPT_CLEAN pass (remove unused cells and wires).
Finding unused cells or wires in module \lsu_wrapper..
Removed 1 unused cells and 1 unused wires.
<suppressed ~2 debug messages>

162.8. Executing OPT_EXPR pass (perform const folding).
Optimizing module lsu_wrapper.

162.9. Rerunning OPT passes. (Maybe there is more to do..)

162.10. Executing OPT_MUXTREE pass (detect dead branches in mux trees).
Running muxtree optimizer on module \lsu_wrapper..
  Creating internal representation of mux trees.
  No muxes found in this module.
Removed 0 multiplexer ports.

162.11. Executing OPT_REDUCE pass (consolidate $*mux and $reduce_* inputs).
  Optimizing cells in module \lsu_wrapper.
Performed a total of 0 changes.

162.12. Executing OPT_MERGE pass (detect identical cells).
Finding identical cells in module `\lsu_wrapper'.
Removed a total of 0 cells.

162.13. Executing OPT_DFF pass (perform DFF optimizations).

162.14. Executing OPT_CLEAN pass (remove unused cells and wires).
Finding unused cells or wires in module \lsu_wrapper..

162.15. Executing OPT_EXPR pass (perform const folding).
Optimizing module lsu_wrapper.

162.16. Finished OPT passes. (There is nothing left to do.)

163. Executing OPT_CLEAN pass (remove unused cells and wires).
Finding unused cells or wires in module \lsu_wrapper..
Removed 4 unused cells and 39 unused wires.
<suppressed ~43 debug messages>
{
   "creator": "Yosys 0.46 (git sha1 e97731b9dda91fa5fa53ed87df7c34163ba59a41, clang++ 17.0.6 -fPIC -O3)",
   "invocation": "stat -json -liberty /home/rodrialves/MSc/design_runs/lsu_acc/runs/RUN_2025-06-21_22-15-54/tmp/4c6b85d87a7f4902aef66842f235e35f.lib ",
   "modules": {
      "\\lsu_wrapper": {
         "num_wires":         1663,
         "num_wire_bits":     3115,
         "num_pub_wires":     74,
         "num_pub_wire_bits": 1442,
         "num_ports":         15,
         "num_port_bits":     182,
         "num_memories":      0,
         "num_memory_bits":   0,
         "num_processes":     0,
         "num_cells":         2578,
         "num_cells_by_type": {
            "$_ANDNOT_": 353,
            "$_AND_": 48,
            "$_DFFE_PP0P_": 171,
            "$_DFFE_PP_": 748,
            "$_DFF_PP0_": 4,
            "$_MUX_": 678,
            "$_NAND_": 85,
            "$_NOR_": 45,
            "$_NOT_": 64,
            "$_ORNOT_": 33,
            "$_OR_": 122,
            "$_XNOR_": 49,
            "$_XOR_": 178
         }
      }
   },
      "design": {
         "num_wires":         1663,
         "num_wire_bits":     3115,
         "num_pub_wires":     74,
         "num_pub_wire_bits": 1442,
         "num_ports":         15,
         "num_port_bits":     182,
         "num_memories":      0,
         "num_memory_bits":   0,
         "num_processes":     0,
         "num_cells":         2578,
         "num_cells_by_type": {
            "$_ANDNOT_": 353,
            "$_AND_": 48,
            "$_DFFE_PP0P_": 171,
            "$_DFFE_PP_": 748,
            "$_DFF_PP0_": 4,
            "$_MUX_": 678,
            "$_NAND_": 85,
            "$_NOR_": 45,
            "$_NOT_": 64,
            "$_ORNOT_": 33,
            "$_OR_": 122,
            "$_XNOR_": 49,
            "$_XOR_": 178
         }
      }
}

164. Printing statistics.

=== lsu_wrapper ===

   Number of wires:               1663
   Number of wire bits:           3115
   Number of public wires:          74
   Number of public wire bits:    1442
   Number of ports:                 15
   Number of port bits:            182
   Number of memories:               0
   Number of memory bits:            0
   Number of processes:              0
   Number of cells:               2578
     $_ANDNOT_                     353
     $_AND_                         48
     $_DFFE_PP0P_                  171
     $_DFFE_PP_                    748
     $_DFF_PP0_                      4
     $_MUX_                        678
     $_NAND_                        85
     $_NOR_                         45
     $_NOT_                         64
     $_ORNOT_                       33
     $_OR_                         122
     $_XNOR_                        49
     $_XOR_                        178

   Area for cell type $_NOT_ is unknown!
   Area for cell type $_AND_ is unknown!
   Area for cell type $_NAND_ is unknown!
   Area for cell type $_OR_ is unknown!
   Area for cell type $_NOR_ is unknown!
   Area for cell type $_XOR_ is unknown!
   Area for cell type $_XNOR_ is unknown!
   Area for cell type $_ANDNOT_ is unknown!
   Area for cell type $_ORNOT_ is unknown!
   Area for cell type $_MUX_ is unknown!
   Area for cell type $_DFFE_PP_ is unknown!
   Area for cell type $_DFF_PP0_ is unknown!
   Area for cell type $_DFFE_PP0P_ is unknown!

[INFO] Applying tri-state buffer mapping from '/home/rodrialves/.volare/volare/sky130/versions/0fe599b2afb6708d281543108caf8310912f54af/sky130A/libs.tech/openlane/sky130_fd_sc_hd/tribuff_map.v'…

165. Executing TECHMAP pass (map to technology primitives).

165.1. Executing Verilog-2005 frontend: /home/rodrialves/.volare/volare/sky130/versions/0fe599b2afb6708d281543108caf8310912f54af/sky130A/libs.tech/openlane/sky130_fd_sc_hd/tribuff_map.v
Parsing Verilog input from `/home/rodrialves/.volare/volare/sky130/versions/0fe599b2afb6708d281543108caf8310912f54af/sky130A/libs.tech/openlane/sky130_fd_sc_hd/tribuff_map.v' to AST representation.
Generating RTLIL representation for module `\$_TBUF_'.
Successfully finished Verilog frontend.

165.2. Continuing TECHMAP pass.
No more expansions possible.
<suppressed ~3 debug messages>

166. Executing SIMPLEMAP pass (map simple cells to gate primitives).
[INFO] Applying latch mapping from '/home/rodrialves/.volare/volare/sky130/versions/0fe599b2afb6708d281543108caf8310912f54af/sky130A/libs.tech/openlane/sky130_fd_sc_hd/latch_map.v'…

167. Executing TECHMAP pass (map to technology primitives).

167.1. Executing Verilog-2005 frontend: /home/rodrialves/.volare/volare/sky130/versions/0fe599b2afb6708d281543108caf8310912f54af/sky130A/libs.tech/openlane/sky130_fd_sc_hd/latch_map.v
Parsing Verilog input from `/home/rodrialves/.volare/volare/sky130/versions/0fe599b2afb6708d281543108caf8310912f54af/sky130A/libs.tech/openlane/sky130_fd_sc_hd/latch_map.v' to AST representation.
Generating RTLIL representation for module `\$_DLATCH_P_'.
Generating RTLIL representation for module `\$_DLATCH_N_'.
Successfully finished Verilog frontend.

167.2. Continuing TECHMAP pass.
No more expansions possible.
<suppressed ~4 debug messages>

168. Executing SIMPLEMAP pass (map simple cells to gate primitives).

169. Executing DFFLIBMAP pass (mapping DFF cells to sequential cells from liberty file).
  cell sky130_fd_sc_hd__dfxtp_2 (noninv, pins=3, area=21.27) is a direct match for cell type $_DFF_P_.
  cell sky130_fd_sc_hd__dfrtp_2 (noninv, pins=4, area=26.28) is a direct match for cell type $_DFF_PN0_.
  cell sky130_fd_sc_hd__dfstp_2 (noninv, pins=4, area=26.28) is a direct match for cell type $_DFF_PN1_.
  cell sky130_fd_sc_hd__dfbbn_2 (noninv, pins=6, area=35.03) is a direct match for cell type $_DFFSR_NNN_.
  final dff cell mappings:
    unmapped dff cell: $_DFF_N_
    \sky130_fd_sc_hd__dfxtp_2 _DFF_P_ (.CLK( C), .D( D), .Q( Q));
    unmapped dff cell: $_DFF_NN0_
    unmapped dff cell: $_DFF_NN1_
    unmapped dff cell: $_DFF_NP0_
    unmapped dff cell: $_DFF_NP1_
    \sky130_fd_sc_hd__dfrtp_2 _DFF_PN0_ (.CLK( C), .D( D), .Q( Q), .RESET_B( R));
    \sky130_fd_sc_hd__dfstp_2 _DFF_PN1_ (.CLK( C), .D( D), .Q( Q), .SET_B( R));
    unmapped dff cell: $_DFF_PP0_
    unmapped dff cell: $_DFF_PP1_
    \sky130_fd_sc_hd__dfbbn_2 _DFFSR_NNN_ (.CLK_N( C), .D( D), .Q( Q), .Q_N(~Q), .RESET_B( R), .SET_B( S));
    unmapped dff cell: $_DFFSR_NNP_
    unmapped dff cell: $_DFFSR_NPN_
    unmapped dff cell: $_DFFSR_NPP_
    unmapped dff cell: $_DFFSR_PNN_
    unmapped dff cell: $_DFFSR_PNP_
    unmapped dff cell: $_DFFSR_PPN_
    unmapped dff cell: $_DFFSR_PPP_

169.1. Executing DFFLEGALIZE pass (convert FFs to types supported by the target).
Mapping DFF cells in module `\lsu_wrapper':
  mapped 175 $_DFF_PN0_ cells to \sky130_fd_sc_hd__dfrtp_2 cells.
  mapped 748 $_DFF_P_ cells to \sky130_fd_sc_hd__dfxtp_2 cells.
{
   "creator": "Yosys 0.46 (git sha1 e97731b9dda91fa5fa53ed87df7c34163ba59a41, clang++ 17.0.6 -fPIC -O3)",
   "invocation": "stat -json -liberty /home/rodrialves/MSc/design_runs/lsu_acc/runs/RUN_2025-06-21_22-15-54/tmp/4c6b85d87a7f4902aef66842f235e35f.lib ",
   "modules": {
      "\\lsu_wrapper": {
         "num_wires":         2757,
         "num_wire_bits":     4209,
         "num_pub_wires":     74,
         "num_pub_wire_bits": 1442,
         "num_ports":         15,
         "num_port_bits":     182,
         "num_memories":      0,
         "num_memory_bits":   0,
         "num_processes":     0,
         "num_cells":         3672,
         "area":              20508.419200,
         "num_cells_by_type": {
            "$_ANDNOT_": 353,
            "$_AND_": 48,
            "$_MUX_": 1597,
            "$_NAND_": 85,
            "$_NOR_": 45,
            "$_NOT_": 239,
            "$_ORNOT_": 33,
            "$_OR_": 122,
            "$_XNOR_": 49,
            "$_XOR_": 178,
            "sky130_fd_sc_hd__dfrtp_2": 175,
            "sky130_fd_sc_hd__dfxtp_2": 748
         }
      }
   },
      "design": {
         "num_wires":         2757,
         "num_wire_bits":     4209,
         "num_pub_wires":     74,
         "num_pub_wire_bits": 1442,
         "num_ports":         15,
         "num_port_bits":     182,
         "num_memories":      0,
         "num_memory_bits":   0,
         "num_processes":     0,
         "num_cells":         3672,
         "area":              20508.419200,
         "num_cells_by_type": {
            "$_ANDNOT_": 353,
            "$_AND_": 48,
            "$_MUX_": 1597,
            "$_NAND_": 85,
            "$_NOR_": 45,
            "$_NOT_": 239,
            "$_ORNOT_": 33,
            "$_OR_": 122,
            "$_XNOR_": 49,
            "$_XOR_": 178,
            "sky130_fd_sc_hd__dfrtp_2": 175,
            "sky130_fd_sc_hd__dfxtp_2": 748
         }
      }
}

170. Printing statistics.

=== lsu_wrapper ===

   Number of wires:               2757
   Number of wire bits:           4209
   Number of public wires:          74
   Number of public wire bits:    1442
   Number of ports:                 15
   Number of port bits:            182
   Number of memories:               0
   Number of memory bits:            0
   Number of processes:              0
   Number of cells:               3672
     $_ANDNOT_                     353
     $_AND_                         48
     $_MUX_                       1597
     $_NAND_                        85
     $_NOR_                         45
     $_NOT_                        239
     $_ORNOT_                       33
     $_OR_                         122
     $_XNOR_                        49
     $_XOR_                        178
     sky130_fd_sc_hd__dfrtp_2      175
     sky130_fd_sc_hd__dfxtp_2      748

   Area for cell type $_NOT_ is unknown!
   Area for cell type $_AND_ is unknown!
   Area for cell type $_NAND_ is unknown!
   Area for cell type $_OR_ is unknown!
   Area for cell type $_NOR_ is unknown!
   Area for cell type $_XOR_ is unknown!
   Area for cell type $_XNOR_ is unknown!
   Area for cell type $_ANDNOT_ is unknown!
   Area for cell type $_ORNOT_ is unknown!
   Area for cell type $_MUX_ is unknown!

   Chip area for module '\lsu_wrapper': 20508.419200
     of which used for sequential elements: 20508.419200 (100.00%)

[INFO] Using generated ABC script '/home/rodrialves/MSc/design_runs/lsu_acc/runs/RUN_2025-06-21_22-15-54/06-yosys-synthesis/AREA_0.abc'…

171. Executing ABC pass (technology mapping using ABC).

171.1. Extracting gate netlist of module `\lsu_wrapper' to `/tmp/yosys-abc-LK2Hqk/input.blif'..
Extracted 2749 gates and 3774 wires to a netlist network with 1025 inputs and 1096 outputs.

171.1.1. Executing ABC.
Running ABC command: "/nix/store/6l3aj1gi4lja8z5s4lan2k2cfz9mqkrz-yosys-abc/bin/abc" -s -f /tmp/yosys-abc-LK2Hqk/abc.script 2>&1
ABC: ABC command line: "source /tmp/yosys-abc-LK2Hqk/abc.script".
ABC: 
ABC: + read_blif /tmp/yosys-abc-LK2Hqk/input.blif 
ABC: + read_lib -w /home/rodrialves/MSc/design_runs/lsu_acc/runs/RUN_2025-06-21_22-15-54/tmp/4c6b85d87a7f4902aef66842f235e35f.lib 
ABC: Parsing finished successfully.  Parsing time =     0.06 sec
ABC: Scl_LibertyReadGenlib() skipped sequential cell "sky130_fd_sc_hd__dfbbn_2".
ABC: Scl_LibertyReadGenlib() skipped sequential cell "sky130_fd_sc_hd__dfrbp_2".
ABC: Scl_LibertyReadGenlib() skipped sequential cell "sky130_fd_sc_hd__dfrtp_2".
ABC: Scl_LibertyReadGenlib() skipped sequential cell "sky130_fd_sc_hd__dfrtp_4".
ABC: Scl_LibertyReadGenlib() skipped sequential cell "sky130_fd_sc_hd__dfsbp_2".
ABC: Scl_LibertyReadGenlib() skipped sequential cell "sky130_fd_sc_hd__dfstp_2".
ABC: Scl_LibertyReadGenlib() skipped sequential cell "sky130_fd_sc_hd__dfstp_4".
ABC: Scl_LibertyReadGenlib() skipped sequential cell "sky130_fd_sc_hd__dfxbp_2".
ABC: Scl_LibertyReadGenlib() skipped sequential cell "sky130_fd_sc_hd__dfxtp_2".
ABC: Scl_LibertyReadGenlib() skipped sequential cell "sky130_fd_sc_hd__dfxtp_4".
ABC: Scl_LibertyReadGenlib() skipped sequential cell "sky130_fd_sc_hd__dlxtn_1".
ABC: Scl_LibertyReadGenlib() skipped sequential cell "sky130_fd_sc_hd__dlxtn_2".
ABC: Scl_LibertyReadGenlib() skipped sequential cell "sky130_fd_sc_hd__dlxtn_4".
ABC: Scl_LibertyReadGenlib() skipped sequential cell "sky130_fd_sc_hd__dlxtp_1".
ABC: Scl_LibertyReadGenlib() skipped three-state cell "sky130_fd_sc_hd__ebufn_2".
ABC: Scl_LibertyReadGenlib() skipped three-state cell "sky130_fd_sc_hd__ebufn_4".
ABC: Scl_LibertyReadGenlib() skipped three-state cell "sky130_fd_sc_hd__ebufn_8".
ABC: Library "sky130_fd_sc_hd__tt_025C_1v80" from "/home/rodrialves/MSc/design_runs/lsu_acc/runs/RUN_2025-06-21_22-15-54/tmp/4c6b85d87a7f4902aef66842f235e35f.lib" has 175 cells (17 skipped: 14 seq; 3 tri-state; 0 no func; 0 dont_use).  Time =     0.11 sec
ABC: Memory =    9.54 MB. Time =     0.11 sec
ABC: Warning: Detected 2 multi-output gates (for example, "sky130_fd_sc_hd__fa_1").
ABC: + read_constr -v /home/rodrialves/MSc/design_runs/lsu_acc/runs/RUN_2025-06-21_22-15-54/06-yosys-synthesis/synthesis.abc.sdc 
ABC: Setting driving cell to be "sky130_fd_sc_hd__inv_2/Y".
ABC: Setting output load to be 33.442001.
ABC: + source /home/rodrialves/MSc/design_runs/lsu_acc/runs/RUN_2025-06-21_22-15-54/06-yosys-synthesis/AREA_0.abc 
ABC: Error: The network is combinational.
ABC: Cannot find the default PI driving cell (sky130_fd_sc_hd__inv_2/Y) in the library.
ABC: WireLoad = "none"  Gates =   2060 ( 10.3 %)   Cap = 17.3 ff ( 16.6 %)   Area =    21858.46 ( 38.1 %)   Delay =  6104.61 ps  (  1.8 %)               
ABC: Path  0 --     193 : 0    3 pi                        A =   0.00  Df =   0.0   -0.0 ps  S =   0.0 ps  Cin =  0.0 ff  Cout =  10.6 ff  Cmax =   0.0 ff  G =    0  
ABC: Path  1 --    2633 : 4    7 sky130_fd_sc_hd__or4_2    A =   8.76  Df = 711.7 -582.8 ps  S = 144.1 ps  Cin =  1.5 ff  Cout =  14.0 ff  Cmax = 310.4 ff  G =  882  
ABC: Path  2 --    2637 : 4    2 sky130_fd_sc_hd__or4_2    A =   8.76  Df =1337.5-1093.4 ps  S =  97.6 ps  Cin =  1.5 ff  Cout =   2.9 ff  Cmax = 310.4 ff  G =  181  
ABC: Path  3 --    2640 : 4    5 sky130_fd_sc_hd__or4_2    A =   8.76  Df =1932.4-1565.7 ps  S = 131.9 ps  Cin =  1.5 ff  Cout =  10.5 ff  Cmax = 310.4 ff  G =  675  
ABC: Path  4 --    2642 : 4    9 sky130_fd_sc_hd__or4_2    A =   8.76  Df =2633.3-2050.0 ps  S = 195.1 ps  Cin =  1.5 ff  Cout =  34.2 ff  Cmax = 310.4 ff  G = 2168  
ABC: Path  5 --    2644 : 4    6 sky130_fd_sc_hd__or4_2    A =   8.76  Df =3300.0-2513.2 ps  S = 157.7 ps  Cin =  1.5 ff  Cout =  19.1 ff  Cmax = 310.4 ff  G = 1218  
ABC: Path  6 --    2645 : 3    3 sky130_fd_sc_hd__or3_2    A =   7.51  Df =3786.6-2846.9 ps  S = 107.2 ps  Cin =  1.5 ff  Cout =  11.5 ff  Cmax = 310.4 ff  G =  732  
ABC: Path  7 --    2662 : 2    5 sky130_fd_sc_hd__and2_2   A =   7.51  Df =4011.2 -369.7 ps  S =  97.2 ps  Cin =  1.5 ff  Cout =  15.7 ff  Cmax = 303.0 ff  G = 1015  
ABC: Path  8 --    2663 : 2    3 sky130_fd_sc_hd__or2_2    A =   6.26  Df =4301.0 -532.6 ps  S =  65.2 ps  Cin =  1.5 ff  Cout =   6.3 ff  Cmax = 299.4 ff  G =  423  
ABC: Path  9 --    2738 : 5    1 sky130_fd_sc_hd__a41o_2   A =  11.26  Df =4509.9 -413.8 ps  S =  40.5 ps  Cin =  2.3 ff  Cout =   2.6 ff  Cmax = 325.0 ff  G =  102  
ABC: Path 10 --    2740 : 3    1 sky130_fd_sc_hd__a21o_2   A =   8.76  Df =4680.8 -511.6 ps  S =  30.7 ps  Cin =  2.4 ff  Cout =   1.8 ff  Cmax = 309.5 ff  G =   74  
ABC: Path 11 --    2742 : 4   26 sky130_fd_sc_hd__o2bb2a_2 A =  11.26  Df =5144.6 -642.1 ps  S = 358.6 ps  Cin =  1.8 ff  Cout =  68.0 ff  Cmax = 294.8 ff  G = 3685  
ABC: Path 12 --    2745 : 3   22 sky130_fd_sc_hd__o21a_2   A =   8.76  Df =5594.1 -651.3 ps  S = 382.4 ps  Cin =  2.4 ff  Cout =  73.0 ff  Cmax = 294.8 ff  G = 2956  
ABC: Path 13 --    3109 : 3    1 sky130_fd_sc_hd__mux2_1   A =  11.26  Df =6104.6 -662.5 ps  S = 300.6 ps  Cin =  2.3 ff  Cout =  33.4 ff  Cmax = 173.0 ff  G = 1465  
ABC: Start-point = pi192 (\count [3]).  End-point = po138 ($auto$rtlil.cc:2739:MuxGate$8505).
ABC: netlist                       : i/o = 1025/ 1096  lat =    0  nd =  2060  edge =   6204  area =21858.38  delay =13.00  lev = 13
ABC: + write_blif /tmp/yosys-abc-LK2Hqk/output.blif 

171.1.2. Re-integrating ABC results.
ABC RESULTS:   sky130_fd_sc_hd__mux4_2 cells:      187
ABC RESULTS:   sky130_fd_sc_hd__nor4_2 cells:        1
ABC RESULTS:   sky130_fd_sc_hd__and4bb_2 cells:        1
ABC RESULTS:   sky130_fd_sc_hd__or4_2 cells:        7
ABC RESULTS:   sky130_fd_sc_hd__a21boi_2 cells:        9
ABC RESULTS:   sky130_fd_sc_hd__nand2b_2 cells:       12
ABC RESULTS:   sky130_fd_sc_hd__o31ai_2 cells:        2
ABC RESULTS:   sky130_fd_sc_hd__o32a_2 cells:       10
ABC RESULTS:   sky130_fd_sc_hd__a41o_2 cells:        1
ABC RESULTS:   sky130_fd_sc_hd__o2111ai_2 cells:        2
ABC RESULTS:   sky130_fd_sc_hd__a211oi_2 cells:        1
ABC RESULTS:   sky130_fd_sc_hd__a2111oi_2 cells:        2
ABC RESULTS:   sky130_fd_sc_hd__a221o_2 cells:        2
ABC RESULTS:   sky130_fd_sc_hd__o22ai_2 cells:        9
ABC RESULTS:   sky130_fd_sc_hd__a221oi_2 cells:        1
ABC RESULTS:   sky130_fd_sc_hd__and4b_2 cells:        2
ABC RESULTS:   sky130_fd_sc_hd__nor3_2 cells:        3
ABC RESULTS:   sky130_fd_sc_hd__o211ai_2 cells:        3
ABC RESULTS:   sky130_fd_sc_hd__a211o_2 cells:        6
ABC RESULTS:   sky130_fd_sc_hd__o2111a_2 cells:       12
ABC RESULTS:   sky130_fd_sc_hd__a32o_2 cells:        3
ABC RESULTS:   sky130_fd_sc_hd__a31oi_2 cells:        1
ABC RESULTS:   sky130_fd_sc_hd__a21bo_2 cells:        7
ABC RESULTS:   sky130_fd_sc_hd__o21ba_2 cells:       15
ABC RESULTS:   sky130_fd_sc_hd__o22a_2 cells:       10
ABC RESULTS:   sky130_fd_sc_hd__a22oi_2 cells:        3
ABC RESULTS:   sky130_fd_sc_hd__o21a_2 cells:       28
ABC RESULTS:   sky130_fd_sc_hd__and4_2 cells:       11
ABC RESULTS:   sky130_fd_sc_hd__o221a_2 cells:       11
ABC RESULTS:   sky130_fd_sc_hd__o2bb2a_2 cells:        8
ABC RESULTS:   sky130_fd_sc_hd__a2bb2o_2 cells:       17
ABC RESULTS:   sky130_fd_sc_hd__a21o_2 cells:       24
ABC RESULTS:   sky130_fd_sc_hd__a22o_2 cells:       33
ABC RESULTS:   sky130_fd_sc_hd__a21oi_2 cells:       21
ABC RESULTS:   sky130_fd_sc_hd__xor2_2 cells:       23
ABC RESULTS:   sky130_fd_sc_hd__and2b_2 cells:        7
ABC RESULTS:   sky130_fd_sc_hd__o211a_2 cells:        8
ABC RESULTS:   sky130_fd_sc_hd__a2111o_2 cells:        3
ABC RESULTS:   sky130_fd_sc_hd__o31a_2 cells:        3
ABC RESULTS:   sky130_fd_sc_hd__xnor2_2 cells:       30
ABC RESULTS:   sky130_fd_sc_hd__o21ai_2 cells:       37
ABC RESULTS:   sky130_fd_sc_hd__a31o_2 cells:       26
ABC RESULTS:   sky130_fd_sc_hd__nand3b_2 cells:        1
ABC RESULTS:   sky130_fd_sc_hd__or4b_2 cells:        4
ABC RESULTS:   sky130_fd_sc_hd__or3b_2 cells:        3
ABC RESULTS:   sky130_fd_sc_hd__and2_2 cells:       64
ABC RESULTS:   sky130_fd_sc_hd__and3b_2 cells:       11
ABC RESULTS:   sky130_fd_sc_hd__nand2_2 cells:       76
ABC RESULTS:   sky130_fd_sc_hd__or2_2 cells:       52
ABC RESULTS:   sky130_fd_sc_hd__nand3_2 cells:        5
ABC RESULTS:   sky130_fd_sc_hd__or3_2 cells:       15
ABC RESULTS:   sky130_fd_sc_hd__nor2_2 cells:       99
ABC RESULTS:   sky130_fd_sc_hd__mux2_1 cells:      865
ABC RESULTS:   sky130_fd_sc_hd__and3_2 cells:       51
ABC RESULTS:   sky130_fd_sc_hd__inv_2 cells:      212
ABC RESULTS:        internal signals:     1653
ABC RESULTS:           input signals:     1025
ABC RESULTS:          output signals:     1096
Removing temp directory.

172. Executing SETUNDEF pass (replace undef values with defined constants).

173. Executing HILOMAP pass (mapping to constant drivers).

174. Executing SPLITNETS pass (splitting up multi-bit signals).

175. Executing OPT_CLEAN pass (remove unused cells and wires).
Finding unused cells or wires in module \lsu_wrapper..
Removed 398 unused cells and 4606 unused wires.
<suppressed ~793 debug messages>

176. Executing INSBUF pass (insert buffer cells for connected wires).

177. Executing CHECK pass (checking for obvious problems).
Checking module lsu_wrapper...
Found and reported 0 problems.
{
   "creator": "Yosys 0.46 (git sha1 e97731b9dda91fa5fa53ed87df7c34163ba59a41, clang++ 17.0.6 -fPIC -O3)",
   "invocation": "stat -json -liberty /home/rodrialves/MSc/design_runs/lsu_acc/runs/RUN_2025-06-21_22-15-54/tmp/4c6b85d87a7f4902aef66842f235e35f.lib ",
   "modules": {
      "\\lsu_wrapper": {
         "num_wires":         2941,
         "num_wire_bits":     3108,
         "num_pub_wires":     881,
         "num_pub_wire_bits": 1048,
         "num_ports":         15,
         "num_port_bits":     182,
         "num_memories":      0,
         "num_memory_bits":   0,
         "num_processes":     0,
         "num_cells":         3005,
         "area":              42449.462400,
         "num_cells_by_type": {
            "sky130_fd_sc_hd__a2111o_2": 3,
            "sky130_fd_sc_hd__a2111oi_2": 2,
            "sky130_fd_sc_hd__a211o_2": 6,
            "sky130_fd_sc_hd__a211oi_2": 1,
            "sky130_fd_sc_hd__a21bo_2": 7,
            "sky130_fd_sc_hd__a21boi_2": 9,
            "sky130_fd_sc_hd__a21o_2": 24,
            "sky130_fd_sc_hd__a21oi_2": 21,
            "sky130_fd_sc_hd__a221o_2": 2,
            "sky130_fd_sc_hd__a221oi_2": 1,
            "sky130_fd_sc_hd__a22o_2": 33,
            "sky130_fd_sc_hd__a22oi_2": 3,
            "sky130_fd_sc_hd__a2bb2o_2": 17,
            "sky130_fd_sc_hd__a31o_2": 26,
            "sky130_fd_sc_hd__a31oi_2": 1,
            "sky130_fd_sc_hd__a32o_2": 3,
            "sky130_fd_sc_hd__a41o_2": 1,
            "sky130_fd_sc_hd__and2_2": 64,
            "sky130_fd_sc_hd__and2b_2": 7,
            "sky130_fd_sc_hd__and3_2": 51,
            "sky130_fd_sc_hd__and3b_2": 11,
            "sky130_fd_sc_hd__and4_2": 11,
            "sky130_fd_sc_hd__and4b_2": 2,
            "sky130_fd_sc_hd__and4bb_2": 1,
            "sky130_fd_sc_hd__conb_1": 22,
            "sky130_fd_sc_hd__dfrtp_2": 175,
            "sky130_fd_sc_hd__dfxtp_2": 748,
            "sky130_fd_sc_hd__inv_2": 212,
            "sky130_fd_sc_hd__mux2_1": 865,
            "sky130_fd_sc_hd__mux4_2": 187,
            "sky130_fd_sc_hd__nand2_2": 76,
            "sky130_fd_sc_hd__nand2b_2": 12,
            "sky130_fd_sc_hd__nand3_2": 5,
            "sky130_fd_sc_hd__nand3b_2": 1,
            "sky130_fd_sc_hd__nor2_2": 99,
            "sky130_fd_sc_hd__nor3_2": 3,
            "sky130_fd_sc_hd__nor4_2": 1,
            "sky130_fd_sc_hd__o2111a_2": 12,
            "sky130_fd_sc_hd__o2111ai_2": 2,
            "sky130_fd_sc_hd__o211a_2": 8,
            "sky130_fd_sc_hd__o211ai_2": 3,
            "sky130_fd_sc_hd__o21a_2": 28,
            "sky130_fd_sc_hd__o21ai_2": 37,
            "sky130_fd_sc_hd__o21ba_2": 15,
            "sky130_fd_sc_hd__o221a_2": 11,
            "sky130_fd_sc_hd__o22a_2": 10,
            "sky130_fd_sc_hd__o22ai_2": 9,
            "sky130_fd_sc_hd__o2bb2a_2": 8,
            "sky130_fd_sc_hd__o31a_2": 3,
            "sky130_fd_sc_hd__o31ai_2": 2,
            "sky130_fd_sc_hd__o32a_2": 10,
            "sky130_fd_sc_hd__or2_2": 52,
            "sky130_fd_sc_hd__or3_2": 15,
            "sky130_fd_sc_hd__or3b_2": 3,
            "sky130_fd_sc_hd__or4_2": 7,
            "sky130_fd_sc_hd__or4b_2": 4,
            "sky130_fd_sc_hd__xnor2_2": 30,
            "sky130_fd_sc_hd__xor2_2": 23
         }
      }
   },
      "design": {
         "num_wires":         2941,
         "num_wire_bits":     3108,
         "num_pub_wires":     881,
         "num_pub_wire_bits": 1048,
         "num_ports":         15,
         "num_port_bits":     182,
         "num_memories":      0,
         "num_memory_bits":   0,
         "num_processes":     0,
         "num_cells":         3005,
         "area":              42449.462400,
         "num_cells_by_type": {
            "sky130_fd_sc_hd__a2111o_2": 3,
            "sky130_fd_sc_hd__a2111oi_2": 2,
            "sky130_fd_sc_hd__a211o_2": 6,
            "sky130_fd_sc_hd__a211oi_2": 1,
            "sky130_fd_sc_hd__a21bo_2": 7,
            "sky130_fd_sc_hd__a21boi_2": 9,
            "sky130_fd_sc_hd__a21o_2": 24,
            "sky130_fd_sc_hd__a21oi_2": 21,
            "sky130_fd_sc_hd__a221o_2": 2,
            "sky130_fd_sc_hd__a221oi_2": 1,
            "sky130_fd_sc_hd__a22o_2": 33,
            "sky130_fd_sc_hd__a22oi_2": 3,
            "sky130_fd_sc_hd__a2bb2o_2": 17,
            "sky130_fd_sc_hd__a31o_2": 26,
            "sky130_fd_sc_hd__a31oi_2": 1,
            "sky130_fd_sc_hd__a32o_2": 3,
            "sky130_fd_sc_hd__a41o_2": 1,
            "sky130_fd_sc_hd__and2_2": 64,
            "sky130_fd_sc_hd__and2b_2": 7,
            "sky130_fd_sc_hd__and3_2": 51,
            "sky130_fd_sc_hd__and3b_2": 11,
            "sky130_fd_sc_hd__and4_2": 11,
            "sky130_fd_sc_hd__and4b_2": 2,
            "sky130_fd_sc_hd__and4bb_2": 1,
            "sky130_fd_sc_hd__conb_1": 22,
            "sky130_fd_sc_hd__dfrtp_2": 175,
            "sky130_fd_sc_hd__dfxtp_2": 748,
            "sky130_fd_sc_hd__inv_2": 212,
            "sky130_fd_sc_hd__mux2_1": 865,
            "sky130_fd_sc_hd__mux4_2": 187,
            "sky130_fd_sc_hd__nand2_2": 76,
            "sky130_fd_sc_hd__nand2b_2": 12,
            "sky130_fd_sc_hd__nand3_2": 5,
            "sky130_fd_sc_hd__nand3b_2": 1,
            "sky130_fd_sc_hd__nor2_2": 99,
            "sky130_fd_sc_hd__nor3_2": 3,
            "sky130_fd_sc_hd__nor4_2": 1,
            "sky130_fd_sc_hd__o2111a_2": 12,
            "sky130_fd_sc_hd__o2111ai_2": 2,
            "sky130_fd_sc_hd__o211a_2": 8,
            "sky130_fd_sc_hd__o211ai_2": 3,
            "sky130_fd_sc_hd__o21a_2": 28,
            "sky130_fd_sc_hd__o21ai_2": 37,
            "sky130_fd_sc_hd__o21ba_2": 15,
            "sky130_fd_sc_hd__o221a_2": 11,
            "sky130_fd_sc_hd__o22a_2": 10,
            "sky130_fd_sc_hd__o22ai_2": 9,
            "sky130_fd_sc_hd__o2bb2a_2": 8,
            "sky130_fd_sc_hd__o31a_2": 3,
            "sky130_fd_sc_hd__o31ai_2": 2,
            "sky130_fd_sc_hd__o32a_2": 10,
            "sky130_fd_sc_hd__or2_2": 52,
            "sky130_fd_sc_hd__or3_2": 15,
            "sky130_fd_sc_hd__or3b_2": 3,
            "sky130_fd_sc_hd__or4_2": 7,
            "sky130_fd_sc_hd__or4b_2": 4,
            "sky130_fd_sc_hd__xnor2_2": 30,
            "sky130_fd_sc_hd__xor2_2": 23
         }
      }
}

178. Printing statistics.

=== lsu_wrapper ===

   Number of wires:               2941
   Number of wire bits:           3108
   Number of public wires:         881
   Number of public wire bits:    1048
   Number of ports:                 15
   Number of port bits:            182
   Number of memories:               0
   Number of memory bits:            0
   Number of processes:              0
   Number of cells:               3005
     sky130_fd_sc_hd__a2111o_2       3
     sky130_fd_sc_hd__a2111oi_2      2
     sky130_fd_sc_hd__a211o_2        6
     sky130_fd_sc_hd__a211oi_2       1
     sky130_fd_sc_hd__a21bo_2        7
     sky130_fd_sc_hd__a21boi_2       9
     sky130_fd_sc_hd__a21o_2        24
     sky130_fd_sc_hd__a21oi_2       21
     sky130_fd_sc_hd__a221o_2        2
     sky130_fd_sc_hd__a221oi_2       1
     sky130_fd_sc_hd__a22o_2        33
     sky130_fd_sc_hd__a22oi_2        3
     sky130_fd_sc_hd__a2bb2o_2      17
     sky130_fd_sc_hd__a31o_2        26
     sky130_fd_sc_hd__a31oi_2        1
     sky130_fd_sc_hd__a32o_2         3
     sky130_fd_sc_hd__a41o_2         1
     sky130_fd_sc_hd__and2_2        64
     sky130_fd_sc_hd__and2b_2        7
     sky130_fd_sc_hd__and3_2        51
     sky130_fd_sc_hd__and3b_2       11
     sky130_fd_sc_hd__and4_2        11
     sky130_fd_sc_hd__and4b_2        2
     sky130_fd_sc_hd__and4bb_2       1
     sky130_fd_sc_hd__conb_1        22
     sky130_fd_sc_hd__dfrtp_2      175
     sky130_fd_sc_hd__dfxtp_2      748
     sky130_fd_sc_hd__inv_2        212
     sky130_fd_sc_hd__mux2_1       865
     sky130_fd_sc_hd__mux4_2       187
     sky130_fd_sc_hd__nand2_2       76
     sky130_fd_sc_hd__nand2b_2      12
     sky130_fd_sc_hd__nand3_2        5
     sky130_fd_sc_hd__nand3b_2       1
     sky130_fd_sc_hd__nor2_2        99
     sky130_fd_sc_hd__nor3_2         3
     sky130_fd_sc_hd__nor4_2         1
     sky130_fd_sc_hd__o2111a_2      12
     sky130_fd_sc_hd__o2111ai_2      2
     sky130_fd_sc_hd__o211a_2        8
     sky130_fd_sc_hd__o211ai_2       3
     sky130_fd_sc_hd__o21a_2        28
     sky130_fd_sc_hd__o21ai_2       37
     sky130_fd_sc_hd__o21ba_2       15
     sky130_fd_sc_hd__o221a_2       11
     sky130_fd_sc_hd__o22a_2        10
     sky130_fd_sc_hd__o22ai_2        9
     sky130_fd_sc_hd__o2bb2a_2       8
     sky130_fd_sc_hd__o31a_2         3
     sky130_fd_sc_hd__o31ai_2        2
     sky130_fd_sc_hd__o32a_2        10
     sky130_fd_sc_hd__or2_2         52
     sky130_fd_sc_hd__or3_2         15
     sky130_fd_sc_hd__or3b_2         3
     sky130_fd_sc_hd__or4_2          7
     sky130_fd_sc_hd__or4b_2         4
     sky130_fd_sc_hd__xnor2_2       30
     sky130_fd_sc_hd__xor2_2        23

   Chip area for module '\lsu_wrapper': 42449.462400
     of which used for sequential elements: 20508.419200 (48.31%)

179. Executing Verilog backend.
Dumping module `\lsu_wrapper'.

180. Executing JSON backend.
