Instance,Terminal,Layer,X location,Y location,Voltage
FILLER_106_625,VPWR,li1,293.4800,301.9200,1.799390
FILLER_106_617,VPWR,li1,291.1800,301.9200,1.799390
FILLER_106_615,VPWR,li1,288.6500,301.9200,1.799390
FILLER_106_607,VPWR,li1,286.5800,301.9200,1.799390
FILLER_106_595,VPWR,li1,281.9800,301.9200,1.799390
FILLER_106_587,VPWR,li1,275.7700,301.9200,1.799390
FILLER_106_581,VPWR,li1,274.1600,301.9200,1.799390
FILLER_106_561,VPWR,li1,264.0400,301.9200,1.799408
FILLER_106_553,VPWR,li1,260.5900,301.9200,1.799414
FILLER_106_539,VPWR,li1,253.6900,301.9200,1.799441
FILLER_106_533,VPWR,li1,251.1600,301.9200,1.799450
FILLER_106_531,VPWR,li1,250.0100,301.9200,1.799450
FILLER_106_524,VPWR,li1,247.4800,301.9200,1.799459
FILLER_106_517,VPWR,li1,244.2600,301.9200,1.799471
FILLER_106_511,VPWR,li1,241.2700,301.9200,1.799482
FILLER_106_505,VPWR,li1,238.2800,301.9200,1.799493
FILLER_106_503,VPWR,li1,237.1300,301.9200,1.799500
FILLER_106_496,VPWR,li1,234.6000,301.9200,1.799513
FILLER_106_492,VPWR,li1,232.0700,301.9200,1.799520
FILLER_106_470,VPWR,li1,222.1800,301.9200,1.799562
FILLER_106_399,VPWR,li1,189.2900,301.9200,1.799704
FILLER_106_386,VPWR,li1,183.5400,301.9200,1.799753
FILLER_106_365,VPWR,li1,173.6500,301.9200,1.799802
FILLER_106_363,VPWR,li1,172.7300,301.9200,1.799802
FILLER_106_356,VPWR,li1,170.2000,301.9200,1.799779
FILLER_106_349,VPWR,li1,166.9800,301.9200,1.799750
FILLER_106_342,VPWR,li1,163.7600,301.9200,1.799721
FILLER_106_337,VPWR,li1,161.0000,301.9200,1.799697
FILLER_106_309,VPWR,li1,148.1200,301.9200,1.799592
FILLER_106_301,VPWR,li1,144.2100,301.9200,1.799561
FILLER_106_293,VPWR,li1,141.2200,301.9200,1.799550
FILLER_106_286,VPWR,li1,138.0000,301.9200,1.799530
FILLER_106_281,VPWR,li1,135.2400,301.9200,1.799513
FILLER_106_272,VPWR,li1,131.5600,301.9200,1.799493
FILLER_106_268,VPWR,li1,129.0300,301.9200,1.799480
FILLER_106_244,VPWR,li1,118.6800,301.9200,1.799436
FILLER_106_225,VPWR,li1,109.9400,301.9200,1.799420
FILLER_106_223,VPWR,li1,108.3300,301.9200,1.799420
FILLER_106_216,VPWR,li1,105.8000,301.9200,1.799416
FILLER_106_212,VPWR,li1,103.2700,301.9200,1.799413
FILLER_106_197,VPWR,li1,96.6000,301.9200,1.799405
FILLER_106_141,VPWR,li1,70.6100,301.9200,1.799459
FILLER_106_133,VPWR,li1,67.3900,301.9200,1.799475
FILLER_106_128,VPWR,li1,64.6300,301.9200,1.799487
FILLER_106_121,VPWR,li1,61.4100,301.9200,1.799501
FILLER_106_113,VPWR,li1,57.9600,301.9200,1.799532
FILLER_106_102,VPWR,li1,52.6700,301.9200,1.799564
FILLER_106_89,VPWR,li1,46.6900,301.9200,1.799603
FILLER_106_53,VPWR,li1,30.5900,301.9200,1.799768
FILLER_106_41,VPWR,li1,27.1400,301.9200,1.799810
FILLER_106_29,VPWR,li1,21.6200,301.9200,1.799877
FILLER_106_27,VPWR,li1,18.1700,301.9200,1.799877
FILLER_106_18,VPWR,li1,15.1800,301.9200,1.799877
FILLER_106_6,VPWR,li1,11.0400,301.9200,1.799877
FILLER_105_625,VPWR,li1,293.4800,296.4800,1.799334
FILLER_105_617,VPWR,li1,291.1800,296.4800,1.799334
FILLER_105_612,VPWR,li1,287.9600,296.4800,1.799335
FILLER_105_600,VPWR,li1,284.2800,296.4800,1.799335
FILLER_105_588,VPWR,li1,278.7600,296.4800,1.799335
FILLER_105_556,VPWR,li1,262.2000,296.4800,1.799350
FILLER_105_543,VPWR,li1,256.2200,296.4800,1.799368
FILLER_105_533,VPWR,li1,250.9300,296.4800,1.799393
FILLER_105_529,VPWR,li1,249.7800,296.4800,1.799393
FILLER_105_517,VPWR,li1,246.1000,296.4800,1.799408
FILLER_105_505,VPWR,li1,240.5800,296.4800,1.799429
FILLER_105_502,VPWR,li1,236.9000,296.4800,1.799448
FILLER_105_490,VPWR,li1,231.1500,296.4800,1.799467
FILLER_105_482,VPWR,li1,229.0800,296.4800,1.799476
FILLER_105_404,VPWR,li1,191.5900,296.4800,1.799647
FILLER_105_391,VPWR,li1,185.6100,296.4800,1.799684
FILLER_105_350,VPWR,li1,167.9000,296.4800,1.799652
FILLER_105_334,VPWR,li1,159.6200,296.4800,1.799543
FILLER_105_304,VPWR,li1,147.2000,296.4800,1.799394
FILLER_105_268,VPWR,li1,129.7200,296.4800,1.799271
FILLER_105_259,VPWR,li1,124.8900,296.4800,1.799241
FILLER_105_247,VPWR,li1,120.0600,296.4800,1.799215
FILLER_105_237,VPWR,li1,114.7700,296.4800,1.799189
FILLER_105_225,VPWR,li1,109.9400,296.4800,1.799169
FILLER_105_220,VPWR,li1,106.9500,296.4800,1.799163
FILLER_105_207,VPWR,li1,102.1200,296.4800,1.799154
FILLER_105_195,VPWR,li1,95.4500,296.4800,1.799147
FILLER_105_142,VPWR,li1,71.7600,296.4800,1.799205
FILLER_105_82,VPWR,li1,43.7000,296.4800,1.799479
FILLER_105_57,VPWR,li1,32.2000,296.4800,1.799678
FILLER_105_54,VPWR,li1,30.8200,296.4800,1.799678
FILLER_105_42,VPWR,li1,27.6000,296.4800,1.799755
FILLER_105_30,VPWR,li1,22.0800,296.4800,1.799832
FILLER_105_18,VPWR,li1,16.5600,296.4800,1.799832
FILLER_105_6,VPWR,li1,11.0400,296.4800,1.799832
FILLER_104_625,VPWR,li1,293.4800,296.4800,1.799334
FILLER_104_613,VPWR,li1,290.2600,296.4800,1.799334
FILLER_104_601,VPWR,li1,284.7400,296.4800,1.799335
FILLER_104_589,VPWR,li1,279.2200,296.4800,1.799335
FILLER_104_584,VPWR,li1,275.0800,296.4800,1.799335
FILLER_104_539,VPWR,li1,253.9200,296.4800,1.799377
FILLER_104_525,VPWR,li1,247.9400,296.4800,1.799400
FILLER_104_513,VPWR,li1,244.2600,296.4800,1.799415
FILLER_104_487,VPWR,li1,229.7700,296.4800,1.799476
FILLER_104_474,VPWR,li1,224.0200,296.4800,1.799496
FILLER_104_397,VPWR,li1,188.6000,296.4800,1.799667
FILLER_104_309,VPWR,li1,147.8900,296.4800,1.799394
FILLER_104_298,VPWR,li1,143.9800,296.4800,1.799370
FILLER_104_278,VPWR,li1,133.6300,296.4800,1.799288
FILLER_104_249,VPWR,li1,120.7500,296.4800,1.799215
FILLER_104_179,VPWR,li1,88.0900,296.4800,1.799148
FILLER_104_157,VPWR,li1,78.2000,296.4800,1.799174
FILLER_104_123,VPWR,li1,62.3300,296.4800,1.799269
FILLER_104_101,VPWR,li1,52.4400,296.4800,1.799364
FILLER_104_49,VPWR,li1,28.7500,296.4800,1.799712
FILLER_104_41,VPWR,li1,26.2200,296.4800,1.799755
FILLER_104_29,VPWR,li1,21.6200,296.4800,1.799832
FILLER_104_26,VPWR,li1,17.9400,296.4800,1.799832
FILLER_104_18,VPWR,li1,15.6400,296.4800,1.799832
FILLER_104_6,VPWR,li1,11.0400,296.4800,1.799832
FILLER_103_625,VPWR,li1,293.4800,291.0400,1.799120
FILLER_103_617,VPWR,li1,291.1800,291.0400,1.799120
FILLER_103_615,VPWR,li1,288.6500,291.0400,1.799120
FILLER_103_611,VPWR,li1,287.5000,291.0400,1.799120
FILLER_103_599,VPWR,li1,283.8200,291.0400,1.799120
FILLER_103_587,VPWR,li1,278.3000,291.0400,1.799120
FILLER_103_561,VPWR,li1,264.0400,291.0400,1.799147
FILLER_103_558,VPWR,li1,262.6600,291.0400,1.799147
FILLER_103_540,VPWR,li1,254.3800,291.0400,1.799191
FILLER_103_517,VPWR,li1,243.5700,291.0400,1.799240
FILLER_103_513,VPWR,li1,242.4200,291.0400,1.799240
FILLER_103_509,VPWR,li1,239.8900,291.0400,1.799253
FILLER_103_505,VPWR,li1,238.7400,291.0400,1.799265
FILLER_103_483,VPWR,li1,229.5400,291.0400,1.799309
FILLER_103_462,VPWR,li1,218.5000,291.0400,1.799378
FILLER_103_447,VPWR,li1,211.3700,291.0400,1.799421
FILLER_103_391,VPWR,li1,185.6100,291.0400,1.799581
FILLER_103_334,VPWR,li1,159.6200,291.0400,1.799416
FILLER_103_315,VPWR,li1,151.1100,291.0400,1.799288
FILLER_103_301,VPWR,li1,144.4400,291.0400,1.799222
FILLER_103_278,VPWR,li1,133.8600,291.0400,1.799121
FILLER_103_198,VPWR,li1,97.9800,291.0400,1.798997
FILLER_103_189,VPWR,li1,92.6900,291.0400,1.799016
FILLER_103_169,VPWR,li1,84.1800,291.0400,1.799071
FILLER_103_151,VPWR,li1,75.2100,291.0400,1.799133
FILLER_103_113,VPWR,li1,57.9600,291.0400,1.799315
FILLER_103_88,VPWR,li1,46.9200,291.0400,1.799462
FILLER_103_57,VPWR,li1,33.1200,291.0400,1.799669
FILLER_103_55,VPWR,li1,31.0500,291.0400,1.799711
FILLER_103_51,VPWR,li1,29.9000,291.0400,1.799711
FILLER_103_39,VPWR,li1,26.2200,291.0400,1.799766
FILLER_103_27,VPWR,li1,20.7000,291.0400,1.799849
FILLER_103_15,VPWR,li1,15.1800,291.0400,1.799849
FILLER_103_3,VPWR,li1,9.6600,291.0400,1.799849
FILLER_102_621,VPWR,li1,291.4100,291.0400,1.799120
FILLER_102_613,VPWR,li1,289.3400,291.0400,1.799120
FILLER_102_601,VPWR,li1,284.7400,291.0400,1.799120
FILLER_102_589,VPWR,li1,279.2200,291.0400,1.799120
FILLER_102_585,VPWR,li1,275.3100,291.0400,1.799120
FILLER_102_577,VPWR,li1,272.7800,291.0400,1.799120
FILLER_102_565,VPWR,li1,265.6500,291.0400,1.799134
FILLER_102_553,VPWR,li1,262.6600,291.0400,1.799147
FILLER_102_531,VPWR,li1,250.0100,291.0400,1.799210
FILLER_102_495,VPWR,li1,233.4500,291.0400,1.799288
FILLER_102_487,VPWR,li1,231.3800,291.0400,1.799299
FILLER_102_475,VPWR,li1,224.2500,291.0400,1.799347
FILLER_102_460,VPWR,li1,217.3500,291.0400,1.799378
FILLER_102_456,VPWR,li1,216.2000,291.0400,1.799391
FILLER_102_444,VPWR,li1,212.5200,291.0400,1.799410
FILLER_102_429,VPWR,li1,203.3200,291.0400,1.799467
FILLER_102_418,VPWR,li1,198.2600,291.0400,1.799498
FILLER_102_412,VPWR,li1,195.7300,291.0400,1.799516
FILLER_102_399,VPWR,li1,189.5200,291.0400,1.799558
FILLER_102_365,VPWR,li1,173.8800,291.0400,1.799640
FILLER_102_318,VPWR,li1,152.2600,291.0400,1.799317
FILLER_102_309,VPWR,li1,147.8900,291.0400,1.799257
FILLER_102_290,VPWR,li1,139.1500,291.0400,1.799163
FILLER_102_253,VPWR,li1,122.3600,291.0400,1.799060
FILLER_102_251,VPWR,li1,121.2100,291.0400,1.799051
FILLER_102_230,VPWR,li1,111.5500,291.0400,1.799017
FILLER_102_180,VPWR,li1,88.5500,291.0400,1.799035
FILLER_102_169,VPWR,li1,84.1800,291.0400,1.799071
FILLER_102_154,VPWR,li1,76.5900,291.0400,1.799133
FILLER_102_141,VPWR,li1,70.6100,291.0400,1.799179
FILLER_102_130,VPWR,li1,66.0100,291.0400,1.799220
FILLER_102_93,VPWR,li1,48.5300,291.0400,1.799431
FILLER_102_85,VPWR,li1,46.4600,291.0400,1.799462
FILLER_102_83,VPWR,li1,43.9300,291.0400,1.799524
FILLER_102_77,VPWR,li1,42.3200,291.0400,1.799524
FILLER_102_65,VPWR,li1,38.1800,291.0400,1.799586
FILLER_102_53,VPWR,li1,32.6600,291.0400,1.799669
FILLER_102_41,VPWR,li1,27.1400,291.0400,1.799766
FILLER_102_29,VPWR,li1,21.6200,291.0400,1.799849
FILLER_102_26,VPWR,li1,17.9400,291.0400,1.799849
FILLER_102_18,VPWR,li1,15.6400,291.0400,1.799849
FILLER_102_6,VPWR,li1,11.0400,291.0400,1.799849
FILLER_101_614,VPWR,li1,288.4200,285.6000,1.799324
FILLER_101_602,VPWR,li1,285.2000,285.6000,1.799335
FILLER_101_590,VPWR,li1,279.6800,285.6000,1.799345
FILLER_101_578,VPWR,li1,274.1600,285.6000,1.799359
FILLER_101_558,VPWR,li1,262.6600,285.6000,1.799386
FILLER_101_492,VPWR,li1,232.3000,285.6000,1.799492
FILLER_101_484,VPWR,li1,230.0000,285.6000,1.799502
FILLER_101_472,VPWR,li1,222.8700,285.6000,1.799531
FILLER_101_461,VPWR,li1,218.2700,285.6000,1.799550
FILLER_101_449,VPWR,li1,214.8200,285.6000,1.799568
FILLER_101_442,VPWR,li1,210.2200,285.6000,1.799586
FILLER_101_430,VPWR,li1,206.0800,285.6000,1.799605
FILLER_101_418,VPWR,li1,200.5600,285.6000,1.799625
FILLER_101_399,VPWR,li1,191.8200,285.6000,1.799664
FILLER_101_393,VPWR,li1,186.9900,285.6000,1.799687
FILLER_101_370,VPWR,li1,176.6400,285.6000,1.799777
FILLER_101_349,VPWR,li1,166.2900,285.6000,1.799658
FILLER_101_332,VPWR,li1,159.1600,285.6000,1.799560
FILLER_101_316,VPWR,li1,151.1100,285.6000,1.799491
FILLER_101_290,VPWR,li1,139.6100,285.6000,1.799422
FILLER_101_241,VPWR,li1,116.8400,285.6000,1.799322
FILLER_101_232,VPWR,li1,112.7000,285.6000,1.799315
FILLER_101_203,VPWR,li1,99.8200,285.6000,1.799326
FILLER_101_182,VPWR,li1,89.4700,285.6000,1.799352
FILLER_101_167,VPWR,li1,82.5700,285.6000,1.799381
FILLER_101_154,VPWR,li1,76.5900,285.6000,1.799413
FILLER_101_99,VPWR,li1,51.2900,285.6000,1.799626
FILLER_101_93,VPWR,li1,49.6800,285.6000,1.799626
FILLER_101_81,VPWR,li1,45.5400,285.6000,1.799678
FILLER_101_69,VPWR,li1,40.0200,285.6000,1.799721
FILLER_101_57,VPWR,li1,34.5000,285.6000,1.799775
FILLER_101_54,VPWR,li1,30.8200,285.6000,1.799811
FILLER_101_42,VPWR,li1,27.6000,285.6000,1.799847
FILLER_101_30,VPWR,li1,22.0800,285.6000,1.799902
FILLER_101_18,VPWR,li1,16.5600,285.6000,1.799902
FILLER_101_6,VPWR,li1,11.0400,285.6000,1.799902
FILLER_100_609,VPWR,li1,286.1200,285.6000,1.799330
FILLER_100_601,VPWR,li1,283.8200,285.6000,1.799335
FILLER_100_589,VPWR,li1,279.2200,285.6000,1.799345
FILLER_100_576,VPWR,li1,273.2400,285.6000,1.799359
FILLER_100_541,VPWR,li1,255.0700,285.6000,1.799408
FILLER_100_533,VPWR,li1,252.5400,285.6000,1.799417
FILLER_100_514,VPWR,li1,242.1900,285.6000,1.799453
FILLER_100_477,VPWR,li1,225.1700,285.6000,1.799523
FILLER_100_475,VPWR,li1,224.2500,285.6000,1.799531
FILLER_100_471,VPWR,li1,223.1000,285.6000,1.799531
FILLER_100_464,VPWR,li1,219.1900,285.6000,1.799550
FILLER_100_460,VPWR,li1,218.0400,285.6000,1.799558
FILLER_100_455,VPWR,li1,215.2800,285.6000,1.799568
FILLER_100_450,VPWR,li1,212.9800,285.6000,1.799577
FILLER_100_438,VPWR,li1,209.7600,285.6000,1.799586
FILLER_100_427,VPWR,li1,202.8600,285.6000,1.799615
FILLER_100_419,VPWR,li1,198.4900,285.6000,1.799634
FILLER_100_376,VPWR,li1,178.9400,285.6000,1.799751
FILLER_100_365,VPWR,li1,174.1100,285.6000,1.799748
FILLER_100_363,VPWR,li1,172.7300,285.6000,1.799721
FILLER_100_357,VPWR,li1,171.1200,285.6000,1.799721
FILLER_100_330,VPWR,li1,157.5500,285.6000,1.799560
FILLER_100_317,VPWR,li1,151.5700,285.6000,1.799508
FILLER_100_309,VPWR,li1,149.5000,285.6000,1.799491
FILLER_100_306,VPWR,li1,146.7400,285.6000,1.799466
FILLER_100_298,VPWR,li1,144.4400,285.6000,1.799454
FILLER_100_253,VPWR,li1,122.1300,285.6000,1.799331
FILLER_100_251,VPWR,li1,121.2100,285.6000,1.799331
FILLER_100_243,VPWR,li1,119.1400,285.6000,1.799327
FILLER_100_212,VPWR,li1,103.5000,285.6000,1.799321
FILLER_100_202,VPWR,li1,98.6700,285.6000,1.799331
FILLER_100_194,VPWR,li1,95.2200,285.6000,1.799335
FILLER_100_183,VPWR,li1,90.6200,285.6000,1.799352
FILLER_100_116,VPWR,li1,59.8000,285.6000,1.799542
FILLER_100_109,VPWR,li1,56.5800,285.6000,1.799561
FILLER_100_97,VPWR,li1,52.9000,285.6000,1.799594
FILLER_100_85,VPWR,li1,47.3800,285.6000,1.799648
FILLER_100_83,VPWR,li1,43.9300,285.6000,1.799698
FILLER_100_77,VPWR,li1,42.3200,285.6000,1.799698
FILLER_100_65,VPWR,li1,38.1800,285.6000,1.799739
FILLER_100_53,VPWR,li1,32.6600,285.6000,1.799793
FILLER_100_41,VPWR,li1,27.1400,285.6000,1.799847
FILLER_100_29,VPWR,li1,21.6200,285.6000,1.799902
FILLER_100_26,VPWR,li1,17.9400,285.6000,1.799902
FILLER_100_18,VPWR,li1,15.6400,285.6000,1.799902
FILLER_100_6,VPWR,li1,11.0400,285.6000,1.799902
FILLER_99_607,VPWR,li1,284.9700,280.1600,1.799194
FILLER_99_595,VPWR,li1,281.9800,280.1600,1.799206
FILLER_99_583,VPWR,li1,276.4600,280.1600,1.799218
FILLER_99_559,VPWR,li1,262.8900,280.1600,1.799261
FILLER_99_502,VPWR,li1,236.9000,280.1600,1.799355
FILLER_99_484,VPWR,li1,228.6200,280.1600,1.799393
FILLER_99_444,VPWR,li1,210.6800,280.1600,1.799471
FILLER_99_432,VPWR,li1,207.0000,280.1600,1.799493
FILLER_99_409,VPWR,li1,194.1200,280.1600,1.799569
FILLER_99_399,VPWR,li1,189.5200,280.1600,1.799610
FILLER_99_391,VPWR,li1,185.6100,280.1600,1.799652
FILLER_99_369,VPWR,li1,176.1800,280.1600,1.799766
FILLER_99_357,VPWR,li1,172.5000,280.1600,1.799779
FILLER_99_345,VPWR,li1,166.9800,280.1600,1.799744
FILLER_99_341,VPWR,li1,162.6100,280.1600,1.799717
FILLER_99_337,VPWR,li1,161.4600,280.1600,1.799703
FILLER_99_305,VPWR,li1,147.6600,280.1600,1.799635
FILLER_99_293,VPWR,li1,143.0600,280.1600,1.799619
FILLER_99_278,VPWR,li1,133.8600,280.1600,1.799583
FILLER_99_262,VPWR,li1,126.2700,280.1600,1.799575
FILLER_99_254,VPWR,li1,124.2000,280.1600,1.799574
FILLER_99_242,VPWR,li1,119.6000,280.1600,1.799570
FILLER_99_229,VPWR,li1,111.0900,280.1600,1.799566
FILLER_99_225,VPWR,li1,109.2500,280.1600,1.799567
FILLER_99_223,VPWR,li1,108.3300,280.1600,1.799567
FILLER_99_219,VPWR,li1,107.1800,280.1600,1.799567
FILLER_99_214,VPWR,li1,104.1900,280.1600,1.799568
FILLER_99_210,VPWR,li1,103.0400,280.1600,1.799568
FILLER_99_161,VPWR,li1,79.8100,280.1600,1.799629
FILLER_99_155,VPWR,li1,78.2000,280.1600,1.799629
FILLER_99_146,VPWR,li1,74.0600,280.1600,1.799647
FILLER_99_121,VPWR,li1,61.6400,280.1600,1.799709
FILLER_99_113,VPWR,li1,59.3400,280.1600,1.799723
FILLER_99_111,VPWR,li1,56.8100,280.1600,1.799747
FILLER_99_105,VPWR,li1,55.2000,280.1600,1.799747
FILLER_99_93,VPWR,li1,51.0600,280.1600,1.799771
FILLER_99_81,VPWR,li1,45.5400,280.1600,1.799809
FILLER_99_69,VPWR,li1,40.0200,280.1600,1.799835
FILLER_99_57,VPWR,li1,34.5000,280.1600,1.799867
FILLER_99_54,VPWR,li1,30.8200,280.1600,1.799888
FILLER_99_42,VPWR,li1,27.6000,280.1600,1.799910
FILLER_99_30,VPWR,li1,22.0800,280.1600,1.799942
FILLER_99_18,VPWR,li1,16.5600,280.1600,1.799942
FILLER_99_6,VPWR,li1,11.0400,280.1600,1.799942
FILLER_98_610,VPWR,li1,286.3500,280.1600,1.799194
FILLER_98_597,VPWR,li1,280.3700,280.1600,1.799206
FILLER_98_589,VPWR,li1,278.3000,280.1600,1.799212
FILLER_98_580,VPWR,li1,274.1600,280.1600,1.799224
FILLER_98_533,VPWR,li1,251.1600,280.1600,1.799299
FILLER_98_526,VPWR,li1,248.1700,280.1600,1.799308
FILLER_98_514,VPWR,li1,244.7200,280.1600,1.799328
FILLER_98_506,VPWR,li1,238.9700,280.1600,1.799346
FILLER_98_492,VPWR,li1,232.3000,280.1600,1.799374
FILLER_98_441,VPWR,li1,208.8400,280.1600,1.799481
FILLER_98_433,VPWR,li1,206.5400,280.1600,1.799493
FILLER_98_419,VPWR,li1,198.4900,280.1600,1.799543
FILLER_98_393,VPWR,li1,186.5300,280.1600,1.799652
FILLER_98_389,VPWR,li1,185.3800,280.1600,1.799652
FILLER_98_373,VPWR,li1,178.0200,280.1600,1.799741
FILLER_98_357,VPWR,li1,170.6600,280.1600,1.799767
FILLER_98_345,VPWR,li1,166.9800,280.1600,1.799744
FILLER_98_333,VPWR,li1,161.4600,280.1600,1.799703
FILLER_98_321,VPWR,li1,155.9400,280.1600,1.799668
FILLER_98_309,VPWR,li1,150.4200,280.1600,1.799650
FILLER_98_306,VPWR,li1,146.7400,280.1600,1.799635
FILLER_98_294,VPWR,li1,143.5200,280.1600,1.799619
FILLER_98_269,VPWR,li1,129.4900,280.1600,1.799577
FILLER_98_265,VPWR,li1,128.3400,280.1600,1.799577
FILLER_98_253,VPWR,li1,124.6600,280.1600,1.799574
FILLER_98_251,VPWR,li1,121.2100,280.1600,1.799570
FILLER_98_245,VPWR,li1,119.6000,280.1600,1.799570
FILLER_98_212,VPWR,li1,103.7300,280.1600,1.799568
FILLER_98_200,VPWR,li1,100.2800,280.1600,1.799570
FILLER_98_173,VPWR,li1,85.7900,280.1600,1.799597
FILLER_98_165,VPWR,li1,83.2600,280.1600,1.799609
FILLER_98_153,VPWR,li1,78.6600,280.1600,1.799629
FILLER_98_141,VPWR,li1,73.1400,280.1600,1.799656
FILLER_98_138,VPWR,li1,69.4600,280.1600,1.799667
FILLER_98_133,VPWR,li1,67.1600,280.1600,1.799680
FILLER_98_121,VPWR,li1,63.9400,280.1600,1.799696
FILLER_98_109,VPWR,li1,58.4200,280.1600,1.799735
FILLER_98_97,VPWR,li1,52.9000,280.1600,1.799760
FILLER_98_85,VPWR,li1,47.3800,280.1600,1.799792
FILLER_98_83,VPWR,li1,43.9300,280.1600,1.799822
FILLER_98_77,VPWR,li1,42.3200,280.1600,1.799822
FILLER_98_65,VPWR,li1,38.1800,280.1600,1.799846
FILLER_98_53,VPWR,li1,32.6600,280.1600,1.799878
FILLER_98_41,VPWR,li1,27.1400,280.1600,1.799910
FILLER_98_29,VPWR,li1,21.6200,280.1600,1.799942
FILLER_98_27,VPWR,li1,18.1700,280.1600,1.799942
FILLER_98_15,VPWR,li1,15.1800,280.1600,1.799942
FILLER_98_3,VPWR,li1,9.6600,280.1600,1.799942
FILLER_97_625,VPWR,li1,293.2500,274.7200,1.798975
FILLER_97_588,VPWR,li1,277.8400,274.7200,1.799015
FILLER_97_569,VPWR,li1,267.4900,274.7200,1.799043
FILLER_97_559,VPWR,li1,262.8900,274.7200,1.799058
FILLER_97_544,VPWR,li1,255.9900,274.7200,1.799085
FILLER_97_540,VPWR,li1,254.8400,274.7200,1.799085
FILLER_97_536,VPWR,li1,252.3100,274.7200,1.799093
FILLER_97_532,VPWR,li1,251.1600,274.7200,1.799099
FILLER_97_521,VPWR,li1,245.8700,274.7200,1.799115
FILLER_97_513,VPWR,li1,241.7300,274.7200,1.799135
FILLER_97_505,VPWR,li1,239.6600,274.7200,1.799153
FILLER_97_498,VPWR,li1,235.9800,274.7200,1.799174
FILLER_97_491,VPWR,li1,231.6100,274.7200,1.799211
FILLER_97_487,VPWR,li1,230.4600,274.7200,1.799211
FILLER_97_436,VPWR,li1,207.0000,274.7200,1.799442
FILLER_97_402,VPWR,li1,190.6700,274.7200,1.799619
FILLER_97_390,VPWR,li1,185.3800,274.7200,1.799687
FILLER_97_378,VPWR,li1,182.1600,274.7200,1.799752
FILLER_97_365,VPWR,li1,173.8800,274.7200,1.799826
FILLER_97_349,VPWR,li1,167.4400,274.7200,1.799820
FILLER_97_337,VPWR,li1,163.3000,274.7200,1.799821
FILLER_97_335,VPWR,li1,159.8500,274.7200,1.799823
FILLER_97_329,VPWR,li1,158.2400,274.7200,1.799823
FILLER_97_317,VPWR,li1,154.1000,274.7200,1.799824
FILLER_97_305,VPWR,li1,148.5800,274.7200,1.799826
FILLER_97_293,VPWR,li1,143.0600,274.7200,1.799828
FILLER_97_281,VPWR,li1,137.5400,274.7200,1.799829
FILLER_97_277,VPWR,li1,133.6300,274.7200,1.799830
FILLER_97_269,VPWR,li1,131.1000,274.7200,1.799832
FILLER_97_257,VPWR,li1,126.5000,274.7200,1.799833
FILLER_97_245,VPWR,li1,120.9800,274.7200,1.799835
FILLER_97_223,VPWR,li1,108.3300,274.7200,1.799848
FILLER_97_217,VPWR,li1,106.7200,274.7200,1.799848
FILLER_97_205,VPWR,li1,102.5800,274.7200,1.799854
FILLER_97_193,VPWR,li1,97.0600,274.7200,1.799865
FILLER_97_181,VPWR,li1,91.5400,274.7200,1.799872
FILLER_97_169,VPWR,li1,86.0200,274.7200,1.799880
FILLER_97_167,VPWR,li1,82.5700,274.7200,1.799888
FILLER_97_161,VPWR,li1,80.9600,274.7200,1.799888
FILLER_97_149,VPWR,li1,76.8200,274.7200,1.799895
FILLER_97_137,VPWR,li1,71.3000,274.7200,1.799906
FILLER_97_125,VPWR,li1,65.7800,274.7200,1.799913
FILLER_97_113,VPWR,li1,60.2600,274.7200,1.799921
FILLER_97_111,VPWR,li1,56.8100,274.7200,1.799929
FILLER_97_105,VPWR,li1,55.2000,274.7200,1.799929
FILLER_97_93,VPWR,li1,51.0600,274.7200,1.799936
FILLER_97_81,VPWR,li1,45.5400,274.7200,1.799947
FILLER_97_69,VPWR,li1,40.0200,274.7200,1.799953
FILLER_97_57,VPWR,li1,34.5000,274.7200,1.799962
FILLER_97_55,VPWR,li1,31.0500,274.7200,1.799970
FILLER_97_51,VPWR,li1,29.9000,274.7200,1.799970
FILLER_97_39,VPWR,li1,26.2200,274.7200,1.799975
FILLER_97_27,VPWR,li1,20.7000,274.7200,1.799984
FILLER_97_15,VPWR,li1,15.1800,274.7200,1.799984
FILLER_97_3,VPWR,li1,9.6600,274.7200,1.799984
FILLER_96_625,VPWR,li1,293.2500,274.7200,1.798975
FILLER_96_595,VPWR,li1,279.4500,274.7200,1.799005
FILLER_96_589,VPWR,li1,277.8400,274.7200,1.799015
FILLER_96_585,VPWR,li1,275.3100,274.7200,1.799023
FILLER_96_562,VPWR,li1,264.2700,274.7200,1.799058
FILLER_96_551,VPWR,li1,259.2100,274.7200,1.799076
FILLER_96_547,VPWR,li1,258.0600,274.7200,1.799076
FILLER_96_531,VPWR,li1,250.0100,274.7200,1.799106
FILLER_96_525,VPWR,li1,248.4000,274.7200,1.799106
FILLER_96_507,VPWR,li1,238.9700,274.7200,1.799153
FILLER_96_501,VPWR,li1,237.3600,274.7200,1.799174
FILLER_96_489,VPWR,li1,233.2200,274.7200,1.799197
FILLER_96_477,VPWR,li1,227.7000,274.7200,1.799231
FILLER_96_475,VPWR,li1,224.2500,274.7200,1.799258
FILLER_96_468,VPWR,li1,221.2600,274.7200,1.799287
FILLER_96_444,VPWR,li1,211.1400,274.7200,1.799389
FILLER_96_385,VPWR,li1,185.3800,274.7200,1.799687
FILLER_96_341,VPWR,li1,163.0700,274.7200,1.799821
FILLER_96_333,VPWR,li1,160.5400,274.7200,1.799822
FILLER_96_321,VPWR,li1,155.9400,274.7200,1.799824
FILLER_96_309,VPWR,li1,150.4200,274.7200,1.799825
FILLER_96_307,VPWR,li1,146.9700,274.7200,1.799827
FILLER_96_301,VPWR,li1,145.3600,274.7200,1.799827
FILLER_96_289,VPWR,li1,141.2200,274.7200,1.799828
FILLER_96_277,VPWR,li1,135.7000,274.7200,1.799830
FILLER_96_265,VPWR,li1,130.1800,274.7200,1.799832
FILLER_96_253,VPWR,li1,124.6600,274.7200,1.799833
FILLER_96_251,VPWR,li1,121.2100,274.7200,1.799835
FILLER_96_245,VPWR,li1,119.6000,274.7200,1.799835
FILLER_96_233,VPWR,li1,115.4600,274.7200,1.799836
FILLER_96_221,VPWR,li1,109.9400,274.7200,1.799844
FILLER_96_209,VPWR,li1,104.4200,274.7200,1.799851
FILLER_96_197,VPWR,li1,98.9000,274.7200,1.799860
FILLER_96_195,VPWR,li1,95.4500,274.7200,1.799868
FILLER_96_189,VPWR,li1,93.8400,274.7200,1.799868
FILLER_96_177,VPWR,li1,89.7000,274.7200,1.799875
FILLER_96_165,VPWR,li1,84.1800,274.7200,1.799885
FILLER_96_153,VPWR,li1,78.6600,274.7200,1.799892
FILLER_96_141,VPWR,li1,73.1400,274.7200,1.799901
FILLER_96_139,VPWR,li1,69.6900,274.7200,1.799909
FILLER_96_133,VPWR,li1,68.0800,274.7200,1.799909
FILLER_96_121,VPWR,li1,63.9400,274.7200,1.799915
FILLER_96_109,VPWR,li1,58.4200,274.7200,1.799926
FILLER_96_97,VPWR,li1,52.9000,274.7200,1.799933
FILLER_96_85,VPWR,li1,47.3800,274.7200,1.799942
FILLER_96_83,VPWR,li1,43.9300,274.7200,1.799950
FILLER_96_77,VPWR,li1,42.3200,274.7200,1.799950
FILLER_96_65,VPWR,li1,38.1800,274.7200,1.799956
FILLER_96_53,VPWR,li1,32.6600,274.7200,1.799965
FILLER_96_41,VPWR,li1,27.1400,274.7200,1.799975
FILLER_96_29,VPWR,li1,21.6200,274.7200,1.799984
FILLER_96_27,VPWR,li1,18.1700,274.7200,1.799984
FILLER_96_15,VPWR,li1,15.1800,274.7200,1.799984
FILLER_96_3,VPWR,li1,9.6600,274.7200,1.799984
FILLER_95_614,VPWR,li1,288.4200,269.2800,1.799336
FILLER_95_593,VPWR,li1,280.1400,269.2800,1.799357
FILLER_95_581,VPWR,li1,275.5400,269.2800,1.799369
FILLER_95_571,VPWR,li1,268.6400,269.2800,1.799390
FILLER_95_551,VPWR,li1,259.4400,269.2800,1.799414
FILLER_95_537,VPWR,li1,253.0000,269.2800,1.799434
FILLER_95_516,VPWR,li1,243.1100,269.2800,1.799472
FILLER_95_508,VPWR,li1,241.0400,269.2800,1.799485
FILLER_95_498,VPWR,li1,235.2900,269.2800,1.799508
FILLER_95_492,VPWR,li1,232.0700,269.2800,1.799529
FILLER_95_482,VPWR,li1,227.7000,269.2800,1.799549
FILLER_95_474,VPWR,li1,225.4000,269.2800,1.799564
FILLER_95_461,VPWR,li1,218.5000,269.2800,1.799595
FILLER_95_440,VPWR,li1,209.7600,269.2800,1.799646
FILLER_95_428,VPWR,li1,203.0900,269.2800,1.799682
FILLER_95_404,VPWR,li1,191.8200,269.2800,1.799755
FILLER_95_393,VPWR,li1,187.6800,269.2800,1.799784
FILLER_95_391,VPWR,li1,185.6100,269.2800,1.799801
FILLER_95_383,VPWR,li1,183.5400,269.2800,1.799816
FILLER_95_377,VPWR,li1,179.1700,269.2800,1.799854
FILLER_95_353,VPWR,li1,168.1300,269.2800,1.799882
FILLER_95_349,VPWR,li1,166.9800,269.2800,1.799881
FILLER_95_337,VPWR,li1,163.3000,269.2800,1.799879
FILLER_95_335,VPWR,li1,159.8500,269.2800,1.799877
FILLER_95_329,VPWR,li1,158.2400,269.2800,1.799877
FILLER_95_317,VPWR,li1,154.1000,269.2800,1.799874
FILLER_95_305,VPWR,li1,148.5800,269.2800,1.799871
FILLER_95_293,VPWR,li1,143.0600,269.2800,1.799869
FILLER_95_281,VPWR,li1,137.5400,269.2800,1.799866
FILLER_95_279,VPWR,li1,134.0900,269.2800,1.799863
FILLER_95_273,VPWR,li1,132.4800,269.2800,1.799863
FILLER_95_261,VPWR,li1,128.3400,269.2800,1.799861
FILLER_95_249,VPWR,li1,122.8200,269.2800,1.799858
FILLER_95_237,VPWR,li1,117.3000,269.2800,1.799855
FILLER_95_225,VPWR,li1,111.7800,269.2800,1.799853
FILLER_95_223,VPWR,li1,108.3300,269.2800,1.799850
FILLER_95_217,VPWR,li1,106.7200,269.2800,1.799850
FILLER_95_205,VPWR,li1,102.5800,269.2800,1.799848
FILLER_95_193,VPWR,li1,97.0600,269.2800,1.799844
FILLER_95_181,VPWR,li1,91.5400,269.2800,1.799842
FILLER_95_169,VPWR,li1,86.0200,269.2800,1.799839
FILLER_95_167,VPWR,li1,82.5700,269.2800,1.799837
FILLER_95_159,VPWR,li1,80.5000,269.2800,1.799836
FILLER_95_147,VPWR,li1,75.9000,269.2800,1.799834
FILLER_95_133,VPWR,li1,66.9300,269.2800,1.799847
FILLER_95_125,VPWR,li1,64.8600,269.2800,1.799855
FILLER_95_113,VPWR,li1,60.2600,269.2800,1.799865
FILLER_95_111,VPWR,li1,56.8100,269.2800,1.799879
FILLER_95_105,VPWR,li1,55.2000,269.2800,1.799879
FILLER_95_93,VPWR,li1,51.0600,269.2800,1.799890
FILLER_95_81,VPWR,li1,45.5400,269.2800,1.799908
FILLER_95_69,VPWR,li1,40.0200,269.2800,1.799920
FILLER_95_57,VPWR,li1,34.5000,269.2800,1.799935
FILLER_95_55,VPWR,li1,31.0500,269.2800,1.799948
FILLER_95_51,VPWR,li1,29.9000,269.2800,1.799948
FILLER_95_39,VPWR,li1,26.2200,269.2800,1.799958
FILLER_95_27,VPWR,li1,20.7000,269.2800,1.799973
FILLER_95_15,VPWR,li1,15.1800,269.2800,1.799973
FILLER_95_3,VPWR,li1,9.6600,269.2800,1.799973
FILLER_94_597,VPWR,li1,281.9800,269.2800,1.799348
FILLER_94_593,VPWR,li1,278.5300,269.2800,1.799357
FILLER_94_589,VPWR,li1,277.3800,269.2800,1.799364
FILLER_94_549,VPWR,li1,258.5200,269.2800,1.799420
FILLER_94_531,VPWR,li1,250.0100,269.2800,1.799444
FILLER_94_521,VPWR,li1,245.4100,269.2800,1.799462
FILLER_94_513,VPWR,li1,243.3400,269.2800,1.799472
FILLER_94_489,VPWR,li1,230.6900,269.2800,1.799538
FILLER_94_475,VPWR,li1,224.2500,269.2800,1.799564
FILLER_94_461,VPWR,li1,218.9600,269.2800,1.799595
FILLER_94_449,VPWR,li1,214.8200,269.2800,1.799616
FILLER_94_437,VPWR,li1,209.3000,269.2800,1.799646
FILLER_94_421,VPWR,li1,201.0200,269.2800,1.799695
FILLER_94_419,VPWR,li1,198.4900,269.2800,1.799721
FILLER_94_413,VPWR,li1,196.8800,269.2800,1.799721
FILLER_94_404,VPWR,li1,192.7400,269.2800,1.799755
FILLER_94_375,VPWR,li1,178.2500,269.2800,1.799870
FILLER_94_361,VPWR,li1,172.2700,269.2800,1.799884
FILLER_94_353,VPWR,li1,168.3600,269.2800,1.799882
FILLER_94_345,VPWR,li1,166.0600,269.2800,1.799881
FILLER_94_333,VPWR,li1,161.4600,269.2800,1.799878
FILLER_94_321,VPWR,li1,155.9400,269.2800,1.799875
FILLER_94_309,VPWR,li1,150.4200,269.2800,1.799873
FILLER_94_307,VPWR,li1,146.9700,269.2800,1.799870
FILLER_94_301,VPWR,li1,145.3600,269.2800,1.799870
FILLER_94_289,VPWR,li1,141.2200,269.2800,1.799868
FILLER_94_277,VPWR,li1,135.7000,269.2800,1.799864
FILLER_94_265,VPWR,li1,130.1800,269.2800,1.799862
FILLER_94_253,VPWR,li1,124.6600,269.2800,1.799859
FILLER_94_251,VPWR,li1,121.2100,269.2800,1.799857
FILLER_94_245,VPWR,li1,119.6000,269.2800,1.799857
FILLER_94_233,VPWR,li1,115.4600,269.2800,1.799854
FILLER_94_221,VPWR,li1,109.9400,269.2800,1.799851
FILLER_94_209,VPWR,li1,104.4200,269.2800,1.799849
FILLER_94_197,VPWR,li1,98.9000,269.2800,1.799846
FILLER_94_188,VPWR,li1,93.8400,269.2800,1.799843
FILLER_94_176,VPWR,li1,89.2400,269.2800,1.799841
FILLER_94_164,VPWR,li1,83.7200,269.2800,1.799837
FILLER_94_152,VPWR,li1,78.2000,269.2800,1.799835
FILLER_94_139,VPWR,li1,69.6900,269.2800,1.799840
FILLER_94_133,VPWR,li1,68.0800,269.2800,1.799847
FILLER_94_121,VPWR,li1,63.9400,269.2800,1.799855
FILLER_94_109,VPWR,li1,58.4200,269.2800,1.799873
FILLER_94_97,VPWR,li1,52.9000,269.2800,1.799885
FILLER_94_85,VPWR,li1,47.3800,269.2800,1.799900
FILLER_94_83,VPWR,li1,43.9300,269.2800,1.799914
FILLER_94_77,VPWR,li1,42.3200,269.2800,1.799914
FILLER_94_65,VPWR,li1,38.1800,269.2800,1.799925
FILLER_94_53,VPWR,li1,32.6600,269.2800,1.799940
FILLER_94_41,VPWR,li1,27.1400,269.2800,1.799958
FILLER_94_29,VPWR,li1,21.6200,269.2800,1.799973
FILLER_94_27,VPWR,li1,18.1700,269.2800,1.799973
FILLER_94_15,VPWR,li1,15.1800,269.2800,1.799973
FILLER_94_3,VPWR,li1,9.6600,269.2800,1.799973
FILLER_93_582,VPWR,li1,273.7000,263.8400,1.799227
FILLER_93_574,VPWR,li1,271.4000,263.8400,1.799236
FILLER_93_568,VPWR,li1,267.0300,263.8400,1.799254
FILLER_93_557,VPWR,li1,262.4300,263.8400,1.799273
FILLER_93_521,VPWR,li1,245.6400,263.8400,1.799348
FILLER_93_513,VPWR,li1,243.3400,263.8400,1.799358
FILLER_93_503,VPWR,li1,237.1300,263.8400,1.799397
FILLER_93_461,VPWR,li1,218.0400,263.8400,1.799525
FILLER_93_455,VPWR,li1,215.0500,263.8400,1.799547
FILLER_93_447,VPWR,li1,211.3700,263.8400,1.799570
FILLER_93_424,VPWR,li1,200.7900,263.8400,1.799646
FILLER_93_418,VPWR,li1,199.1800,263.8400,1.799672
FILLER_93_406,VPWR,li1,195.0400,263.8400,1.799692
FILLER_93_377,VPWR,li1,179.1700,263.8400,1.799857
FILLER_93_373,VPWR,li1,178.0200,263.8400,1.799857
FILLER_93_349,VPWR,li1,166.9800,263.8400,1.799878
FILLER_93_337,VPWR,li1,163.3000,263.8400,1.799878
FILLER_93_335,VPWR,li1,159.8500,263.8400,1.799877
FILLER_93_329,VPWR,li1,158.2400,263.8400,1.799877
FILLER_93_317,VPWR,li1,154.1000,263.8400,1.799877
FILLER_93_305,VPWR,li1,148.5800,263.8400,1.799879
FILLER_93_293,VPWR,li1,143.0600,263.8400,1.799881
FILLER_93_281,VPWR,li1,137.5400,263.8400,1.799884
FILLER_93_279,VPWR,li1,134.0900,263.8400,1.799886
FILLER_93_273,VPWR,li1,132.4800,263.8400,1.799886
FILLER_93_261,VPWR,li1,128.3400,263.8400,1.799888
FILLER_93_249,VPWR,li1,122.8200,263.8400,1.799891
FILLER_93_237,VPWR,li1,117.3000,263.8400,1.799894
FILLER_93_225,VPWR,li1,111.7800,263.8400,1.799896
FILLER_93_223,VPWR,li1,108.3300,263.8400,1.799899
FILLER_93_217,VPWR,li1,106.7200,263.8400,1.799899
FILLER_93_205,VPWR,li1,102.5800,263.8400,1.799901
FILLER_93_193,VPWR,li1,97.0600,263.8400,1.799904
FILLER_93_181,VPWR,li1,91.5400,263.8400,1.799906
FILLER_93_169,VPWR,li1,86.0200,263.8400,1.799909
FILLER_93_167,VPWR,li1,82.5700,263.8400,1.799912
FILLER_93_161,VPWR,li1,80.9600,263.8400,1.799912
FILLER_93_149,VPWR,li1,76.8200,263.8400,1.799914
FILLER_93_137,VPWR,li1,71.3000,263.8400,1.799920
FILLER_93_125,VPWR,li1,65.7800,263.8400,1.799926
FILLER_93_113,VPWR,li1,60.2600,263.8400,1.799933
FILLER_93_111,VPWR,li1,56.8100,263.8400,1.799940
FILLER_93_105,VPWR,li1,55.2000,263.8400,1.799940
FILLER_93_93,VPWR,li1,51.0600,263.8400,1.799945
FILLER_93_81,VPWR,li1,45.5400,263.8400,1.799954
FILLER_93_69,VPWR,li1,40.0200,263.8400,1.799960
FILLER_93_57,VPWR,li1,34.5000,263.8400,1.799968
FILLER_93_55,VPWR,li1,31.0500,263.8400,1.799974
FILLER_93_51,VPWR,li1,29.9000,263.8400,1.799974
FILLER_93_39,VPWR,li1,26.2200,263.8400,1.799979
FILLER_93_27,VPWR,li1,20.7000,263.8400,1.799986
FILLER_93_15,VPWR,li1,15.1800,263.8400,1.799986
FILLER_93_3,VPWR,li1,9.6600,263.8400,1.799986
FILLER_92_597,VPWR,li1,280.8300,263.8400,1.799201
FILLER_92_587,VPWR,li1,275.7700,263.8400,1.799218
FILLER_92_575,VPWR,li1,272.7800,263.8400,1.799236
FILLER_92_563,VPWR,li1,267.2600,263.8400,1.799254
FILLER_92_555,VPWR,li1,261.0500,263.8400,1.799284
FILLER_92_533,VPWR,li1,250.9300,263.8400,1.799327
FILLER_92_511,VPWR,li1,241.0400,263.8400,1.799377
FILLER_92_477,VPWR,li1,225.4000,263.8400,1.799462
FILLER_92_474,VPWR,li1,224.0200,263.8400,1.799477
FILLER_92_448,VPWR,li1,211.8300,263.8400,1.799570
FILLER_92_430,VPWR,li1,203.5500,263.8400,1.799624
FILLER_92_373,VPWR,li1,177.5600,263.8400,1.799857
FILLER_92_365,VPWR,li1,175.2600,263.8400,1.799882
FILLER_92_362,VPWR,li1,172.5000,263.8400,1.799881
FILLER_92_350,VPWR,li1,167.2100,263.8400,1.799878
FILLER_92_338,VPWR,li1,163.7600,263.8400,1.799878
FILLER_92_326,VPWR,li1,158.2400,263.8400,1.799877
FILLER_92_307,VPWR,li1,146.9700,263.8400,1.799880
FILLER_92_301,VPWR,li1,145.3600,263.8400,1.799880
FILLER_92_289,VPWR,li1,141.2200,263.8400,1.799882
FILLER_92_277,VPWR,li1,135.7000,263.8400,1.799885
FILLER_92_265,VPWR,li1,130.1800,263.8400,1.799887
FILLER_92_253,VPWR,li1,124.6600,263.8400,1.799890
FILLER_92_251,VPWR,li1,121.2100,263.8400,1.799892
FILLER_92_245,VPWR,li1,119.6000,263.8400,1.799892
FILLER_92_233,VPWR,li1,115.4600,263.8400,1.799895
FILLER_92_221,VPWR,li1,109.9400,263.8400,1.799898
FILLER_92_209,VPWR,li1,104.4200,263.8400,1.799900
FILLER_92_197,VPWR,li1,98.9000,263.8400,1.799903
FILLER_92_188,VPWR,li1,93.8400,263.8400,1.799905
FILLER_92_176,VPWR,li1,89.2400,263.8400,1.799907
FILLER_92_164,VPWR,li1,83.7200,263.8400,1.799911
FILLER_92_152,VPWR,li1,78.2000,263.8400,1.799914
FILLER_92_147,VPWR,li1,73.3700,263.8400,1.799915
FILLER_92_141,VPWR,li1,71.7600,263.8400,1.799920
FILLER_92_139,VPWR,li1,69.6900,263.8400,1.799922
FILLER_92_133,VPWR,li1,68.0800,263.8400,1.799922
FILLER_92_121,VPWR,li1,63.9400,263.8400,1.799928
FILLER_92_109,VPWR,li1,58.4200,263.8400,1.799937
FILLER_92_97,VPWR,li1,52.9000,263.8400,1.799943
FILLER_92_85,VPWR,li1,47.3800,263.8400,1.799950
FILLER_92_83,VPWR,li1,43.9300,263.8400,1.799957
FILLER_92_77,VPWR,li1,42.3200,263.8400,1.799957
FILLER_92_65,VPWR,li1,38.1800,263.8400,1.799963
FILLER_92_53,VPWR,li1,32.6600,263.8400,1.799970
FILLER_92_41,VPWR,li1,27.1400,263.8400,1.799979
FILLER_92_29,VPWR,li1,21.6200,263.8400,1.799986
FILLER_92_27,VPWR,li1,18.1700,263.8400,1.799986
FILLER_92_15,VPWR,li1,15.1800,263.8400,1.799986
FILLER_92_3,VPWR,li1,9.6600,263.8400,1.799986
FILLER_91_615,VPWR,li1,288.6500,258.4000,1.799059
FILLER_91_589,VPWR,li1,276.9200,258.4000,1.799098
FILLER_91_581,VPWR,li1,274.6200,258.4000,1.799107
FILLER_91_569,VPWR,li1,270.0200,258.4000,1.799123
FILLER_91_565,VPWR,li1,265.6500,258.4000,1.799143
FILLER_91_561,VPWR,li1,263.8100,258.4000,1.799153
FILLER_91_556,VPWR,li1,262.2000,258.4000,1.799163
FILLER_91_514,VPWR,li1,243.3400,258.4000,1.799259
FILLER_91_505,VPWR,li1,239.2000,258.4000,1.799284
FILLER_91_503,VPWR,li1,237.1300,258.4000,1.799297
FILLER_91_480,VPWR,li1,227.0100,258.4000,1.799361
FILLER_91_449,VPWR,li1,212.2900,258.4000,1.799476
FILLER_91_418,VPWR,li1,198.0300,258.4000,1.799593
FILLER_91_414,VPWR,li1,196.8800,258.4000,1.799593
FILLER_91_405,VPWR,li1,192.0500,258.4000,1.799653
FILLER_91_399,VPWR,li1,190.4400,258.4000,1.799653
FILLER_91_377,VPWR,li1,179.1700,258.4000,1.799782
FILLER_91_373,VPWR,li1,178.0200,258.4000,1.799782
FILLER_91_361,VPWR,li1,174.3400,258.4000,1.799792
FILLER_91_349,VPWR,li1,168.8200,258.4000,1.799764
FILLER_91_337,VPWR,li1,163.3000,258.4000,1.799733
FILLER_91_334,VPWR,li1,159.6200,258.4000,1.799720
FILLER_91_322,VPWR,li1,156.4000,258.4000,1.799710
FILLER_91_293,VPWR,li1,141.2200,258.4000,1.799687
FILLER_91_281,VPWR,li1,137.5400,258.4000,1.799687
FILLER_91_279,VPWR,li1,134.0900,258.4000,1.799686
FILLER_91_273,VPWR,li1,132.4800,258.4000,1.799686
FILLER_91_261,VPWR,li1,128.3400,258.4000,1.799686
FILLER_91_249,VPWR,li1,122.8200,258.4000,1.799686
FILLER_91_237,VPWR,li1,117.3000,258.4000,1.799685
FILLER_91_225,VPWR,li1,111.7800,258.4000,1.799685
FILLER_91_223,VPWR,li1,108.3300,258.4000,1.799686
FILLER_91_217,VPWR,li1,106.7200,258.4000,1.799686
FILLER_91_205,VPWR,li1,102.5800,258.4000,1.799688
FILLER_91_193,VPWR,li1,97.0600,258.4000,1.799694
FILLER_91_181,VPWR,li1,91.5400,258.4000,1.799703
FILLER_91_169,VPWR,li1,86.0200,258.4000,1.799711
FILLER_91_166,VPWR,li1,82.3400,258.4000,1.799717
FILLER_91_158,VPWR,li1,80.0400,258.4000,1.799721
FILLER_91_137,VPWR,li1,69.9200,258.4000,1.799747
FILLER_91_125,VPWR,li1,65.7800,258.4000,1.799763
FILLER_91_113,VPWR,li1,60.2600,258.4000,1.799781
FILLER_91_111,VPWR,li1,56.8100,258.4000,1.799803
FILLER_91_105,VPWR,li1,55.2000,258.4000,1.799803
FILLER_91_93,VPWR,li1,51.0600,258.4000,1.799822
FILLER_91_81,VPWR,li1,45.5400,258.4000,1.799851
FILLER_91_69,VPWR,li1,40.0200,258.4000,1.799870
FILLER_91_57,VPWR,li1,34.5000,258.4000,1.799895
FILLER_91_55,VPWR,li1,31.0500,258.4000,1.799915
FILLER_91_51,VPWR,li1,29.9000,258.4000,1.799915
FILLER_91_39,VPWR,li1,26.2200,258.4000,1.799931
FILLER_91_27,VPWR,li1,20.7000,258.4000,1.799956
FILLER_91_15,VPWR,li1,15.1800,258.4000,1.799956
FILLER_91_3,VPWR,li1,9.6600,258.4000,1.799956
FILLER_90_628,VPWR,li1,294.8600,258.4000,1.799049
FILLER_90_587,VPWR,li1,275.7700,258.4000,1.799098
FILLER_90_579,VPWR,li1,273.7000,258.4000,1.799107
FILLER_90_555,VPWR,li1,261.2800,258.4000,1.799163
FILLER_90_519,VPWR,li1,244.4900,258.4000,1.799259
FILLER_90_513,VPWR,li1,242.8800,258.4000,1.799272
FILLER_90_501,VPWR,li1,238.7400,258.4000,1.799297
FILLER_90_489,VPWR,li1,233.2200,258.4000,1.799326
FILLER_90_477,VPWR,li1,227.7000,258.4000,1.799361
FILLER_90_475,VPWR,li1,224.2500,258.4000,1.799379
FILLER_90_467,VPWR,li1,222.1800,258.4000,1.799393
FILLER_90_399,VPWR,li1,189.2900,258.4000,1.799673
FILLER_90_377,VPWR,li1,179.1700,258.4000,1.799782
FILLER_90_365,VPWR,li1,176.1800,258.4000,1.799812
FILLER_90_363,VPWR,li1,172.7300,258.4000,1.799792
FILLER_90_355,VPWR,li1,170.6600,258.4000,1.799777
FILLER_90_307,VPWR,li1,146.9700,258.4000,1.799687
FILLER_90_301,VPWR,li1,145.3600,258.4000,1.799687
FILLER_90_289,VPWR,li1,141.2200,258.4000,1.799687
FILLER_90_277,VPWR,li1,135.7000,258.4000,1.799686
FILLER_90_265,VPWR,li1,130.1800,258.4000,1.799686
FILLER_90_253,VPWR,li1,124.6600,258.4000,1.799686
FILLER_90_240,VPWR,li1,118.6800,258.4000,1.799685
FILLER_90_228,VPWR,li1,113.1600,258.4000,1.799685
FILLER_90_197,VPWR,li1,97.0600,258.4000,1.799694
FILLER_90_193,VPWR,li1,94.9900,258.4000,1.799697
FILLER_90_181,VPWR,li1,91.5400,258.4000,1.799703
FILLER_90_169,VPWR,li1,86.0200,258.4000,1.799711
FILLER_90_157,VPWR,li1,80.5000,258.4000,1.799721
FILLER_90_138,VPWR,li1,69.4600,258.4000,1.799747
FILLER_90_130,VPWR,li1,67.1600,258.4000,1.799754
FILLER_90_109,VPWR,li1,57.5000,258.4000,1.799794
FILLER_90_97,VPWR,li1,52.9000,258.4000,1.799813
FILLER_90_85,VPWR,li1,47.3800,258.4000,1.799838
FILLER_90_83,VPWR,li1,43.9300,258.4000,1.799860
FILLER_90_77,VPWR,li1,42.3200,258.4000,1.799860
FILLER_90_65,VPWR,li1,38.1800,258.4000,1.799878
FILLER_90_53,VPWR,li1,32.6600,258.4000,1.799903
FILLER_90_41,VPWR,li1,27.1400,258.4000,1.799931
FILLER_90_29,VPWR,li1,21.6200,258.4000,1.799956
FILLER_90_27,VPWR,li1,18.1700,258.4000,1.799956
FILLER_90_15,VPWR,li1,15.1800,258.4000,1.799956
FILLER_90_3,VPWR,li1,9.6600,258.4000,1.799956
FILLER_89_628,VPWR,li1,294.8600,252.9600,1.798762
FILLER_89_614,VPWR,li1,288.4200,252.9600,1.798767
FILLER_89_547,VPWR,li1,257.3700,252.9600,1.799016
FILLER_89_541,VPWR,li1,255.7600,252.9600,1.799016
FILLER_89_517,VPWR,li1,244.2600,252.9600,1.799126
FILLER_89_505,VPWR,li1,240.5800,252.9600,1.799163
FILLER_89_502,VPWR,li1,236.9000,252.9600,1.799199
FILLER_89_493,VPWR,li1,232.9900,252.9600,1.799238
FILLER_89_481,VPWR,li1,229.5400,252.9600,1.799274
FILLER_89_469,VPWR,li1,224.0200,252.9600,1.799341
FILLER_89_457,VPWR,li1,218.5000,252.9600,1.799389
FILLER_89_422,VPWR,li1,200.3300,252.9600,1.799582
FILLER_89_405,VPWR,li1,193.2000,252.9600,1.799665
FILLER_89_393,VPWR,li1,189.0600,252.9600,1.799705
FILLER_89_391,VPWR,li1,185.6100,252.9600,1.799743
FILLER_89_386,VPWR,li1,183.5400,252.9600,1.799765
FILLER_89_374,VPWR,li1,180.3200,252.9600,1.799801
FILLER_89_362,VPWR,li1,174.8000,252.9600,1.799846
FILLER_89_350,VPWR,li1,169.2800,252.9600,1.799832
FILLER_89_341,VPWR,li1,163.0700,252.9600,1.799809
FILLER_89_317,VPWR,li1,152.0300,252.9600,1.799776
FILLER_89_305,VPWR,li1,148.5800,252.9600,1.799772
FILLER_89_293,VPWR,li1,143.0600,252.9600,1.799762
FILLER_89_281,VPWR,li1,137.5400,252.9600,1.799755
FILLER_89_279,VPWR,li1,134.0900,252.9600,1.799747
FILLER_89_273,VPWR,li1,132.4800,252.9600,1.799747
FILLER_89_261,VPWR,li1,128.3400,252.9600,1.799741
FILLER_89_249,VPWR,li1,122.8200,252.9600,1.799733
FILLER_89_237,VPWR,li1,117.3000,252.9600,1.799725
FILLER_89_225,VPWR,li1,111.7800,252.9600,1.799716
FILLER_89_223,VPWR,li1,108.3300,252.9600,1.799711
FILLER_89_219,VPWR,li1,107.1800,252.9600,1.799708
FILLER_89_191,VPWR,li1,96.1400,252.9600,1.799706
FILLER_89_181,VPWR,li1,89.2400,252.9600,1.799714
FILLER_89_169,VPWR,li1,86.0200,252.9600,1.799719
FILLER_89_167,VPWR,li1,82.5700,252.9600,1.799725
FILLER_89_155,VPWR,li1,79.5800,252.9600,1.799734
FILLER_89_143,VPWR,li1,74.0600,252.9600,1.799742
FILLER_89_131,VPWR,li1,66.7000,252.9600,1.799767
FILLER_89_113,VPWR,li1,57.9600,252.9600,1.799797
FILLER_89_111,VPWR,li1,56.8100,252.9600,1.799805
FILLER_89_105,VPWR,li1,55.2000,252.9600,1.799805
FILLER_89_93,VPWR,li1,51.0600,252.9600,1.799822
FILLER_89_81,VPWR,li1,45.5400,252.9600,1.799845
FILLER_89_69,VPWR,li1,40.0200,252.9600,1.799868
FILLER_89_57,VPWR,li1,34.5000,252.9600,1.799892
FILLER_89_55,VPWR,li1,31.0500,252.9600,1.799913
FILLER_89_51,VPWR,li1,29.9000,252.9600,1.799913
FILLER_89_39,VPWR,li1,26.2200,252.9600,1.799930
FILLER_89_27,VPWR,li1,20.7000,252.9600,1.799955
FILLER_89_15,VPWR,li1,15.1800,252.9600,1.799955
FILLER_89_3,VPWR,li1,9.6600,252.9600,1.799955
FILLER_88_578,VPWR,li1,271.6300,252.9600,1.798881
FILLER_88_563,VPWR,li1,264.7300,252.9600,1.798934
FILLER_88_559,VPWR,li1,262.8900,252.9600,1.798951
FILLER_88_553,VPWR,li1,260.1300,252.9600,1.798976
FILLER_88_545,VPWR,li1,258.0600,252.9600,1.798995
FILLER_88_533,VPWR,li1,253.4600,252.9600,1.799038
FILLER_88_531,VPWR,li1,250.0100,252.9600,1.799085
FILLER_88_525,VPWR,li1,248.4000,252.9600,1.799085
FILLER_88_513,VPWR,li1,244.2600,252.9600,1.799126
FILLER_88_489,VPWR,li1,230.6900,252.9600,1.799274
FILLER_88_477,VPWR,li1,227.7000,252.9600,1.799293
FILLER_88_470,VPWR,li1,223.1000,252.9600,1.799341
FILLER_88_458,VPWR,li1,218.9600,252.9600,1.799389
FILLER_88_446,VPWR,li1,213.4400,252.9600,1.799459
FILLER_88_435,VPWR,li1,206.5400,252.9600,1.799532
FILLER_88_429,VPWR,li1,203.5500,252.9600,1.799562
FILLER_88_421,VPWR,li1,201.0200,252.9600,1.799582
FILLER_88_419,VPWR,li1,198.4900,252.9600,1.799602
FILLER_88_413,VPWR,li1,196.8800,252.9600,1.799625
FILLER_88_401,VPWR,li1,192.7400,252.9600,1.799665
FILLER_88_389,VPWR,li1,187.2200,252.9600,1.799743
FILLER_88_377,VPWR,li1,181.7000,252.9600,1.799801
FILLER_88_365,VPWR,li1,176.1800,252.9600,1.799854
FILLER_88_363,VPWR,li1,172.7300,252.9600,1.799838
FILLER_88_357,VPWR,li1,171.1200,252.9600,1.799838
FILLER_88_345,VPWR,li1,166.9800,252.9600,1.799823
FILLER_88_333,VPWR,li1,161.4600,252.9600,1.799800
FILLER_88_315,VPWR,li1,150.6500,252.9600,1.799776
FILLER_88_309,VPWR,li1,149.0400,252.9600,1.799772
FILLER_88_302,VPWR,li1,145.8200,252.9600,1.799768
FILLER_88_297,VPWR,li1,142.3700,252.9600,1.799762
FILLER_88_289,VPWR,li1,140.3000,252.9600,1.799759
FILLER_88_277,VPWR,li1,135.7000,252.9600,1.799750
FILLER_88_265,VPWR,li1,130.1800,252.9600,1.799744
FILLER_88_253,VPWR,li1,124.6600,252.9600,1.799736
FILLER_88_249,VPWR,li1,120.7500,252.9600,1.799730
FILLER_88_237,VPWR,li1,117.3000,252.9600,1.799725
FILLER_88_225,VPWR,li1,111.7800,252.9600,1.799716
FILLER_88_213,VPWR,li1,106.2600,252.9600,1.799708
FILLER_88_193,VPWR,li1,94.9900,252.9600,1.799706
FILLER_88_173,VPWR,li1,85.7900,252.9600,1.799719
FILLER_88_165,VPWR,li1,83.2600,252.9600,1.799725
FILLER_88_156,VPWR,li1,77.9700,252.9600,1.799734
FILLER_88_147,VPWR,li1,73.3700,252.9600,1.799748
FILLER_88_141,VPWR,li1,71.7600,252.9600,1.799748
FILLER_88_139,VPWR,li1,69.6900,252.9600,1.799754
FILLER_88_129,VPWR,li1,65.0900,252.9600,1.799767
FILLER_88_121,VPWR,li1,63.0200,252.9600,1.799777
FILLER_88_109,VPWR,li1,58.4200,252.9600,1.799797
FILLER_88_97,VPWR,li1,52.9000,252.9600,1.799815
FILLER_88_85,VPWR,li1,47.3800,252.9600,1.799837
FILLER_88_80,VPWR,li1,43.2400,252.9600,1.799854
FILLER_88_71,VPWR,li1,38.4100,252.9600,1.799882
FILLER_88_65,VPWR,li1,36.8000,252.9600,1.799882
FILLER_88_53,VPWR,li1,32.6600,252.9600,1.799901
FILLER_88_41,VPWR,li1,27.1400,252.9600,1.799930
FILLER_88_29,VPWR,li1,21.6200,252.9600,1.799955
FILLER_88_27,VPWR,li1,18.1700,252.9600,1.799955
FILLER_88_15,VPWR,li1,15.1800,252.9600,1.799955
FILLER_88_3,VPWR,li1,9.6600,252.9600,1.799955
FILLER_87_625,VPWR,li1,293.2500,247.5200,1.798725
FILLER_87_611,VPWR,li1,286.8100,247.5200,1.798737
FILLER_87_580,VPWR,li1,274.1600,247.5200,1.798807
FILLER_87_541,VPWR,li1,255.3000,247.5200,1.798928
FILLER_87_529,VPWR,li1,251.6200,247.5200,1.798966
FILLER_87_517,VPWR,li1,246.1000,247.5200,1.799000
FILLER_87_461,VPWR,li1,219.4200,247.5200,1.799249
FILLER_87_449,VPWR,li1,214.8200,247.5200,1.799304
FILLER_87_445,VPWR,li1,210.9100,247.5200,1.799352
FILLER_87_433,VPWR,li1,207.4600,247.5200,1.799387
FILLER_87_421,VPWR,li1,201.9400,247.5200,1.799441
FILLER_87_409,VPWR,li1,196.4200,247.5200,1.799510
FILLER_87_401,VPWR,li1,190.6700,247.5200,1.799572
FILLER_87_393,VPWR,li1,188.1400,247.5200,1.799600
FILLER_87_391,VPWR,li1,185.6100,247.5200,1.799651
FILLER_87_385,VPWR,li1,184.0000,247.5200,1.799651
FILLER_87_373,VPWR,li1,179.8600,247.5200,1.799702
FILLER_87_361,VPWR,li1,174.3400,247.5200,1.799730
FILLER_87_349,VPWR,li1,168.8200,247.5200,1.799678
FILLER_87_337,VPWR,li1,163.3000,247.5200,1.799596
FILLER_87_335,VPWR,li1,159.8500,247.5200,1.799559
FILLER_87_331,VPWR,li1,158.7000,247.5200,1.799559
FILLER_87_281,VPWR,li1,135.2400,247.5200,1.799357
FILLER_87_277,VPWR,li1,133.6300,247.5200,1.799357
FILLER_87_269,VPWR,li1,131.1000,247.5200,1.799346
FILLER_87_260,VPWR,li1,125.3500,247.5200,1.799334
FILLER_87_237,VPWR,li1,115.2300,247.5200,1.799329
FILLER_87_225,VPWR,li1,111.7800,247.5200,1.799329
FILLER_87_223,VPWR,li1,108.3300,247.5200,1.799329
FILLER_87_217,VPWR,li1,106.7200,247.5200,1.799329
FILLER_87_205,VPWR,li1,102.5800,247.5200,1.799331
FILLER_87_195,VPWR,li1,95.4500,247.5200,1.799333
FILLER_87_169,VPWR,li1,83.4900,247.5200,1.799352
FILLER_87_167,VPWR,li1,82.5700,247.5200,1.799352
FILLER_87_113,VPWR,li1,58.4200,247.5200,1.799502
FILLER_87_109,VPWR,li1,56.3500,247.5200,1.799520
FILLER_87_97,VPWR,li1,52.9000,247.5200,1.799540
FILLER_87_85,VPWR,li1,47.3800,247.5200,1.799595
FILLER_87_76,VPWR,li1,40.7100,247.5200,1.799652
FILLER_87_65,VPWR,li1,35.8800,247.5200,1.799721
FILLER_87_57,VPWR,li1,33.5800,247.5200,1.799750
FILLER_87_55,VPWR,li1,31.0500,247.5200,1.799774
FILLER_87_51,VPWR,li1,29.9000,247.5200,1.799774
FILLER_87_39,VPWR,li1,26.2200,247.5200,1.799818
FILLER_87_27,VPWR,li1,20.7000,247.5200,1.799882
FILLER_87_15,VPWR,li1,15.1800,247.5200,1.799882
FILLER_87_3,VPWR,li1,9.6600,247.5200,1.799882
FILLER_86_589,VPWR,li1,277.1500,247.5200,1.798793
FILLER_86_586,VPWR,li1,275.5400,247.5200,1.798793
FILLER_86_578,VPWR,li1,273.2400,247.5200,1.798807
FILLER_86_566,VPWR,li1,268.6400,247.5200,1.798835
FILLER_86_545,VPWR,li1,258.0600,247.5200,1.798908
FILLER_86_533,VPWR,li1,253.4600,247.5200,1.798942
FILLER_86_530,VPWR,li1,249.7800,247.5200,1.798980
FILLER_86_519,VPWR,li1,246.1000,247.5200,1.799000
FILLER_86_492,VPWR,li1,232.3000,247.5200,1.799108
FILLER_86_475,VPWR,li1,224.2500,247.5200,1.799196
FILLER_86_460,VPWR,li1,217.5800,247.5200,1.799269
FILLER_86_448,VPWR,li1,214.3600,247.5200,1.799304
FILLER_86_432,VPWR,li1,204.7000,247.5200,1.799410
FILLER_86_406,VPWR,li1,193.2000,247.5200,1.799547
FILLER_86_389,VPWR,li1,185.1500,247.5200,1.799651
FILLER_86_377,VPWR,li1,181.7000,247.5200,1.799679
FILLER_86_365,VPWR,li1,176.1800,247.5200,1.799757
FILLER_86_356,VPWR,li1,171.1200,247.5200,1.799706
FILLER_86_344,VPWR,li1,166.5200,247.5200,1.799651
FILLER_86_309,VPWR,li1,148.1200,247.5200,1.799440
FILLER_86_306,VPWR,li1,146.7400,247.5200,1.799440
FILLER_86_278,VPWR,li1,134.3200,247.5200,1.799357
FILLER_86_269,VPWR,li1,129.4900,247.5200,1.799346
FILLER_86_241,VPWR,li1,116.8400,247.5200,1.799330
FILLER_86_229,VPWR,li1,113.6200,247.5200,1.799329
FILLER_86_209,VPWR,li1,104.4200,247.5200,1.799330
FILLER_86_197,VPWR,li1,98.9000,247.5200,1.799332
FILLER_86_195,VPWR,li1,95.4500,247.5200,1.799333
FILLER_86_189,VPWR,li1,93.8400,247.5200,1.799334
FILLER_86_123,VPWR,li1,62.3300,247.5200,1.799461
FILLER_86_114,VPWR,li1,58.1900,247.5200,1.799502
FILLER_86_102,VPWR,li1,55.2000,247.5200,1.799520
FILLER_86_83,VPWR,li1,43.9300,247.5200,1.799631
FILLER_86_62,VPWR,li1,34.5000,247.5200,1.799721
FILLER_86_41,VPWR,li1,27.1400,247.5200,1.799818
FILLER_86_29,VPWR,li1,21.6200,247.5200,1.799882
FILLER_86_27,VPWR,li1,18.1700,247.5200,1.799882
FILLER_86_15,VPWR,li1,15.1800,247.5200,1.799882
FILLER_86_3,VPWR,li1,9.6600,247.5200,1.799882
FILLER_85_590,VPWR,li1,278.3000,242.0800,1.798747
FILLER_85_578,VPWR,li1,274.1600,242.0800,1.798761
FILLER_85_558,VPWR,li1,262.6600,242.0800,1.798820
FILLER_85_536,VPWR,li1,252.5400,242.0800,1.798899
FILLER_85_505,VPWR,li1,238.2800,242.0800,1.799022
FILLER_85_502,VPWR,li1,236.9000,242.0800,1.799022
FILLER_85_495,VPWR,li1,233.4500,242.0800,1.799057
FILLER_85_483,VPWR,li1,230.4600,242.0800,1.799102
FILLER_85_469,VPWR,li1,221.7200,242.0800,1.799178
FILLER_85_452,VPWR,li1,216.2000,242.0800,1.799237
FILLER_85_433,VPWR,li1,205.1600,242.0800,1.799357
FILLER_85_413,VPWR,li1,196.4200,242.0800,1.799455
FILLER_85_385,VPWR,li1,182.8500,242.0800,1.799635
FILLER_85_381,VPWR,li1,181.7000,242.0800,1.799665
FILLER_85_369,VPWR,li1,178.0200,242.0800,1.799705
FILLER_85_357,VPWR,li1,172.5000,242.0800,1.799700
FILLER_85_345,VPWR,li1,166.9800,242.0800,1.799649
FILLER_85_297,VPWR,li1,142.6000,242.0800,1.799399
FILLER_85_275,VPWR,li1,132.2500,242.0800,1.799337
FILLER_85_223,VPWR,li1,108.3300,242.0800,1.799243
FILLER_85_202,VPWR,li1,99.3600,242.0800,1.799246
FILLER_85_169,VPWR,li1,84.1800,242.0800,1.799270
FILLER_85_156,VPWR,li1,77.5100,242.0800,1.799289
FILLER_85_113,VPWR,li1,58.8800,242.0800,1.799402
FILLER_85_111,VPWR,li1,56.8100,242.0800,1.799418
FILLER_85_47,VPWR,li1,27.3700,242.0800,1.799736
FILLER_85_18,VPWR,li1,16.5600,242.0800,1.799828
FILLER_85_6,VPWR,li1,11.0400,242.0800,1.799822
FILLER_84_580,VPWR,li1,274.1600,242.0800,1.798761
FILLER_84_551,VPWR,li1,259.6700,242.0800,1.798839
FILLER_84_547,VPWR,li1,257.3700,242.0800,1.798855
FILLER_84_539,VPWR,li1,255.3000,242.0800,1.798870
FILLER_84_533,VPWR,li1,251.3900,242.0800,1.798899
FILLER_84_529,VPWR,li1,249.5500,242.0800,1.798913
FILLER_84_492,VPWR,li1,233.6800,242.0800,1.799057
FILLER_84_480,VPWR,li1,229.0800,242.0800,1.799102
FILLER_84_448,VPWR,li1,213.4400,242.0800,1.799274
FILLER_84_385,VPWR,li1,182.8500,242.0800,1.799635
FILLER_84_377,VPWR,li1,180.7800,242.0800,1.799665
FILLER_84_365,VPWR,li1,176.1800,242.0800,1.799743
FILLER_84_363,VPWR,li1,172.7300,242.0800,1.799700
FILLER_84_359,VPWR,li1,171.5800,242.0800,1.799700
FILLER_84_347,VPWR,li1,167.9000,242.0800,1.799649
FILLER_84_335,VPWR,li1,162.3800,242.0800,1.799598
FILLER_84_309,VPWR,li1,147.8900,242.0800,1.799438
FILLER_84_307,VPWR,li1,146.9700,242.0800,1.799438
FILLER_84_269,VPWR,li1,129.4900,242.0800,1.799320
FILLER_84_251,VPWR,li1,121.2100,242.0800,1.799279
FILLER_84_232,VPWR,li1,112.9300,242.0800,1.799251
FILLER_84_197,VPWR,li1,96.6000,242.0800,1.799251
FILLER_84_188,VPWR,li1,93.8400,242.0800,1.799254
FILLER_84_150,VPWR,li1,75.4400,242.0800,1.799300
FILLER_84_101,VPWR,li1,53.3600,242.0800,1.799446
FILLER_84_66,VPWR,li1,36.3400,242.0800,1.799621
FILLER_84_53,VPWR,li1,30.8200,242.0800,1.799708
FILLER_84_26,VPWR,li1,17.9400,242.0800,1.799828
FILLER_84_3,VPWR,li1,7.5900,242.0800,1.799822
FILLER_83_614,VPWR,li1,288.4200,236.6400,1.798817
FILLER_83_590,VPWR,li1,277.1500,236.6400,1.798862
FILLER_83_586,VPWR,li1,276.0000,236.6400,1.798862
FILLER_83_561,VPWR,li1,264.0400,236.6400,1.798938
FILLER_83_553,VPWR,li1,260.1300,236.6400,1.798965
FILLER_83_547,VPWR,li1,258.5200,236.6400,1.798965
FILLER_83_530,VPWR,li1,249.5500,236.6400,1.799041
FILLER_83_505,VPWR,li1,238.0500,236.6400,1.799133
FILLER_83_498,VPWR,li1,235.9800,236.6400,1.799162
FILLER_83_486,VPWR,li1,231.8400,236.6400,1.799188
FILLER_83_474,VPWR,li1,226.3200,236.6400,1.799240
FILLER_83_461,VPWR,li1,218.2700,236.6400,1.799331
FILLER_83_449,VPWR,li1,214.8200,236.6400,1.799349
FILLER_83_444,VPWR,li1,210.6800,236.6400,1.799390
FILLER_83_432,VPWR,li1,207.0000,236.6400,1.799426
FILLER_83_427,VPWR,li1,202.4000,236.6400,1.799475
FILLER_83_415,VPWR,li1,199.1800,236.6400,1.799511
FILLER_83_405,VPWR,li1,192.0500,236.6400,1.799573
FILLER_83_393,VPWR,li1,189.0600,236.6400,1.799604
FILLER_83_391,VPWR,li1,185.6100,236.6400,1.799657
FILLER_83_385,VPWR,li1,184.0000,236.6400,1.799657
FILLER_83_373,VPWR,li1,179.8600,236.6400,1.799712
FILLER_83_369,VPWR,li1,175.4900,236.6400,1.799765
FILLER_83_365,VPWR,li1,174.3400,236.6400,1.799765
FILLER_83_353,VPWR,li1,170.6600,236.6400,1.799714
FILLER_83_345,VPWR,li1,164.4500,236.6400,1.799649
FILLER_83_341,VPWR,li1,163.3000,236.6400,1.799649
FILLER_83_334,VPWR,li1,159.6200,236.6400,1.799606
FILLER_83_328,VPWR,li1,157.0900,236.6400,1.799588
FILLER_83_316,VPWR,li1,153.6400,236.6400,1.799568
FILLER_83_281,VPWR,li1,135.2400,236.6400,1.799435
FILLER_83_259,VPWR,li1,125.5800,236.6400,1.799387
FILLER_83_240,VPWR,li1,116.1500,236.6400,1.799336
FILLER_83_234,VPWR,li1,114.5400,236.6400,1.799336
FILLER_83_169,VPWR,li1,83.4900,236.6400,1.799285
FILLER_83_143,VPWR,li1,71.5300,236.6400,1.799305
FILLER_83_95,VPWR,li1,49.4500,236.6400,1.799448
FILLER_83_91,VPWR,li1,48.3000,236.6400,1.799448
FILLER_83_79,VPWR,li1,44.6200,236.6400,1.799494
FILLER_83_68,VPWR,li1,37.2600,236.6400,1.799568
FILLER_83_18,VPWR,li1,15.1800,236.6400,1.799820
FILLER_83_3,VPWR,li1,8.2800,236.6400,1.799819
FILLER_82_585,VPWR,li1,275.3100,236.6400,1.798873
FILLER_82_561,VPWR,li1,263.8100,236.6400,1.798938
FILLER_82_557,VPWR,li1,262.6600,236.6400,1.798938
FILLER_82_526,VPWR,li1,247.7100,236.6400,1.799058
FILLER_82_514,VPWR,li1,244.7200,236.6400,1.799074
FILLER_82_504,VPWR,li1,238.7400,236.6400,1.799133
FILLER_82_492,VPWR,li1,234.6000,236.6400,1.799162
FILLER_82_480,VPWR,li1,229.0800,236.6400,1.799214
FILLER_82_475,VPWR,li1,224.2500,236.6400,1.799259
FILLER_82_445,VPWR,li1,212.9800,236.6400,1.799367
FILLER_82_433,VPWR,li1,207.4600,236.6400,1.799426
FILLER_82_421,VPWR,li1,201.9400,236.6400,1.799475
FILLER_82_418,VPWR,li1,198.2600,236.6400,1.799511
FILLER_82_388,VPWR,li1,184.2300,236.6400,1.799657
FILLER_82_363,VPWR,li1,172.7300,236.6400,1.799735
FILLER_82_359,VPWR,li1,171.5800,236.6400,1.799735
FILLER_82_321,VPWR,li1,154.1000,236.6400,1.799568
FILLER_82_309,VPWR,li1,150.4200,236.6400,1.799531
FILLER_82_307,VPWR,li1,146.9700,236.6400,1.799516
FILLER_82_273,VPWR,li1,131.3300,236.6400,1.799417
FILLER_82_261,VPWR,li1,128.3400,236.6400,1.799402
FILLER_82_242,VPWR,li1,117.3000,236.6400,1.799347
FILLER_82_205,VPWR,li1,101.6600,236.6400,1.799301
FILLER_82_185,VPWR,li1,91.0800,236.6400,1.799287
FILLER_82_150,VPWR,li1,75.4400,236.6400,1.799293
FILLER_82_137,VPWR,li1,69.2300,236.6400,1.799311
FILLER_82_83,VPWR,li1,43.9300,236.6400,1.799494
FILLER_82_74,VPWR,li1,39.7900,236.6400,1.799540
FILLER_82_70,VPWR,li1,38.6400,236.6400,1.799568
FILLER_82_29,VPWR,li1,19.5500,236.6400,1.799820
FILLER_82_27,VPWR,li1,18.1700,236.6400,1.799820
FILLER_82_15,VPWR,li1,15.1800,236.6400,1.799820
FILLER_82_3,VPWR,li1,9.6600,236.6400,1.799819
FILLER_81_591,VPWR,li1,277.8400,231.2000,1.798674
FILLER_81_553,VPWR,li1,260.5900,231.2000,1.798748
FILLER_81_517,VPWR,li1,244.2600,231.2000,1.798874
FILLER_81_505,VPWR,li1,240.5800,231.2000,1.798897
FILLER_81_502,VPWR,li1,236.9000,231.2000,1.798931
FILLER_81_496,VPWR,li1,233.9100,231.2000,1.798958
FILLER_81_488,VPWR,li1,231.8400,231.2000,1.798981
FILLER_81_462,VPWR,li1,218.7300,231.2000,1.799102
FILLER_81_454,VPWR,li1,216.2000,231.2000,1.799128
FILLER_81_449,VPWR,li1,212.2900,231.2000,1.799167
FILLER_81_439,VPWR,li1,208.3800,231.2000,1.799209
FILLER_81_393,VPWR,li1,186.9900,231.2000,1.799479
FILLER_81_391,VPWR,li1,185.6100,231.2000,1.799517
FILLER_81_387,VPWR,li1,184.4600,231.2000,1.799517
FILLER_81_375,VPWR,li1,180.7800,231.2000,1.799571
FILLER_81_298,VPWR,li1,142.8300,231.2000,1.799254
FILLER_81_294,VPWR,li1,141.6800,231.2000,1.799254
FILLER_81_281,VPWR,li1,135.7000,231.2000,1.799199
FILLER_81_268,VPWR,li1,131.5600,231.2000,1.799163
FILLER_81_241,VPWR,li1,116.8400,231.2000,1.799059
FILLER_81_233,VPWR,li1,114.5400,231.2000,1.799046
FILLER_81_220,VPWR,li1,107.6400,231.2000,1.799010
FILLER_81_146,VPWR,li1,72.9100,231.2000,1.799101
FILLER_81_102,VPWR,li1,52.6700,231.2000,1.799292
FILLER_81_96,VPWR,li1,51.0600,231.2000,1.799319
FILLER_81_57,VPWR,li1,32.2000,231.2000,1.799600
FILLER_81_52,VPWR,li1,30.3600,231.2000,1.799633
FILLER_81_40,VPWR,li1,24.1500,231.2000,1.799746
FILLER_81_23,VPWR,li1,16.3300,231.2000,1.799785
FILLER_81_15,VPWR,li1,14.2600,231.2000,1.799784
FILLER_81_3,VPWR,li1,9.6600,231.2000,1.799783
FILLER_80_598,VPWR,li1,281.5200,231.2000,1.798667
FILLER_80_585,VPWR,li1,275.3100,231.2000,1.798689
FILLER_80_561,VPWR,li1,263.8100,231.2000,1.798735
FILLER_80_553,VPWR,li1,261.7400,231.2000,1.798748
FILLER_80_530,VPWR,li1,249.7800,231.2000,1.798814
FILLER_80_518,VPWR,li1,246.5600,231.2000,1.798843
FILLER_80_493,VPWR,li1,232.5300,231.2000,1.798981
FILLER_80_468,VPWR,li1,222.6400,231.2000,1.799063
FILLER_80_416,VPWR,li1,197.8000,231.2000,1.799328
FILLER_80_403,VPWR,li1,191.1300,231.2000,1.799418
FILLER_80_395,VPWR,li1,189.0600,231.2000,1.799449
FILLER_80_370,VPWR,li1,176.1800,231.2000,1.799676
FILLER_80_343,VPWR,li1,163.5300,231.2000,1.799514
FILLER_80_282,VPWR,li1,135.7000,231.2000,1.799199
FILLER_80_274,VPWR,li1,133.4000,231.2000,1.799179
FILLER_80_230,VPWR,li1,112.2400,231.2000,1.799026
FILLER_80_194,VPWR,li1,95.2200,231.2000,1.799011
FILLER_80_120,VPWR,li1,61.4100,231.2000,1.799195
FILLER_80_108,VPWR,li1,55.4300,231.2000,1.799262
FILLER_80_102,VPWR,li1,53.8200,231.2000,1.799292
FILLER_80_48,VPWR,li1,30.3600,231.2000,1.799633
FILLER_80_29,VPWR,li1,19.3200,231.2000,1.799785
FILLER_80_3,VPWR,li1,8.7400,231.2000,1.799783
FILLER_79_585,VPWR,li1,277.3800,225.7600,1.799112
FILLER_79_573,VPWR,li1,271.8600,225.7600,1.799123
FILLER_79_561,VPWR,li1,264.5000,225.7600,1.799149
FILLER_79_554,VPWR,li1,260.5900,225.7600,1.799159
FILLER_79_548,VPWR,li1,258.9800,225.7600,1.799167
FILLER_79_447,VPWR,li1,211.3700,225.7600,1.799434
FILLER_79_439,VPWR,li1,207.6900,225.7600,1.799460
FILLER_79_393,VPWR,li1,187.6800,225.7600,1.799628
FILLER_79_391,VPWR,li1,185.6100,225.7600,1.799658
FILLER_79_387,VPWR,li1,184.4600,225.7600,1.799658
FILLER_79_345,VPWR,li1,164.4500,225.7600,1.799597
FILLER_79_329,VPWR,li1,157.0900,225.7600,1.799506
FILLER_79_281,VPWR,li1,135.2400,225.7600,1.799299
FILLER_79_277,VPWR,li1,133.6300,225.7600,1.799299
FILLER_79_225,VPWR,li1,110.4000,225.7600,1.799174
FILLER_79_223,VPWR,li1,108.3300,225.7600,1.799167
FILLER_79_169,VPWR,li1,84.1800,225.7600,1.799185
FILLER_79_113,VPWR,li1,57.9600,225.7600,1.799374
FILLER_79_57,VPWR,li1,31.9700,225.7600,1.799672
FILLER_79_3,VPWR,li1,8.7400,225.7600,1.799794
FILLER_78_601,VPWR,li1,283.3600,225.7600,1.799089
FILLER_78_589,VPWR,li1,279.2200,225.7600,1.799101
FILLER_78_587,VPWR,li1,275.7700,225.7600,1.799112
FILLER_78_575,VPWR,li1,272.7800,225.7600,1.799123
FILLER_78_563,VPWR,li1,267.2600,225.7600,1.799137
FILLER_78_546,VPWR,li1,256.9100,225.7600,1.799179
FILLER_78_542,VPWR,li1,255.7600,225.7600,1.799179
FILLER_78_537,VPWR,li1,252.7700,225.7600,1.799192
FILLER_78_533,VPWR,li1,251.6200,225.7600,1.799202
FILLER_78_468,VPWR,li1,222.6400,225.7600,1.799355
FILLER_78_464,VPWR,li1,219.1900,225.7600,1.799379
FILLER_78_452,VPWR,li1,216.2000,225.7600,1.799399
FILLER_78_448,VPWR,li1,211.8300,225.7600,1.799434
FILLER_78_419,VPWR,li1,198.4900,225.7600,1.799531
FILLER_78_412,VPWR,li1,195.7300,225.7600,1.799554
FILLER_78_408,VPWR,li1,193.4300,225.7600,1.799574
FILLER_78_396,VPWR,li1,190.4400,225.7600,1.799602
FILLER_78_384,VPWR,li1,184.9200,225.7600,1.799658
FILLER_78_328,VPWR,li1,156.6300,225.7600,1.799506
FILLER_78_322,VPWR,li1,153.8700,225.7600,1.799474
FILLER_78_318,VPWR,li1,152.7200,225.7600,1.799454
FILLER_78_306,VPWR,li1,146.7400,225.7600,1.799404
FILLER_78_273,VPWR,li1,131.3300,225.7600,1.799274
FILLER_78_269,VPWR,li1,130.1800,225.7600,1.799274
FILLER_78_233,VPWR,li1,113.3900,225.7600,1.799184
FILLER_78_162,VPWR,li1,80.7300,225.7600,1.799195
FILLER_78_105,VPWR,li1,54.0500,225.7600,1.799397
FILLER_78_101,VPWR,li1,52.9000,225.7600,1.799426
FILLER_78_83,VPWR,li1,43.9300,225.7600,1.799523
FILLER_78_79,VPWR,li1,42.7800,225.7600,1.799523
FILLER_78_60,VPWR,li1,33.3500,225.7600,1.799646
FILLER_78_54,VPWR,li1,31.7400,225.7600,1.799672
FILLER_78_25,VPWR,li1,17.7100,225.7600,1.799803
FILLER_78_3,VPWR,li1,8.2800,225.7600,1.799794
FILLER_77_597,VPWR,li1,281.0600,220.3200,1.798404
FILLER_77_573,VPWR,li1,270.4800,220.3200,1.798459
FILLER_77_561,VPWR,li1,266.3400,220.3200,1.798505
FILLER_77_557,VPWR,li1,262.4300,220.3200,1.798527
FILLER_77_528,VPWR,li1,248.6300,220.3200,1.798662
FILLER_77_524,VPWR,li1,247.4800,220.3200,1.798684
FILLER_77_512,VPWR,li1,243.8000,220.3200,1.798713
FILLER_77_502,VPWR,li1,236.9000,220.3200,1.798804
FILLER_77_488,VPWR,li1,231.3800,220.3200,1.798846
FILLER_77_476,VPWR,li1,227.2400,220.3200,1.798892
FILLER_77_464,VPWR,li1,221.7200,220.3200,1.798953
FILLER_77_452,VPWR,li1,216.2000,220.3200,1.799013
FILLER_77_444,VPWR,li1,210.6800,220.3200,1.799074
FILLER_77_432,VPWR,li1,207.0000,220.3200,1.799115
FILLER_77_411,VPWR,li1,194.8100,220.3200,1.799306
FILLER_77_405,VPWR,li1,193.2000,220.3200,1.799306
FILLER_77_393,VPWR,li1,189.0600,220.3200,1.799383
FILLER_77_390,VPWR,li1,185.3800,220.3200,1.799482
FILLER_77_364,VPWR,li1,173.1900,220.3200,1.799642
FILLER_77_328,VPWR,li1,156.8600,220.3200,1.799480
FILLER_77_320,VPWR,li1,154.5600,220.3200,1.799457
FILLER_77_314,VPWR,li1,150.4200,220.3200,1.799419
FILLER_77_279,VPWR,li1,134.0900,220.3200,1.799294
FILLER_77_271,VPWR,li1,132.0200,220.3200,1.799281
FILLER_77_262,VPWR,li1,126.2700,220.3200,1.799250
FILLER_77_242,VPWR,li1,117.7600,220.3200,1.799214
FILLER_77_167,VPWR,li1,82.5700,220.3200,1.799240
FILLER_77_163,VPWR,li1,81.4200,220.3200,1.799240
FILLER_77_135,VPWR,li1,68.5400,220.3200,1.799315
FILLER_77_113,VPWR,li1,57.7300,220.3200,1.799403
FILLER_77_81,VPWR,li1,44.1600,220.3200,1.799552
FILLER_77_63,VPWR,li1,34.7300,220.3200,1.799650
FILLER_77_57,VPWR,li1,33.1200,220.3200,1.799692
FILLER_77_47,VPWR,li1,27.3700,220.3200,1.799747
FILLER_77_41,VPWR,li1,25.7600,220.3200,1.799781
FILLER_77_7,VPWR,li1,8.9700,220.3200,1.799828
FILLER_77_3,VPWR,li1,7.8200,220.3200,1.799828
FILLER_76_593,VPWR,li1,278.5300,220.3200,1.798412
FILLER_76_589,VPWR,li1,277.3800,220.3200,1.798423
FILLER_76_561,VPWR,li1,264.9600,220.3200,1.798505
FILLER_76_543,VPWR,li1,255.7600,220.3200,1.798588
FILLER_76_528,VPWR,li1,248.6300,220.3200,1.798662
FILLER_76_520,VPWR,li1,246.5600,220.3200,1.798684
FILLER_76_508,VPWR,li1,241.9600,220.3200,1.798750
FILLER_76_496,VPWR,li1,236.4400,220.3200,1.798804
FILLER_76_489,VPWR,li1,231.3800,220.3200,1.798846
FILLER_76_477,VPWR,li1,227.7000,220.3200,1.798892
FILLER_76_472,VPWR,li1,223.5600,220.3200,1.798932
FILLER_76_460,VPWR,li1,219.8800,220.3200,1.798973
FILLER_76_448,VPWR,li1,214.3600,220.3200,1.799051
FILLER_76_426,VPWR,li1,201.9400,220.3200,1.799188
FILLER_76_419,VPWR,li1,198.4900,220.3200,1.799208
FILLER_76_409,VPWR,li1,194.3500,220.3200,1.799306
FILLER_76_397,VPWR,li1,190.9000,220.3200,1.799349
FILLER_76_376,VPWR,li1,178.7100,220.3200,1.799581
FILLER_76_360,VPWR,li1,172.0400,220.3200,1.799642
FILLER_76_348,VPWR,li1,168.3600,220.3200,1.799598
FILLER_76_333,VPWR,li1,161.4600,220.3200,1.799526
FILLER_76_309,VPWR,li1,148.3500,220.3200,1.799392
FILLER_76_281,VPWR,li1,135.2400,220.3200,1.799294
FILLER_76_261,VPWR,li1,126.2700,220.3200,1.799250
FILLER_76_257,VPWR,li1,123.9700,220.3200,1.799238
FILLER_76_253,VPWR,li1,122.8200,220.3200,1.799226
FILLER_76_251,VPWR,li1,121.2100,220.3200,1.799226
FILLER_76_243,VPWR,li1,119.1400,220.3200,1.799214
FILLER_76_234,VPWR,li1,113.3900,220.3200,1.799201
FILLER_76_197,VPWR,li1,96.8300,220.3200,1.799193
FILLER_76_170,VPWR,li1,84.1800,220.3200,1.799228
FILLER_76_141,VPWR,li1,71.0700,220.3200,1.799298
FILLER_76_137,VPWR,li1,69.2300,220.3200,1.799315
FILLER_76_94,VPWR,li1,49.2200,220.3200,1.799481
FILLER_76_78,VPWR,li1,42.7800,220.3200,1.799552
FILLER_76_41,VPWR,li1,24.8400,220.3200,1.799781
FILLER_76_29,VPWR,li1,19.7800,220.3200,1.799835
FILLER_76_18,VPWR,li1,14.2600,220.3200,1.799830
FILLER_76_6,VPWR,li1,8.9700,220.3200,1.799828
FILLER_75_561,VPWR,li1,264.2700,214.8800,1.798738
FILLER_75_517,VPWR,li1,244.7200,214.8800,1.798910
FILLER_75_505,VPWR,li1,240.5800,214.8800,1.798950
FILLER_75_503,VPWR,li1,237.1300,214.8800,1.799005
FILLER_75_497,VPWR,li1,235.5200,214.8800,1.799005
FILLER_75_485,VPWR,li1,231.3800,214.8800,1.799050
FILLER_75_473,VPWR,li1,225.8600,214.8800,1.799123
FILLER_75_461,VPWR,li1,220.3400,214.8800,1.799170
FILLER_75_449,VPWR,li1,214.8200,214.8800,1.799230
FILLER_75_447,VPWR,li1,211.3700,214.8800,1.799267
FILLER_75_439,VPWR,li1,209.3000,214.8800,1.799290
FILLER_75_427,VPWR,li1,204.7000,214.8800,1.799340
FILLER_75_423,VPWR,li1,200.3300,214.8800,1.799387
FILLER_75_417,VPWR,li1,198.7200,214.8800,1.799412
FILLER_75_405,VPWR,li1,194.5800,214.8800,1.799450
FILLER_75_393,VPWR,li1,189.0600,214.8800,1.799510
FILLER_75_390,VPWR,li1,185.3800,214.8800,1.799550
FILLER_75_370,VPWR,li1,175.9500,214.8800,1.799684
FILLER_75_358,VPWR,li1,172.9600,214.8800,1.799646
FILLER_75_349,VPWR,li1,166.2900,214.8800,1.799537
FILLER_75_345,VPWR,li1,165.1400,214.8800,1.799537
FILLER_75_289,VPWR,li1,139.3800,214.8800,1.799186
FILLER_75_274,VPWR,li1,132.9400,214.8800,1.799131
FILLER_75_241,VPWR,li1,116.6100,214.8800,1.799046
FILLER_75_237,VPWR,li1,115.4600,214.8800,1.799046
FILLER_75_225,VPWR,li1,109.7100,214.8800,1.799027
FILLER_75_222,VPWR,li1,108.1000,214.8800,1.799027
FILLER_75_129,VPWR,li1,65.3200,214.8800,1.799111
FILLER_75_102,VPWR,li1,52.9000,214.8800,1.799230
FILLER_75_53,VPWR,li1,30.5900,214.8800,1.799559
FILLER_75_37,VPWR,li1,22.7700,214.8800,1.799715
FILLER_75_25,VPWR,li1,17.7100,214.8800,1.799751
FILLER_75_3,VPWR,li1,7.3600,214.8800,1.799746
FILLER_74_609,VPWR,li1,285.8900,214.8800,1.798653
FILLER_74_598,VPWR,li1,280.8300,214.8800,1.798667
FILLER_74_589,VPWR,li1,277.1500,214.8800,1.798683
FILLER_74_587,VPWR,li1,275.7700,214.8800,1.798683
FILLER_74_564,VPWR,li1,265.6500,214.8800,1.798738
FILLER_74_556,VPWR,li1,263.1200,214.8800,1.798749
FILLER_74_525,VPWR,li1,247.2500,214.8800,1.798878
FILLER_74_513,VPWR,li1,244.2600,214.8800,1.798910
FILLER_74_501,VPWR,li1,238.7400,214.8800,1.798983
FILLER_74_489,VPWR,li1,233.2200,214.8800,1.799030
FILLER_74_477,VPWR,li1,227.7000,214.8800,1.799090
FILLER_74_475,VPWR,li1,224.2500,214.8800,1.799145
FILLER_74_469,VPWR,li1,222.6400,214.8800,1.799145
FILLER_74_457,VPWR,li1,218.5000,214.8800,1.799190
FILLER_74_445,VPWR,li1,212.9800,214.8800,1.799267
FILLER_74_433,VPWR,li1,207.4600,214.8800,1.799310
FILLER_74_421,VPWR,li1,201.9400,214.8800,1.799387
FILLER_74_417,VPWR,li1,198.0300,214.8800,1.799412
FILLER_74_405,VPWR,li1,194.5800,214.8800,1.799450
FILLER_74_393,VPWR,li1,189.0600,214.8800,1.799510
FILLER_74_381,VPWR,li1,183.5400,214.8800,1.799570
FILLER_74_373,VPWR,li1,177.3300,214.8800,1.799656
FILLER_74_369,VPWR,li1,176.1800,214.8800,1.799656
FILLER_74_341,VPWR,li1,162.8400,214.8800,1.799495
FILLER_74_329,VPWR,li1,159.6200,214.8800,1.799430
FILLER_74_288,VPWR,li1,138.9200,214.8800,1.799186
FILLER_74_242,VPWR,li1,117.0700,214.8800,1.799046
FILLER_74_238,VPWR,li1,115.9200,214.8800,1.799046
FILLER_74_197,VPWR,li1,96.3700,214.8800,1.799013
FILLER_74_139,VPWR,li1,69.6900,214.8800,1.799085
FILLER_74_91,VPWR,li1,47.6100,214.8800,1.799321
FILLER_74_85,VPWR,li1,46.0000,214.8800,1.799321
FILLER_74_81,VPWR,li1,43.4700,214.8800,1.799357
FILLER_74_45,VPWR,li1,27.1400,214.8800,1.799620
FILLER_74_27,VPWR,li1,18.1700,214.8800,1.799755
FILLER_74_21,VPWR,li1,16.5600,214.8800,1.799751
FILLER_74_3,VPWR,li1,7.3600,214.8800,1.799746
FILLER_73_614,VPWR,li1,288.4200,209.4400,1.798662
FILLER_73_610,VPWR,li1,286.3500,209.4400,1.798667
FILLER_73_596,VPWR,li1,280.1400,209.4400,1.798685
FILLER_73_584,VPWR,li1,276.9200,209.4400,1.798704
FILLER_73_571,VPWR,li1,268.8700,209.4400,1.798734
FILLER_73_561,VPWR,li1,264.2700,209.4400,1.798764
FILLER_73_548,VPWR,li1,260.3600,209.4400,1.798796
FILLER_73_529,VPWR,li1,249.5500,209.4400,1.798904
FILLER_73_517,VPWR,li1,246.1000,209.4400,1.798926
FILLER_73_505,VPWR,li1,240.5800,209.4400,1.798979
FILLER_73_503,VPWR,li1,237.1300,209.4400,1.799028
FILLER_73_497,VPWR,li1,235.5200,209.4400,1.799028
FILLER_73_485,VPWR,li1,231.3800,209.4400,1.799068
FILLER_73_473,VPWR,li1,225.8600,209.4400,1.799133
FILLER_73_461,VPWR,li1,220.3400,209.4400,1.799175
FILLER_73_449,VPWR,li1,214.8200,209.4400,1.799229
FILLER_73_436,VPWR,li1,208.8400,209.4400,1.799300
FILLER_73_424,VPWR,li1,203.3200,209.4400,1.799353
FILLER_73_412,VPWR,li1,197.8000,209.4400,1.799407
FILLER_73_400,VPWR,li1,192.2800,209.4400,1.799447
FILLER_73_393,VPWR,li1,187.2200,209.4400,1.799510
FILLER_73_390,VPWR,li1,185.3800,209.4400,1.799535
FILLER_73_353,VPWR,li1,168.3600,209.4400,1.799506
FILLER_73_330,VPWR,li1,158.7000,209.4400,1.799337
FILLER_73_246,VPWR,li1,119.6000,209.4400,1.798862
FILLER_73_221,VPWR,li1,107.8700,209.4400,1.798784
FILLER_73_169,VPWR,li1,83.7200,209.4400,1.798811
FILLER_73_145,VPWR,li1,72.6800,209.4400,1.798876
FILLER_73_69,VPWR,li1,37.9500,209.4400,1.799391
FILLER_73_57,VPWR,li1,32.4300,209.4400,1.799520
FILLER_73_50,VPWR,li1,29.9000,209.4400,1.799573
FILLER_73_3,VPWR,li1,7.1300,209.4400,1.799725
FILLER_72_629,VPWR,li1,295.0900,209.4400,1.798653
FILLER_72_589,VPWR,li1,277.3800,209.4400,1.798696
FILLER_72_575,VPWR,li1,270.7100,209.4400,1.798725
FILLER_72_562,VPWR,li1,264.5000,209.4400,1.798764
FILLER_72_554,VPWR,li1,262.2000,209.4400,1.798781
FILLER_72_542,VPWR,li1,257.6000,209.4400,1.798825
FILLER_72_533,VPWR,li1,251.3900,209.4400,1.798884
FILLER_72_531,VPWR,li1,250.0100,209.4400,1.798904
FILLER_72_525,VPWR,li1,248.4000,209.4400,1.798904
FILLER_72_513,VPWR,li1,244.2600,209.4400,1.798944
FILLER_72_501,VPWR,li1,238.7400,209.4400,1.799008
FILLER_72_489,VPWR,li1,233.2200,209.4400,1.799051
FILLER_72_477,VPWR,li1,227.7000,209.4400,1.799104
FILLER_72_475,VPWR,li1,224.2500,209.4400,1.799153
FILLER_72_469,VPWR,li1,222.6400,209.4400,1.799153
FILLER_72_457,VPWR,li1,218.5000,209.4400,1.799193
FILLER_72_445,VPWR,li1,212.9800,209.4400,1.799258
FILLER_72_433,VPWR,li1,207.4600,209.4400,1.799300
FILLER_72_421,VPWR,li1,201.9400,209.4400,1.799353
FILLER_72_419,VPWR,li1,198.4900,209.4400,1.799387
FILLER_72_411,VPWR,li1,196.4200,209.4400,1.799407
FILLER_72_369,VPWR,li1,175.7200,209.4400,1.799647
FILLER_72_330,VPWR,li1,158.0100,209.4400,1.799337
FILLER_72_321,VPWR,li1,153.4100,209.4400,1.799266
FILLER_72_309,VPWR,li1,148.1200,209.4400,1.799171
FILLER_72_306,VPWR,li1,146.7400,209.4400,1.799171
FILLER_72_277,VPWR,li1,135.7000,209.4400,1.799022
FILLER_72_249,VPWR,li1,120.7500,209.4400,1.798884
FILLER_72_206,VPWR,li1,100.7400,209.4400,1.798756
FILLER_72_162,VPWR,li1,80.5000,209.4400,1.798824
FILLER_72_144,VPWR,li1,72.2200,209.4400,1.798876
FILLER_72_131,VPWR,li1,66.0100,209.4400,1.798923
FILLER_72_101,VPWR,li1,52.4400,209.4400,1.799110
FILLER_72_81,VPWR,li1,43.4700,209.4400,1.799281
FILLER_72_46,VPWR,li1,26.9100,209.4400,1.799617
FILLER_71_582,VPWR,li1,273.4700,204.0000,1.798316
FILLER_71_578,VPWR,li1,272.3200,204.0000,1.798316
FILLER_71_561,VPWR,li1,264.2700,204.0000,1.798420
FILLER_71_559,VPWR,li1,262.8900,204.0000,1.798420
FILLER_71_551,VPWR,li1,260.8200,204.0000,1.798445
FILLER_71_529,VPWR,li1,250.7000,204.0000,1.798578
FILLER_71_517,VPWR,li1,246.1000,204.0000,1.798638
FILLER_71_505,VPWR,li1,240.5800,204.0000,1.798715
FILLER_71_503,VPWR,li1,237.1300,204.0000,1.798785
FILLER_71_497,VPWR,li1,235.5200,204.0000,1.798785
FILLER_71_485,VPWR,li1,231.3800,204.0000,1.798843
FILLER_71_473,VPWR,li1,225.8600,204.0000,1.798935
FILLER_71_461,VPWR,li1,220.3400,204.0000,1.798996
FILLER_71_449,VPWR,li1,214.8200,204.0000,1.799073
FILLER_71_446,VPWR,li1,211.1400,204.0000,1.799124
FILLER_71_434,VPWR,li1,207.9200,204.0000,1.799175
FILLER_71_422,VPWR,li1,202.4000,204.0000,1.799252
FILLER_71_410,VPWR,li1,196.8800,204.0000,1.799335
FILLER_71_398,VPWR,li1,191.3600,204.0000,1.799399
FILLER_71_386,VPWR,li1,184.4600,204.0000,1.799497
FILLER_71_380,VPWR,li1,181.0100,204.0000,1.799559
FILLER_71_337,VPWR,li1,161.0000,204.0000,1.799375
FILLER_71_333,VPWR,li1,159.3900,204.0000,1.799375
FILLER_71_289,VPWR,li1,138.9200,204.0000,1.799117
FILLER_71_281,VPWR,li1,136.6200,204.0000,1.799095
FILLER_71_279,VPWR,li1,134.0900,204.0000,1.799057
FILLER_71_275,VPWR,li1,132.9400,204.0000,1.799057
FILLER_71_264,VPWR,li1,127.6500,204.0000,1.799010
FILLER_71_252,VPWR,li1,124.2000,204.0000,1.798983
FILLER_71_222,VPWR,li1,108.1000,204.0000,1.798875
FILLER_71_211,VPWR,li1,103.0400,204.0000,1.798849
FILLER_71_202,VPWR,li1,98.6700,204.0000,1.798823
FILLER_71_177,VPWR,li1,87.6300,204.0000,1.798826
FILLER_71_165,VPWR,li1,82.1100,204.0000,1.798844
FILLER_71_133,VPWR,li1,66.9300,204.0000,1.798962
FILLER_71_105,VPWR,li1,54.0500,204.0000,1.799118
FILLER_71_57,VPWR,li1,32.2000,204.0000,1.799509
FILLER_71_52,VPWR,li1,30.3600,204.0000,1.799564
FILLER_71_3,VPWR,li1,7.1300,204.0000,1.799696
FILLER_70_594,VPWR,li1,278.9900,204.0000,1.798263
FILLER_70_589,VPWR,li1,276.9200,204.0000,1.798288
FILLER_70_561,VPWR,li1,263.8100,204.0000,1.798420
FILLER_70_553,VPWR,li1,261.7400,204.0000,1.798445
FILLER_70_531,VPWR,li1,250.0100,204.0000,1.798606
FILLER_70_525,VPWR,li1,248.4000,204.0000,1.798606
FILLER_70_513,VPWR,li1,244.2600,204.0000,1.798664
FILLER_70_501,VPWR,li1,238.7400,204.0000,1.798756
FILLER_70_489,VPWR,li1,233.2200,204.0000,1.798817
FILLER_70_477,VPWR,li1,227.7000,204.0000,1.798894
FILLER_70_475,VPWR,li1,224.2500,204.0000,1.798964
FILLER_70_469,VPWR,li1,222.6400,204.0000,1.798964
FILLER_70_457,VPWR,li1,218.5000,204.0000,1.799022
FILLER_70_445,VPWR,li1,212.9800,204.0000,1.799098
FILLER_70_433,VPWR,li1,207.4600,204.0000,1.799175
FILLER_70_421,VPWR,li1,201.9400,204.0000,1.799252
FILLER_70_418,VPWR,li1,198.2600,204.0000,1.799303
FILLER_70_410,VPWR,li1,195.9600,204.0000,1.799335
FILLER_70_384,VPWR,li1,183.5400,204.0000,1.799528
FILLER_70_360,VPWR,li1,172.0400,204.0000,1.799576
FILLER_70_314,VPWR,li1,150.1900,204.0000,1.799244
FILLER_70_309,VPWR,li1,147.8900,204.0000,1.799209
FILLER_70_286,VPWR,li1,137.5400,204.0000,1.799095
FILLER_70_276,VPWR,li1,132.7100,204.0000,1.799057
FILLER_70_259,VPWR,li1,124.8900,204.0000,1.798983
FILLER_70_194,VPWR,li1,95.2200,204.0000,1.798820
FILLER_70_179,VPWR,li1,88.7800,204.0000,1.798826
FILLER_70_131,VPWR,li1,66.0100,204.0000,1.798962
FILLER_70_113,VPWR,li1,57.7300,204.0000,1.799063
FILLER_70_109,VPWR,li1,56.5800,204.0000,1.799090
FILLER_70_82,VPWR,li1,43.7000,204.0000,1.799281
FILLER_70_65,VPWR,li1,35.6500,204.0000,1.799450
FILLER_70_61,VPWR,li1,34.5000,204.0000,1.799450
FILLER_70_3,VPWR,li1,8.2800,204.0000,1.799696
FILLER_69_561,VPWR,li1,263.8100,198.5600,1.799030
FILLER_69_559,VPWR,li1,262.8900,198.5600,1.799041
FILLER_69_555,VPWR,li1,261.7400,198.5600,1.799041
FILLER_69_543,VPWR,li1,258.0600,198.5600,1.799060
FILLER_69_537,VPWR,li1,253.2300,198.5600,1.799085
FILLER_69_529,VPWR,li1,250.7000,198.5600,1.799099
FILLER_69_517,VPWR,li1,246.1000,198.5600,1.799122
FILLER_69_505,VPWR,li1,240.5800,198.5600,1.799150
FILLER_69_502,VPWR,li1,236.9000,198.5600,1.799169
FILLER_69_494,VPWR,li1,234.6000,198.5600,1.799181
FILLER_69_461,VPWR,li1,220.3400,198.5600,1.799289
FILLER_69_449,VPWR,li1,214.8200,198.5600,1.799344
FILLER_69_445,VPWR,li1,210.9100,198.5600,1.799365
FILLER_69_433,VPWR,li1,207.4600,198.5600,1.799396
FILLER_69_421,VPWR,li1,201.9400,198.5600,1.799447
FILLER_69_387,VPWR,li1,184.0000,198.5600,1.799641
FILLER_69_379,VPWR,li1,181.7000,198.5600,1.799685
FILLER_69_367,VPWR,li1,177.1000,198.5600,1.799747
FILLER_69_349,VPWR,li1,166.2900,198.5600,1.799638
FILLER_69_337,VPWR,li1,163.3000,198.5600,1.799603
FILLER_69_333,VPWR,li1,159.3900,198.5600,1.799544
FILLER_69_260,VPWR,li1,126.0400,198.5600,1.799279
FILLER_69_229,VPWR,li1,111.0900,198.5600,1.799226
FILLER_69_225,VPWR,li1,109.9400,198.5600,1.799226
FILLER_69_206,VPWR,li1,100.7400,198.5600,1.799213
FILLER_69_165,VPWR,li1,82.1100,198.5600,1.799225
FILLER_69_132,VPWR,li1,67.1600,198.5600,1.799291
FILLER_69_113,VPWR,li1,58.1900,198.5600,1.799369
FILLER_69_108,VPWR,li1,56.1200,198.5600,1.799389
FILLER_69_91,VPWR,li1,47.6100,198.5600,1.799493
FILLER_68_615,VPWR,li1,288.6500,198.5600,1.798944
FILLER_68_589,VPWR,li1,276.9200,198.5600,1.798981
FILLER_68_587,VPWR,li1,275.7700,198.5600,1.798981
FILLER_68_575,VPWR,li1,272.7800,198.5600,1.798990
FILLER_68_569,VPWR,li1,267.9500,198.5600,1.799009
FILLER_68_557,VPWR,li1,264.5000,198.5600,1.799030
FILLER_68_545,VPWR,li1,258.9800,198.5600,1.799060
FILLER_68_533,VPWR,li1,253.4600,198.5600,1.799085
FILLER_68_524,VPWR,li1,248.4000,198.5600,1.799110
FILLER_68_512,VPWR,li1,243.8000,198.5600,1.799134
FILLER_68_500,VPWR,li1,238.2800,198.5600,1.799169
FILLER_68_464,VPWR,li1,219.4200,198.5600,1.799289
FILLER_68_459,VPWR,li1,217.1200,198.5600,1.799309
FILLER_68_451,VPWR,li1,213.2100,198.5600,1.799344
FILLER_68_445,VPWR,li1,211.6000,198.5600,1.799365
FILLER_68_433,VPWR,li1,207.4600,198.5600,1.799396
FILLER_68_421,VPWR,li1,201.9400,198.5600,1.799447
FILLER_68_419,VPWR,li1,198.4900,198.5600,1.799489
FILLER_68_386,VPWR,li1,183.7700,198.5600,1.799641
FILLER_68_374,VPWR,li1,180.3200,198.5600,1.799685
FILLER_68_354,VPWR,li1,168.5900,198.5600,1.799664
FILLER_68_350,VPWR,li1,167.4400,198.5600,1.799638
FILLER_68_338,VPWR,li1,163.7600,198.5600,1.799603
FILLER_68_326,VPWR,li1,158.2400,198.5600,1.799544
FILLER_68_306,VPWR,li1,146.7400,198.5600,1.799419
FILLER_68_253,VPWR,li1,123.2800,198.5600,1.799267
FILLER_68_251,VPWR,li1,121.2100,198.5600,1.799256
FILLER_68_247,VPWR,li1,120.0600,198.5600,1.799256
FILLER_68_220,VPWR,li1,107.1800,198.5600,1.799221
FILLER_68_189,VPWR,li1,92.6900,198.5600,1.799209
FILLER_68_141,VPWR,li1,71.3000,198.5600,1.799266
FILLER_68_137,VPWR,li1,69.2300,198.5600,1.799275
FILLER_68_94,VPWR,li1,49.2200,198.5600,1.799463
FILLER_68_82,VPWR,li1,43.7000,198.5600,1.799528
FILLER_68_72,VPWR,li1,39.1000,198.5600,1.799602
FILLER_68_60,VPWR,li1,35.8800,198.5600,1.799626
FILLER_68_40,VPWR,li1,24.6100,198.5600,1.799780
FILLER_68_29,VPWR,li1,19.3200,198.5600,1.799814
FILLER_68_22,VPWR,li1,17.0200,198.5600,1.799810
FILLER_68_3,VPWR,li1,7.5900,198.5600,1.799799
FILLER_67_629,VPWR,li1,295.0900,193.1200,1.798067
FILLER_67_569,VPWR,li1,270.0200,193.1200,1.798122
FILLER_67_559,VPWR,li1,262.8900,193.1200,1.798157
FILLER_67_555,VPWR,li1,261.7400,193.1200,1.798171
FILLER_67_543,VPWR,li1,258.0600,193.1200,1.798187
FILLER_67_520,VPWR,li1,246.1000,193.1200,1.798278
FILLER_67_508,VPWR,li1,241.9600,193.1200,1.798317
FILLER_67_449,VPWR,li1,212.5200,193.1200,1.798772
FILLER_67_447,VPWR,li1,211.3700,193.1200,1.798814
FILLER_67_441,VPWR,li1,209.7600,193.1200,1.798814
FILLER_67_409,VPWR,li1,193.8900,193.1200,1.799152
FILLER_67_391,VPWR,li1,185.6100,193.1200,1.799350
FILLER_67_324,VPWR,li1,157.3200,193.1200,1.799399
FILLER_67_306,VPWR,li1,146.5100,193.1200,1.799315
FILLER_67_249,VPWR,li1,121.4400,193.1200,1.799198
FILLER_67_216,VPWR,li1,106.7200,193.1200,1.799196
FILLER_67_186,VPWR,li1,91.5400,193.1200,1.799223
FILLER_67_178,VPWR,li1,89.2400,193.1200,1.799230
FILLER_67_142,VPWR,li1,71.0700,193.1200,1.799313
FILLER_67_103,VPWR,li1,53.1300,193.1200,1.799441
FILLER_67_76,VPWR,li1,40.9400,193.1200,1.799568
FILLER_67_65,VPWR,li1,35.8800,193.1200,1.799627
FILLER_67_57,VPWR,li1,33.5800,193.1200,1.799657
FILLER_67_54,VPWR,li1,30.8200,193.1200,1.799692
FILLER_67_46,VPWR,li1,28.5200,193.1200,1.799723
FILLER_67_26,VPWR,li1,20.2400,193.1200,1.799835
FILLER_66_589,VPWR,li1,276.6900,193.1200,1.798098
FILLER_66_585,VPWR,li1,275.3100,193.1200,1.798098
FILLER_66_578,VPWR,li1,272.3200,193.1200,1.798109
FILLER_66_545,VPWR,li1,256.4500,193.1200,1.798206
FILLER_66_541,VPWR,li1,255.3000,193.1200,1.798206
FILLER_66_531,VPWR,li1,250.0100,193.1200,1.798253
FILLER_66_527,VPWR,li1,248.8600,193.1200,1.798253
FILLER_66_503,VPWR,li1,238.7400,193.1200,1.798352
FILLER_66_477,VPWR,li1,225.1700,193.1200,1.798528
FILLER_66_472,VPWR,li1,223.5600,193.1200,1.798559
FILLER_66_437,VPWR,li1,207.9200,193.1200,1.798856
FILLER_66_427,VPWR,li1,202.1700,193.1200,1.798989
FILLER_66_418,VPWR,li1,198.2600,193.1200,1.799054
FILLER_66_346,VPWR,li1,165.1400,193.1200,1.799476
FILLER_66_338,VPWR,li1,162.8400,193.1200,1.799453
FILLER_66_296,VPWR,li1,142.3700,193.1200,1.799288
FILLER_66_286,VPWR,li1,137.5400,193.1200,1.799256
FILLER_66_253,VPWR,li1,122.3600,193.1200,1.799203
FILLER_66_245,VPWR,li1,118.4500,193.1200,1.799196
FILLER_66_239,VPWR,li1,116.8400,193.1200,1.799196
FILLER_66_227,VPWR,li1,112.7000,193.1200,1.799196
FILLER_66_216,VPWR,li1,105.5700,193.1200,1.799197
FILLER_66_205,VPWR,li1,100.5100,193.1200,1.799202
FILLER_66_197,VPWR,li1,97.9800,193.1200,1.799209
FILLER_66_195,VPWR,li1,95.4500,193.1200,1.799215
FILLER_66_191,VPWR,li1,94.3000,193.1200,1.799215
FILLER_66_179,VPWR,li1,90.6200,193.1200,1.799230
FILLER_66_141,VPWR,li1,70.6100,193.1200,1.799313
FILLER_66_139,VPWR,li1,69.6900,193.1200,1.799325
FILLER_66_133,VPWR,li1,68.0800,193.1200,1.799325
FILLER_66_102,VPWR,li1,53.8200,193.1200,1.799441
FILLER_66_85,VPWR,li1,44.8500,193.1200,1.799533
FILLER_66_83,VPWR,li1,43.9300,193.1200,1.799533
FILLER_66_77,VPWR,li1,42.3200,193.1200,1.799568
FILLER_66_49,VPWR,li1,28.9800,193.1200,1.799723
FILLER_66_37,VPWR,li1,25.3000,193.1200,1.799772
FILLER_66_26,VPWR,li1,17.9400,193.1200,1.799830
FILLER_66_18,VPWR,li1,15.6400,193.1200,1.799824
FILLER_66_6,VPWR,li1,8.9700,193.1200,1.799819
FILLER_65_570,VPWR,li1,268.1800,187.6800,1.798247
FILLER_65_556,VPWR,li1,262.2000,187.6800,1.798286
FILLER_65_538,VPWR,li1,253.4600,187.6800,1.798351
FILLER_65_479,VPWR,li1,226.0900,187.6800,1.798635
FILLER_65_459,VPWR,li1,218.5000,187.6800,1.798759
FILLER_65_447,VPWR,li1,211.3700,187.6800,1.798867
FILLER_65_439,VPWR,li1,209.3000,187.6800,1.798903
FILLER_65_427,VPWR,li1,202.1700,187.6800,1.799031
FILLER_65_391,VPWR,li1,185.6100,187.6800,1.799379
FILLER_65_353,VPWR,li1,168.1300,187.6800,1.799528
FILLER_65_345,VPWR,li1,166.0600,187.6800,1.799503
FILLER_65_333,VPWR,li1,159.3900,187.6800,1.799424
FILLER_65_290,VPWR,li1,140.3000,187.6800,1.799243
FILLER_65_279,VPWR,li1,134.0900,187.6800,1.799200
FILLER_65_275,VPWR,li1,132.9400,187.6800,1.799200
FILLER_65_262,VPWR,li1,126.9600,187.6800,1.799168
FILLER_65_253,VPWR,li1,122.1300,187.6800,1.799142
FILLER_65_249,VPWR,li1,120.9800,187.6800,1.799142
FILLER_65_233,VPWR,li1,114.5400,187.6800,1.799123
FILLER_65_221,VPWR,li1,107.8700,187.6800,1.799109
FILLER_65_207,VPWR,li1,100.9700,187.6800,1.799102
FILLER_65_181,VPWR,li1,89.0100,187.6800,1.799121
FILLER_65_169,VPWR,li1,86.0200,187.6800,1.799132
FILLER_65_167,VPWR,li1,82.5700,187.6800,1.799153
FILLER_65_161,VPWR,li1,80.9600,187.6800,1.799153
FILLER_65_152,VPWR,li1,75.6700,187.6800,1.799187
FILLER_65_148,VPWR,li1,74.5200,187.6800,1.799187
FILLER_65_121,VPWR,li1,62.1000,187.6800,1.799270
FILLER_65_113,VPWR,li1,58.4200,187.6800,1.799308
FILLER_65_108,VPWR,li1,56.1200,187.6800,1.799333
FILLER_65_96,VPWR,li1,52.4400,187.6800,1.799374
FILLER_65_73,VPWR,li1,39.5600,187.6800,1.799532
FILLER_65_54,VPWR,li1,30.8200,187.6800,1.799655
FILLER_65_42,VPWR,li1,25.5300,187.6800,1.799746
FILLER_65_3,VPWR,li1,8.2800,187.6800,1.799788
FILLER_64_610,VPWR,li1,286.3500,187.6800,1.798183
FILLER_64_601,VPWR,li1,282.2100,187.6800,1.798192
FILLER_64_589,VPWR,li1,277.1500,187.6800,1.798211
FILLER_64_542,VPWR,li1,255.7600,187.6800,1.798328
FILLER_64_531,VPWR,li1,250.0100,187.6800,1.798374
FILLER_64_470,VPWR,li1,221.9500,187.6800,1.798714
FILLER_64_461,VPWR,li1,217.8100,187.6800,1.798759
FILLER_64_457,VPWR,li1,215.9700,187.6800,1.798790
FILLER_64_449,VPWR,li1,213.9000,187.6800,1.798828
FILLER_64_437,VPWR,li1,209.3000,187.6800,1.798903
FILLER_64_402,VPWR,li1,190.6700,187.6800,1.799268
FILLER_64_381,VPWR,li1,181.0100,187.6800,1.799513
FILLER_64_362,VPWR,li1,172.5000,187.6800,1.799581
FILLER_64_351,VPWR,li1,167.4400,187.6800,1.799503
FILLER_64_339,VPWR,li1,164.2200,187.6800,1.799481
FILLER_64_309,VPWR,li1,149.0400,187.6800,1.799304
FILLER_64_291,VPWR,li1,139.6100,187.6800,1.799243
FILLER_64_269,VPWR,li1,129.7200,187.6800,1.799182
FILLER_64_231,VPWR,li1,112.2400,187.6800,1.799118
FILLER_64_193,VPWR,li1,94.9900,187.6800,1.799109
FILLER_64_185,VPWR,li1,92.4600,187.6800,1.799116
FILLER_64_157,VPWR,li1,77.9700,187.6800,1.799169
FILLER_64_149,VPWR,li1,75.9000,187.6800,1.799187
FILLER_64_136,VPWR,li1,69.0000,187.6800,1.799226
FILLER_64_115,VPWR,li1,58.8800,187.6800,1.799308
FILLER_64_101,VPWR,li1,53.3600,187.6800,1.799374
FILLER_64_81,VPWR,li1,43.4700,187.6800,1.799481
FILLER_64_3,VPWR,li1,7.1300,187.6800,1.799788
FILLER_63_578,VPWR,li1,271.8600,182.2400,1.798505
FILLER_63_570,VPWR,li1,269.5600,182.2400,1.798518
FILLER_63_559,VPWR,li1,262.8900,182.2400,1.798555
FILLER_63_553,VPWR,li1,261.2800,182.2400,1.798566
FILLER_63_536,VPWR,li1,252.3100,182.2400,1.798625
FILLER_63_530,VPWR,li1,250.7000,182.2400,1.798642
FILLER_63_498,VPWR,li1,235.9800,182.2400,1.798767
FILLER_63_490,VPWR,li1,231.6100,182.2400,1.798812
FILLER_63_470,VPWR,li1,222.6400,182.2400,1.798935
FILLER_63_402,VPWR,li1,190.6700,182.2400,1.799378
FILLER_63_391,VPWR,li1,185.6100,182.2400,1.799492
FILLER_63_380,VPWR,li1,181.7000,182.2400,1.799540
FILLER_63_368,VPWR,li1,177.5600,182.2400,1.799619
FILLER_63_357,VPWR,li1,171.5800,182.2400,1.799599
FILLER_63_351,VPWR,li1,167.6700,182.2400,1.799564
FILLER_63_341,VPWR,li1,162.6100,182.2400,1.799500
FILLER_63_337,VPWR,li1,161.4600,182.2400,1.799475
FILLER_63_324,VPWR,li1,155.4800,182.2400,1.799422
FILLER_63_314,VPWR,li1,150.1900,182.2400,1.799369
FILLER_63_304,VPWR,li1,145.8200,182.2400,1.799316
FILLER_63_281,VPWR,li1,135.0100,182.2400,1.799234
FILLER_63_270,VPWR,li1,129.9500,182.2400,1.799208
FILLER_63_266,VPWR,li1,128.8000,182.2400,1.799208
FILLER_63_225,VPWR,li1,109.9400,182.2400,1.799161
FILLER_63_191,VPWR,li1,93.6100,182.2400,1.799179
FILLER_63_185,VPWR,li1,92.0000,182.2400,1.799179
FILLER_63_150,VPWR,li1,74.7500,182.2400,1.799232
FILLER_63_113,VPWR,li1,58.1900,182.2400,1.799354
FILLER_63_57,VPWR,li1,31.9700,182.2400,1.799643
FILLER_63_39,VPWR,li1,23.6900,182.2400,1.799767
FILLER_63_3,VPWR,li1,8.2800,182.2400,1.799780
FILLER_62_628,VPWR,li1,294.8600,182.2400,1.798433
FILLER_62_592,VPWR,li1,278.5300,182.2400,1.798472
FILLER_62_580,VPWR,li1,274.1600,182.2400,1.798493
FILLER_62_568,VPWR,li1,269.5600,182.2400,1.798518
FILLER_62_541,VPWR,li1,254.6100,182.2400,1.798608
FILLER_62_533,VPWR,li1,252.5400,182.2400,1.798625
FILLER_62_531,VPWR,li1,250.0100,182.2400,1.798642
FILLER_62_525,VPWR,li1,248.4000,182.2400,1.798663
FILLER_62_503,VPWR,li1,238.2800,182.2400,1.798749
FILLER_62_477,VPWR,li1,225.6300,182.2400,1.798883
FILLER_62_472,VPWR,li1,223.5600,182.2400,1.798909
FILLER_62_450,VPWR,li1,212.7500,182.2400,1.799065
FILLER_62_446,VPWR,li1,211.6000,182.2400,1.799065
FILLER_62_416,VPWR,li1,197.8000,182.2400,1.799265
FILLER_62_381,VPWR,li1,182.6200,182.2400,1.799540
FILLER_62_363,VPWR,li1,172.7300,182.2400,1.799629
FILLER_62_319,VPWR,li1,153.6400,182.2400,1.799392
FILLER_62_309,VPWR,li1,148.1200,182.2400,1.799338
FILLER_62_307,VPWR,li1,146.9700,182.2400,1.799338
FILLER_62_299,VPWR,li1,144.9000,182.2400,1.799316
FILLER_62_275,VPWR,li1,132.2500,182.2400,1.799217
FILLER_62_269,VPWR,li1,130.6400,182.2400,1.799217
FILLER_62_251,VPWR,li1,121.2100,182.2400,1.799180
FILLER_62_233,VPWR,li1,113.1600,182.2400,1.799163
FILLER_62_197,VPWR,li1,97.5200,182.2400,1.799170
FILLER_62_194,VPWR,li1,95.2200,182.2400,1.799174
FILLER_62_144,VPWR,li1,72.6800,182.2400,1.799244
FILLER_62_109,VPWR,li1,57.0400,182.2400,1.799354
FILLER_62_85,VPWR,li1,45.3100,182.2400,1.799474
FILLER_62_72,VPWR,li1,39.3300,182.2400,1.799543
FILLER_62_29,VPWR,li1,20.2400,182.2400,1.799790
FILLER_62_3,VPWR,li1,7.1300,182.2400,1.799780
FILLER_61_595,VPWR,li1,279.4500,176.8000,1.797368
FILLER_61_587,VPWR,li1,277.3800,176.8000,1.797394
FILLER_61_575,VPWR,li1,272.7800,176.8000,1.797418
FILLER_61_561,VPWR,li1,263.8100,176.8000,1.797520
FILLER_61_558,VPWR,li1,262.6600,176.8000,1.797520
FILLER_61_541,VPWR,li1,254.6100,176.8000,1.797627
FILLER_61_535,VPWR,li1,253.0000,176.8000,1.797658
FILLER_61_505,VPWR,li1,238.7400,176.8000,1.797894
FILLER_61_501,VPWR,li1,236.6700,176.8000,1.797933
FILLER_61_493,VPWR,li1,232.5300,176.8000,1.798018
FILLER_61_483,VPWR,li1,227.9300,176.8000,1.798121
FILLER_61_472,VPWR,li1,223.5600,176.8000,1.798223
FILLER_61_447,VPWR,li1,211.3700,176.8000,1.798541
FILLER_61_443,VPWR,li1,210.2200,176.8000,1.798541
FILLER_61_415,VPWR,li1,196.8800,176.8000,1.798892
FILLER_61_405,VPWR,li1,192.0500,176.8000,1.799029
FILLER_61_393,VPWR,li1,186.9900,176.8000,1.799172
FILLER_61_388,VPWR,li1,184.9200,176.8000,1.799231
FILLER_61_351,VPWR,li1,167.9000,176.8000,1.799379
FILLER_61_315,VPWR,li1,150.6500,176.8000,1.799156
FILLER_61_297,VPWR,li1,142.3700,176.8000,1.799068
FILLER_61_293,VPWR,li1,141.2200,176.8000,1.799068
FILLER_61_281,VPWR,li1,137.5400,176.8000,1.799038
FILLER_61_279,VPWR,li1,134.0900,176.8000,1.799012
FILLER_61_259,VPWR,li1,125.3500,176.8000,1.798947
FILLER_61_232,VPWR,li1,112.4700,176.8000,1.798878
FILLER_61_222,VPWR,li1,108.1000,176.8000,1.798869
FILLER_61_185,VPWR,li1,91.0800,176.8000,1.798902
FILLER_61_151,VPWR,li1,75.2100,176.8000,1.799011
FILLER_61_113,VPWR,li1,57.7300,176.8000,1.799193
FILLER_61_111,VPWR,li1,56.8100,176.8000,1.799219
FILLER_61_107,VPWR,li1,55.6600,176.8000,1.799219
FILLER_61_73,VPWR,li1,39.5600,176.8000,1.799470
FILLER_61_38,VPWR,li1,23.2300,176.8000,1.799728
FILLER_61_32,VPWR,li1,21.6200,176.8000,1.799761
FILLER_61_6,VPWR,li1,8.5100,176.8000,1.799733
FILLER_60_627,VPWR,li1,294.6300,176.8000,1.797323
FILLER_60_600,VPWR,li1,281.9800,176.8000,1.797354
FILLER_60_587,VPWR,li1,275.7700,176.8000,1.797394
FILLER_60_579,VPWR,li1,273.7000,176.8000,1.797418
FILLER_60_531,VPWR,li1,250.0100,176.8000,1.797696
FILLER_60_493,VPWR,li1,232.5300,176.8000,1.798018
FILLER_60_474,VPWR,li1,224.0200,176.8000,1.798223
FILLER_60_452,VPWR,li1,214.8200,176.8000,1.798470
FILLER_60_421,VPWR,li1,200.1000,176.8000,1.798834
FILLER_60_418,VPWR,li1,198.2600,176.8000,1.798892
FILLER_60_381,VPWR,li1,181.7000,176.8000,1.799325
FILLER_60_346,VPWR,li1,165.1400,176.8000,1.799335
FILLER_60_334,VPWR,li1,159.3900,176.8000,1.799256
FILLER_60_282,VPWR,li1,135.4700,176.8000,1.799012
FILLER_60_274,VPWR,li1,133.4000,176.8000,1.798996
FILLER_60_243,VPWR,li1,117.5300,176.8000,1.798902
FILLER_60_205,VPWR,li1,100.5100,176.8000,1.798870
FILLER_60_197,VPWR,li1,97.9800,176.8000,1.798874
FILLER_60_195,VPWR,li1,95.4500,176.8000,1.798878
FILLER_60_178,VPWR,li1,87.6300,176.8000,1.798914
FILLER_60_149,VPWR,li1,74.7500,176.8000,1.799011
FILLER_60_137,VPWR,li1,69.2300,176.8000,1.799061
FILLER_60_120,VPWR,li1,60.9500,176.8000,1.799148
FILLER_60_85,VPWR,li1,45.3100,176.8000,1.799371
FILLER_60_63,VPWR,li1,35.4200,176.8000,1.799516
FILLER_60_46,VPWR,li1,26.9100,176.8000,1.799690
FILLER_60_40,VPWR,li1,25.3000,176.8000,1.799690
FILLER_60_18,VPWR,li1,14.2600,176.8000,1.799742
FILLER_60_3,VPWR,li1,7.3600,176.8000,1.799733
FILLER_59_609,VPWR,li1,285.8900,171.3600,1.798220
FILLER_59_590,VPWR,li1,277.6100,171.3600,1.798252
FILLER_59_505,VPWR,li1,238.2800,171.3600,1.798592
FILLER_59_499,VPWR,li1,235.2900,171.3600,1.798620
FILLER_59_457,VPWR,li1,217.1200,171.3600,1.798882
FILLER_59_445,VPWR,li1,210.9100,171.3600,1.798978
FILLER_59_416,VPWR,li1,197.8000,171.3600,1.799193
FILLER_59_393,VPWR,li1,186.7600,171.3600,1.799417
FILLER_59_345,VPWR,li1,164.4500,171.3600,1.799519
FILLER_59_285,VPWR,li1,136.8500,171.3600,1.799319
FILLER_59_281,VPWR,li1,135.7000,171.3600,1.799319
FILLER_59_279,VPWR,li1,134.0900,171.3600,1.799309
FILLER_59_275,VPWR,li1,132.9400,171.3600,1.799309
FILLER_59_256,VPWR,li1,123.9700,171.3600,1.799281
FILLER_59_241,VPWR,li1,117.7600,171.3600,1.799270
FILLER_59_223,VPWR,li1,108.3300,171.3600,1.799259
FILLER_59_213,VPWR,li1,103.7300,171.3600,1.799256
FILLER_59_186,VPWR,li1,91.3100,171.3600,1.799262
FILLER_59_182,VPWR,li1,90.1600,171.3600,1.799262
FILLER_59_173,VPWR,li1,85.3300,171.3600,1.799268
FILLER_59_169,VPWR,li1,84.1800,171.3600,1.799271
FILLER_59_159,VPWR,li1,78.8900,171.3600,1.799278
FILLER_59_151,VPWR,li1,76.8200,171.3600,1.799283
FILLER_59_139,VPWR,li1,72.2200,171.3600,1.799294
FILLER_59_113,VPWR,li1,57.7300,171.3600,1.799352
FILLER_59_83,VPWR,li1,45.0800,171.3600,1.799472
FILLER_59_39,VPWR,li1,23.6900,171.3600,1.799752
FILLER_59_21,VPWR,li1,15.6400,171.3600,1.799782
FILLER_59_3,VPWR,li1,7.3600,171.3600,1.799777
FILLER_58_629,VPWR,li1,295.0900,171.3600,1.798207
FILLER_58_595,VPWR,li1,279.4500,171.3600,1.798243
FILLER_58_529,VPWR,li1,249.5500,171.3600,1.798474
FILLER_58_486,VPWR,li1,229.7700,171.3600,1.798695
FILLER_58_477,VPWR,li1,225.1700,171.3600,1.798782
FILLER_58_473,VPWR,li1,223.7900,171.3600,1.798782
FILLER_58_464,VPWR,li1,219.1900,171.3600,1.798851
FILLER_58_460,VPWR,li1,218.0400,171.3600,1.798882
FILLER_58_419,VPWR,li1,198.4900,171.3600,1.799193
FILLER_58_378,VPWR,li1,179.6300,171.3600,1.799574
FILLER_58_374,VPWR,li1,178.4800,171.3600,1.799574
FILLER_58_363,VPWR,li1,172.7300,171.3600,1.799611
FILLER_58_343,VPWR,li1,164.2200,171.3600,1.799519
FILLER_58_338,VPWR,li1,161.4600,171.3600,1.799491
FILLER_58_312,VPWR,li1,149.5000,171.3600,1.799393
FILLER_58_274,VPWR,li1,132.9400,171.3600,1.799309
FILLER_58_234,VPWR,li1,113.6200,171.3600,1.799261
FILLER_58_194,VPWR,li1,95.2200,171.3600,1.799258
FILLER_58_173,VPWR,li1,85.3300,171.3600,1.799268
FILLER_58_167,VPWR,li1,83.7200,171.3600,1.799271
FILLER_58_149,VPWR,li1,74.2900,171.3600,1.799288
FILLER_58_127,VPWR,li1,64.8600,171.3600,1.799321
FILLER_58_96,VPWR,li1,50.3700,171.3600,1.799414
FILLER_58_85,VPWR,li1,45.0800,171.3600,1.799472
FILLER_58_54,VPWR,li1,31.2800,171.3600,1.799633
FILLER_58_11,VPWR,li1,10.8100,171.3600,1.799777
FILLER_58_3,VPWR,li1,8.7400,171.3600,1.799777
FILLER_57_620,VPWR,li1,291.1800,165.9200,1.798177
FILLER_57_577,VPWR,li1,271.1700,165.9200,1.798231
FILLER_57_559,VPWR,li1,262.8900,165.9200,1.798277
FILLER_57_547,VPWR,li1,258.0600,165.9200,1.798308
FILLER_57_521,VPWR,li1,245.6400,165.9200,1.798427
FILLER_57_503,VPWR,li1,237.1300,165.9200,1.798512
FILLER_57_495,VPWR,li1,235.0600,165.9200,1.798538
FILLER_57_459,VPWR,li1,218.0400,165.9200,1.798786
FILLER_57_449,VPWR,li1,212.5200,165.9200,1.798893
FILLER_57_415,VPWR,li1,196.6500,165.9200,1.799184
FILLER_57_411,VPWR,li1,195.5000,165.9200,1.799226
FILLER_57_390,VPWR,li1,185.3800,165.9200,1.799418
FILLER_57_377,VPWR,li1,179.4000,165.9200,1.799563
FILLER_57_365,VPWR,li1,176.1800,165.9200,1.799662
FILLER_57_349,VPWR,li1,167.9000,165.9200,1.799597
FILLER_57_337,VPWR,li1,163.3000,165.9200,1.799557
FILLER_57_333,VPWR,li1,159.3900,165.9200,1.799515
FILLER_57_321,VPWR,li1,155.9400,165.9200,1.799493
FILLER_57_311,VPWR,li1,148.8100,165.9200,1.799447
FILLER_57_305,VPWR,li1,147.2000,165.9200,1.799430
FILLER_57_293,VPWR,li1,143.0600,165.9200,1.799406
FILLER_57_281,VPWR,li1,137.5400,165.9200,1.799375
FILLER_57_278,VPWR,li1,133.8600,165.9200,1.799352
FILLER_57_252,VPWR,li1,121.9000,165.9200,1.799286
FILLER_57_234,VPWR,li1,113.6200,165.9200,1.799254
FILLER_57_196,VPWR,li1,96.3700,165.9200,1.799219
FILLER_57_187,VPWR,li1,91.7700,165.9200,1.799220
FILLER_57_165,VPWR,li1,82.1100,165.9200,1.799233
FILLER_57_146,VPWR,li1,73.3700,165.9200,1.799262
FILLER_57_113,VPWR,li1,57.7300,165.9200,1.799388
FILLER_57_108,VPWR,li1,56.1200,165.9200,1.799388
FILLER_57_66,VPWR,li1,36.1100,165.9200,1.799614
FILLER_57_23,VPWR,li1,16.7900,165.9200,1.799825
FILLER_57_15,VPWR,li1,14.2600,165.9200,1.799825
FILLER_57_3,VPWR,li1,9.6600,165.9200,1.799824
FILLER_56_628,VPWR,li1,294.8600,165.9200,1.798176
FILLER_56_599,VPWR,li1,281.2900,165.9200,1.798194
FILLER_56_577,VPWR,li1,271.1700,165.9200,1.798231
FILLER_56_569,VPWR,li1,269.1000,165.9200,1.798241
FILLER_56_557,VPWR,li1,264.5000,165.9200,1.798277
FILLER_56_533,VPWR,li1,252.5400,165.9200,1.798350
FILLER_56_531,VPWR,li1,250.0100,165.9200,1.798379
FILLER_56_527,VPWR,li1,248.8600,165.9200,1.798379
FILLER_56_507,VPWR,li1,239.6600,165.9200,1.798481
FILLER_56_495,VPWR,li1,235.9800,165.9200,1.798538
FILLER_56_447,VPWR,li1,212.0600,165.9200,1.798893
FILLER_56_429,VPWR,li1,203.3200,165.9200,1.799050
FILLER_56_421,VPWR,li1,200.1000,165.9200,1.799146
FILLER_56_419,VPWR,li1,198.4900,165.9200,1.799146
FILLER_56_415,VPWR,li1,197.3400,165.9200,1.799184
FILLER_56_371,VPWR,li1,178.9400,165.9200,1.799563
FILLER_56_363,VPWR,li1,172.7300,165.9200,1.799642
FILLER_56_333,VPWR,li1,158.9300,165.9200,1.799515
FILLER_56_329,VPWR,li1,157.7800,165.9200,1.799515
FILLER_56_309,VPWR,li1,148.3500,165.9200,1.799447
FILLER_56_307,VPWR,li1,146.9700,165.9200,1.799430
FILLER_56_303,VPWR,li1,145.8200,165.9200,1.799430
FILLER_56_291,VPWR,li1,142.1400,165.9200,1.799406
FILLER_56_282,VPWR,li1,135.4700,165.9200,1.799352
FILLER_56_278,VPWR,li1,134.3200,165.9200,1.799352
FILLER_56_268,VPWR,li1,129.2600,165.9200,1.799325
FILLER_56_253,VPWR,li1,123.2800,165.9200,1.799286
FILLER_56_240,VPWR,li1,116.6100,165.9200,1.799264
FILLER_56_232,VPWR,li1,114.0800,165.9200,1.799254
FILLER_56_223,VPWR,li1,108.3300,165.9200,1.799237
FILLER_56_205,VPWR,li1,100.0500,165.9200,1.799221
FILLER_56_201,VPWR,li1,98.9000,165.9200,1.799221
FILLER_56_188,VPWR,li1,93.8400,165.9200,1.799219
FILLER_56_145,VPWR,li1,72.6800,165.9200,1.799272
FILLER_56_137,VPWR,li1,69.2300,165.9200,1.799284
FILLER_56_126,VPWR,li1,63.7100,165.9200,1.799322
FILLER_56_80,VPWR,li1,43.2400,165.9200,1.799525
FILLER_56_63,VPWR,li1,34.7300,165.9200,1.799646
FILLER_56_57,VPWR,li1,33.1200,165.9200,1.799679
FILLER_56_39,VPWR,li1,23.9200,165.9200,1.799791
FILLER_56_29,VPWR,li1,19.3200,165.9200,1.799826
FILLER_56_25,VPWR,li1,17.7100,165.9200,1.799826
FILLER_56_14,VPWR,li1,12.6500,165.9200,1.799825
FILLER_56_6,VPWR,li1,10.1200,165.9200,1.799824
FILLER_55_601,VPWR,li1,282.2100,160.4800,1.797722
FILLER_55_573,VPWR,li1,270.0200,160.4800,1.797780
FILLER_55_561,VPWR,li1,266.3400,160.4800,1.797819
FILLER_55_557,VPWR,li1,262.4300,160.4800,1.797838
FILLER_55_549,VPWR,li1,259.9000,160.4800,1.797864
FILLER_55_534,VPWR,li1,251.6200,160.4800,1.797955
FILLER_55_522,VPWR,li1,245.8700,160.4800,1.798025
FILLER_55_503,VPWR,li1,237.1300,160.4800,1.798178
FILLER_55_449,VPWR,li1,212.2900,160.4800,1.798712
FILLER_55_436,VPWR,li1,208.8400,160.4800,1.798804
FILLER_55_424,VPWR,li1,203.3200,160.4800,1.798898
FILLER_55_399,VPWR,li1,189.2900,160.4800,1.799277
FILLER_55_393,VPWR,li1,187.6800,160.4800,1.799277
FILLER_55_337,VPWR,li1,161.2300,160.4800,1.799462
FILLER_55_335,VPWR,li1,159.8500,160.4800,1.799449
FILLER_55_329,VPWR,li1,158.2400,160.4800,1.799449
FILLER_55_290,VPWR,li1,140.3000,160.4800,1.799365
FILLER_55_277,VPWR,li1,133.6300,160.4800,1.799346
FILLER_55_242,VPWR,li1,118.6800,160.4800,1.799313
FILLER_55_223,VPWR,li1,108.3300,160.4800,1.799309
FILLER_55_219,VPWR,li1,107.1800,160.4800,1.799309
FILLER_55_151,VPWR,li1,75.2100,160.4800,1.799389
FILLER_55_113,VPWR,li1,57.7300,160.4800,1.799506
FILLER_55_110,VPWR,li1,56.5800,160.4800,1.799506
FILLER_55_76,VPWR,li1,40.7100,160.4800,1.799663
FILLER_55_70,VPWR,li1,39.1000,160.4800,1.799663
FILLER_55_57,VPWR,li1,32.6600,160.4800,1.799729
FILLER_55_53,VPWR,li1,30.5900,160.4800,1.799757
FILLER_55_43,VPWR,li1,25.5300,160.4800,1.799810
FILLER_55_35,VPWR,li1,23.4600,160.4800,1.799853
FILLER_55_3,VPWR,li1,8.2800,160.4800,1.799835
FILLER_54_561,VPWR,li1,264.9600,160.4800,1.797819
FILLER_54_539,VPWR,li1,253.9200,160.4800,1.797923
FILLER_54_527,VPWR,li1,248.1700,160.4800,1.797985
FILLER_54_515,VPWR,li1,245.1800,160.4800,1.798060
FILLER_54_477,VPWR,li1,226.3200,160.4800,1.798388
FILLER_54_472,VPWR,li1,223.5600,160.4800,1.798442
FILLER_54_451,VPWR,li1,213.2100,160.4800,1.798663
FILLER_54_433,VPWR,li1,204.9300,160.4800,1.798898
FILLER_54_429,VPWR,li1,203.7800,160.4800,1.798898
FILLER_54_419,VPWR,li1,198.4900,160.4800,1.799041
FILLER_54_415,VPWR,li1,197.3400,160.4800,1.799041
FILLER_54_358,VPWR,li1,171.5800,160.4800,1.799563
FILLER_54_309,VPWR,li1,149.0400,160.4800,1.799396
FILLER_54_289,VPWR,li1,139.1500,160.4800,1.799365
FILLER_54_253,VPWR,li1,123.2800,160.4800,1.799319
FILLER_54_251,VPWR,li1,121.2100,160.4800,1.799316
FILLER_54_243,VPWR,li1,119.1400,160.4800,1.799313
FILLER_54_209,VPWR,li1,101.8900,160.4800,1.799316
FILLER_54_197,VPWR,li1,96.8300,160.4800,1.799326
FILLER_54_192,VPWR,li1,94.7600,160.4800,1.799330
FILLER_54_180,VPWR,li1,91.0800,160.4800,1.799338
FILLER_54_158,VPWR,li1,78.4300,160.4800,1.799375
FILLER_54_150,VPWR,li1,76.3600,160.4800,1.799389
FILLER_54_112,VPWR,li1,57.2700,160.4800,1.799506
FILLER_54_100,VPWR,li1,54.2800,160.4800,1.799525
FILLER_54_85,VPWR,li1,46.0000,160.4800,1.799597
FILLER_54_83,VPWR,li1,43.9300,160.4800,1.799627
FILLER_54_79,VPWR,li1,42.7800,160.4800,1.799627
FILLER_54_53,VPWR,li1,30.1300,160.4800,1.799757
FILLER_54_45,VPWR,li1,28.0600,160.4800,1.799783
FILLER_54_27,VPWR,li1,18.1700,160.4800,1.799845
FILLER_54_21,VPWR,li1,16.5600,160.4800,1.799841
FILLER_54_3,VPWR,li1,7.3600,160.4800,1.799835
FILLER_53_604,VPWR,li1,283.5900,155.0400,1.798342
FILLER_53_590,VPWR,li1,278.7600,155.0400,1.798354
FILLER_53_579,VPWR,li1,272.3200,155.0400,1.798382
FILLER_53_567,VPWR,li1,269.1000,155.0400,1.798389
FILLER_53_558,VPWR,li1,262.6600,155.0400,1.798413
FILLER_53_521,VPWR,li1,246.1000,155.0400,1.798522
FILLER_53_337,VPWR,li1,162.3800,155.0400,1.799222
FILLER_53_330,VPWR,li1,158.7000,155.0400,1.799174
FILLER_53_292,VPWR,li1,140.3000,155.0400,1.798927
FILLER_53_223,VPWR,li1,108.3300,155.0400,1.798878
FILLER_53_219,VPWR,li1,107.1800,155.0400,1.798878
FILLER_53_191,VPWR,li1,94.0700,155.0400,1.798927
FILLER_53_183,VPWR,li1,91.5400,155.0400,1.798947
FILLER_53_169,VPWR,li1,85.1000,155.0400,1.798983
FILLER_53_166,VPWR,li1,82.3400,155.0400,1.799004
FILLER_53_158,VPWR,li1,80.0400,155.0400,1.799022
FILLER_53_146,VPWR,li1,75.4400,155.0400,1.799061
FILLER_53_132,VPWR,li1,67.6200,155.0400,1.799136
FILLER_53_113,VPWR,li1,57.9600,155.0400,1.799248
FILLER_53_111,VPWR,li1,56.8100,155.0400,1.799248
FILLER_53_53,VPWR,li1,30.5900,155.0400,1.799624
FILLER_53_6,VPWR,li1,8.7400,155.0400,1.799768
FILLER_52_629,VPWR,li1,295.0900,155.0400,1.798319
FILLER_52_608,VPWR,li1,285.4300,155.0400,1.798336
FILLER_52_604,VPWR,li1,284.2800,155.0400,1.798342
FILLER_52_589,VPWR,li1,277.8400,155.0400,1.798362
FILLER_52_587,VPWR,li1,275.7700,155.0400,1.798369
FILLER_52_583,VPWR,li1,274.6200,155.0400,1.798369
FILLER_52_571,VPWR,li1,270.9400,155.0400,1.798382
FILLER_52_559,VPWR,li1,265.4200,155.0400,1.798402
FILLER_52_526,VPWR,li1,247.7100,155.0400,1.798522
FILLER_52_522,VPWR,li1,246.5600,155.0400,1.798522
FILLER_52_477,VPWR,li1,225.6300,155.0400,1.798744
FILLER_52_475,VPWR,li1,224.2500,155.0400,1.798770
FILLER_52_469,VPWR,li1,222.6400,155.0400,1.798770
FILLER_52_421,VPWR,li1,199.6400,155.0400,1.799129
FILLER_52_419,VPWR,li1,198.4900,155.0400,1.799129
FILLER_52_362,VPWR,li1,172.5000,155.0400,1.799481
FILLER_52_350,VPWR,li1,167.2100,155.0400,1.799358
FILLER_52_342,VPWR,li1,163.3000,155.0400,1.799271
FILLER_52_304,VPWR,li1,146.2800,155.0400,1.798988
FILLER_52_270,VPWR,li1,129.9500,155.0400,1.798880
FILLER_52_253,VPWR,li1,122.1300,155.0400,1.798865
FILLER_52_213,VPWR,li1,103.7300,155.0400,1.798887
FILLER_52_177,VPWR,li1,87.6300,155.0400,1.798962
FILLER_52_167,VPWR,li1,82.5700,155.0400,1.799004
FILLER_52_157,VPWR,li1,78.2000,155.0400,1.799038
FILLER_52_139,VPWR,li1,69.6900,155.0400,1.799113
FILLER_52_105,VPWR,li1,54.0500,155.0400,1.799301
FILLER_52_99,VPWR,li1,52.4400,155.0400,1.799301
FILLER_52_89,VPWR,li1,46.6900,155.0400,1.799377
FILLER_52_85,VPWR,li1,45.5400,155.0400,1.799410
FILLER_52_41,VPWR,li1,24.8400,155.0400,1.799724
FILLER_52_29,VPWR,li1,19.5500,155.0400,1.799779
FILLER_52_27,VPWR,li1,18.1700,155.0400,1.799779
FILLER_52_3,VPWR,li1,8.7400,155.0400,1.799768
FILLER_51_617,VPWR,li1,289.5700,149.6000,1.798366
FILLER_51_608,VPWR,li1,285.6600,149.6000,1.798375
FILLER_51_579,VPWR,li1,272.0900,149.6000,1.798425
FILLER_51_573,VPWR,li1,270.4800,149.6000,1.798425
FILLER_51_561,VPWR,li1,266.3400,149.6000,1.798444
FILLER_51_557,VPWR,li1,262.4300,149.6000,1.798472
FILLER_51_550,VPWR,li1,259.4400,149.6000,1.798507
FILLER_51_534,VPWR,li1,251.3900,149.6000,1.798562
FILLER_51_526,VPWR,li1,249.3200,149.6000,1.798582
FILLER_51_514,VPWR,li1,244.7200,149.6000,1.798627
FILLER_51_502,VPWR,li1,236.9000,149.6000,1.798706
FILLER_51_477,VPWR,li1,226.3200,149.6000,1.798831
FILLER_51_465,VPWR,li1,222.1800,149.6000,1.798895
FILLER_51_444,VPWR,li1,210.6800,149.6000,1.799037
FILLER_51_427,VPWR,li1,202.1700,149.6000,1.799172
FILLER_51_421,VPWR,li1,200.5600,149.6000,1.799204
FILLER_51_393,VPWR,li1,187.2200,149.6000,1.799396
FILLER_51_390,VPWR,li1,185.3800,149.6000,1.799426
FILLER_51_320,VPWR,li1,153.6400,149.6000,1.799250
FILLER_51_306,VPWR,li1,147.6600,149.6000,1.799178
FILLER_51_279,VPWR,li1,134.0900,149.6000,1.799079
FILLER_51_275,VPWR,li1,132.9400,149.6000,1.799079
FILLER_51_264,VPWR,li1,127.4200,149.6000,1.799053
FILLER_51_247,VPWR,li1,119.3700,149.6000,1.799021
FILLER_51_241,VPWR,li1,117.7600,149.6000,1.799021
FILLER_51_218,VPWR,li1,107.1800,149.6000,1.799001
FILLER_51_167,VPWR,li1,82.5700,149.6000,1.799091
FILLER_51_149,VPWR,li1,74.5200,149.6000,1.799155
FILLER_51_113,VPWR,li1,57.9600,149.6000,1.799318
FILLER_51_99,VPWR,li1,51.9800,149.6000,1.799385
FILLER_51_81,VPWR,li1,43.0100,149.6000,1.799501
FILLER_51_77,VPWR,li1,41.8600,149.6000,1.799501
FILLER_51_68,VPWR,li1,37.0300,149.6000,1.799567
FILLER_51_57,VPWR,li1,32.4300,149.6000,1.799659
FILLER_51_54,VPWR,li1,30.8200,149.6000,1.799659
FILLER_51_42,VPWR,li1,27.6000,149.6000,1.799724
FILLER_51_24,VPWR,li1,16.7900,149.6000,1.799803
FILLER_51_6,VPWR,li1,8.7400,149.6000,1.799796
FILLER_50_592,VPWR,li1,278.5300,149.6000,1.798396
FILLER_50_585,VPWR,li1,275.3100,149.6000,1.798402
FILLER_50_573,VPWR,li1,271.8600,149.6000,1.798425
FILLER_50_549,VPWR,li1,258.2900,149.6000,1.798507
FILLER_50_541,VPWR,li1,256.2200,149.6000,1.798532
FILLER_50_529,VPWR,li1,249.5500,149.6000,1.798582
FILLER_50_520,VPWR,li1,244.9500,149.6000,1.798627
FILLER_50_508,VPWR,li1,241.9600,149.6000,1.798655
FILLER_50_477,VPWR,li1,227.7000,149.6000,1.798831
FILLER_50_475,VPWR,li1,224.2500,149.6000,1.798857
FILLER_50_463,VPWR,li1,221.2600,149.6000,1.798895
FILLER_50_445,VPWR,li1,210.4500,149.6000,1.799063
FILLER_50_439,VPWR,li1,208.8400,149.6000,1.799063
FILLER_50_421,VPWR,li1,199.4100,149.6000,1.799204
FILLER_50_414,VPWR,li1,197.3400,149.6000,1.799236
FILLER_50_405,VPWR,li1,192.0500,149.6000,1.799336
FILLER_50_401,VPWR,li1,190.9000,149.6000,1.799336
FILLER_50_389,VPWR,li1,187.2200,149.6000,1.799396
FILLER_50_358,VPWR,li1,171.5800,149.6000,1.799535
FILLER_50_348,VPWR,li1,166.0600,149.6000,1.799443
FILLER_50_334,VPWR,li1,159.6200,149.6000,1.799340
FILLER_50_322,VPWR,li1,156.4000,149.6000,1.799298
FILLER_50_307,VPWR,li1,146.9700,149.6000,1.799158
FILLER_50_257,VPWR,li1,123.9700,149.6000,1.799040
FILLER_50_253,VPWR,li1,122.8200,149.6000,1.799031
FILLER_50_197,VPWR,li1,96.3700,149.6000,1.799010
FILLER_50_194,VPWR,li1,95.2200,149.6000,1.799017
FILLER_50_147,VPWR,li1,73.3700,149.6000,1.799177
FILLER_50_141,VPWR,li1,71.7600,149.6000,1.799194
FILLER_50_123,VPWR,li1,62.3300,149.6000,1.799267
FILLER_50_99,VPWR,li1,51.2900,149.6000,1.799385
FILLER_50_95,VPWR,li1,50.1400,149.6000,1.799409
FILLER_50_85,VPWR,li1,44.8500,149.6000,1.799468
FILLER_50_70,VPWR,li1,38.4100,149.6000,1.799567
FILLER_50_59,VPWR,li1,33.1200,149.6000,1.799625
FILLER_50_49,VPWR,li1,28.5200,149.6000,1.799693
FILLER_50_41,VPWR,li1,24.6100,149.6000,1.799777
FILLER_50_37,VPWR,li1,23.4600,149.6000,1.799777
FILLER_50_3,VPWR,li1,7.5900,149.6000,1.799796
FILLER_49_629,VPWR,li1,295.0900,144.1600,1.798223
FILLER_49_591,VPWR,li1,277.6100,144.1600,1.798257
FILLER_49_585,VPWR,li1,276.0000,144.1600,1.798257
FILLER_49_548,VPWR,li1,258.2900,144.1600,1.798348
FILLER_49_513,VPWR,li1,241.7300,144.1600,1.798491
FILLER_49_503,VPWR,li1,237.1300,144.1600,1.798553
FILLER_49_499,VPWR,li1,235.9800,144.1600,1.798553
FILLER_49_472,VPWR,li1,222.8700,144.1600,1.798734
FILLER_49_466,VPWR,li1,221.2600,144.1600,1.798734
FILLER_49_445,VPWR,li1,210.9100,144.1600,1.798885
FILLER_49_409,VPWR,li1,193.8900,144.1600,1.799233
FILLER_49_405,VPWR,li1,192.7400,144.1600,1.799233
FILLER_49_393,VPWR,li1,189.0600,144.1600,1.799314
FILLER_49_391,VPWR,li1,185.6100,144.1600,1.799391
FILLER_49_383,VPWR,li1,183.5400,144.1600,1.799437
FILLER_49_371,VPWR,li1,178.9400,144.1600,1.799562
FILLER_49_341,VPWR,li1,163.0700,144.1600,1.799501
FILLER_49_337,VPWR,li1,160.7700,144.1600,1.799472
FILLER_49_335,VPWR,li1,159.8500,144.1600,1.799450
FILLER_49_329,VPWR,li1,158.2400,144.1600,1.799450
FILLER_49_281,VPWR,li1,135.0100,144.1600,1.799271
FILLER_49_276,VPWR,li1,133.4000,144.1600,1.799262
FILLER_49_241,VPWR,li1,117.0700,144.1600,1.799223
FILLER_49_209,VPWR,li1,103.0400,144.1600,1.799228
FILLER_49_190,VPWR,li1,93.6100,144.1600,1.799244
FILLER_49_149,VPWR,li1,74.7500,144.1600,1.799319
FILLER_49_113,VPWR,li1,58.8800,144.1600,1.799423
FILLER_49_109,VPWR,li1,56.3500,144.1600,1.799443
FILLER_49_97,VPWR,li1,52.9000,144.1600,1.799471
FILLER_49_53,VPWR,li1,30.5900,144.1600,1.799703
FILLER_49_38,VPWR,li1,23.9200,144.1600,1.799799
FILLER_49_3,VPWR,li1,7.5900,144.1600,1.799808
FILLER_48_620,VPWR,li1,291.1800,144.1600,1.798226
FILLER_48_597,VPWR,li1,280.3700,144.1600,1.798242
FILLER_48_583,VPWR,li1,274.1600,144.1600,1.798263
FILLER_48_536,VPWR,li1,252.3100,144.1600,1.798393
FILLER_48_528,VPWR,li1,249.3200,144.1600,1.798429
FILLER_48_502,VPWR,li1,236.6700,144.1600,1.798553
FILLER_48_473,VPWR,li1,223.7900,144.1600,1.798700
FILLER_48_439,VPWR,li1,207.9200,144.1600,1.798933
FILLER_48_418,VPWR,li1,198.2600,144.1600,1.799124
FILLER_48_398,VPWR,li1,189.5200,144.1600,1.799314
FILLER_48_386,VPWR,li1,185.8400,144.1600,1.799391
FILLER_48_377,VPWR,li1,179.4000,144.1600,1.799562
FILLER_48_365,VPWR,li1,175.2600,144.1600,1.799635
FILLER_48_363,VPWR,li1,172.7300,144.1600,1.799605
FILLER_48_355,VPWR,li1,170.6600,144.1600,1.799571
FILLER_48_349,VPWR,li1,166.2900,144.1600,1.799522
FILLER_48_341,VPWR,li1,164.2200,144.1600,1.799501
FILLER_48_329,VPWR,li1,159.6200,144.1600,1.799450
FILLER_48_271,VPWR,li1,132.9400,144.1600,1.799262
FILLER_48_253,VPWR,li1,122.3600,144.1600,1.799228
FILLER_48_242,VPWR,li1,117.0700,144.1600,1.799223
FILLER_48_236,VPWR,li1,115.4600,144.1600,1.799223
FILLER_48_226,VPWR,li1,109.7100,144.1600,1.799222
FILLER_48_222,VPWR,li1,108.5600,144.1600,1.799222
FILLER_48_213,VPWR,li1,103.7300,144.1600,1.799228
FILLER_48_207,VPWR,li1,102.1200,144.1600,1.799228
FILLER_48_197,VPWR,li1,96.3700,144.1600,1.799238
FILLER_48_188,VPWR,li1,93.8400,144.1600,1.799244
FILLER_48_170,VPWR,li1,83.9500,144.1600,1.799275
FILLER_48_158,VPWR,li1,78.8900,144.1600,1.799297
FILLER_48_146,VPWR,li1,75.4400,144.1600,1.799319
FILLER_48_134,VPWR,li1,67.3900,144.1600,1.799360
FILLER_48_117,VPWR,li1,59.5700,144.1600,1.799423
FILLER_48_109,VPWR,li1,57.5000,144.1600,1.799443
FILLER_48_85,VPWR,li1,46.0000,144.1600,1.799547
FILLER_48_29,VPWR,li1,20.2400,144.1600,1.799824
FILLER_48_27,VPWR,li1,18.1700,144.1600,1.799819
FILLER_48_21,VPWR,li1,16.5600,144.1600,1.799819
FILLER_48_3,VPWR,li1,7.3600,144.1600,1.799808
FILLER_47_577,VPWR,li1,272.3200,138.7200,1.797687
FILLER_47_480,VPWR,li1,227.0100,138.7200,1.798337
FILLER_47_449,VPWR,li1,212.2900,138.7200,1.798659
FILLER_47_447,VPWR,li1,211.3700,138.7200,1.798705
FILLER_47_441,VPWR,li1,209.7600,138.7200,1.798705
FILLER_47_393,VPWR,li1,186.7600,138.7200,1.799284
FILLER_47_391,VPWR,li1,185.6100,138.7200,1.799284
FILLER_47_360,VPWR,li1,172.9600,138.7200,1.799498
FILLER_47_350,VPWR,li1,166.7500,138.7200,1.799436
FILLER_47_344,VPWR,li1,163.9900,138.7200,1.799404
FILLER_47_332,VPWR,li1,159.1600,138.7200,1.799362
FILLER_47_321,VPWR,li1,154.5600,138.7200,1.799321
FILLER_47_309,VPWR,li1,150.4200,138.7200,1.799304
FILLER_47_303,VPWR,li1,145.5900,138.7200,1.799276
FILLER_47_279,VPWR,li1,134.0900,138.7200,1.799222
FILLER_47_271,VPWR,li1,132.0200,138.7200,1.799216
FILLER_47_245,VPWR,li1,118.4500,138.7200,1.799178
FILLER_47_237,VPWR,li1,116.3800,138.7200,1.799170
FILLER_47_225,VPWR,li1,111.7800,138.7200,1.799164
FILLER_47_223,VPWR,li1,108.3300,138.7200,1.799158
FILLER_47_217,VPWR,li1,106.7200,138.7200,1.799152
FILLER_47_205,VPWR,li1,102.5800,138.7200,1.799147
FILLER_47_193,VPWR,li1,97.0600,138.7200,1.799142
FILLER_47_184,VPWR,li1,90.3900,138.7200,1.799150
FILLER_47_169,VPWR,li1,84.6400,138.7200,1.799168
FILLER_47_154,VPWR,li1,77.7400,138.7200,1.799190
FILLER_47_148,VPWR,li1,73.8300,138.7200,1.799205
FILLER_47_142,VPWR,li1,72.2200,138.7200,1.799215
FILLER_47_121,VPWR,li1,61.8700,138.7200,1.799269
FILLER_47_113,VPWR,li1,59.3400,138.7200,1.799288
FILLER_47_111,VPWR,li1,56.8100,138.7200,1.799313
FILLER_47_61,VPWR,li1,33.8100,138.7200,1.799622
FILLER_47_57,VPWR,li1,32.6600,138.7200,1.799622
FILLER_47_54,VPWR,li1,30.8200,138.7200,1.799649
FILLER_47_28,VPWR,li1,18.6300,138.7200,1.799808
FILLER_46_629,VPWR,li1,295.0900,138.7200,1.797613
FILLER_46_585,VPWR,li1,275.3100,138.7200,1.797670
FILLER_46_475,VPWR,li1,224.2500,138.7200,1.798417
FILLER_46_471,VPWR,li1,223.1000,138.7200,1.798417
FILLER_46_438,VPWR,li1,207.2300,138.7200,1.798764
FILLER_46_414,VPWR,li1,197.3400,138.7200,1.798997
FILLER_46_362,VPWR,li1,172.5000,138.7200,1.799498
FILLER_46_350,VPWR,li1,166.9800,138.7200,1.799436
FILLER_46_330,VPWR,li1,158.2400,138.7200,1.799343
FILLER_46_321,VPWR,li1,153.4100,138.7200,1.799321
FILLER_46_309,VPWR,li1,150.4200,138.7200,1.799304
FILLER_46_293,VPWR,li1,140.7600,138.7200,1.799245
FILLER_46_269,VPWR,li1,129.4900,138.7200,1.799205
FILLER_46_265,VPWR,li1,128.3400,138.7200,1.799205
FILLER_46_253,VPWR,li1,124.6600,138.7200,1.799194
FILLER_46_251,VPWR,li1,121.2100,138.7200,1.799183
FILLER_46_245,VPWR,li1,119.6000,138.7200,1.799178
FILLER_46_237,VPWR,li1,114.7700,138.7200,1.799170
FILLER_46_231,VPWR,li1,113.1600,138.7200,1.799164
FILLER_46_219,VPWR,li1,109.0200,138.7200,1.799158
FILLER_46_204,VPWR,li1,100.7400,138.7200,1.799145
FILLER_46_193,VPWR,li1,94.9900,138.7200,1.799144
FILLER_46_167,VPWR,li1,83.0300,138.7200,1.799168
FILLER_46_159,VPWR,li1,78.8900,138.7200,1.799190
FILLER_46_153,VPWR,li1,77.2800,138.7200,1.799190
FILLER_46_141,VPWR,li1,71.7600,138.7200,1.799215
FILLER_46_133,VPWR,li1,66.9300,138.7200,1.799246
FILLER_46_129,VPWR,li1,65.7800,138.7200,1.799246
FILLER_46_69,VPWR,li1,38.6400,138.7200,1.799535
FILLER_46_29,VPWR,li1,19.5500,138.7200,1.799808
FILLER_45_629,VPWR,li1,295.0900,133.2800,1.797944
FILLER_45_606,VPWR,li1,284.7400,133.2800,1.797954
FILLER_45_587,VPWR,li1,276.9200,133.2800,1.797991
FILLER_45_575,VPWR,li1,272.7800,133.2800,1.798024
FILLER_45_565,VPWR,li1,265.6500,133.2800,1.798077
FILLER_45_557,VPWR,li1,262.4300,133.2800,1.798093
FILLER_45_545,VPWR,li1,258.9800,133.2800,1.798121
FILLER_45_540,VPWR,li1,254.3800,133.2800,1.798166
FILLER_45_532,VPWR,li1,252.0800,133.2800,1.798191
FILLER_45_513,VPWR,li1,242.1900,133.2800,1.798267
FILLER_45_503,VPWR,li1,237.1300,133.2800,1.798317
FILLER_45_497,VPWR,li1,235.5200,133.2800,1.798344
FILLER_45_478,VPWR,li1,226.0900,133.2800,1.798488
FILLER_45_453,VPWR,li1,214.1300,133.2800,1.798682
FILLER_45_449,VPWR,li1,212.9800,133.2800,1.798733
FILLER_45_437,VPWR,li1,207.0000,133.2800,1.798828
FILLER_45_423,VPWR,li1,201.4800,133.2800,1.798963
FILLER_45_404,VPWR,li1,192.0500,133.2800,1.799146
FILLER_45_396,VPWR,li1,189.5200,133.2800,1.799212
FILLER_45_389,VPWR,li1,185.1500,133.2800,1.799334
FILLER_45_367,VPWR,li1,174.8000,133.2800,1.799488
FILLER_45_355,VPWR,li1,171.5800,133.2800,1.799443
FILLER_45_337,VPWR,li1,161.9200,133.2800,1.799247
FILLER_45_335,VPWR,li1,159.8500,133.2800,1.799204
FILLER_45_327,VPWR,li1,157.7800,133.2800,1.799161
FILLER_45_316,VPWR,li1,151.1100,133.2800,1.799028
FILLER_45_306,VPWR,li1,147.2000,133.2800,1.798949
FILLER_45_286,VPWR,li1,138.0000,133.2800,1.798822
FILLER_45_278,VPWR,li1,133.8600,133.2800,1.798781
FILLER_45_270,VPWR,li1,131.5600,133.2800,1.798761
FILLER_45_261,VPWR,li1,126.9600,133.2800,1.798728
FILLER_45_254,VPWR,li1,122.5900,133.2800,1.798701
FILLER_45_248,VPWR,li1,120.9800,133.2800,1.798693
FILLER_45_231,VPWR,li1,112.0100,133.2800,1.798686
FILLER_45_225,VPWR,li1,110.4000,133.2800,1.798686
FILLER_45_220,VPWR,li1,107.6400,133.2800,1.798690
FILLER_45_201,VPWR,li1,100.7400,133.2800,1.798708
FILLER_45_177,VPWR,li1,87.4000,133.2800,1.798780
FILLER_45_169,VPWR,li1,85.1000,133.2800,1.798800
FILLER_45_164,VPWR,li1,81.8800,133.2800,1.798828
FILLER_45_152,VPWR,li1,78.2000,133.2800,1.798864
FILLER_45_130,VPWR,li1,66.2400,133.2800,1.799004
FILLER_45_73,VPWR,li1,39.5600,133.2800,1.799443
FILLER_45_39,VPWR,li1,23.6900,133.2800,1.799718
FILLER_45_3,VPWR,li1,8.2800,133.2800,1.799758
FILLER_44_621,VPWR,li1,291.4100,133.2800,1.797945
FILLER_44_611,VPWR,li1,287.0400,133.2800,1.797950
FILLER_44_595,VPWR,li1,279.6800,133.2800,1.797977
FILLER_44_583,VPWR,li1,274.1600,133.2800,1.798006
FILLER_44_557,VPWR,li1,263.5800,133.2800,1.798093
FILLER_44_545,VPWR,li1,258.9800,133.2800,1.798121
FILLER_44_533,VPWR,li1,253.4600,133.2800,1.798166
FILLER_44_524,VPWR,li1,248.4000,133.2800,1.798209
FILLER_44_512,VPWR,li1,243.8000,133.2800,1.798267
FILLER_44_497,VPWR,li1,235.0600,133.2800,1.798344
FILLER_44_485,VPWR,li1,231.3800,133.2800,1.798405
FILLER_44_436,VPWR,li1,207.9200,133.2800,1.798828
FILLER_44_427,VPWR,li1,202.1700,133.2800,1.798963
FILLER_44_421,VPWR,li1,200.5600,133.2800,1.798963
FILLER_44_418,VPWR,li1,198.2600,133.2800,1.799011
FILLER_44_409,VPWR,li1,193.8900,133.2800,1.799106
FILLER_44_405,VPWR,li1,192.7400,133.2800,1.799146
FILLER_44_393,VPWR,li1,189.0600,133.2800,1.799212
FILLER_44_381,VPWR,li1,183.5400,133.2800,1.799334
FILLER_44_365,VPWR,li1,173.6500,133.2800,1.799488
FILLER_44_363,VPWR,li1,172.7300,133.2800,1.799443
FILLER_44_357,VPWR,li1,171.1200,133.2800,1.799443
FILLER_44_353,VPWR,li1,168.1300,133.2800,1.799347
FILLER_44_345,VPWR,li1,166.0600,133.2800,1.799303
FILLER_44_333,VPWR,li1,161.4600,133.2800,1.799204
FILLER_44_321,VPWR,li1,155.9400,133.2800,1.799105
FILLER_44_309,VPWR,li1,150.4200,133.2800,1.798985
FILLER_44_306,VPWR,li1,146.7400,133.2800,1.798949
FILLER_44_298,VPWR,li1,144.4400,133.2800,1.798897
FILLER_44_283,VPWR,li1,136.3900,133.2800,1.798801
FILLER_44_271,VPWR,li1,130.4100,133.2800,1.798742
FILLER_44_259,VPWR,li1,124.8900,133.2800,1.798714
FILLER_44_245,VPWR,li1,118.6800,133.2800,1.798687
FILLER_44_210,VPWR,li1,102.8100,133.2800,1.798700
FILLER_44_192,VPWR,li1,94.0700,133.2800,1.798737
FILLER_44_183,VPWR,li1,89.9300,133.2800,1.798762
FILLER_44_159,VPWR,li1,81.4200,133.2800,1.798828
FILLER_44_137,VPWR,li1,69.2300,133.2800,1.798969
FILLER_44_123,VPWR,li1,62.7900,133.2800,1.799039
FILLER_44_111,VPWR,li1,57.2700,133.2800,1.799120
FILLER_44_85,VPWR,li1,44.8500,133.2800,1.799342
FILLER_44_83,VPWR,li1,43.9300,133.2800,1.799342
FILLER_44_75,VPWR,li1,41.8600,133.2800,1.799376
FILLER_44_63,VPWR,li1,35.4200,133.2800,1.799494
FILLER_44_44,VPWR,li1,25.9900,133.2800,1.799672
FILLER_44_38,VPWR,li1,24.3800,133.2800,1.799718
FILLER_44_27,VPWR,li1,18.1700,133.2800,1.799765
FILLER_44_23,VPWR,li1,17.0200,133.2800,1.799765
FILLER_44_3,VPWR,li1,7.8200,133.2800,1.799758
FILLER_43_629,VPWR,li1,295.0900,127.8400,1.798066
FILLER_43_617,VPWR,li1,289.5700,127.8400,1.798071
FILLER_43_615,VPWR,li1,288.6500,127.8400,1.798075
FILLER_43_610,VPWR,li1,286.5800,127.8400,1.798079
FILLER_43_598,VPWR,li1,281.0600,127.8400,1.798090
FILLER_43_565,VPWR,li1,265.6500,127.8400,1.798173
FILLER_43_561,VPWR,li1,264.5000,127.8400,1.798189
FILLER_43_559,VPWR,li1,262.8900,127.8400,1.798205
FILLER_43_553,VPWR,li1,261.2800,127.8400,1.798205
FILLER_43_533,VPWR,li1,251.3900,127.8400,1.798307
FILLER_43_529,VPWR,li1,249.0900,127.8400,1.798327
FILLER_43_521,VPWR,li1,247.0200,127.8400,1.798352
FILLER_43_503,VPWR,li1,237.1300,127.8400,1.798453
FILLER_43_491,VPWR,li1,232.0700,127.8400,1.798521
FILLER_43_483,VPWR,li1,229.5400,127.8400,1.798554
FILLER_43_439,VPWR,li1,207.6900,127.8400,1.798915
FILLER_43_435,VPWR,li1,206.5400,127.8400,1.798915
FILLER_43_401,VPWR,li1,190.2100,127.8400,1.799218
FILLER_43_393,VPWR,li1,188.1400,127.8400,1.799259
FILLER_43_390,VPWR,li1,185.3800,127.8400,1.799342
FILLER_43_374,VPWR,li1,178.2500,127.8400,1.799468
FILLER_43_369,VPWR,li1,175.4900,127.8400,1.799532
FILLER_43_359,VPWR,li1,171.1200,127.8400,1.799435
FILLER_43_337,VPWR,li1,162.3800,127.8400,1.799249
FILLER_43_335,VPWR,li1,159.8500,127.8400,1.799198
FILLER_43_327,VPWR,li1,157.7800,127.8400,1.799157
FILLER_43_322,VPWR,li1,153.8700,127.8400,1.799069
FILLER_43_314,VPWR,li1,151.8000,127.8400,1.799042
FILLER_43_298,VPWR,li1,143.9800,127.8400,1.798944
FILLER_43_286,VPWR,li1,137.5400,127.8400,1.798853
FILLER_43_279,VPWR,li1,134.0900,127.8400,1.798834
FILLER_43_271,VPWR,li1,132.0200,127.8400,1.798814
FILLER_43_262,VPWR,li1,127.4200,127.8400,1.798773
FILLER_43_245,VPWR,li1,118.9100,127.8400,1.798716
FILLER_43_228,VPWR,li1,110.8600,127.8400,1.798690
FILLER_43_222,VPWR,li1,108.1000,127.8400,1.798681
FILLER_43_214,VPWR,li1,104.4200,127.8400,1.798672
FILLER_43_206,VPWR,li1,102.1200,127.8400,1.798668
FILLER_43_158,VPWR,li1,79.1200,127.8400,1.798773
FILLER_43_133,VPWR,li1,66.9300,127.8400,1.798930
FILLER_43_108,VPWR,li1,56.1200,127.8400,1.799071
FILLER_43_66,VPWR,li1,36.3400,127.8400,1.799407
FILLER_43_57,VPWR,li1,31.9700,127.8400,1.799499
FILLER_43_42,VPWR,li1,26.2200,127.8400,1.799607
FILLER_43_31,VPWR,li1,20.4700,127.8400,1.799735
FILLER_43_3,VPWR,li1,9.6600,127.8400,1.799726
FILLER_42_624,VPWR,li1,293.0200,127.8400,1.798068
FILLER_42_613,VPWR,li1,287.9600,127.8400,1.798075
FILLER_42_586,VPWR,li1,275.5400,127.8400,1.798114
FILLER_42_522,VPWR,li1,245.8700,127.8400,1.798352
FILLER_42_516,VPWR,li1,244.2600,127.8400,1.798379
FILLER_42_477,VPWR,li1,225.8600,127.8400,1.798606
FILLER_42_474,VPWR,li1,224.0200,127.8400,1.798633
FILLER_42_442,VPWR,li1,209.3000,127.8400,1.798867
FILLER_42_394,VPWR,li1,186.9900,127.8400,1.799301
FILLER_42_358,VPWR,li1,171.5800,127.8400,1.799435
FILLER_42_301,VPWR,li1,144.4400,127.8400,1.798944
FILLER_42_282,VPWR,li1,137.0800,127.8400,1.798853
FILLER_42_268,VPWR,li1,130.1800,127.8400,1.798790
FILLER_42_256,VPWR,li1,126.0400,127.8400,1.798747
FILLER_42_251,VPWR,li1,121.2100,127.8400,1.798724
FILLER_42_243,VPWR,li1,117.7600,127.8400,1.798716
FILLER_42_235,VPWR,li1,115.4600,127.8400,1.798707
FILLER_42_214,VPWR,li1,104.1900,127.8400,1.798672
FILLER_42_186,VPWR,li1,91.7700,127.8400,1.798682
FILLER_42_179,VPWR,li1,88.0900,127.8400,1.798710
FILLER_42_175,VPWR,li1,86.9400,127.8400,1.798710
FILLER_42_157,VPWR,li1,78.2000,127.8400,1.798795
FILLER_42_125,VPWR,li1,63.7100,127.8400,1.798956
FILLER_42_119,VPWR,li1,60.9500,127.8400,1.798996
FILLER_42_111,VPWR,li1,58.4200,127.8400,1.799035
FILLER_42_99,VPWR,li1,53.8200,127.8400,1.799107
FILLER_42_85,VPWR,li1,46.0000,127.8400,1.799235
FILLER_42_78,VPWR,li1,42.7800,127.8400,1.799289
FILLER_42_11,VPWR,li1,10.8100,127.8400,1.799726
FILLER_42_3,VPWR,li1,8.7400,127.8400,1.799726
FILLER_41_593,VPWR,li1,278.9900,122.4000,1.798062
FILLER_41_501,VPWR,li1,236.6700,122.4000,1.798416
FILLER_41_480,VPWR,li1,226.5500,122.4000,1.798548
FILLER_41_474,VPWR,li1,224.9400,122.4000,1.798582
FILLER_41_438,VPWR,li1,207.2300,122.4000,1.798871
FILLER_41_402,VPWR,li1,191.3600,122.4000,1.799193
FILLER_41_356,VPWR,li1,169.5100,122.4000,1.799460
FILLER_41_350,VPWR,li1,167.9000,122.4000,1.799460
FILLER_41_340,VPWR,li1,162.1500,122.4000,1.799391
FILLER_41_321,VPWR,li1,155.9400,122.4000,1.799315
FILLER_41_317,VPWR,li1,151.5700,122.4000,1.799279
FILLER_41_301,VPWR,li1,145.3600,122.4000,1.799238
FILLER_41_289,VPWR,li1,141.2200,122.4000,1.799211
FILLER_41_276,VPWR,li1,133.4000,122.4000,1.799177
FILLER_41_263,VPWR,li1,127.4200,122.4000,1.799153
FILLER_41_251,VPWR,li1,123.7400,122.4000,1.799140
FILLER_41_242,VPWR,li1,117.0700,122.4000,1.799116
FILLER_41_231,VPWR,li1,112.2400,122.4000,1.799105
FILLER_41_222,VPWR,li1,108.1000,122.4000,1.799097
FILLER_41_197,VPWR,li1,96.3700,122.4000,1.799093
FILLER_41_180,VPWR,li1,89.0100,122.4000,1.799110
FILLER_41_169,VPWR,li1,83.9500,122.4000,1.799134
FILLER_41_151,VPWR,li1,75.6700,122.4000,1.799185
FILLER_41_111,VPWR,li1,56.8100,122.4000,1.799342
FILLER_41_107,VPWR,li1,55.6600,122.4000,1.799342
FILLER_41_95,VPWR,li1,51.9800,122.4000,1.799380
FILLER_41_77,VPWR,li1,41.1700,122.4000,1.799497
FILLER_41_57,VPWR,li1,31.9700,122.4000,1.799622
FILLER_41_47,VPWR,li1,27.3700,122.4000,1.799682
FILLER_41_25,VPWR,li1,17.4800,122.4000,1.799778
FILLER_41_3,VPWR,li1,8.2800,122.4000,1.799768
FILLER_40_589,VPWR,li1,278.3000,122.4000,1.798062
FILLER_40_587,VPWR,li1,275.7700,122.4000,1.798072
FILLER_40_557,VPWR,li1,262.6600,122.4000,1.798147
FILLER_40_512,VPWR,li1,241.9600,122.4000,1.798339
FILLER_40_481,VPWR,li1,227.0100,122.4000,1.798548
FILLER_40_477,VPWR,li1,225.8600,122.4000,1.798548
FILLER_40_446,VPWR,li1,211.1400,122.4000,1.798827
FILLER_40_419,VPWR,li1,198.4900,122.4000,1.799044
FILLER_40_409,VPWR,li1,193.8900,122.4000,1.799140
FILLER_40_401,VPWR,li1,191.8200,122.4000,1.799193
FILLER_40_365,VPWR,li1,173.8800,122.4000,1.799534
FILLER_40_363,VPWR,li1,172.7300,122.4000,1.799501
FILLER_40_330,VPWR,li1,158.0100,122.4000,1.799347
FILLER_40_318,VPWR,li1,154.5600,122.4000,1.799315
FILLER_40_300,VPWR,li1,145.3600,122.4000,1.799238
FILLER_40_236,VPWR,li1,114.5400,122.4000,1.799111
FILLER_40_224,VPWR,li1,109.2500,122.4000,1.799097
FILLER_40_197,VPWR,li1,96.6000,122.4000,1.799091
FILLER_40_195,VPWR,li1,95.4500,122.4000,1.799093
FILLER_40_152,VPWR,li1,75.9000,122.4000,1.799185
FILLER_40_144,VPWR,li1,73.6000,122.4000,1.799200
FILLER_40_139,VPWR,li1,69.6900,122.4000,1.799227
FILLER_40_133,VPWR,li1,66.9300,122.4000,1.799246
FILLER_40_98,VPWR,li1,53.3600,122.4000,1.799380
FILLER_40_85,VPWR,li1,45.5400,122.4000,1.799447
FILLER_40_50,VPWR,li1,29.4400,122.4000,1.799652
FILLER_39_591,VPWR,li1,278.0700,116.9600,1.798241
FILLER_39_564,VPWR,li1,265.1900,116.9600,1.798300
FILLER_39_558,VPWR,li1,262.6600,116.9600,1.798324
FILLER_39_503,VPWR,li1,237.1300,116.9600,1.798555
FILLER_39_499,VPWR,li1,235.9800,116.9600,1.798555
FILLER_39_484,VPWR,li1,229.5400,116.9600,1.798634
FILLER_39_449,VPWR,li1,212.5200,116.9600,1.798881
FILLER_39_438,VPWR,li1,207.2300,116.9600,1.798960
FILLER_39_425,VPWR,li1,201.9400,116.9600,1.799076
FILLER_39_399,VPWR,li1,189.5200,116.9600,1.799325
FILLER_39_337,VPWR,li1,161.2300,116.9600,1.799420
FILLER_39_330,VPWR,li1,158.7000,116.9600,1.799398
FILLER_39_156,VPWR,li1,77.9700,116.9600,1.799155
FILLER_39_144,VPWR,li1,73.1400,116.9600,1.799181
FILLER_39_111,VPWR,li1,56.8100,116.9600,1.799308
FILLER_39_105,VPWR,li1,55.2000,116.9600,1.799328
FILLER_39_93,VPWR,li1,51.0600,116.9600,1.799386
FILLER_39_67,VPWR,li1,36.5700,116.9600,1.799550
FILLER_39_57,VPWR,li1,31.9700,116.9600,1.799623
FILLER_39_21,VPWR,li1,15.8700,116.9600,1.799789
FILLER_39_3,VPWR,li1,7.3600,116.9600,1.799781
FILLER_38_586,VPWR,li1,275.5400,116.9600,1.798250
FILLER_38_557,VPWR,li1,262.4300,116.9600,1.798324
FILLER_38_548,VPWR,li1,257.8300,116.9600,1.798355
FILLER_38_544,VPWR,li1,256.6800,116.9600,1.798355
FILLER_38_491,VPWR,li1,231.6100,116.9600,1.798608
FILLER_38_485,VPWR,li1,230.0000,116.9600,1.798634
FILLER_38_473,VPWR,li1,223.7900,116.9600,1.798708
FILLER_38_436,VPWR,li1,206.3100,116.9600,1.799009
FILLER_38_430,VPWR,li1,204.7000,116.9600,1.799009
FILLER_38_419,VPWR,li1,198.4900,116.9600,1.799153
FILLER_38_415,VPWR,li1,197.3400,116.9600,1.799153
FILLER_38_398,VPWR,li1,188.8300,116.9600,1.799325
FILLER_38_394,VPWR,li1,187.6800,116.9600,1.799363
FILLER_38_373,VPWR,li1,177.3300,116.9600,1.799572
FILLER_38_365,VPWR,li1,175.2600,116.9600,1.799620
FILLER_38_336,VPWR,li1,160.5400,116.9600,1.799420
FILLER_38_318,VPWR,li1,154.5600,116.9600,1.799351
FILLER_38_306,VPWR,li1,146.7400,116.9600,1.799281
FILLER_38_294,VPWR,li1,143.5200,116.9600,1.799254
FILLER_38_261,VPWR,li1,127.4200,116.9600,1.799151
FILLER_38_251,VPWR,li1,121.2100,116.9600,1.799125
FILLER_38_227,VPWR,li1,110.8600,116.9600,1.799101
FILLER_38_190,VPWR,li1,94.3000,116.9600,1.799104
FILLER_38_137,VPWR,li1,69.2300,116.9600,1.799210
FILLER_38_106,VPWR,li1,54.7400,116.9600,1.799328
FILLER_38_85,VPWR,li1,46.0000,116.9600,1.799448
FILLER_38_75,VPWR,li1,40.2500,116.9600,1.799522
FILLER_38_69,VPWR,li1,38.6400,116.9600,1.799522
FILLER_38_52,VPWR,li1,29.6700,116.9600,1.799654
FILLER_38_38,VPWR,li1,24.3800,116.9600,1.799733
FILLER_38_25,VPWR,li1,17.7100,116.9600,1.799795
FILLER_38_11,VPWR,li1,10.8100,116.9600,1.799781
FILLER_38_3,VPWR,li1,8.7400,116.9600,1.799781
FILLER_37_629,VPWR,li1,295.0900,111.5200,1.796987
FILLER_37_589,VPWR,li1,276.6900,111.5200,1.797040
FILLER_37_571,VPWR,li1,268.6400,111.5200,1.797088
FILLER_37_548,VPWR,li1,258.2900,111.5200,1.797184
FILLER_37_518,VPWR,li1,244.0300,111.5200,1.797395
FILLER_37_514,VPWR,li1,242.8800,111.5200,1.797395
FILLER_37_487,VPWR,li1,229.7700,111.5200,1.797701
FILLER_37_447,VPWR,li1,211.3700,111.5200,1.798134
FILLER_37_443,VPWR,li1,210.2200,111.5200,1.798211
FILLER_37_393,VPWR,li1,186.7600,111.5200,1.799032
FILLER_37_389,VPWR,li1,185.1500,111.5200,1.799032
FILLER_37_380,VPWR,li1,181.0100,111.5200,1.799191
FILLER_37_371,VPWR,li1,176.8700,111.5200,1.799422
FILLER_37_337,VPWR,li1,160.7700,111.5200,1.799229
FILLER_37_301,VPWR,li1,144.6700,111.5200,1.799067
FILLER_37_281,VPWR,li1,135.2400,111.5200,1.799011
FILLER_37_277,VPWR,li1,133.6300,111.5200,1.799011
FILLER_37_258,VPWR,li1,124.8900,111.5200,1.798987
FILLER_37_250,VPWR,li1,122.3600,111.5200,1.798981
FILLER_37_239,VPWR,li1,115.9200,111.5200,1.798972
FILLER_37_220,VPWR,li1,107.6400,111.5200,1.798976
FILLER_37_185,VPWR,li1,91.3100,111.5200,1.799028
FILLER_37_175,VPWR,li1,86.2500,111.5200,1.799053
FILLER_37_169,VPWR,li1,84.6400,111.5200,1.799071
FILLER_37_117,VPWR,li1,59.5700,111.5200,1.799280
FILLER_37_113,VPWR,li1,58.4200,111.5200,1.799280
FILLER_37_109,VPWR,li1,56.3500,111.5200,1.799303
FILLER_37_72,VPWR,li1,39.5600,111.5200,1.799518
FILLER_37_63,VPWR,li1,34.7300,111.5200,1.799616
FILLER_37_57,VPWR,li1,33.1200,111.5200,1.799616
FILLER_37_54,VPWR,li1,30.8200,111.5200,1.799651
FILLER_37_37,VPWR,li1,22.7700,111.5200,1.799800
FILLER_37_3,VPWR,li1,7.3600,111.5200,1.799781
FILLER_36_629,VPWR,li1,295.0900,111.5200,1.796987
FILLER_36_586,VPWR,li1,275.5400,111.5200,1.797040
FILLER_36_543,VPWR,li1,256.6800,111.5200,1.797213
FILLER_36_531,VPWR,li1,250.0100,111.5200,1.797276
FILLER_36_521,VPWR,li1,245.4100,111.5200,1.797347
FILLER_36_477,VPWR,li1,225.6300,111.5200,1.797763
FILLER_36_441,VPWR,li1,208.6100,111.5200,1.798211
FILLER_36_382,VPWR,li1,181.4700,111.5200,1.799191
FILLER_36_315,VPWR,li1,150.6500,111.5200,1.799130
FILLER_36_309,VPWR,li1,149.0400,111.5200,1.799102
FILLER_36_299,VPWR,li1,143.2900,111.5200,1.799067
FILLER_36_278,VPWR,li1,134.3200,111.5200,1.799011
FILLER_36_269,VPWR,li1,129.4900,111.5200,1.798994
FILLER_36_265,VPWR,li1,128.3400,111.5200,1.798994
FILLER_36_253,VPWR,li1,122.5900,111.5200,1.798981
FILLER_36_250,VPWR,li1,120.9800,111.5200,1.798981
FILLER_36_242,VPWR,li1,118.6800,111.5200,1.798976
FILLER_36_229,VPWR,li1,111.0900,111.5200,1.798972
FILLER_36_225,VPWR,li1,109.9400,111.5200,1.798972
FILLER_36_197,VPWR,li1,97.0600,111.5200,1.799004
FILLER_36_195,VPWR,li1,95.4500,111.5200,1.799014
FILLER_36_191,VPWR,li1,94.3000,111.5200,1.799014
FILLER_36_181,VPWR,li1,89.2400,111.5200,1.799041
FILLER_36_67,VPWR,li1,36.5700,111.5200,1.799587
FILLER_36_61,VPWR,li1,34.9600,111.5200,1.799587
FILLER_36_29,VPWR,li1,19.3200,111.5200,1.799791
FILLER_36_18,VPWR,li1,14.0300,111.5200,1.799785
FILLER_36_6,VPWR,li1,8.9700,111.5200,1.799781
FILLER_35_621,VPWR,li1,291.4100,106.0800,1.797917
FILLER_35_609,VPWR,li1,285.8900,106.0800,1.797926
FILLER_35_559,VPWR,li1,262.8900,106.0800,1.798036
FILLER_35_555,VPWR,li1,261.7400,106.0800,1.798036
FILLER_35_470,VPWR,li1,223.1000,106.0800,1.798490
FILLER_35_453,VPWR,li1,214.1300,106.0800,1.798676
FILLER_35_449,VPWR,li1,212.9800,106.0800,1.798676
FILLER_35_409,VPWR,li1,194.1200,106.0800,1.799070
FILLER_35_391,VPWR,li1,185.6100,106.0800,1.799266
FILLER_35_356,VPWR,li1,169.7400,106.0800,1.799446
FILLER_35_309,VPWR,li1,148.1200,106.0800,1.799218
FILLER_35_285,VPWR,li1,136.8500,106.0800,1.799145
FILLER_35_281,VPWR,li1,135.7000,106.0800,1.799131
FILLER_35_244,VPWR,li1,118.4500,106.0800,1.799054
FILLER_35_233,VPWR,li1,113.3900,106.0800,1.799044
FILLER_35_221,VPWR,li1,107.8700,106.0800,1.799040
FILLER_35_202,VPWR,li1,99.1300,106.0800,1.799041
FILLER_35_167,VPWR,li1,82.5700,106.0800,1.799095
FILLER_35_131,VPWR,li1,66.7000,106.0800,1.799228
FILLER_35_122,VPWR,li1,61.8700,106.0800,1.799271
FILLER_35_111,VPWR,li1,56.8100,106.0800,1.799322
FILLER_35_103,VPWR,li1,54.7400,106.0800,1.799349
FILLER_35_70,VPWR,li1,37.9500,106.0800,1.799561
FILLER_35_66,VPWR,li1,36.8000,106.0800,1.799561
FILLER_35_21,VPWR,li1,15.8700,106.0800,1.799801
FILLER_35_3,VPWR,li1,7.3600,106.0800,1.799794
FILLER_34_628,VPWR,li1,294.8600,106.0800,1.797915
FILLER_34_607,VPWR,li1,284.9700,106.0800,1.797926
FILLER_34_549,VPWR,li1,258.5200,106.0800,1.798061
FILLER_34_510,VPWR,li1,241.5000,106.0800,1.798228
FILLER_34_477,VPWR,li1,225.1700,106.0800,1.798453
FILLER_34_475,VPWR,li1,224.2500,106.0800,1.798490
FILLER_34_471,VPWR,li1,223.1000,106.0800,1.798490
FILLER_34_419,VPWR,li1,198.4900,106.0800,1.798998
FILLER_34_415,VPWR,li1,197.3400,106.0800,1.798998
FILLER_34_345,VPWR,li1,164.9100,106.0800,1.799388
FILLER_34_312,VPWR,li1,149.7300,106.0800,1.799241
FILLER_34_287,VPWR,li1,137.7700,106.0800,1.799145
FILLER_34_281,VPWR,li1,136.1600,106.0800,1.799131
FILLER_34_256,VPWR,li1,124.2000,106.0800,1.799077
FILLER_34_226,VPWR,li1,109.7100,106.0800,1.799041
FILLER_34_155,VPWR,li1,77.5100,106.0800,1.799133
FILLER_34_145,VPWR,li1,72.4500,106.0800,1.799177
FILLER_34_141,VPWR,li1,71.3000,106.0800,1.799201
FILLER_34_139,VPWR,li1,69.6900,106.0800,1.799201
FILLER_34_131,VPWR,li1,67.6200,106.0800,1.799228
FILLER_34_104,VPWR,li1,54.2800,106.0800,1.799349
FILLER_34_85,VPWR,li1,45.5400,106.0800,1.799462
FILLER_34_73,VPWR,li1,39.5600,106.0800,1.799524
FILLER_34_62,VPWR,li1,34.7300,106.0800,1.799602
FILLER_34_29,VPWR,li1,20.7000,106.0800,1.799809
FILLER_34_26,VPWR,li1,17.9400,106.0800,1.799805
FILLER_34_6,VPWR,li1,8.9700,106.0800,1.799794
FILLER_33_621,VPWR,li1,291.4100,100.6400,1.797804
FILLER_33_561,VPWR,li1,263.8100,100.6400,1.797963
FILLER_33_559,VPWR,li1,262.8900,100.6400,1.797963
FILLER_33_521,VPWR,li1,245.6400,100.6400,1.798195
FILLER_33_513,VPWR,li1,243.3400,100.6400,1.798253
FILLER_33_480,VPWR,li1,226.5500,100.6400,1.798504
FILLER_33_476,VPWR,li1,225.4000,100.6400,1.798536
FILLER_33_465,VPWR,li1,220.1100,100.6400,1.798627
FILLER_33_457,VPWR,li1,217.5800,100.6400,1.798677
FILLER_33_442,VPWR,li1,210.2200,100.6400,1.798836
FILLER_33_432,VPWR,li1,204.4700,100.6400,1.798945
FILLER_33_422,VPWR,li1,199.8700,100.6400,1.799072
FILLER_33_418,VPWR,li1,198.7200,100.6400,1.799072
FILLER_33_408,VPWR,li1,193.6600,100.6400,1.799176
FILLER_33_399,VPWR,li1,189.2900,100.6400,1.799308
FILLER_33_393,VPWR,li1,187.6800,100.6400,1.799308
FILLER_33_384,VPWR,li1,182.6200,100.6400,1.799422
FILLER_33_335,VPWR,li1,159.8500,100.6400,1.799346
FILLER_33_331,VPWR,li1,158.7000,100.6400,1.799346
FILLER_33_314,VPWR,li1,150.1900,100.6400,1.799253
FILLER_33_296,VPWR,li1,141.9100,100.6400,1.799165
FILLER_33_279,VPWR,li1,134.0900,100.6400,1.799115
FILLER_33_223,VPWR,li1,108.3300,100.6400,1.799034
FILLER_33_219,VPWR,li1,107.1800,100.6400,1.799034
FILLER_33_193,VPWR,li1,94.5300,100.6400,1.799035
FILLER_33_189,VPWR,li1,93.3800,100.6400,1.799038
FILLER_33_165,VPWR,li1,82.1100,100.6400,1.799069
FILLER_33_109,VPWR,li1,56.3500,100.6400,1.799254
FILLER_33_73,VPWR,li1,39.3300,100.6400,1.799477
FILLER_33_42,VPWR,li1,26.2200,100.6400,1.799701
FILLER_33_11,VPWR,li1,11.0400,100.6400,1.799772
FILLER_33_3,VPWR,li1,8.7400,100.6400,1.799772
FILLER_32_628,VPWR,li1,294.8600,100.6400,1.797803
FILLER_32_607,VPWR,li1,284.9700,100.6400,1.797820
FILLER_32_592,VPWR,li1,279.2200,100.6400,1.797838
FILLER_32_575,VPWR,li1,270.4800,100.6400,1.797890
FILLER_32_533,VPWR,li1,252.5400,100.6400,1.798095
FILLER_32_529,VPWR,li1,249.5500,100.6400,1.798136
FILLER_32_517,VPWR,li1,246.1000,100.6400,1.798195
FILLER_32_513,VPWR,li1,241.7300,100.6400,1.798253
FILLER_32_507,VPWR,li1,240.1200,100.6400,1.798284
FILLER_32_500,VPWR,li1,236.4400,100.6400,1.798352
FILLER_32_488,VPWR,li1,232.7600,100.6400,1.798417
FILLER_32_483,VPWR,li1,228.1600,100.6400,1.798504
FILLER_32_474,VPWR,li1,224.0200,100.6400,1.798577
FILLER_32_466,VPWR,li1,221.7200,100.6400,1.798627
FILLER_32_448,VPWR,li1,212.0600,100.6400,1.798793
FILLER_32_440,VPWR,li1,209.7600,100.6400,1.798836
FILLER_32_421,VPWR,li1,199.8700,100.6400,1.799072
FILLER_32_419,VPWR,li1,198.4900,100.6400,1.799072
FILLER_32_413,VPWR,li1,196.8800,100.6400,1.799127
FILLER_32_395,VPWR,li1,187.6800,100.6400,1.799308
FILLER_32_362,VPWR,li1,172.5000,100.6400,1.799543
FILLER_32_352,VPWR,li1,167.6700,100.6400,1.799467
FILLER_32_337,VPWR,li1,161.0000,100.6400,1.799373
FILLER_32_321,VPWR,li1,153.6400,100.6400,1.799288
FILLER_32_309,VPWR,li1,150.4200,100.6400,1.799253
FILLER_32_306,VPWR,li1,146.7400,100.6400,1.799218
FILLER_32_298,VPWR,li1,144.4400,100.6400,1.799193
FILLER_32_280,VPWR,li1,135.7000,100.6400,1.799115
FILLER_32_250,VPWR,li1,120.9800,100.6400,1.799060
FILLER_32_197,VPWR,li1,96.8300,100.6400,1.799032
FILLER_32_176,VPWR,li1,87.4000,100.6400,1.799049
FILLER_32_141,VPWR,li1,70.8400,100.6400,1.799128
FILLER_32_136,VPWR,li1,69.0000,100.6400,1.799143
FILLER_32_123,VPWR,li1,63.0200,100.6400,1.799196
FILLER_32_102,VPWR,li1,52.6700,100.6400,1.799273
FILLER_32_83,VPWR,li1,43.9300,100.6400,1.799408
FILLER_32_79,VPWR,li1,42.7800,100.6400,1.799408
FILLER_32_38,VPWR,li1,23.2300,100.6400,1.799741
FILLER_32_27,VPWR,li1,18.1700,100.6400,1.799778
FILLER_32_21,VPWR,li1,16.5600,100.6400,1.799778
FILLER_32_3,VPWR,li1,7.3600,100.6400,1.799772
FILLER_31_629,VPWR,li1,295.0900,95.2000,1.797512
FILLER_31_593,VPWR,li1,280.1400,95.2000,1.797550
FILLER_31_572,VPWR,li1,269.1000,95.2000,1.797643
FILLER_31_559,VPWR,li1,262.8900,95.2000,1.797727
FILLER_31_545,VPWR,li1,256.6800,95.2000,1.797812
FILLER_31_540,VPWR,li1,254.1500,95.2000,1.797853
FILLER_31_531,VPWR,li1,250.4700,95.2000,1.797885
FILLER_31_522,VPWR,li1,245.8700,95.2000,1.797959
FILLER_31_503,VPWR,li1,237.1300,95.2000,1.798131
FILLER_31_499,VPWR,li1,235.9800,95.2000,1.798131
FILLER_31_484,VPWR,li1,228.8500,95.2000,1.798269
FILLER_31_447,VPWR,li1,211.3700,95.2000,1.798646
FILLER_31_436,VPWR,li1,206.7700,95.2000,1.798751
FILLER_31_428,VPWR,li1,204.2400,95.2000,1.798843
FILLER_31_383,VPWR,li1,181.9300,95.2000,1.799414
FILLER_31_349,VPWR,li1,167.9000,95.2000,1.799400
FILLER_31_337,VPWR,li1,163.3000,95.2000,1.799344
FILLER_31_302,VPWR,li1,144.6700,95.2000,1.799070
FILLER_31_298,VPWR,li1,143.5200,95.2000,1.799039
FILLER_31_279,VPWR,li1,134.0900,95.2000,1.798937
FILLER_31_265,VPWR,li1,128.1100,95.2000,1.798891
FILLER_31_225,VPWR,li1,109.4800,95.2000,1.798797
FILLER_31_207,VPWR,li1,102.1200,95.2000,1.798788
FILLER_31_177,VPWR,li1,88.3200,95.2000,1.798812
FILLER_31_164,VPWR,li1,81.8800,95.2000,1.798828
FILLER_31_129,VPWR,li1,65.5500,95.2000,1.798921
FILLER_31_101,VPWR,li1,52.4400,95.2000,1.799097
FILLER_31_70,VPWR,li1,38.1800,95.2000,1.799359
FILLER_31_57,VPWR,li1,32.6600,95.2000,1.799476
FILLER_31_52,VPWR,li1,30.3600,95.2000,1.799518
FILLER_31_3,VPWR,li1,7.1300,95.2000,1.799692
FILLER_30_598,VPWR,li1,281.2900,95.2000,1.797550
FILLER_30_494,VPWR,li1,232.9900,95.2000,1.798187
FILLER_30_475,VPWR,li1,224.2500,95.2000,1.798365
FILLER_30_469,VPWR,li1,222.6400,95.2000,1.798404
FILLER_30_419,VPWR,li1,198.4900,95.2000,1.798949
FILLER_30_377,VPWR,li1,179.1700,95.2000,1.799469
FILLER_30_345,VPWR,li1,164.4500,95.2000,1.799344
FILLER_30_341,VPWR,li1,163.3000,95.2000,1.799344
FILLER_30_309,VPWR,li1,147.8900,95.2000,1.799105
FILLER_30_299,VPWR,li1,143.2900,95.2000,1.799039
FILLER_30_295,VPWR,li1,142.1400,95.2000,1.799039
FILLER_30_224,VPWR,li1,109.4800,95.2000,1.798797
FILLER_30_174,VPWR,li1,86.9400,95.2000,1.798812
FILLER_30_91,VPWR,li1,47.6100,95.2000,1.799211
FILLER_30_85,VPWR,li1,46.0000,95.2000,1.799211
FILLER_30_11,VPWR,li1,10.8100,95.2000,1.799692
FILLER_30_3,VPWR,li1,8.7400,95.2000,1.799692
FILLER_29_617,VPWR,li1,289.5700,89.7600,1.797668
FILLER_29_570,VPWR,li1,267.9500,89.7600,1.797773
FILLER_29_556,VPWR,li1,261.5100,89.7600,1.797840
FILLER_29_486,VPWR,li1,229.5400,89.7600,1.798289
FILLER_29_445,VPWR,li1,210.9100,89.7600,1.798695
FILLER_29_393,VPWR,li1,186.5300,89.7600,1.799307
FILLER_29_375,VPWR,li1,178.2500,89.7600,1.799487
FILLER_29_335,VPWR,li1,159.8500,89.7600,1.799331
FILLER_29_302,VPWR,li1,145.1300,89.7600,1.799153
FILLER_29_253,VPWR,li1,122.5900,89.7600,1.798972
FILLER_29_225,VPWR,li1,110.4000,89.7600,1.798907
FILLER_29_178,VPWR,li1,87.6300,89.7600,1.798997
FILLER_29_137,VPWR,li1,68.7700,89.7600,1.799156
FILLER_29_113,VPWR,li1,58.1900,89.7600,1.799279
FILLER_29_94,VPWR,li1,49.2200,89.7600,1.799378
FILLER_29_81,VPWR,li1,43.7000,89.7600,1.799471
FILLER_29_57,VPWR,li1,32.6600,89.7600,1.799627
FILLER_29_47,VPWR,li1,27.3700,89.7600,1.799692
FILLER_29_38,VPWR,li1,23.2300,89.7600,1.799760
FILLER_29_34,VPWR,li1,22.0800,89.7600,1.799800
FILLER_29_24,VPWR,li1,16.7900,89.7600,1.799790
FILLER_29_14,VPWR,li1,12.1900,89.7600,1.799782
FILLER_29_6,VPWR,li1,10.1200,89.7600,1.799780
FILLER_28_628,VPWR,li1,294.8600,89.7600,1.797666
FILLER_28_601,VPWR,li1,282.2100,89.7600,1.797693
FILLER_28_589,VPWR,li1,279.2200,89.7600,1.797706
FILLER_28_533,VPWR,li1,251.1600,89.7600,1.797942
FILLER_28_531,VPWR,li1,250.0100,89.7600,1.797966
FILLER_28_475,VPWR,li1,224.2500,89.7600,1.798428
FILLER_28_469,VPWR,li1,222.6400,89.7600,1.798428
FILLER_28_414,VPWR,li1,197.3400,89.7600,1.798996
FILLER_28_381,VPWR,li1,181.0100,89.7600,1.799411
FILLER_28_338,VPWR,li1,161.4600,89.7600,1.799366
FILLER_28_298,VPWR,li1,143.9800,89.7600,1.799153
FILLER_28_257,VPWR,li1,123.9700,89.7600,1.798972
FILLER_28_253,VPWR,li1,122.8200,89.7600,1.798972
FILLER_28_249,VPWR,li1,120.7500,89.7600,1.798960
FILLER_28_218,VPWR,li1,106.2600,89.7600,1.798899
FILLER_28_168,VPWR,li1,83.7200,89.7600,1.799029
FILLER_28_141,VPWR,li1,71.7600,89.7600,1.799134
FILLER_28_136,VPWR,li1,69.0000,89.7600,1.799156
FILLER_28_94,VPWR,li1,49.2200,89.7600,1.799378
FILLER_28_82,VPWR,li1,43.7000,89.7600,1.799471
FILLER_28_65,VPWR,li1,35.6500,89.7600,1.799588
FILLER_28_59,VPWR,li1,34.0400,89.7600,1.799588
FILLER_28_33,VPWR,li1,20.9300,89.7600,1.799800
FILLER_28_29,VPWR,li1,19.7800,89.7600,1.799794
FILLER_28_25,VPWR,li1,17.7100,89.7600,1.799790
FILLER_28_3,VPWR,li1,7.3600,89.7600,1.799780
FILLER_27_617,VPWR,li1,289.5700,84.3200,1.798509
FILLER_27_605,VPWR,li1,284.5100,84.3200,1.798524
FILLER_27_597,VPWR,li1,281.9800,84.3200,1.798530
FILLER_27_585,VPWR,li1,277.3800,84.3200,1.798543
FILLER_27_554,VPWR,li1,261.7400,84.3200,1.798610
FILLER_27_535,VPWR,li1,252.3100,84.3200,1.798654
FILLER_27_458,VPWR,li1,216.8900,84.3200,1.798975
FILLER_27_447,VPWR,li1,211.3700,84.3200,1.799066
FILLER_27_437,VPWR,li1,206.7700,84.3200,1.799121
FILLER_27_418,VPWR,li1,198.2600,84.3200,1.799252
FILLER_27_384,VPWR,li1,184.0000,84.3200,1.799501
FILLER_27_343,VPWR,li1,163.5300,84.3200,1.799571
FILLER_27_337,VPWR,li1,161.9200,84.3200,1.799541
FILLER_27_326,VPWR,li1,155.9400,84.3200,1.799502
FILLER_27_304,VPWR,li1,145.8200,84.3200,1.799420
FILLER_27_296,VPWR,li1,143.5200,84.3200,1.799397
FILLER_27_279,VPWR,li1,134.0900,84.3200,1.799358
FILLER_27_267,VPWR,li1,129.0300,84.3200,1.799340
FILLER_27_255,VPWR,li1,125.5800,84.3200,1.799324
FILLER_27_225,VPWR,li1,109.9400,84.3200,1.799302
FILLER_27_223,VPWR,li1,108.3300,84.3200,1.799303
FILLER_27_217,VPWR,li1,106.7200,84.3200,1.799303
FILLER_27_169,VPWR,li1,85.1000,84.3200,1.799344
FILLER_27_162,VPWR,li1,81.4200,84.3200,1.799358
FILLER_27_152,VPWR,li1,75.6700,84.3200,1.799389
FILLER_27_146,VPWR,li1,74.0600,84.3200,1.799389
FILLER_27_134,VPWR,li1,69.9200,84.3200,1.799414
FILLER_27_113,VPWR,li1,58.4200,84.3200,1.799480
FILLER_27_57,VPWR,li1,31.9700,84.3200,1.799709
FILLER_27_18,VPWR,li1,14.0300,84.3200,1.799827
FILLER_27_3,VPWR,li1,8.2800,84.3200,1.799826
FILLER_26_629,VPWR,li1,295.0900,84.3200,1.798507
FILLER_26_601,VPWR,li1,283.8200,84.3200,1.798524
FILLER_26_589,VPWR,li1,279.2200,84.3200,1.798538
FILLER_26_586,VPWR,li1,275.5400,84.3200,1.798549
FILLER_26_574,VPWR,li1,272.3200,84.3200,1.798558
FILLER_26_562,VPWR,li1,264.7300,84.3200,1.798588
FILLER_26_553,VPWR,li1,260.1300,84.3200,1.798610
FILLER_26_545,VPWR,li1,258.0600,84.3200,1.798628
FILLER_26_533,VPWR,li1,253.4600,84.3200,1.798654
FILLER_26_530,VPWR,li1,249.7800,84.3200,1.798670
FILLER_26_522,VPWR,li1,247.4800,84.3200,1.798685
FILLER_26_510,VPWR,li1,242.8800,84.3200,1.798730
FILLER_26_498,VPWR,li1,237.3600,84.3200,1.798771
FILLER_26_486,VPWR,li1,231.8400,84.3200,1.798815
FILLER_26_473,VPWR,li1,223.7900,84.3200,1.798895
FILLER_26_456,VPWR,li1,215.5100,84.3200,1.799010
FILLER_26_439,VPWR,li1,207.6900,84.3200,1.799093
FILLER_26_430,VPWR,li1,203.5500,84.3200,1.799149
FILLER_26_414,VPWR,li1,197.3400,84.3200,1.799252
FILLER_26_394,VPWR,li1,187.4500,84.3200,1.799461
FILLER_26_382,VPWR,li1,184.0000,84.3200,1.799501
FILLER_26_350,VPWR,li1,167.9000,84.3200,1.799606
FILLER_26_338,VPWR,li1,163.7600,84.3200,1.799571
FILLER_26_326,VPWR,li1,158.2400,84.3200,1.799522
FILLER_26_317,VPWR,li1,152.0300,84.3200,1.799470
FILLER_26_309,VPWR,li1,149.5000,84.3200,1.799449
FILLER_26_307,VPWR,li1,146.9700,84.3200,1.799420
FILLER_26_301,VPWR,li1,145.3600,84.3200,1.799420
FILLER_26_276,VPWR,li1,132.7100,84.3200,1.799349
FILLER_26_266,VPWR,li1,128.1100,84.3200,1.799334
FILLER_26_262,VPWR,li1,126.9600,84.3200,1.799334
FILLER_26_250,VPWR,li1,120.9800,84.3200,1.799314
FILLER_26_210,VPWR,li1,102.3500,84.3200,1.799305
FILLER_26_206,VPWR,li1,101.2000,84.3200,1.799305
FILLER_26_184,VPWR,li1,91.0800,84.3200,1.799325
FILLER_26_172,VPWR,li1,87.4000,84.3200,1.799336
FILLER_26_141,VPWR,li1,71.7600,84.3200,1.799401
FILLER_26_136,VPWR,li1,69.0000,84.3200,1.799414
FILLER_26_117,VPWR,li1,59.8000,84.3200,1.799465
FILLER_26_109,VPWR,li1,57.5000,84.3200,1.799480
FILLER_26_67,VPWR,li1,36.5700,84.3200,1.799664
FILLER_26_63,VPWR,li1,35.4200,84.3200,1.799664
FILLER_26_29,VPWR,li1,19.0900,84.3200,1.799833
FILLER_26_11,VPWR,li1,10.8100,84.3200,1.799826
FILLER_26_3,VPWR,li1,8.7400,84.3200,1.799826
FILLER_25_629,VPWR,li1,295.0900,78.8800,1.798851
FILLER_25_621,VPWR,li1,293.0200,78.8800,1.798851
FILLER_25_617,VPWR,li1,289.5700,78.8800,1.798851
FILLER_25_615,VPWR,li1,288.6500,78.8800,1.798851
FILLER_25_603,VPWR,li1,285.6600,78.8800,1.798851
FILLER_25_591,VPWR,li1,280.1400,78.8800,1.798851
FILLER_25_579,VPWR,li1,274.6200,78.8800,1.798851
FILLER_25_570,VPWR,li1,267.9500,78.8800,1.798854
FILLER_25_558,VPWR,li1,262.6600,78.8800,1.798873
FILLER_25_549,VPWR,li1,258.2900,78.8800,1.798896
FILLER_25_537,VPWR,li1,255.3000,78.8800,1.798906
FILLER_25_525,VPWR,li1,249.7800,78.8800,1.798935
FILLER_25_513,VPWR,li1,244.2600,78.8800,1.798962
FILLER_25_501,VPWR,li1,236.6700,78.8800,1.799008
FILLER_25_491,VPWR,li1,231.6100,78.8800,1.799043
FILLER_25_487,VPWR,li1,230.4600,78.8800,1.799064
FILLER_25_461,VPWR,li1,217.8100,78.8800,1.799162
FILLER_25_449,VPWR,li1,212.9800,78.8800,1.799209
FILLER_25_446,VPWR,li1,211.1400,78.8800,1.799226
FILLER_25_430,VPWR,li1,205.1600,78.8800,1.799287
FILLER_25_412,VPWR,li1,195.5000,78.8800,1.799397
FILLER_25_401,VPWR,li1,190.6700,78.8800,1.799458
FILLER_25_393,VPWR,li1,188.1400,78.8800,1.799490
FILLER_25_391,VPWR,li1,185.6100,78.8800,1.799538
FILLER_25_387,VPWR,li1,184.4600,78.8800,1.799538
FILLER_25_375,VPWR,li1,179.4000,78.8800,1.799610
FILLER_25_365,VPWR,li1,173.6500,78.8800,1.799636
FILLER_25_353,VPWR,li1,170.6600,78.8800,1.799595
FILLER_25_335,VPWR,li1,159.8500,78.8800,1.799429
FILLER_25_277,VPWR,li1,133.6300,78.8800,1.799160
FILLER_25_252,VPWR,li1,121.6700,78.8800,1.799104
FILLER_25_231,VPWR,li1,112.0100,78.8800,1.799088
FILLER_25_225,VPWR,li1,110.4000,78.8800,1.799088
FILLER_25_199,VPWR,li1,97.2900,78.8800,1.799108
FILLER_25_173,VPWR,li1,85.3300,78.8800,1.799151
FILLER_25_169,VPWR,li1,84.1800,78.8800,1.799151
FILLER_25_165,VPWR,li1,82.1100,78.8800,1.799160
FILLER_25_138,VPWR,li1,69.4600,78.8800,1.799233
FILLER_25_106,VPWR,li1,55.6600,78.8800,1.799342
FILLER_25_89,VPWR,li1,47.1500,78.8800,1.799443
FILLER_25_69,VPWR,li1,37.9500,78.8800,1.799569
FILLER_25_57,VPWR,li1,34.5000,78.8800,1.799617
FILLER_25_50,VPWR,li1,29.9000,78.8800,1.799683
FILLER_25_35,VPWR,li1,23.0000,78.8800,1.799805
FILLER_25_18,VPWR,li1,14.0300,78.8800,1.799788
FILLER_25_3,VPWR,li1,8.2800,78.8800,1.799784
FILLER_24_629,VPWR,li1,295.0900,78.8800,1.798851
FILLER_24_625,VPWR,li1,293.9400,78.8800,1.798851
FILLER_24_613,VPWR,li1,290.2600,78.8800,1.798851
FILLER_24_601,VPWR,li1,284.7400,78.8800,1.798851
FILLER_24_589,VPWR,li1,279.2200,78.8800,1.798851
FILLER_24_587,VPWR,li1,275.7700,78.8800,1.798851
FILLER_24_566,VPWR,li1,266.1100,78.8800,1.798866
FILLER_24_560,VPWR,li1,264.5000,78.8800,1.798866
FILLER_24_542,VPWR,li1,255.0700,78.8800,1.798906
FILLER_24_528,VPWR,li1,249.3200,78.8800,1.798935
FILLER_24_519,VPWR,li1,244.4900,78.8800,1.798962
FILLER_24_485,VPWR,li1,228.8500,78.8800,1.799064
FILLER_24_475,VPWR,li1,224.2500,78.8800,1.799113
FILLER_24_471,VPWR,li1,223.1000,78.8800,1.799113
FILLER_24_461,VPWR,li1,217.8100,78.8800,1.799162
FILLER_24_455,VPWR,li1,216.2000,78.8800,1.799182
FILLER_24_418,VPWR,li1,198.2600,78.8800,1.799369
FILLER_24_397,VPWR,li1,190.9000,78.8800,1.799458
FILLER_24_353,VPWR,li1,168.3600,78.8800,1.799559
FILLER_24_309,VPWR,li1,148.5800,78.8800,1.799284
FILLER_24_306,VPWR,li1,146.7400,78.8800,1.799265
FILLER_24_294,VPWR,li1,141.4500,78.8800,1.799202
FILLER_24_242,VPWR,li1,117.3000,78.8800,1.799090
FILLER_24_186,VPWR,li1,91.3100,78.8800,1.799128
FILLER_24_180,VPWR,li1,89.7000,78.8800,1.799128
FILLER_24_139,VPWR,li1,69.6900,78.8800,1.799233
FILLER_24_81,VPWR,li1,43.4700,78.8800,1.799483
FILLER_24_56,VPWR,li1,31.7400,78.8800,1.799650
FILLER_24_48,VPWR,li1,29.4400,78.8800,1.799683
FILLER_24_29,VPWR,li1,19.5500,78.8800,1.799797
FILLER_24_27,VPWR,li1,18.1700,78.8800,1.799792
FILLER_24_21,VPWR,li1,16.5600,78.8800,1.799792
FILLER_24_3,VPWR,li1,7.3600,78.8800,1.799784
FILLER_23_629,VPWR,li1,295.0900,73.4400,1.798322
FILLER_23_617,VPWR,li1,292.1000,73.4400,1.798322
FILLER_23_614,VPWR,li1,288.4200,73.4400,1.798322
FILLER_23_602,VPWR,li1,285.2000,73.4400,1.798322
FILLER_23_590,VPWR,li1,279.6800,73.4400,1.798322
FILLER_23_556,VPWR,li1,262.2000,73.4400,1.798346
FILLER_23_523,VPWR,li1,246.7900,73.4400,1.798420
FILLER_23_502,VPWR,li1,236.9000,73.4400,1.798491
FILLER_23_453,VPWR,li1,214.1300,73.4400,1.798786
FILLER_23_449,VPWR,li1,212.9800,73.4400,1.798826
FILLER_23_447,VPWR,li1,211.3700,73.4400,1.798857
FILLER_23_443,VPWR,li1,210.2200,73.4400,1.798857
FILLER_23_401,VPWR,li1,190.6700,73.4400,1.799225
FILLER_23_388,VPWR,li1,184.9200,73.4400,1.799348
FILLER_23_310,VPWR,li1,148.3500,73.4400,1.799114
FILLER_23_243,VPWR,li1,117.5300,73.4400,1.798813
FILLER_23_237,VPWR,li1,115.9200,73.4400,1.798813
FILLER_23_225,VPWR,li1,109.7100,73.4400,1.798778
FILLER_23_177,VPWR,li1,87.8600,73.4400,1.798839
FILLER_23_102,VPWR,li1,52.6700,73.4400,1.799160
FILLER_23_98,VPWR,li1,51.5200,73.4400,1.799160
FILLER_23_77,VPWR,li1,41.1700,73.4400,1.799343
FILLER_23_57,VPWR,li1,32.6600,73.4400,1.799505
FILLER_23_53,VPWR,li1,30.5900,73.4400,1.799550
FILLER_23_45,VPWR,li1,28.0600,73.4400,1.799605
FILLER_23_9,VPWR,li1,10.1200,73.4400,1.799726
FILLER_22_629,VPWR,li1,295.0900,73.4400,1.798322
FILLER_22_625,VPWR,li1,293.9400,73.4400,1.798322
FILLER_22_613,VPWR,li1,290.2600,73.4400,1.798322
FILLER_22_601,VPWR,li1,284.7400,73.4400,1.798322
FILLER_22_589,VPWR,li1,279.2200,73.4400,1.798322
FILLER_22_530,VPWR,li1,249.7800,73.4400,1.798402
FILLER_22_475,VPWR,li1,224.2500,73.4400,1.798643
FILLER_22_430,VPWR,li1,204.2400,73.4400,1.798962
FILLER_22_365,VPWR,li1,173.8800,73.4400,1.799526
FILLER_22_361,VPWR,li1,172.2700,73.4400,1.799526
FILLER_22_347,VPWR,li1,165.3700,73.4400,1.799379
FILLER_22_341,VPWR,li1,163.7600,73.4400,1.799379
FILLER_22_330,VPWR,li1,157.7800,73.4400,1.799254
FILLER_22_286,VPWR,li1,138.4600,73.4400,1.798984
FILLER_22_250,VPWR,li1,120.9800,73.4400,1.798833
FILLER_22_238,VPWR,li1,117.7600,73.4400,1.798822
FILLER_22_213,VPWR,li1,103.7300,73.4400,1.798780
FILLER_22_177,VPWR,li1,87.6300,73.4400,1.798839
FILLER_22_169,VPWR,li1,85.1000,73.4400,1.798853
FILLER_22_141,VPWR,li1,71.3000,73.4400,1.798955
FILLER_22_57,VPWR,li1,31.9700,73.4400,1.799550
FILLER_22_53,VPWR,li1,30.8200,73.4400,1.799550
FILLER_22_29,VPWR,li1,19.5500,73.4400,1.799734
FILLER_21_625,VPWR,li1,293.4800,68.0000,1.798707
FILLER_21_617,VPWR,li1,291.1800,68.0000,1.798707
FILLER_21_615,VPWR,li1,288.6500,68.0000,1.798707
FILLER_21_609,VPWR,li1,287.0400,68.0000,1.798707
FILLER_21_597,VPWR,li1,282.9000,68.0000,1.798707
FILLER_21_585,VPWR,li1,277.3800,68.0000,1.798707
FILLER_21_559,VPWR,li1,262.8900,68.0000,1.798713
FILLER_21_553,VPWR,li1,261.2800,68.0000,1.798713
FILLER_21_449,VPWR,li1,212.5200,68.0000,1.799006
FILLER_21_447,VPWR,li1,211.3700,68.0000,1.799034
FILLER_21_393,VPWR,li1,187.6800,68.0000,1.799411
FILLER_21_389,VPWR,li1,185.1500,68.0000,1.799444
FILLER_21_363,VPWR,li1,172.7300,68.0000,1.799599
FILLER_21_359,VPWR,li1,171.5800,68.0000,1.799599
FILLER_21_337,VPWR,li1,161.0000,68.0000,1.799460
FILLER_21_316,VPWR,li1,151.8000,68.0000,1.799374
FILLER_21_281,VPWR,li1,135.4700,68.0000,1.799248
FILLER_21_276,VPWR,li1,133.4000,68.0000,1.799236
FILLER_21_264,VPWR,li1,129.7200,68.0000,1.799216
FILLER_21_250,VPWR,li1,121.9000,68.0000,1.799177
FILLER_21_233,VPWR,li1,112.9300,68.0000,1.799148
FILLER_21_222,VPWR,li1,108.1000,68.0000,1.799138
FILLER_21_183,VPWR,li1,90.6200,68.0000,1.799130
FILLER_21_147,VPWR,li1,74.0600,68.0000,1.799204
FILLER_21_135,VPWR,li1,70.3800,68.0000,1.799233
FILLER_21_123,VPWR,li1,64.8600,68.0000,1.799277
FILLER_21_113,VPWR,li1,57.9600,68.0000,1.799346
FILLER_21_111,VPWR,li1,56.8100,68.0000,1.799346
FILLER_21_103,VPWR,li1,54.7400,68.0000,1.799376
FILLER_21_55,VPWR,li1,31.0500,68.0000,1.799642
FILLER_21_51,VPWR,li1,29.9000,68.0000,1.799674
FILLER_21_32,VPWR,li1,20.9300,68.0000,1.799790
FILLER_21_3,VPWR,li1,7.3600,68.0000,1.799765
FILLER_20_629,VPWR,li1,295.0900,68.0000,1.798707
FILLER_20_625,VPWR,li1,293.9400,68.0000,1.798707
FILLER_20_613,VPWR,li1,290.2600,68.0000,1.798707
FILLER_20_601,VPWR,li1,284.7400,68.0000,1.798707
FILLER_20_589,VPWR,li1,279.2200,68.0000,1.798707
FILLER_20_585,VPWR,li1,275.3100,68.0000,1.798707
FILLER_20_577,VPWR,li1,272.7800,68.0000,1.798707
FILLER_20_533,VPWR,li1,251.6200,68.0000,1.798732
FILLER_20_529,VPWR,li1,249.5500,68.0000,1.798739
FILLER_20_521,VPWR,li1,247.0200,68.0000,1.798745
FILLER_20_509,VPWR,li1,242.4200,68.0000,1.798765
FILLER_20_492,VPWR,li1,232.0700,68.0000,1.798821
FILLER_20_488,VPWR,li1,230.9200,68.0000,1.798821
FILLER_20_475,VPWR,li1,224.2500,68.0000,1.798893
FILLER_20_469,VPWR,li1,222.6400,68.0000,1.798893
FILLER_20_459,VPWR,li1,216.8900,68.0000,1.798973
FILLER_20_453,VPWR,li1,215.2800,68.0000,1.798973
FILLER_20_409,VPWR,li1,194.3500,68.0000,1.799268
FILLER_20_401,VPWR,li1,191.8200,68.0000,1.799310
FILLER_20_365,VPWR,li1,174.1100,68.0000,1.799638
FILLER_20_346,VPWR,li1,165.1400,68.0000,1.799512
FILLER_20_338,VPWR,li1,162.8400,68.0000,1.799487
FILLER_20_326,VPWR,li1,158.2400,68.0000,1.799438
FILLER_20_270,VPWR,li1,131.1000,68.0000,1.799216
FILLER_20_235,VPWR,li1,113.8500,68.0000,1.799148
FILLER_20_229,VPWR,li1,112.2400,68.0000,1.799143
FILLER_20_203,VPWR,li1,99.1300,68.0000,1.799128
FILLER_20_197,VPWR,li1,97.5200,68.0000,1.799127
FILLER_20_185,VPWR,li1,91.3100,68.0000,1.799130
FILLER_20_141,VPWR,li1,70.8400,68.0000,1.799233
FILLER_20_137,VPWR,li1,69.2300,68.0000,1.799233
FILLER_20_126,VPWR,li1,64.1700,68.0000,1.799277
FILLER_20_108,VPWR,li1,55.4300,68.0000,1.799376
FILLER_20_102,VPWR,li1,53.8200,68.0000,1.799376
FILLER_20_55,VPWR,li1,31.5100,68.0000,1.799642
FILLER_20_29,VPWR,li1,19.0900,68.0000,1.799774
FILLER_20_26,VPWR,li1,17.9400,68.0000,1.799774
FILLER_20_3,VPWR,li1,8.2800,68.0000,1.799765
FILLER_19_629,VPWR,li1,295.0900,62.5600,1.799535
FILLER_19_617,VPWR,li1,292.1000,62.5600,1.799535
FILLER_19_613,VPWR,li1,288.1900,62.5600,1.799535
FILLER_19_605,VPWR,li1,285.6600,62.5600,1.799535
FILLER_19_593,VPWR,li1,281.0600,62.5600,1.799535
FILLER_19_581,VPWR,li1,275.5400,62.5600,1.799535
FILLER_19_569,VPWR,li1,270.0200,62.5600,1.799535
FILLER_19_559,VPWR,li1,262.8900,62.5600,1.799537
FILLER_19_555,VPWR,li1,261.7400,62.5600,1.799537
FILLER_19_542,VPWR,li1,255.7600,62.5600,1.799540
FILLER_19_529,VPWR,li1,249.7800,62.5600,1.799548
FILLER_19_517,VPWR,li1,246.1000,62.5600,1.799552
FILLER_19_505,VPWR,li1,240.5800,62.5600,1.799559
FILLER_19_502,VPWR,li1,236.9000,62.5600,1.799564
FILLER_19_494,VPWR,li1,234.6000,62.5600,1.799567
FILLER_19_476,VPWR,li1,224.7100,62.5600,1.799585
FILLER_19_461,VPWR,li1,218.9600,62.5600,1.799602
FILLER_19_449,VPWR,li1,214.8200,62.5600,1.799616
FILLER_19_445,VPWR,li1,210.9100,62.5600,1.799630
FILLER_19_425,VPWR,li1,201.4800,62.5600,1.799664
FILLER_19_413,VPWR,li1,198.2600,62.5600,1.799674
FILLER_19_401,VPWR,li1,192.7400,62.5600,1.799704
FILLER_19_345,VPWR,li1,164.6800,62.5600,1.799631
FILLER_19_337,VPWR,li1,162.3800,62.5600,1.799600
FILLER_19_334,VPWR,li1,159.6200,62.5600,1.799566
FILLER_19_326,VPWR,li1,157.3200,62.5600,1.799537
FILLER_19_314,VPWR,li1,152.7200,62.5600,1.799460
FILLER_19_305,VPWR,li1,146.0500,62.5600,1.799400
FILLER_19_279,VPWR,li1,134.0900,62.5600,1.799280
FILLER_19_273,VPWR,li1,132.4800,62.5600,1.799280
FILLER_19_225,VPWR,li1,109.4800,62.5600,1.799193
FILLER_19_190,VPWR,li1,93.3800,62.5600,1.799194
FILLER_19_150,VPWR,li1,74.9800,62.5600,1.799261
FILLER_19_142,VPWR,li1,72.6800,62.5600,1.799281
FILLER_19_113,VPWR,li1,58.4200,62.5600,1.799385
FILLER_19_94,VPWR,li1,48.9900,62.5600,1.799461
FILLER_19_90,VPWR,li1,47.8400,62.5600,1.799484
FILLER_19_55,VPWR,li1,31.0500,62.5600,1.799684
FILLER_19_51,VPWR,li1,29.9000,62.5600,1.799684
FILLER_19_23,VPWR,li1,16.7900,62.5600,1.799803
FILLER_19_3,VPWR,li1,7.5900,62.5600,1.799793
FILLER_18_629,VPWR,li1,295.0900,62.5600,1.799535
FILLER_18_625,VPWR,li1,293.9400,62.5600,1.799535
FILLER_18_613,VPWR,li1,290.2600,62.5600,1.799535
FILLER_18_601,VPWR,li1,284.7400,62.5600,1.799535
FILLER_18_589,VPWR,li1,279.2200,62.5600,1.799535
FILLER_18_586,VPWR,li1,275.5400,62.5600,1.799535
FILLER_18_574,VPWR,li1,272.3200,62.5600,1.799535
FILLER_18_562,VPWR,li1,266.8000,62.5600,1.799535
FILLER_18_550,VPWR,li1,261.2800,62.5600,1.799537
FILLER_18_529,VPWR,li1,249.5500,62.5600,1.799548
FILLER_18_521,VPWR,li1,247.0200,62.5600,1.799552
FILLER_18_509,VPWR,li1,242.4200,62.5600,1.799557
FILLER_18_497,VPWR,li1,236.9000,62.5600,1.799564
FILLER_18_485,VPWR,li1,231.3800,62.5600,1.799572
FILLER_18_475,VPWR,li1,224.2500,62.5600,1.799585
FILLER_18_459,VPWR,li1,218.5000,62.5600,1.799602
FILLER_18_447,VPWR,li1,213.9000,62.5600,1.799616
FILLER_18_435,VPWR,li1,206.5400,62.5600,1.799640
FILLER_18_421,VPWR,li1,200.5600,62.5600,1.799664
FILLER_18_418,VPWR,li1,198.2600,62.5600,1.799674
FILLER_18_410,VPWR,li1,195.9600,62.5600,1.799684
FILLER_18_398,VPWR,li1,191.3600,62.5600,1.799704
FILLER_18_386,VPWR,li1,185.8400,62.5600,1.799729
FILLER_18_374,VPWR,li1,180.3200,62.5600,1.799756
FILLER_18_362,VPWR,li1,172.5000,62.5600,1.799723
FILLER_18_322,VPWR,li1,154.5600,62.5600,1.799503
FILLER_18_309,VPWR,li1,148.5800,62.5600,1.799424
FILLER_18_307,VPWR,li1,146.9700,62.5600,1.799400
FILLER_18_301,VPWR,li1,145.3600,62.5600,1.799375
FILLER_18_287,VPWR,li1,138.2300,62.5600,1.799308
FILLER_18_269,VPWR,li1,129.7200,62.5600,1.799260
FILLER_18_233,VPWR,li1,112.9300,62.5600,1.799197
FILLER_18_227,VPWR,li1,111.3200,62.5600,1.799197
FILLER_18_147,VPWR,li1,73.3700,62.5600,1.799281
FILLER_18_141,VPWR,li1,71.7600,62.5600,1.799281
FILLER_18_137,VPWR,li1,69.2300,62.5600,1.799300
FILLER_18_94,VPWR,li1,50.1400,62.5600,1.799461
FILLER_18_46,VPWR,li1,26.9100,62.5600,1.799726
FILLER_18_26,VPWR,li1,17.9400,62.5600,1.799803
FILLER_18_21,VPWR,li1,15.4100,62.5600,1.799799
FILLER_18_3,VPWR,li1,7.3600,62.5600,1.799793
FILLER_17_629,VPWR,li1,295.0900,57.1200,1.799858
FILLER_17_617,VPWR,li1,292.1000,57.1200,1.799858
FILLER_17_615,VPWR,li1,288.6500,57.1200,1.799858
FILLER_17_609,VPWR,li1,287.0400,57.1200,1.799858
FILLER_17_597,VPWR,li1,282.9000,57.1200,1.799858
FILLER_17_585,VPWR,li1,277.3800,57.1200,1.799858
FILLER_17_573,VPWR,li1,271.8600,57.1200,1.799858
FILLER_17_561,VPWR,li1,266.3400,57.1200,1.799858
FILLER_17_559,VPWR,li1,262.8900,57.1200,1.799858
FILLER_17_553,VPWR,li1,261.2800,57.1200,1.799858
FILLER_17_541,VPWR,li1,257.1400,57.1200,1.799858
FILLER_17_529,VPWR,li1,251.6200,57.1200,1.799858
FILLER_17_517,VPWR,li1,246.1000,57.1200,1.799858
FILLER_17_505,VPWR,li1,240.5800,57.1200,1.799858
FILLER_17_503,VPWR,li1,237.1300,57.1200,1.799858
FILLER_17_497,VPWR,li1,235.5200,57.1200,1.799858
FILLER_17_485,VPWR,li1,231.3800,57.1200,1.799858
FILLER_17_473,VPWR,li1,225.8600,57.1200,1.799858
FILLER_17_461,VPWR,li1,220.3400,57.1200,1.799858
FILLER_17_449,VPWR,li1,214.8200,57.1200,1.799858
FILLER_17_447,VPWR,li1,211.3700,57.1200,1.799858
FILLER_17_441,VPWR,li1,209.7600,57.1200,1.799858
FILLER_17_429,VPWR,li1,205.6200,57.1200,1.799858
FILLER_17_417,VPWR,li1,200.1000,57.1200,1.799858
FILLER_17_405,VPWR,li1,194.5800,57.1200,1.799858
FILLER_17_393,VPWR,li1,189.0600,57.1200,1.799858
FILLER_17_391,VPWR,li1,185.6100,57.1200,1.799858
FILLER_17_383,VPWR,li1,183.5400,57.1200,1.799858
FILLER_17_371,VPWR,li1,178.9400,57.1200,1.799858
FILLER_17_337,VPWR,li1,160.7700,57.1200,1.799678
FILLER_17_333,VPWR,li1,159.3900,57.1200,1.799678
FILLER_17_297,VPWR,li1,142.6000,57.1200,1.799519
FILLER_17_265,VPWR,li1,128.8000,57.1200,1.799424
FILLER_17_250,VPWR,li1,121.9000,57.1200,1.799386
FILLER_17_233,VPWR,li1,114.5400,57.1200,1.799362
FILLER_17_222,VPWR,li1,108.1000,57.1200,1.799338
FILLER_17_196,VPWR,li1,96.1400,57.1200,1.799315
FILLER_17_184,VPWR,li1,92.9200,57.1200,1.799315
FILLER_17_178,VPWR,li1,87.8600,57.1200,1.799316
FILLER_17_150,VPWR,li1,74.7500,57.1200,1.799347
FILLER_17_144,VPWR,li1,73.1400,57.1200,1.799356
FILLER_17_119,VPWR,li1,60.4900,57.1200,1.799437
FILLER_17_113,VPWR,li1,58.8800,57.1200,1.799437
FILLER_17_92,VPWR,li1,48.7600,57.1200,1.799522
FILLER_17_73,VPWR,li1,39.7900,57.1200,1.799627
FILLER_17_55,VPWR,li1,31.0500,57.1200,1.799709
FILLER_17_49,VPWR,li1,29.4400,57.1200,1.799739
FILLER_16_629,VPWR,li1,295.0900,57.1200,1.799858
FILLER_16_625,VPWR,li1,293.9400,57.1200,1.799858
FILLER_16_613,VPWR,li1,290.2600,57.1200,1.799858
FILLER_16_601,VPWR,li1,284.7400,57.1200,1.799858
FILLER_16_589,VPWR,li1,279.2200,57.1200,1.799858
FILLER_16_587,VPWR,li1,275.7700,57.1200,1.799858
FILLER_16_581,VPWR,li1,274.1600,57.1200,1.799858
FILLER_16_569,VPWR,li1,270.0200,57.1200,1.799858
FILLER_16_557,VPWR,li1,264.5000,57.1200,1.799858
FILLER_16_545,VPWR,li1,258.9800,57.1200,1.799858
FILLER_16_533,VPWR,li1,253.4600,57.1200,1.799858
FILLER_16_531,VPWR,li1,250.0100,57.1200,1.799858
FILLER_16_525,VPWR,li1,248.4000,57.1200,1.799858
FILLER_16_513,VPWR,li1,244.2600,57.1200,1.799858
FILLER_16_501,VPWR,li1,238.7400,57.1200,1.799858
FILLER_16_489,VPWR,li1,233.2200,57.1200,1.799858
FILLER_16_477,VPWR,li1,227.7000,57.1200,1.799858
FILLER_16_475,VPWR,li1,224.2500,57.1200,1.799858
FILLER_16_469,VPWR,li1,222.6400,57.1200,1.799858
FILLER_16_457,VPWR,li1,218.5000,57.1200,1.799858
FILLER_16_445,VPWR,li1,212.9800,57.1200,1.799858
FILLER_16_433,VPWR,li1,207.4600,57.1200,1.799858
FILLER_16_421,VPWR,li1,201.9400,57.1200,1.799858
FILLER_16_419,VPWR,li1,198.4900,57.1200,1.799858
FILLER_16_407,VPWR,li1,195.5000,57.1200,1.799858
FILLER_16_395,VPWR,li1,189.9800,57.1200,1.799858
FILLER_16_383,VPWR,li1,184.4600,57.1200,1.799858
FILLER_16_365,VPWR,li1,173.6500,57.1200,1.799830
FILLER_16_360,VPWR,li1,172.0400,57.1200,1.799830
FILLER_16_351,VPWR,li1,167.2100,57.1200,1.799754
FILLER_16_347,VPWR,li1,166.0600,57.1200,1.799754
FILLER_16_300,VPWR,li1,145.3600,57.1200,1.799539
FILLER_16_253,VPWR,li1,122.3600,57.1200,1.799386
FILLER_16_249,VPWR,li1,120.7500,57.1200,1.799386
FILLER_16_232,VPWR,li1,112.4700,57.1200,1.799348
FILLER_16_226,VPWR,li1,110.8600,57.1200,1.799348
FILLER_16_187,VPWR,li1,91.7700,57.1200,1.799315
FILLER_16_183,VPWR,li1,90.6200,57.1200,1.799315
FILLER_16_165,VPWR,li1,81.6500,57.1200,1.799327
FILLER_16_153,VPWR,li1,76.5900,57.1200,1.799341
FILLER_16_105,VPWR,li1,55.6600,57.1200,1.799462
FILLER_16_93,VPWR,li1,51.0600,57.1200,1.799501
FILLER_16_81,VPWR,li1,43.4700,57.1200,1.799571
FILLER_16_70,VPWR,li1,38.1800,57.1200,1.799627
FILLER_16_60,VPWR,li1,33.3500,57.1200,1.799681
FILLER_16_54,VPWR,li1,31.7400,57.1200,1.799709
FILLER_16_22,VPWR,li1,17.0200,57.1200,1.799826
FILLER_16_3,VPWR,li1,7.5900,57.1200,1.799813
FILLER_15_629,VPWR,li1,295.0900,51.6800,1.799812
FILLER_15_617,VPWR,li1,292.1000,51.6800,1.799812
FILLER_15_615,VPWR,li1,288.6500,51.6800,1.799812
FILLER_15_609,VPWR,li1,287.0400,51.6800,1.799812
FILLER_15_597,VPWR,li1,282.9000,51.6800,1.799812
FILLER_15_585,VPWR,li1,277.3800,51.6800,1.799812
FILLER_15_573,VPWR,li1,271.8600,51.6800,1.799812
FILLER_15_561,VPWR,li1,266.3400,51.6800,1.799812
FILLER_15_559,VPWR,li1,262.8900,51.6800,1.799812
FILLER_15_553,VPWR,li1,261.2800,51.6800,1.799812
FILLER_15_541,VPWR,li1,257.1400,51.6800,1.799812
FILLER_15_529,VPWR,li1,251.6200,51.6800,1.799812
FILLER_15_517,VPWR,li1,246.1000,51.6800,1.799812
FILLER_15_505,VPWR,li1,240.5800,51.6800,1.799812
FILLER_15_503,VPWR,li1,237.1300,51.6800,1.799812
FILLER_15_497,VPWR,li1,235.5200,51.6800,1.799812
FILLER_15_485,VPWR,li1,231.3800,51.6800,1.799812
FILLER_15_473,VPWR,li1,225.8600,51.6800,1.799812
FILLER_15_461,VPWR,li1,220.3400,51.6800,1.799812
FILLER_15_449,VPWR,li1,214.8200,51.6800,1.799812
FILLER_15_445,VPWR,li1,210.9100,51.6800,1.799812
FILLER_15_437,VPWR,li1,208.3800,51.6800,1.799812
FILLER_15_425,VPWR,li1,203.7800,51.6800,1.799812
FILLER_15_413,VPWR,li1,198.2600,51.6800,1.799812
FILLER_15_401,VPWR,li1,192.7400,51.6800,1.799812
FILLER_15_388,VPWR,li1,184.9200,51.6800,1.799814
FILLER_15_345,VPWR,li1,164.4500,51.6800,1.799655
FILLER_15_337,VPWR,li1,162.3800,51.6800,1.799629
FILLER_15_335,VPWR,li1,159.8500,51.6800,1.799594
FILLER_15_326,VPWR,li1,155.7100,51.6800,1.799539
FILLER_15_290,VPWR,li1,139.8400,51.6800,1.799362
FILLER_15_261,VPWR,li1,125.8100,51.6800,1.799254
FILLER_15_249,VPWR,li1,120.7500,51.6800,1.799228
FILLER_15_225,VPWR,li1,110.8600,51.6800,1.799186
FILLER_15_214,VPWR,li1,104.1900,51.6800,1.799172
FILLER_15_210,VPWR,li1,103.0400,51.6800,1.799172
FILLER_15_189,VPWR,li1,92.6900,51.6800,1.799188
FILLER_15_169,VPWR,li1,83.9500,51.6800,1.799229
FILLER_15_141,VPWR,li1,70.6100,51.6800,1.799304
FILLER_15_113,VPWR,li1,58.1900,51.6800,1.799408
FILLER_15_99,VPWR,li1,51.9800,51.6800,1.799463
FILLER_15_87,VPWR,li1,46.4600,51.6800,1.799519
FILLER_15_78,VPWR,li1,41.6300,51.6800,1.799591
FILLER_15_72,VPWR,li1,40.0200,51.6800,1.799591
FILLER_15_63,VPWR,li1,34.7300,51.6800,1.799673
FILLER_15_57,VPWR,li1,33.1200,51.6800,1.799697
FILLER_15_55,VPWR,li1,31.0500,51.6800,1.799723
FILLER_15_49,VPWR,li1,29.4400,51.6800,1.799723
FILLER_15_39,VPWR,li1,23.6900,51.6800,1.799800
FILLER_15_35,VPWR,li1,22.5400,51.6800,1.799840
FILLER_15_3,VPWR,li1,8.7400,51.6800,1.799830
FILLER_14_629,VPWR,li1,295.0900,51.6800,1.799812
FILLER_14_625,VPWR,li1,293.9400,51.6800,1.799812
FILLER_14_613,VPWR,li1,290.2600,51.6800,1.799812
FILLER_14_601,VPWR,li1,284.7400,51.6800,1.799812
FILLER_14_589,VPWR,li1,279.2200,51.6800,1.799812
FILLER_14_587,VPWR,li1,275.7700,51.6800,1.799812
FILLER_14_581,VPWR,li1,274.1600,51.6800,1.799812
FILLER_14_569,VPWR,li1,270.0200,51.6800,1.799812
FILLER_14_557,VPWR,li1,264.5000,51.6800,1.799812
FILLER_14_545,VPWR,li1,258.9800,51.6800,1.799812
FILLER_14_533,VPWR,li1,253.4600,51.6800,1.799812
FILLER_14_531,VPWR,li1,250.0100,51.6800,1.799812
FILLER_14_525,VPWR,li1,248.4000,51.6800,1.799812
FILLER_14_513,VPWR,li1,244.2600,51.6800,1.799812
FILLER_14_501,VPWR,li1,238.7400,51.6800,1.799812
FILLER_14_489,VPWR,li1,233.2200,51.6800,1.799812
FILLER_14_477,VPWR,li1,227.7000,51.6800,1.799812
FILLER_14_475,VPWR,li1,224.2500,51.6800,1.799812
FILLER_14_469,VPWR,li1,222.6400,51.6800,1.799812
FILLER_14_457,VPWR,li1,218.5000,51.6800,1.799812
FILLER_14_445,VPWR,li1,212.9800,51.6800,1.799812
FILLER_14_433,VPWR,li1,207.4600,51.6800,1.799812
FILLER_14_421,VPWR,li1,201.9400,51.6800,1.799812
FILLER_14_418,VPWR,li1,198.2600,51.6800,1.799812
FILLER_14_410,VPWR,li1,195.9600,51.6800,1.799812
FILLER_14_398,VPWR,li1,191.3600,51.6800,1.799812
FILLER_14_386,VPWR,li1,185.8400,51.6800,1.799814
FILLER_14_347,VPWR,li1,165.3700,51.6800,1.799655
FILLER_14_343,VPWR,li1,164.2200,51.6800,1.799655
FILLER_14_333,VPWR,li1,158.9300,51.6800,1.799566
FILLER_14_325,VPWR,li1,156.8600,51.6800,1.799539
FILLER_14_272,VPWR,li1,131.3300,51.6800,1.799282
FILLER_14_226,VPWR,li1,109.7100,51.6800,1.799186
FILLER_14_215,VPWR,li1,104.8800,51.6800,1.799175
FILLER_14_197,VPWR,li1,96.6000,51.6800,1.799181
FILLER_14_141,VPWR,li1,71.0700,51.6800,1.799304
FILLER_14_138,VPWR,li1,69.4600,51.6800,1.799317
FILLER_14_100,VPWR,li1,51.7500,51.6800,1.799463
FILLER_14_94,VPWR,li1,50.1400,51.6800,1.799489
FILLER_14_83,VPWR,li1,43.9300,51.6800,1.799565
FILLER_14_77,VPWR,li1,42.3200,51.6800,1.799565
FILLER_14_60,VPWR,li1,33.3500,51.6800,1.799673
FILLER_14_54,VPWR,li1,31.7400,51.6800,1.799697
FILLER_14_3,VPWR,li1,8.7400,51.6800,1.799830
FILLER_13_629,VPWR,li1,295.0900,46.2400,1.799873
FILLER_13_617,VPWR,li1,292.1000,46.2400,1.799873
FILLER_13_615,VPWR,li1,288.6500,46.2400,1.799873
FILLER_13_609,VPWR,li1,287.0400,46.2400,1.799873
FILLER_13_597,VPWR,li1,282.9000,46.2400,1.799873
FILLER_13_585,VPWR,li1,277.3800,46.2400,1.799873
FILLER_13_573,VPWR,li1,271.8600,46.2400,1.799873
FILLER_13_561,VPWR,li1,266.3400,46.2400,1.799873
FILLER_13_559,VPWR,li1,262.8900,46.2400,1.799873
FILLER_13_553,VPWR,li1,261.2800,46.2400,1.799873
FILLER_13_541,VPWR,li1,257.1400,46.2400,1.799873
FILLER_13_529,VPWR,li1,251.6200,46.2400,1.799873
FILLER_13_517,VPWR,li1,246.1000,46.2400,1.799873
FILLER_13_505,VPWR,li1,240.5800,46.2400,1.799873
FILLER_13_503,VPWR,li1,237.1300,46.2400,1.799873
FILLER_13_497,VPWR,li1,235.5200,46.2400,1.799873
FILLER_13_485,VPWR,li1,231.3800,46.2400,1.799873
FILLER_13_473,VPWR,li1,225.8600,46.2400,1.799873
FILLER_13_461,VPWR,li1,220.3400,46.2400,1.799873
FILLER_13_449,VPWR,li1,214.8200,46.2400,1.799873
FILLER_13_447,VPWR,li1,211.3700,46.2400,1.799873
FILLER_13_441,VPWR,li1,209.7600,46.2400,1.799873
FILLER_13_429,VPWR,li1,205.6200,46.2400,1.799873
FILLER_13_417,VPWR,li1,200.1000,46.2400,1.799873
FILLER_13_405,VPWR,li1,194.5800,46.2400,1.799873
FILLER_13_393,VPWR,li1,189.0600,46.2400,1.799873
FILLER_13_386,VPWR,li1,184.4600,46.2400,1.799873
FILLER_13_322,VPWR,li1,155.0200,46.2400,1.799666
FILLER_13_293,VPWR,li1,141.2200,46.2400,1.799552
FILLER_13_281,VPWR,li1,137.5400,46.2400,1.799526
FILLER_13_272,VPWR,li1,132.4800,46.2400,1.799493
FILLER_13_225,VPWR,li1,109.4800,46.2400,1.799380
FILLER_13_223,VPWR,li1,108.3300,46.2400,1.799380
FILLER_13_185,VPWR,li1,90.8500,46.2400,1.799366
FILLER_13_166,VPWR,li1,82.3400,46.2400,1.799380
FILLER_13_146,VPWR,li1,73.6000,46.2400,1.799412
FILLER_13_102,VPWR,li1,52.6700,46.2400,1.799533
FILLER_13_57,VPWR,li1,33.1200,46.2400,1.799736
FILLER_13_15,VPWR,li1,13.3400,46.2400,1.799837
FILLER_13_3,VPWR,li1,9.6600,46.2400,1.799837
FILLER_12_629,VPWR,li1,295.0900,46.2400,1.799873
FILLER_12_625,VPWR,li1,293.9400,46.2400,1.799873
FILLER_12_613,VPWR,li1,290.2600,46.2400,1.799873
FILLER_12_601,VPWR,li1,284.7400,46.2400,1.799873
FILLER_12_589,VPWR,li1,279.2200,46.2400,1.799873
FILLER_12_587,VPWR,li1,275.7700,46.2400,1.799873
FILLER_12_581,VPWR,li1,274.1600,46.2400,1.799873
FILLER_12_569,VPWR,li1,270.0200,46.2400,1.799873
FILLER_12_557,VPWR,li1,264.5000,46.2400,1.799873
FILLER_12_545,VPWR,li1,258.9800,46.2400,1.799873
FILLER_12_533,VPWR,li1,253.4600,46.2400,1.799873
FILLER_12_531,VPWR,li1,250.0100,46.2400,1.799873
FILLER_12_525,VPWR,li1,248.4000,46.2400,1.799873
FILLER_12_513,VPWR,li1,244.2600,46.2400,1.799873
FILLER_12_501,VPWR,li1,238.7400,46.2400,1.799873
FILLER_12_489,VPWR,li1,233.2200,46.2400,1.799873
FILLER_12_477,VPWR,li1,227.7000,46.2400,1.799873
FILLER_12_475,VPWR,li1,224.2500,46.2400,1.799873
FILLER_12_469,VPWR,li1,222.6400,46.2400,1.799873
FILLER_12_457,VPWR,li1,218.5000,46.2400,1.799873
FILLER_12_445,VPWR,li1,212.9800,46.2400,1.799873
FILLER_12_433,VPWR,li1,207.4600,46.2400,1.799873
FILLER_12_421,VPWR,li1,201.9400,46.2400,1.799873
FILLER_12_418,VPWR,li1,198.2600,46.2400,1.799873
FILLER_12_406,VPWR,li1,195.0400,46.2400,1.799873
FILLER_12_394,VPWR,li1,189.5200,46.2400,1.799873
FILLER_12_382,VPWR,li1,184.0000,46.2400,1.799873
FILLER_12_363,VPWR,li1,172.7300,46.2400,1.799842
FILLER_12_305,VPWR,li1,146.5100,46.2400,1.799595
FILLER_12_296,VPWR,li1,141.9100,46.2400,1.799552
FILLER_12_292,VPWR,li1,140.7600,46.2400,1.799552
FILLER_12_280,VPWR,li1,137.0800,46.2400,1.799526
FILLER_12_253,VPWR,li1,122.3600,46.2400,1.799424
FILLER_12_249,VPWR,li1,120.7500,46.2400,1.799424
FILLER_12_228,VPWR,li1,111.3200,46.2400,1.799388
FILLER_12_203,VPWR,li1,99.1300,46.2400,1.799366
FILLER_12_197,VPWR,li1,97.5200,46.2400,1.799364
FILLER_12_178,VPWR,li1,87.6300,46.2400,1.799370
FILLER_12_174,VPWR,li1,86.4800,46.2400,1.799370
FILLER_12_157,VPWR,li1,77.9700,46.2400,1.799397
FILLER_12_153,VPWR,li1,76.8200,46.2400,1.799397
FILLER_12_141,VPWR,li1,73.1400,46.2400,1.799412
FILLER_12_136,VPWR,li1,69.0000,46.2400,1.799431
FILLER_12_126,VPWR,li1,63.7100,46.2400,1.799456
FILLER_12_101,VPWR,li1,52.2100,46.2400,1.799533
FILLER_12_49,VPWR,li1,28.7500,46.2400,1.799767
FILLER_12_29,VPWR,li1,19.7800,46.2400,1.799845
FILLER_12_11,VPWR,li1,10.8100,46.2400,1.799837
FILLER_12_3,VPWR,li1,8.7400,46.2400,1.799837
FILLER_11_629,VPWR,li1,295.0900,40.8000,1.799824
FILLER_11_617,VPWR,li1,292.1000,40.8000,1.799824
FILLER_11_615,VPWR,li1,288.6500,40.8000,1.799824
FILLER_11_609,VPWR,li1,287.0400,40.8000,1.799824
FILLER_11_597,VPWR,li1,282.9000,40.8000,1.799824
FILLER_11_585,VPWR,li1,277.3800,40.8000,1.799824
FILLER_11_573,VPWR,li1,271.8600,40.8000,1.799824
FILLER_11_561,VPWR,li1,266.3400,40.8000,1.799824
FILLER_11_559,VPWR,li1,262.8900,40.8000,1.799824
FILLER_11_553,VPWR,li1,261.2800,40.8000,1.799824
FILLER_11_541,VPWR,li1,257.1400,40.8000,1.799824
FILLER_11_529,VPWR,li1,251.6200,40.8000,1.799824
FILLER_11_517,VPWR,li1,246.1000,40.8000,1.799824
FILLER_11_505,VPWR,li1,240.5800,40.8000,1.799824
FILLER_11_503,VPWR,li1,237.1300,40.8000,1.799824
FILLER_11_497,VPWR,li1,235.5200,40.8000,1.799824
FILLER_11_485,VPWR,li1,231.3800,40.8000,1.799824
FILLER_11_473,VPWR,li1,225.8600,40.8000,1.799824
FILLER_11_461,VPWR,li1,220.3400,40.8000,1.799824
FILLER_11_449,VPWR,li1,214.8200,40.8000,1.799824
FILLER_11_447,VPWR,li1,211.3700,40.8000,1.799824
FILLER_11_441,VPWR,li1,209.7600,40.8000,1.799824
FILLER_11_429,VPWR,li1,205.6200,40.8000,1.799824
FILLER_11_417,VPWR,li1,200.1000,40.8000,1.799824
FILLER_11_405,VPWR,li1,194.5800,40.8000,1.799824
FILLER_11_393,VPWR,li1,189.0600,40.8000,1.799824
FILLER_11_391,VPWR,li1,185.6100,40.8000,1.799824
FILLER_11_383,VPWR,li1,183.5400,40.8000,1.799824
FILLER_11_371,VPWR,li1,178.9400,40.8000,1.799826
FILLER_11_308,VPWR,li1,148.1200,40.8000,1.799493
FILLER_11_289,VPWR,li1,138.6900,40.8000,1.799427
FILLER_11_278,VPWR,li1,133.8600,40.8000,1.799394
FILLER_11_260,VPWR,li1,125.5800,40.8000,1.799346
FILLER_11_247,VPWR,li1,120.0600,40.8000,1.799322
FILLER_11_237,VPWR,li1,114.7700,40.8000,1.799297
FILLER_11_225,VPWR,li1,111.7800,40.8000,1.799288
FILLER_11_223,VPWR,li1,108.3300,40.8000,1.799270
FILLER_11_219,VPWR,li1,107.1800,40.8000,1.799270
FILLER_11_206,VPWR,li1,101.2000,40.8000,1.799245
FILLER_11_186,VPWR,li1,92.0000,40.8000,1.799233
FILLER_11_159,VPWR,li1,78.8900,40.8000,1.799241
FILLER_11_148,VPWR,li1,74.0600,40.8000,1.799251
FILLER_11_121,VPWR,li1,61.8700,40.8000,1.799317
FILLER_11_72,VPWR,li1,39.3300,40.8000,1.799529
FILLER_11_57,VPWR,li1,33.1200,40.8000,1.799609
FILLER_11_50,VPWR,li1,29.9000,40.8000,1.799672
FILLER_11_38,VPWR,li1,23.2300,40.8000,1.799750
FILLER_11_34,VPWR,li1,22.0800,40.8000,1.799794
FILLER_11_18,VPWR,li1,15.6400,40.8000,1.799782
FILLER_11_3,VPWR,li1,8.2800,40.8000,1.799776
FILLER_10_625,VPWR,li1,293.4800,40.8000,1.799824
FILLER_10_613,VPWR,li1,290.2600,40.8000,1.799824
FILLER_10_601,VPWR,li1,284.7400,40.8000,1.799824
FILLER_10_589,VPWR,li1,279.2200,40.8000,1.799824
FILLER_10_587,VPWR,li1,275.7700,40.8000,1.799824
FILLER_10_581,VPWR,li1,274.1600,40.8000,1.799824
FILLER_10_569,VPWR,li1,270.0200,40.8000,1.799824
FILLER_10_557,VPWR,li1,264.5000,40.8000,1.799824
FILLER_10_545,VPWR,li1,258.9800,40.8000,1.799824
FILLER_10_533,VPWR,li1,253.4600,40.8000,1.799824
FILLER_10_531,VPWR,li1,250.0100,40.8000,1.799824
FILLER_10_525,VPWR,li1,248.4000,40.8000,1.799824
FILLER_10_513,VPWR,li1,244.2600,40.8000,1.799824
FILLER_10_501,VPWR,li1,238.7400,40.8000,1.799824
FILLER_10_489,VPWR,li1,233.2200,40.8000,1.799824
FILLER_10_477,VPWR,li1,227.7000,40.8000,1.799824
FILLER_10_475,VPWR,li1,224.2500,40.8000,1.799824
FILLER_10_469,VPWR,li1,222.6400,40.8000,1.799824
FILLER_10_457,VPWR,li1,218.5000,40.8000,1.799824
FILLER_10_445,VPWR,li1,212.9800,40.8000,1.799824
FILLER_10_433,VPWR,li1,207.4600,40.8000,1.799824
FILLER_10_421,VPWR,li1,201.9400,40.8000,1.799824
FILLER_10_414,VPWR,li1,197.3400,40.8000,1.799824
FILLER_10_402,VPWR,li1,193.2000,40.8000,1.799824
FILLER_10_390,VPWR,li1,187.6800,40.8000,1.799824
FILLER_10_379,VPWR,li1,180.5500,40.8000,1.799825
FILLER_10_365,VPWR,li1,173.6500,40.8000,1.799796
FILLER_10_363,VPWR,li1,172.7300,40.8000,1.799796
FILLER_10_355,VPWR,li1,170.6600,40.8000,1.799754
FILLER_10_307,VPWR,li1,146.9700,40.8000,1.799493
FILLER_10_303,VPWR,li1,145.8200,40.8000,1.799478
FILLER_10_253,VPWR,li1,122.8200,40.8000,1.799334
FILLER_10_250,VPWR,li1,120.9800,40.8000,1.799322
FILLER_10_242,VPWR,li1,118.6800,40.8000,1.799309
FILLER_10_230,VPWR,li1,114.0800,40.8000,1.799297
FILLER_10_192,VPWR,li1,94.7600,40.8000,1.799236
FILLER_10_158,VPWR,li1,78.4300,40.8000,1.799241
FILLER_10_152,VPWR,li1,76.8200,40.8000,1.799245
FILLER_10_134,VPWR,li1,68.5400,40.8000,1.799276
FILLER_10_80,VPWR,li1,43.2400,40.8000,1.799482
FILLER_10_54,VPWR,li1,30.8200,40.8000,1.799639
FILLER_10_25,VPWR,li1,17.7100,40.8000,1.799786
FILLER_10_3,VPWR,li1,7.3600,40.8000,1.799776
FILLER_9_629,VPWR,li1,295.0900,35.3600,1.799796
FILLER_9_617,VPWR,li1,292.1000,35.3600,1.799796
FILLER_9_615,VPWR,li1,288.6500,35.3600,1.799796
FILLER_9_609,VPWR,li1,287.0400,35.3600,1.799796
FILLER_9_597,VPWR,li1,282.9000,35.3600,1.799796
FILLER_9_585,VPWR,li1,277.3800,35.3600,1.799796
FILLER_9_573,VPWR,li1,271.8600,35.3600,1.799796
FILLER_9_561,VPWR,li1,266.3400,35.3600,1.799796
FILLER_9_559,VPWR,li1,262.8900,35.3600,1.799796
FILLER_9_553,VPWR,li1,261.2800,35.3600,1.799796
FILLER_9_541,VPWR,li1,257.1400,35.3600,1.799796
FILLER_9_529,VPWR,li1,251.6200,35.3600,1.799796
FILLER_9_517,VPWR,li1,246.1000,35.3600,1.799796
FILLER_9_505,VPWR,li1,240.5800,35.3600,1.799796
FILLER_9_503,VPWR,li1,237.1300,35.3600,1.799796
FILLER_9_497,VPWR,li1,235.5200,35.3600,1.799796
FILLER_9_485,VPWR,li1,231.3800,35.3600,1.799796
FILLER_9_473,VPWR,li1,225.8600,35.3600,1.799796
FILLER_9_461,VPWR,li1,220.3400,35.3600,1.799796
FILLER_9_449,VPWR,li1,214.8200,35.3600,1.799796
FILLER_9_447,VPWR,li1,211.3700,35.3600,1.799796
FILLER_9_441,VPWR,li1,209.7600,35.3600,1.799796
FILLER_9_429,VPWR,li1,205.6200,35.3600,1.799796
FILLER_9_417,VPWR,li1,200.1000,35.3600,1.799796
FILLER_9_405,VPWR,li1,194.5800,35.3600,1.799796
FILLER_9_393,VPWR,li1,189.0600,35.3600,1.799796
FILLER_9_390,VPWR,li1,185.3800,35.3600,1.799796
FILLER_9_345,VPWR,li1,164.6800,35.3600,1.799679
FILLER_9_337,VPWR,li1,162.3800,35.3600,1.799653
FILLER_9_333,VPWR,li1,159.3900,35.3600,1.799607
FILLER_9_281,VPWR,li1,136.1600,35.3600,1.799399
FILLER_9_260,VPWR,li1,126.0400,35.3600,1.799345
FILLER_9_242,VPWR,li1,117.3000,35.3600,1.799301
FILLER_9_190,VPWR,li1,93.8400,35.3600,1.799262
FILLER_9_151,VPWR,li1,75.2100,35.3600,1.799310
FILLER_9_147,VPWR,li1,74.0600,35.3600,1.799310
FILLER_9_113,VPWR,li1,58.4200,35.3600,1.799417
FILLER_9_90,VPWR,li1,47.8400,35.3600,1.799501
FILLER_9_63,VPWR,li1,34.7300,35.3600,1.799652
FILLER_9_57,VPWR,li1,33.1200,35.3600,1.799694
FILLER_9_3,VPWR,li1,7.3600,35.3600,1.799817
FILLER_8_629,VPWR,li1,295.0900,35.3600,1.799796
FILLER_8_625,VPWR,li1,293.9400,35.3600,1.799796
FILLER_8_613,VPWR,li1,290.2600,35.3600,1.799796
FILLER_8_601,VPWR,li1,284.7400,35.3600,1.799796
FILLER_8_589,VPWR,li1,279.2200,35.3600,1.799796
FILLER_8_587,VPWR,li1,275.7700,35.3600,1.799796
FILLER_8_581,VPWR,li1,274.1600,35.3600,1.799796
FILLER_8_569,VPWR,li1,270.0200,35.3600,1.799796
FILLER_8_557,VPWR,li1,264.5000,35.3600,1.799796
FILLER_8_545,VPWR,li1,258.9800,35.3600,1.799796
FILLER_8_533,VPWR,li1,253.4600,35.3600,1.799796
FILLER_8_531,VPWR,li1,250.0100,35.3600,1.799796
FILLER_8_525,VPWR,li1,248.4000,35.3600,1.799796
FILLER_8_513,VPWR,li1,244.2600,35.3600,1.799796
FILLER_8_501,VPWR,li1,238.7400,35.3600,1.799796
FILLER_8_489,VPWR,li1,233.2200,35.3600,1.799796
FILLER_8_477,VPWR,li1,227.7000,35.3600,1.799796
FILLER_8_475,VPWR,li1,224.2500,35.3600,1.799796
FILLER_8_469,VPWR,li1,222.6400,35.3600,1.799796
FILLER_8_457,VPWR,li1,218.5000,35.3600,1.799796
FILLER_8_445,VPWR,li1,212.9800,35.3600,1.799796
FILLER_8_433,VPWR,li1,207.4600,35.3600,1.799796
FILLER_8_421,VPWR,li1,201.9400,35.3600,1.799796
FILLER_8_419,VPWR,li1,198.4900,35.3600,1.799796
FILLER_8_415,VPWR,li1,197.3400,35.3600,1.799796
FILLER_8_403,VPWR,li1,193.6600,35.3600,1.799796
FILLER_8_358,VPWR,li1,171.5800,35.3600,1.799774
FILLER_8_346,VPWR,li1,165.3700,35.3600,1.799679
FILLER_8_338,VPWR,li1,162.8400,35.3600,1.799653
FILLER_8_326,VPWR,li1,158.2400,35.3600,1.799607
FILLER_8_288,VPWR,li1,138.9200,35.3600,1.799430
FILLER_8_276,VPWR,li1,135.2400,35.3600,1.799399
FILLER_8_266,VPWR,li1,128.1100,35.3600,1.799357
FILLER_8_262,VPWR,li1,126.9600,35.3600,1.799345
FILLER_8_233,VPWR,li1,113.3900,35.3600,1.799288
FILLER_8_206,VPWR,li1,100.7400,35.3600,1.799263
FILLER_8_178,VPWR,li1,87.8600,35.3600,1.799266
FILLER_8_145,VPWR,li1,72.4500,35.3600,1.799326
FILLER_8_141,VPWR,li1,71.3000,35.3600,1.799326
FILLER_8_137,VPWR,li1,69.2300,35.3600,1.799336
FILLER_8_101,VPWR,li1,52.9000,35.3600,1.799455
FILLER_8_55,VPWR,li1,31.7400,35.3600,1.799694
FILLER_8_33,VPWR,li1,20.9300,35.3600,1.799826
FILLER_8_29,VPWR,li1,19.7800,35.3600,1.799826
FILLER_8_6,VPWR,li1,9.6600,35.3600,1.799818
FILLER_7_629,VPWR,li1,295.0900,29.9200,1.799878
FILLER_7_617,VPWR,li1,292.1000,29.9200,1.799878
FILLER_7_615,VPWR,li1,288.6500,29.9200,1.799878
FILLER_7_609,VPWR,li1,287.0400,29.9200,1.799878
FILLER_7_597,VPWR,li1,282.9000,29.9200,1.799878
FILLER_7_585,VPWR,li1,277.3800,29.9200,1.799878
FILLER_7_573,VPWR,li1,271.8600,29.9200,1.799878
FILLER_7_561,VPWR,li1,266.3400,29.9200,1.799878
FILLER_7_559,VPWR,li1,262.8900,29.9200,1.799878
FILLER_7_553,VPWR,li1,261.2800,29.9200,1.799878
FILLER_7_541,VPWR,li1,257.1400,29.9200,1.799878
FILLER_7_529,VPWR,li1,251.6200,29.9200,1.799878
FILLER_7_517,VPWR,li1,246.1000,29.9200,1.799878
FILLER_7_505,VPWR,li1,240.5800,29.9200,1.799878
FILLER_7_503,VPWR,li1,237.1300,29.9200,1.799878
FILLER_7_497,VPWR,li1,235.5200,29.9200,1.799878
FILLER_7_485,VPWR,li1,231.3800,29.9200,1.799878
FILLER_7_473,VPWR,li1,225.8600,29.9200,1.799878
FILLER_7_461,VPWR,li1,220.3400,29.9200,1.799878
FILLER_7_449,VPWR,li1,214.8200,29.9200,1.799878
FILLER_7_445,VPWR,li1,210.9100,29.9200,1.799878
FILLER_7_437,VPWR,li1,208.3800,29.9200,1.799878
FILLER_7_425,VPWR,li1,203.7800,29.9200,1.799878
FILLER_7_413,VPWR,li1,198.2600,29.9200,1.799878
FILLER_7_401,VPWR,li1,192.7400,29.9200,1.799878
FILLER_7_386,VPWR,li1,184.4600,29.9200,1.799880
FILLER_7_324,VPWR,li1,155.4800,29.9200,1.799699
FILLER_7_312,VPWR,li1,151.8000,29.9200,1.799676
FILLER_7_300,VPWR,li1,146.2800,29.9200,1.799647
FILLER_7_281,VPWR,li1,135.4700,29.9200,1.799581
FILLER_7_279,VPWR,li1,134.0900,29.9200,1.799568
FILLER_7_275,VPWR,li1,132.9400,29.9200,1.799568
FILLER_7_263,VPWR,li1,129.2600,29.9200,1.799550
FILLER_7_245,VPWR,li1,118.6800,29.9200,1.799508
FILLER_7_233,VPWR,li1,115.4600,29.9200,1.799499
FILLER_7_223,VPWR,li1,108.3300,29.9200,1.799479
FILLER_7_217,VPWR,li1,106.7200,29.9200,1.799472
FILLER_7_192,VPWR,li1,94.0700,29.9200,1.799457
FILLER_7_186,VPWR,li1,92.4600,29.9200,1.799458
FILLER_7_155,VPWR,li1,77.7400,29.9200,1.799476
FILLER_7_143,VPWR,li1,74.0600,29.9200,1.799483
FILLER_7_122,VPWR,li1,62.5600,29.9200,1.799509
FILLER_7_113,VPWR,li1,57.7300,29.9200,1.799529
FILLER_7_111,VPWR,li1,56.8100,29.9200,1.799529
FILLER_7_103,VPWR,li1,53.1300,29.9200,1.799551
FILLER_7_57,VPWR,li1,31.9700,29.9200,1.799749
FILLER_7_54,VPWR,li1,30.8200,29.9200,1.799749
FILLER_7_36,VPWR,li1,22.5400,29.9200,1.799844
FILLER_7_19,VPWR,li1,14.4900,29.9200,1.799864
FILLER_7_15,VPWR,li1,13.3400,29.9200,1.799864
FILLER_7_3,VPWR,li1,9.6600,29.9200,1.799864
FILLER_6_629,VPWR,li1,295.0900,29.9200,1.799878
FILLER_6_625,VPWR,li1,293.9400,29.9200,1.799878
FILLER_6_613,VPWR,li1,290.2600,29.9200,1.799878
FILLER_6_601,VPWR,li1,284.7400,29.9200,1.799878
FILLER_6_589,VPWR,li1,279.2200,29.9200,1.799878
FILLER_6_587,VPWR,li1,275.7700,29.9200,1.799878
FILLER_6_581,VPWR,li1,274.1600,29.9200,1.799878
FILLER_6_569,VPWR,li1,270.0200,29.9200,1.799878
FILLER_6_557,VPWR,li1,264.5000,29.9200,1.799878
FILLER_6_545,VPWR,li1,258.9800,29.9200,1.799878
FILLER_6_533,VPWR,li1,253.4600,29.9200,1.799878
FILLER_6_531,VPWR,li1,250.0100,29.9200,1.799878
FILLER_6_525,VPWR,li1,248.4000,29.9200,1.799878
FILLER_6_513,VPWR,li1,244.2600,29.9200,1.799878
FILLER_6_501,VPWR,li1,238.7400,29.9200,1.799878
FILLER_6_489,VPWR,li1,233.2200,29.9200,1.799878
FILLER_6_477,VPWR,li1,227.7000,29.9200,1.799878
FILLER_6_475,VPWR,li1,224.2500,29.9200,1.799878
FILLER_6_469,VPWR,li1,222.6400,29.9200,1.799878
FILLER_6_457,VPWR,li1,218.5000,29.9200,1.799878
FILLER_6_445,VPWR,li1,212.9800,29.9200,1.799878
FILLER_6_433,VPWR,li1,207.4600,29.9200,1.799878
FILLER_6_421,VPWR,li1,201.9400,29.9200,1.799878
FILLER_6_418,VPWR,li1,198.2600,29.9200,1.799878
FILLER_6_406,VPWR,li1,195.0400,29.9200,1.799878
FILLER_6_394,VPWR,li1,189.5200,29.9200,1.799878
FILLER_6_382,VPWR,li1,184.0000,29.9200,1.799880
FILLER_6_349,VPWR,li1,167.4400,29.9200,1.799797
FILLER_6_321,VPWR,li1,153.8700,29.9200,1.799699
FILLER_6_309,VPWR,li1,150.4200,29.9200,1.799676
FILLER_6_305,VPWR,li1,146.5100,29.9200,1.799647
FILLER_6_294,VPWR,li1,141.4500,29.9200,1.799605
FILLER_6_282,VPWR,li1,138.0000,29.9200,1.799595
FILLER_6_235,VPWR,li1,115.4600,29.9200,1.799499
FILLER_6_223,VPWR,li1,110.8600,29.9200,1.799486
FILLER_6_211,VPWR,li1,105.3400,29.9200,1.799472
FILLER_6_197,VPWR,li1,96.8300,29.9200,1.799457
FILLER_6_194,VPWR,li1,95.2200,29.9200,1.799457
FILLER_6_182,VPWR,li1,92.0000,29.9200,1.799458
FILLER_6_164,VPWR,li1,81.4200,29.9200,1.799468
FILLER_6_153,VPWR,li1,76.3600,29.9200,1.799476
FILLER_6_141,VPWR,li1,73.1400,29.9200,1.799483
FILLER_6_134,VPWR,li1,68.5400,29.9200,1.799492
FILLER_6_124,VPWR,li1,63.0200,29.9200,1.799509
FILLER_6_102,VPWR,li1,52.9000,29.9200,1.799551
FILLER_6_94,VPWR,li1,50.6000,29.9200,1.799568
FILLER_6_66,VPWR,li1,36.1100,29.9200,1.799696
FILLER_6_54,VPWR,li1,33.1200,29.9200,1.799725
FILLER_6_29,VPWR,li1,20.7000,29.9200,1.799867
FILLER_6_27,VPWR,li1,18.1700,29.9200,1.799864
FILLER_6_15,VPWR,li1,15.1800,29.9200,1.799864
FILLER_6_3,VPWR,li1,9.6600,29.9200,1.799864
FILLER_5_629,VPWR,li1,295.0900,24.4800,1.799824
FILLER_5_617,VPWR,li1,292.1000,24.4800,1.799824
FILLER_5_615,VPWR,li1,288.6500,24.4800,1.799824
FILLER_5_609,VPWR,li1,287.0400,24.4800,1.799824
FILLER_5_597,VPWR,li1,282.9000,24.4800,1.799824
FILLER_5_585,VPWR,li1,277.3800,24.4800,1.799824
FILLER_5_573,VPWR,li1,271.8600,24.4800,1.799824
FILLER_5_561,VPWR,li1,266.3400,24.4800,1.799824
FILLER_5_559,VPWR,li1,262.8900,24.4800,1.799824
FILLER_5_553,VPWR,li1,261.2800,24.4800,1.799824
FILLER_5_541,VPWR,li1,257.1400,24.4800,1.799824
FILLER_5_529,VPWR,li1,251.6200,24.4800,1.799824
FILLER_5_517,VPWR,li1,246.1000,24.4800,1.799824
FILLER_5_505,VPWR,li1,240.5800,24.4800,1.799824
FILLER_5_503,VPWR,li1,237.1300,24.4800,1.799824
FILLER_5_497,VPWR,li1,235.5200,24.4800,1.799824
FILLER_5_485,VPWR,li1,231.3800,24.4800,1.799824
FILLER_5_473,VPWR,li1,225.8600,24.4800,1.799824
FILLER_5_461,VPWR,li1,220.3400,24.4800,1.799824
FILLER_5_449,VPWR,li1,214.8200,24.4800,1.799824
FILLER_5_447,VPWR,li1,211.3700,24.4800,1.799824
FILLER_5_441,VPWR,li1,209.7600,24.4800,1.799824
FILLER_5_429,VPWR,li1,205.6200,24.4800,1.799824
FILLER_5_417,VPWR,li1,200.1000,24.4800,1.799824
FILLER_5_405,VPWR,li1,194.5800,24.4800,1.799824
FILLER_5_393,VPWR,li1,189.0600,24.4800,1.799824
FILLER_5_391,VPWR,li1,185.6100,24.4800,1.799824
FILLER_5_387,VPWR,li1,184.4600,24.4800,1.799824
FILLER_5_375,VPWR,li1,180.7800,24.4800,1.799824
FILLER_5_319,VPWR,li1,152.4900,24.4800,1.799449
FILLER_5_313,VPWR,li1,150.8800,24.4800,1.799449
FILLER_5_292,VPWR,li1,140.7600,24.4800,1.799333
FILLER_5_279,VPWR,li1,134.0900,24.4800,1.799272
FILLER_5_275,VPWR,li1,132.9400,24.4800,1.799254
FILLER_5_253,VPWR,li1,123.2800,24.4800,1.799209
FILLER_5_233,VPWR,li1,113.6200,24.4800,1.799173
FILLER_5_221,VPWR,li1,107.8700,24.4800,1.799161
FILLER_5_211,VPWR,li1,102.8100,24.4800,1.799154
FILLER_5_190,VPWR,li1,93.1500,24.4800,1.799180
FILLER_5_186,VPWR,li1,92.0000,24.4800,1.799180
FILLER_5_165,VPWR,li1,82.1100,24.4800,1.799224
FILLER_5_146,VPWR,li1,73.3700,24.4800,1.799281
FILLER_5_93,VPWR,li1,48.7600,24.4800,1.799540
FILLER_5_81,VPWR,li1,45.5400,24.4800,1.799577
FILLER_5_69,VPWR,li1,40.0200,24.4800,1.799631
FILLER_5_57,VPWR,li1,34.5000,24.4800,1.799699
FILLER_5_52,VPWR,li1,30.3600,24.4800,1.799750
FILLER_5_43,VPWR,li1,25.5300,24.4800,1.799825
FILLER_5_39,VPWR,li1,24.3800,24.4800,1.799825
FILLER_5_27,VPWR,li1,20.7000,24.4800,1.799872
FILLER_5_15,VPWR,li1,15.1800,24.4800,1.799872
FILLER_5_3,VPWR,li1,9.6600,24.4800,1.799872
FILLER_4_625,VPWR,li1,293.4800,24.4800,1.799824
FILLER_4_613,VPWR,li1,290.2600,24.4800,1.799824
FILLER_4_601,VPWR,li1,284.7400,24.4800,1.799824
FILLER_4_589,VPWR,li1,279.2200,24.4800,1.799824
FILLER_4_587,VPWR,li1,275.7700,24.4800,1.799824
FILLER_4_581,VPWR,li1,274.1600,24.4800,1.799824
FILLER_4_569,VPWR,li1,270.0200,24.4800,1.799824
FILLER_4_557,VPWR,li1,264.5000,24.4800,1.799824
FILLER_4_545,VPWR,li1,258.9800,24.4800,1.799824
FILLER_4_533,VPWR,li1,253.4600,24.4800,1.799824
FILLER_4_531,VPWR,li1,250.0100,24.4800,1.799824
FILLER_4_525,VPWR,li1,248.4000,24.4800,1.799824
FILLER_4_513,VPWR,li1,244.2600,24.4800,1.799824
FILLER_4_501,VPWR,li1,238.7400,24.4800,1.799824
FILLER_4_489,VPWR,li1,233.2200,24.4800,1.799824
FILLER_4_477,VPWR,li1,227.7000,24.4800,1.799824
FILLER_4_475,VPWR,li1,224.2500,24.4800,1.799824
FILLER_4_469,VPWR,li1,222.6400,24.4800,1.799824
FILLER_4_457,VPWR,li1,218.5000,24.4800,1.799824
FILLER_4_445,VPWR,li1,212.9800,24.4800,1.799824
FILLER_4_433,VPWR,li1,207.4600,24.4800,1.799824
FILLER_4_421,VPWR,li1,201.9400,24.4800,1.799824
FILLER_4_419,VPWR,li1,198.4900,24.4800,1.799824
FILLER_4_413,VPWR,li1,196.8800,24.4800,1.799824
FILLER_4_401,VPWR,li1,192.7400,24.4800,1.799824
FILLER_4_389,VPWR,li1,187.2200,24.4800,1.799824
FILLER_4_377,VPWR,li1,181.7000,24.4800,1.799824
FILLER_4_365,VPWR,li1,176.1800,24.4800,1.799824
FILLER_4_363,VPWR,li1,172.7300,24.4800,1.799750
FILLER_4_357,VPWR,li1,171.1200,24.4800,1.799750
FILLER_4_286,VPWR,li1,138.0000,24.4800,1.799295
FILLER_4_251,VPWR,li1,121.2100,24.4800,1.799200
FILLER_4_141,VPWR,li1,70.6100,24.4800,1.799310
FILLER_4_139,VPWR,li1,69.6900,24.4800,1.799310
FILLER_4_135,VPWR,li1,68.5400,24.4800,1.799333
FILLER_4_97,VPWR,li1,50.3700,24.4800,1.799503
FILLER_4_85,VPWR,li1,47.3800,24.4800,1.799540
FILLER_4_83,VPWR,li1,43.9300,24.4800,1.799603
FILLER_4_77,VPWR,li1,42.3200,24.4800,1.799603
FILLER_4_65,VPWR,li1,38.1800,24.4800,1.799654
FILLER_4_53,VPWR,li1,32.6600,24.4800,1.799722
FILLER_4_41,VPWR,li1,27.1400,24.4800,1.799790
FILLER_4_29,VPWR,li1,21.6200,24.4800,1.799872
FILLER_4_27,VPWR,li1,18.1700,24.4800,1.799872
FILLER_4_15,VPWR,li1,15.1800,24.4800,1.799872
FILLER_4_3,VPWR,li1,9.6600,24.4800,1.799872
FILLER_3_629,VPWR,li1,295.0900,19.0400,1.799846
FILLER_3_617,VPWR,li1,292.1000,19.0400,1.799846
FILLER_3_615,VPWR,li1,288.6500,19.0400,1.799846
FILLER_3_609,VPWR,li1,287.0400,19.0400,1.799846
FILLER_3_597,VPWR,li1,282.9000,19.0400,1.799846
FILLER_3_585,VPWR,li1,277.3800,19.0400,1.799846
FILLER_3_573,VPWR,li1,271.8600,19.0400,1.799846
FILLER_3_561,VPWR,li1,266.3400,19.0400,1.799846
FILLER_3_559,VPWR,li1,262.8900,19.0400,1.799846
FILLER_3_553,VPWR,li1,261.2800,19.0400,1.799846
FILLER_3_541,VPWR,li1,257.1400,19.0400,1.799846
FILLER_3_529,VPWR,li1,251.6200,19.0400,1.799846
FILLER_3_517,VPWR,li1,246.1000,19.0400,1.799846
FILLER_3_505,VPWR,li1,240.5800,19.0400,1.799846
FILLER_3_503,VPWR,li1,237.1300,19.0400,1.799846
FILLER_3_497,VPWR,li1,235.5200,19.0400,1.799846
FILLER_3_485,VPWR,li1,231.3800,19.0400,1.799846
FILLER_3_473,VPWR,li1,225.8600,19.0400,1.799846
FILLER_3_461,VPWR,li1,220.3400,19.0400,1.799846
FILLER_3_449,VPWR,li1,214.8200,19.0400,1.799846
FILLER_3_447,VPWR,li1,211.3700,19.0400,1.799846
FILLER_3_441,VPWR,li1,209.7600,19.0400,1.799846
FILLER_3_429,VPWR,li1,205.6200,19.0400,1.799846
FILLER_3_417,VPWR,li1,200.1000,19.0400,1.799846
FILLER_3_405,VPWR,li1,194.5800,19.0400,1.799846
FILLER_3_393,VPWR,li1,189.0600,19.0400,1.799846
FILLER_3_389,VPWR,li1,185.1500,19.0400,1.799846
FILLER_3_381,VPWR,li1,182.6200,19.0400,1.799846
FILLER_3_369,VPWR,li1,178.0200,19.0400,1.799846
FILLER_3_346,VPWR,li1,164.9100,19.0400,1.799700
FILLER_3_335,VPWR,li1,159.8500,19.0400,1.799640
FILLER_3_329,VPWR,li1,158.2400,19.0400,1.799611
FILLER_3_281,VPWR,li1,135.2400,19.0400,1.799408
FILLER_3_277,VPWR,li1,133.6300,19.0400,1.799408
FILLER_3_258,VPWR,li1,124.4300,19.0400,1.799356
FILLER_3_233,VPWR,li1,114.5400,19.0400,1.799320
FILLER_3_223,VPWR,li1,108.3300,19.0400,1.799308
FILLER_3_182,VPWR,li1,89.4700,19.0400,1.799317
FILLER_3_178,VPWR,li1,88.3200,19.0400,1.799317
FILLER_3_142,VPWR,li1,71.0700,19.0400,1.799390
FILLER_3_117,VPWR,li1,59.5700,19.0400,1.799485
FILLER_3_113,VPWR,li1,58.4200,19.0400,1.799485
FILLER_3_93,VPWR,li1,48.9900,19.0400,1.799571
FILLER_3_81,VPWR,li1,45.5400,19.0400,1.799622
FILLER_3_69,VPWR,li1,40.0200,19.0400,1.799671
FILLER_3_57,VPWR,li1,34.5000,19.0400,1.799733
FILLER_3_55,VPWR,li1,31.0500,19.0400,1.799785
FILLER_3_51,VPWR,li1,29.9000,19.0400,1.799785
FILLER_3_39,VPWR,li1,26.2200,19.0400,1.799826
FILLER_3_27,VPWR,li1,20.7000,19.0400,1.799888
FILLER_3_15,VPWR,li1,15.1800,19.0400,1.799888
FILLER_3_3,VPWR,li1,9.6600,19.0400,1.799888
FILLER_2_625,VPWR,li1,293.4800,19.0400,1.799846
FILLER_2_613,VPWR,li1,290.2600,19.0400,1.799846
FILLER_2_601,VPWR,li1,284.7400,19.0400,1.799846
FILLER_2_589,VPWR,li1,279.2200,19.0400,1.799846
FILLER_2_587,VPWR,li1,275.7700,19.0400,1.799846
FILLER_2_581,VPWR,li1,274.1600,19.0400,1.799846
FILLER_2_569,VPWR,li1,270.0200,19.0400,1.799846
FILLER_2_557,VPWR,li1,264.5000,19.0400,1.799846
FILLER_2_545,VPWR,li1,258.9800,19.0400,1.799846
FILLER_2_533,VPWR,li1,253.4600,19.0400,1.799846
FILLER_2_531,VPWR,li1,250.0100,19.0400,1.799846
FILLER_2_525,VPWR,li1,248.4000,19.0400,1.799846
FILLER_2_513,VPWR,li1,244.2600,19.0400,1.799846
FILLER_2_501,VPWR,li1,238.7400,19.0400,1.799846
FILLER_2_489,VPWR,li1,233.2200,19.0400,1.799846
FILLER_2_477,VPWR,li1,227.7000,19.0400,1.799846
FILLER_2_475,VPWR,li1,224.2500,19.0400,1.799846
FILLER_2_469,VPWR,li1,222.6400,19.0400,1.799846
FILLER_2_457,VPWR,li1,218.5000,19.0400,1.799846
FILLER_2_445,VPWR,li1,212.9800,19.0400,1.799846
FILLER_2_433,VPWR,li1,207.4600,19.0400,1.799846
FILLER_2_421,VPWR,li1,201.9400,19.0400,1.799846
FILLER_2_418,VPWR,li1,198.2600,19.0400,1.799846
FILLER_2_406,VPWR,li1,195.0400,19.0400,1.799846
FILLER_2_394,VPWR,li1,189.5200,19.0400,1.799846
FILLER_2_382,VPWR,li1,184.0000,19.0400,1.799846
FILLER_2_363,VPWR,li1,172.7300,19.0400,1.799784
FILLER_2_357,VPWR,li1,171.1200,19.0400,1.799784
FILLER_2_309,VPWR,li1,148.3500,19.0400,1.799504
FILLER_2_306,VPWR,li1,146.7400,19.0400,1.799504
FILLER_2_278,VPWR,li1,134.0900,19.0400,1.799408
FILLER_2_218,VPWR,li1,108.5600,19.0400,1.799308
FILLER_2_201,VPWR,li1,98.2100,19.0400,1.799301
FILLER_2_179,VPWR,li1,88.0900,19.0400,1.799317
FILLER_2_175,VPWR,li1,86.9400,19.0400,1.799325
FILLER_2_157,VPWR,li1,78.2000,19.0400,1.799351
FILLER_2_139,VPWR,li1,69.6900,19.0400,1.799404
FILLER_2_127,VPWR,li1,66.7000,19.0400,1.799419
FILLER_2_117,VPWR,li1,59.5700,19.0400,1.799485
FILLER_2_111,VPWR,li1,57.9600,19.0400,1.799485
FILLER_2_85,VPWR,li1,46.0000,19.0400,1.799622
FILLER_2_83,VPWR,li1,43.9300,19.0400,1.799646
FILLER_2_77,VPWR,li1,42.3200,19.0400,1.799646
FILLER_2_65,VPWR,li1,38.1800,19.0400,1.799692
FILLER_2_53,VPWR,li1,32.6600,19.0400,1.799754
FILLER_2_41,VPWR,li1,27.1400,19.0400,1.799826
FILLER_2_29,VPWR,li1,21.6200,19.0400,1.799888
FILLER_2_27,VPWR,li1,18.1700,19.0400,1.799888
FILLER_2_15,VPWR,li1,15.1800,19.0400,1.799888
FILLER_2_3,VPWR,li1,9.6600,19.0400,1.799888
FILLER_1_629,VPWR,li1,295.0900,13.6000,1.799922
FILLER_1_617,VPWR,li1,292.1000,13.6000,1.799922
FILLER_1_615,VPWR,li1,288.6500,13.6000,1.799922
FILLER_1_609,VPWR,li1,287.0400,13.6000,1.799922
FILLER_1_597,VPWR,li1,282.9000,13.6000,1.799922
FILLER_1_585,VPWR,li1,277.3800,13.6000,1.799922
FILLER_1_573,VPWR,li1,271.8600,13.6000,1.799922
FILLER_1_561,VPWR,li1,266.3400,13.6000,1.799922
FILLER_1_559,VPWR,li1,262.8900,13.6000,1.799922
FILLER_1_553,VPWR,li1,261.2800,13.6000,1.799922
FILLER_1_541,VPWR,li1,257.1400,13.6000,1.799922
FILLER_1_529,VPWR,li1,251.6200,13.6000,1.799922
FILLER_1_517,VPWR,li1,246.1000,13.6000,1.799922
FILLER_1_505,VPWR,li1,240.5800,13.6000,1.799922
FILLER_1_503,VPWR,li1,237.1300,13.6000,1.799922
FILLER_1_497,VPWR,li1,235.5200,13.6000,1.799922
FILLER_1_485,VPWR,li1,231.3800,13.6000,1.799922
FILLER_1_473,VPWR,li1,225.8600,13.6000,1.799922
FILLER_1_461,VPWR,li1,220.3400,13.6000,1.799922
FILLER_1_449,VPWR,li1,214.8200,13.6000,1.799922
FILLER_1_447,VPWR,li1,211.3700,13.6000,1.799922
FILLER_1_441,VPWR,li1,209.7600,13.6000,1.799922
FILLER_1_429,VPWR,li1,205.6200,13.6000,1.799922
FILLER_1_417,VPWR,li1,200.1000,13.6000,1.799922
FILLER_1_405,VPWR,li1,194.5800,13.6000,1.799922
FILLER_1_393,VPWR,li1,189.0600,13.6000,1.799922
FILLER_1_391,VPWR,li1,185.6100,13.6000,1.799922
FILLER_1_385,VPWR,li1,184.0000,13.6000,1.799922
FILLER_1_373,VPWR,li1,179.8600,13.6000,1.799922
FILLER_1_361,VPWR,li1,174.3400,13.6000,1.799905
FILLER_1_337,VPWR,li1,162.3800,13.6000,1.799827
FILLER_1_334,VPWR,li1,159.6200,13.6000,1.799801
FILLER_1_314,VPWR,li1,150.6500,13.6000,1.799749
FILLER_1_281,VPWR,li1,135.0100,13.6000,1.799690
FILLER_1_279,VPWR,li1,134.0900,13.6000,1.799690
FILLER_1_258,VPWR,li1,124.4300,13.6000,1.799681
FILLER_1_254,VPWR,li1,123.2800,13.6000,1.799681
FILLER_1_225,VPWR,li1,111.7800,13.6000,1.799687
FILLER_1_220,VPWR,li1,107.6400,13.6000,1.799691
FILLER_1_208,VPWR,li1,103.9600,13.6000,1.799694
FILLER_1_177,VPWR,li1,88.3200,13.6000,1.799717
FILLER_1_156,VPWR,li1,80.0400,13.6000,1.799737
FILLER_1_137,VPWR,li1,69.9200,13.6000,1.799771
FILLER_1_125,VPWR,li1,65.7800,13.6000,1.799784
FILLER_1_113,VPWR,li1,60.2600,13.6000,1.799805
FILLER_1_111,VPWR,li1,56.8100,13.6000,1.799818
FILLER_1_103,VPWR,li1,54.7400,13.6000,1.799826
FILLER_1_93,VPWR,li1,48.5300,13.6000,1.799849
FILLER_1_81,VPWR,li1,45.5400,13.6000,1.799861
FILLER_1_69,VPWR,li1,40.0200,13.6000,1.799883
FILLER_1_57,VPWR,li1,34.5000,13.6000,1.799905
FILLER_1_55,VPWR,li1,31.0500,13.6000,1.799924
FILLER_1_51,VPWR,li1,29.9000,13.6000,1.799924
FILLER_1_39,VPWR,li1,26.2200,13.6000,1.799938
FILLER_1_27,VPWR,li1,20.7000,13.6000,1.799960
FILLER_1_15,VPWR,li1,15.1800,13.6000,1.799960
FILLER_1_3,VPWR,li1,9.6600,13.6000,1.799960
FILLER_0_629,VPWR,li1,295.0900,13.6000,1.799922
FILLER_0_617,VPWR,li1,292.1000,13.6000,1.799922
FILLER_0_613,VPWR,li1,288.1900,13.6000,1.799922
FILLER_0_601,VPWR,li1,284.7400,13.6000,1.799922
FILLER_0_594,VPWR,li1,279.6800,13.6000,1.799922
FILLER_0_589,VPWR,li1,276.9200,13.6000,1.799922
FILLER_0_587,VPWR,li1,275.7700,13.6000,1.799922
FILLER_0_581,VPWR,li1,273.4700,13.6000,1.799922
FILLER_0_573,VPWR,li1,270.9400,13.6000,1.799922
FILLER_0_561,VPWR,li1,266.3400,13.6000,1.799922
FILLER_0_552,VPWR,li1,261.2800,13.6000,1.799922
FILLER_0_545,VPWR,li1,257.1400,13.6000,1.799922
FILLER_0_538,VPWR,li1,253.9200,13.6000,1.799922
FILLER_0_533,VPWR,li1,251.1600,13.6000,1.799922
FILLER_0_529,VPWR,li1,249.5500,13.6000,1.799922
FILLER_0_517,VPWR,li1,246.1000,13.6000,1.799922
FILLER_0_505,VPWR,li1,240.5800,13.6000,1.799922
FILLER_0_501,VPWR,li1,236.6700,13.6000,1.799922
FILLER_0_489,VPWR,li1,233.2200,13.6000,1.799922
FILLER_0_477,VPWR,li1,227.7000,13.6000,1.799922
FILLER_0_473,VPWR,li1,223.7900,13.6000,1.799922
FILLER_0_461,VPWR,li1,220.3400,13.6000,1.799922
FILLER_0_449,VPWR,li1,214.8200,13.6000,1.799922
FILLER_0_445,VPWR,li1,210.9100,13.6000,1.799922
FILLER_0_433,VPWR,li1,207.4600,13.6000,1.799922
FILLER_0_421,VPWR,li1,201.9400,13.6000,1.799922
FILLER_0_417,VPWR,li1,198.0300,13.6000,1.799922
FILLER_0_405,VPWR,li1,194.5800,13.6000,1.799922
FILLER_0_393,VPWR,li1,189.0600,13.6000,1.799922
FILLER_0_389,VPWR,li1,185.1500,13.6000,1.799922
FILLER_0_377,VPWR,li1,181.7000,13.6000,1.799922
FILLER_0_365,VPWR,li1,176.1800,13.6000,1.799922
FILLER_0_356,VPWR,li1,171.1200,13.6000,1.799888
FILLER_0_349,VPWR,li1,166.9800,13.6000,1.799856
FILLER_0_345,VPWR,li1,164.4500,13.6000,1.799840
FILLER_0_337,VPWR,li1,162.3800,13.6000,1.799827
FILLER_0_328,VPWR,li1,158.2400,13.6000,1.799801
FILLER_0_317,VPWR,li1,153.1800,13.6000,1.799770
FILLER_0_300,VPWR,li1,145.3600,13.6000,1.799727
FILLER_0_281,VPWR,li1,136.6200,13.6000,1.799696
FILLER_0_279,VPWR,li1,134.0900,13.6000,1.799690
FILLER_0_273,VPWR,li1,131.7900,13.6000,1.799685
FILLER_0_265,VPWR,li1,129.2600,13.6000,1.799680
FILLER_0_261,VPWR,li1,125.8100,13.6000,1.799681
FILLER_0_253,VPWR,li1,123.7400,13.6000,1.799681
FILLER_0_251,VPWR,li1,121.2100,13.6000,1.799682
FILLER_0_245,VPWR,li1,118.9100,13.6000,1.799682
FILLER_0_237,VPWR,li1,116.3800,13.6000,1.799684
FILLER_0_225,VPWR,li1,111.7800,13.6000,1.799687
FILLER_0_221,VPWR,li1,107.8700,13.6000,1.799691
FILLER_0_209,VPWR,li1,104.4200,13.6000,1.799694
FILLER_0_197,VPWR,li1,98.9000,13.6000,1.799699
FILLER_0_195,VPWR,li1,95.4500,13.6000,1.799703
FILLER_0_189,VPWR,li1,93.1500,13.6000,1.799708
FILLER_0_181,VPWR,li1,90.6200,13.6000,1.799713
FILLER_0_169,VPWR,li1,86.0200,13.6000,1.799724
FILLER_0_166,VPWR,li1,82.3400,13.6000,1.799731
FILLER_0_158,VPWR,li1,80.0400,13.6000,1.799737
FILLER_0_146,VPWR,li1,75.4400,13.6000,1.799749
FILLER_0_141,VPWR,li1,70.8400,13.6000,1.799771
FILLER_0_137,VPWR,li1,69.2300,13.6000,1.799771
FILLER_0_125,VPWR,li1,65.7800,13.6000,1.799784
FILLER_0_113,VPWR,li1,60.2600,13.6000,1.799805
FILLER_0_109,VPWR,li1,56.3500,13.6000,1.799826
FILLER_0_97,VPWR,li1,52.9000,13.6000,1.799833
FILLER_0_93,VPWR,li1,48.5300,13.6000,1.799849
FILLER_0_85,VPWR,li1,46.4600,13.6000,1.799861
FILLER_0_81,VPWR,li1,43.4700,13.6000,1.799870
FILLER_0_69,VPWR,li1,40.0200,13.6000,1.799883
FILLER_0_57,VPWR,li1,34.5000,13.6000,1.799905
FILLER_0_53,VPWR,li1,30.5900,13.6000,1.799924
FILLER_0_41,VPWR,li1,27.1400,13.6000,1.799938
FILLER_0_29,VPWR,li1,21.6200,13.6000,1.799960
FILLER_0_27,VPWR,li1,18.1700,13.6000,1.799960
FILLER_0_15,VPWR,li1,15.1800,13.6000,1.799960
FILLER_0_3,VPWR,li1,9.6600,13.6000,1.799960
ANTENNA_9,VPWR,li1,85.1000,89.7600,1.799012
ANTENNA_8,VPWR,li1,99.3600,236.6400,1.799298
ANTENNA_7,VPWR,li1,255.3000,116.9600,1.798370
ANTENNA_6,VPWR,li1,264.0400,296.4800,1.799346
ANTENNA_5,VPWR,li1,269.5600,296.4800,1.799338
ANTENNA_4,VPWR,li1,38.6400,296.4800,1.799553
ANTENNA_3,VPWR,li1,83.7200,231.2000,1.799040
ANTENNA_2,VPWR,li1,74.5200,116.9600,1.799181
ANTENNA_1,VPWR,li1,112.2400,89.7600,1.798915
hold846,VPWR,li1,280.1400,171.3600,1.798243
hold845,VPWR,li1,281.5200,171.3600,1.798235
hold844,VPWR,li1,220.3400,280.1600,1.799426
hold843,VPWR,li1,289.3400,133.2800,1.797947
hold842,VPWR,li1,179.4000,19.0400,1.799846
hold841,VPWR,li1,283.3600,165.9200,1.798189
hold840,VPWR,li1,54.7400,209.4400,1.799073
hold839,VPWR,li1,275.5400,204.0000,1.798288
hold838,VPWR,li1,196.4200,285.6000,1.799644
hold837,VPWR,li1,141.6800,13.6000,1.799712
hold836,VPWR,li1,145.3600,171.3600,1.799363
hold835,VPWR,li1,157.7800,291.0400,1.799390
hold834,VPWR,li1,256.2200,258.4000,1.799187
hold833,VPWR,li1,281.0600,247.5200,1.798761
hold832,VPWR,li1,50.1400,209.4400,1.799152
hold831,VPWR,li1,291.1800,274.7200,1.798977
hold830,VPWR,li1,194.1200,258.4000,1.799619
hold829,VPWR,li1,287.0400,198.5600,1.798944
hold828,VPWR,li1,284.2800,187.6800,1.798187
hold827,VPWR,li1,139.8400,193.1200,1.799272
hold826,VPWR,li1,195.9600,193.1200,1.799105
hold825,VPWR,li1,220.8000,193.1200,1.798603
hold824,VPWR,li1,11.5000,204.0000,1.799698
hold823,VPWR,li1,254.3800,204.0000,1.798523
hold822,VPWR,li1,292.5600,258.4000,1.799052
hold821,VPWR,li1,168.3600,149.6000,1.799481
hold820,VPWR,li1,196.8800,242.0800,1.799455
hold819,VPWR,li1,85.5600,106.0800,1.799073
hold818,VPWR,li1,93.8400,165.9200,1.799219
hold817,VPWR,li1,284.7400,236.6400,1.798829
hold816,VPWR,li1,191.8200,291.0400,1.799538
hold815,VPWR,li1,142.1400,182.2400,1.799292
hold814,VPWR,li1,287.0400,220.3200,1.798389
hold813,VPWR,li1,287.0400,133.2800,1.797950
hold812,VPWR,li1,108.5600,258.4000,1.799685
hold811,VPWR,li1,12.8800,84.3200,1.799827
hold810,VPWR,li1,197.3400,198.5600,1.799489
hold809,VPWR,li1,279.6800,214.8800,1.798674
hold808,VPWR,li1,188.1400,296.4800,1.799667
hold807,VPWR,li1,183.5400,291.0400,1.799598
hold806,VPWR,li1,184.0000,122.4000,1.799354
hold805,VPWR,li1,59.8000,171.3600,1.799336
hold804,VPWR,li1,145.3600,111.5200,1.799084
hold803,VPWR,li1,164.2200,127.8400,1.799286
hold802,VPWR,li1,100.7400,204.0000,1.798838
hold801,VPWR,li1,68.5400,100.6400,1.799143
hold800,VPWR,li1,63.4800,122.4000,1.799278
hold799,VPWR,li1,68.5400,122.4000,1.799227
hold798,VPWR,li1,154.1000,116.9600,1.799351
hold797,VPWR,li1,100.7400,204.0000,1.798838
hold796,VPWR,li1,68.5400,116.9600,1.799210
hold795,VPWR,li1,148.1200,100.6400,1.799218
hold794,VPWR,li1,123.7400,116.9600,1.799132
hold793,VPWR,li1,65.3200,133.2800,1.799004
hold792,VPWR,li1,56.1200,155.0400,1.799272
hold791,VPWR,li1,63.9400,106.0800,1.799252
hold790,VPWR,li1,92.4600,138.7200,1.799147
hold789,VPWR,li1,158.2400,182.2400,1.799452
hold788,VPWR,li1,116.8400,122.4000,1.799116
hold787,VPWR,li1,92.0000,133.2800,1.798748
hold786,VPWR,li1,140.7600,138.7200,1.799245
hold785,VPWR,li1,15.6400,106.0800,1.799801
hold784,VPWR,li1,120.5200,13.6000,1.799682
hold783,VPWR,li1,279.6800,258.4000,1.799086
hold782,VPWR,li1,15.1800,165.9200,1.799825
hold781,VPWR,li1,153.6400,263.8400,1.799877
hold780,VPWR,li1,287.0400,84.3200,1.798514
hold779,VPWR,li1,287.0400,100.6400,1.797810
hold778,VPWR,li1,293.4800,84.3200,1.798507
hold777,VPWR,li1,293.4800,165.9200,1.798176
hold776,VPWR,li1,293.4800,100.6400,1.797803
hold775,VPWR,li1,293.4800,144.1600,1.798223
hold774,VPWR,li1,293.4800,106.0800,1.797915
hold773,VPWR,li1,293.4800,89.7600,1.797666
hold772,VPWR,li1,293.4800,149.6000,1.798364
hold771,VPWR,li1,285.2000,263.8400,1.799191
hold770,VPWR,li1,287.0400,160.4800,1.797706
hold769,VPWR,li1,188.1400,73.4400,1.799287
hold768,VPWR,li1,208.8400,122.4000,1.798871
hold767,VPWR,li1,188.1400,68.0000,1.799374
hold766,VPWR,li1,226.3200,95.2000,1.798321
hold765,VPWR,li1,204.7000,133.2800,1.798885
hold764,VPWR,li1,162.8400,111.5200,1.799259
hold763,VPWR,li1,176.1800,24.4800,1.799824
hold762,VPWR,li1,25.3000,89.7600,1.799726
hold761,VPWR,li1,192.2800,127.8400,1.799177
hold760,VPWR,li1,126.9600,231.2000,1.799122
hold759,VPWR,li1,68.0800,242.0800,1.799341
hold758,VPWR,li1,215.7400,78.8800,1.799182
hold757,VPWR,li1,201.4800,78.8800,1.799326
hold756,VPWR,li1,148.5800,231.2000,1.799325
hold755,VPWR,li1,166.9800,40.8000,1.799713
hold754,VPWR,li1,66.2400,89.7600,1.799180
hold753,VPWR,li1,50.6000,40.8000,1.799408
hold752,VPWR,li1,206.0800,100.6400,1.798945
hold751,VPWR,li1,79.5800,116.9600,1.799155
hold750,VPWR,li1,120.5200,138.7200,1.799183
hold749,VPWR,li1,163.3000,57.1200,1.799720
hold748,VPWR,li1,28.5200,57.1200,1.799739
hold747,VPWR,li1,255.3000,100.6400,1.798056
hold746,VPWR,li1,49.6800,78.8800,1.799406
hold745,VPWR,li1,222.6400,116.9600,1.798745
hold744,VPWR,li1,119.6000,155.0400,1.798863
hold743,VPWR,li1,211.1400,160.4800,1.798712
hold742,VPWR,li1,49.2200,51.6800,1.799489
hold741,VPWR,li1,283.8200,171.3600,1.798226
hold740,VPWR,li1,287.0400,182.2400,1.798444
hold739,VPWR,li1,108.5600,220.3200,1.799190
hold738,VPWR,li1,166.5200,46.2400,1.799773
hold737,VPWR,li1,132.4800,46.2400,1.799493
hold736,VPWR,li1,27.6000,24.4800,1.799790
hold735,VPWR,li1,209.7600,127.8400,1.798867
hold734,VPWR,li1,193.6600,100.6400,1.799176
hold733,VPWR,li1,110.8600,19.0400,1.799312
hold732,VPWR,li1,247.9400,95.2000,1.797925
hold731,VPWR,li1,205.1600,138.7200,1.798812
hold730,VPWR,li1,24.3800,40.8000,1.799750
hold729,VPWR,li1,284.7400,122.4000,1.798038
hold728,VPWR,li1,291.6400,127.8400,1.798068
hold727,VPWR,li1,162.3800,78.8800,1.799466
hold726,VPWR,li1,50.6000,68.0000,1.799408
hold725,VPWR,li1,247.4800,73.4400,1.798420
hold724,VPWR,li1,85.1000,95.2000,1.798821
hold723,VPWR,li1,58.8800,176.8000,1.799193
hold722,VPWR,li1,90.1600,220.3200,1.799206
hold721,VPWR,li1,205.6200,84.3200,1.799121
hold720,VPWR,li1,137.5400,165.9200,1.799375
hold719,VPWR,li1,287.0400,187.6800,1.798183
hold718,VPWR,li1,144.9000,236.6400,1.799500
hold717,VPWR,li1,68.0800,95.2000,1.798902
hold716,VPWR,li1,158.2400,95.2000,1.799242
hold715,VPWR,li1,73.6000,236.6400,1.799298
hold714,VPWR,li1,103.9600,111.5200,1.798984
hold713,VPWR,li1,222.6400,155.0400,1.798770
hold712,VPWR,li1,124.2000,187.6800,1.799154
hold711,VPWR,li1,27.6000,116.9600,1.799682
hold710,VPWR,li1,189.9800,100.6400,1.799257
hold709,VPWR,li1,226.7800,133.2800,1.798457
hold708,VPWR,li1,252.5400,176.8000,1.797658
hold707,VPWR,li1,209.7600,84.3200,1.799066
hold706,VPWR,li1,29.4400,89.7600,1.799659
hold705,VPWR,li1,272.7800,138.7200,1.797687
hold704,VPWR,li1,80.9600,171.3600,1.799274
hold703,VPWR,li1,43.7000,51.6800,1.799565
hold702,VPWR,li1,290.7200,198.5600,1.798940
hold701,VPWR,li1,155.4800,209.4400,1.799297
hold700,VPWR,li1,75.4400,252.9600,1.799742
hold699,VPWR,li1,90.1600,155.0400,1.798947
hold698,VPWR,li1,136.6200,122.4000,1.799190
hold697,VPWR,li1,80.9600,68.0000,1.799152
hold696,VPWR,li1,218.9600,116.9600,1.798774
hold695,VPWR,li1,92.0000,40.8000,1.799233
hold694,VPWR,li1,127.4200,247.5200,1.799340
hold693,VPWR,li1,93.8400,220.3200,1.799197
hold692,VPWR,li1,149.5000,46.2400,1.799618
hold691,VPWR,li1,63.4800,133.2800,1.799039
hold690,VPWR,li1,270.0200,78.8800,1.798852
hold689,VPWR,li1,72.2200,171.3600,1.799294
hold688,VPWR,li1,287.0400,193.1200,1.798071
hold687,VPWR,li1,179.4000,84.3200,1.799590
hold686,VPWR,li1,149.5000,13.6000,1.799749
hold685,VPWR,li1,243.3400,127.8400,1.798379
hold684,VPWR,li1,144.4400,198.5600,1.799395
hold683,VPWR,li1,252.5400,149.6000,1.798562
hold682,VPWR,li1,89.2400,40.8000,1.799231
hold681,VPWR,li1,69.9200,57.1200,1.799368
hold680,VPWR,li1,68.0800,209.4400,1.798906
hold679,VPWR,li1,155.0200,220.3200,1.799457
hold678,VPWR,li1,159.6200,187.6800,1.799424
hold677,VPWR,li1,230.9200,62.5600,1.799572
hold676,VPWR,li1,107.6400,106.0800,1.799040
hold675,VPWR,li1,53.8200,111.5200,1.799332
hold674,VPWR,li1,24.8400,62.5600,1.799776
hold673,VPWR,li1,69.0000,19.0400,1.799404
hold672,VPWR,li1,115.0000,35.3600,1.799288
hold671,VPWR,li1,139.8400,149.6000,1.799116
hold670,VPWR,li1,80.9600,225.7600,1.799195
hold669,VPWR,li1,89.2400,24.4800,1.799190
hold668,VPWR,li1,265.8800,176.8000,1.797482
hold667,VPWR,li1,203.7800,62.5600,1.799650
hold666,VPWR,li1,127.8800,68.0000,1.799207
hold665,VPWR,li1,24.8400,57.1200,1.799785
hold664,VPWR,li1,50.6000,100.6400,1.799300
hold663,VPWR,li1,239.6600,133.2800,1.798291
hold662,VPWR,li1,158.2400,84.3200,1.799522
hold661,VPWR,li1,50.1400,95.2000,1.799141
hold660,VPWR,li1,87.8600,68.0000,1.799133
hold659,VPWR,li1,16.5600,127.8400,1.799729
hold658,VPWR,li1,89.7000,176.8000,1.798902
hold657,VPWR,li1,87.4000,171.3600,1.799265
hold656,VPWR,li1,222.6400,133.2800,1.798518
hold655,VPWR,li1,284.7400,247.5200,1.798744
hold654,VPWR,li1,291.1800,247.5200,1.798728
hold653,VPWR,li1,29.4400,242.0800,1.799708
hold652,VPWR,li1,196.8800,68.0000,1.799226
hold651,VPWR,li1,275.0800,73.4400,1.798322
hold650,VPWR,li1,136.6200,100.6400,1.799130
hold649,VPWR,li1,179.4000,111.5200,1.799271
hold648,VPWR,li1,258.0600,100.6400,1.798019
hold647,VPWR,li1,87.8600,220.3200,1.799218
hold646,VPWR,li1,179.8600,57.1200,1.799858
hold645,VPWR,li1,159.1600,171.3600,1.799469
hold644,VPWR,li1,200.5600,95.2000,1.798899
hold643,VPWR,li1,25.7600,116.9600,1.799733
hold642,VPWR,li1,110.4000,165.9200,1.799243
hold641,VPWR,li1,201.4800,149.6000,1.799172
hold640,VPWR,li1,265.4200,193.1200,1.798142
hold639,VPWR,li1,22.0800,78.8800,1.799805
hold638,VPWR,li1,143.9800,46.2400,1.799576
hold637,VPWR,li1,194.1200,149.6000,1.799286
hold636,VPWR,li1,46.4600,236.6400,1.799467
hold635,VPWR,li1,134.3200,68.0000,1.799236
hold634,VPWR,li1,55.2000,84.3200,1.799502
hold633,VPWR,li1,257.1400,78.8800,1.798896
hold632,VPWR,li1,10.1200,62.5600,1.799793
hold631,VPWR,li1,194.1200,84.3200,1.799310
hold630,VPWR,li1,61.6400,46.2400,1.799468
hold629,VPWR,li1,272.7800,68.0000,1.798707
hold628,VPWR,li1,109.0200,247.5200,1.799329
hold627,VPWR,li1,197.3400,149.6000,1.799236
hold626,VPWR,li1,103.0400,193.1200,1.799199
hold625,VPWR,li1,115.4600,176.8000,1.798887
hold624,VPWR,li1,226.7800,78.8800,1.799081
hold623,VPWR,li1,166.5200,29.9200,1.799797
hold622,VPWR,li1,182.6200,78.8800,1.799568
hold621,VPWR,li1,91.0800,78.8800,1.799128
hold620,VPWR,li1,140.3000,62.5600,1.799334
hold619,VPWR,li1,226.7800,62.5600,1.799579
hold618,VPWR,li1,19.3200,40.8000,1.799786
hold617,VPWR,li1,262.2000,84.3200,1.798599
hold616,VPWR,li1,227.7000,78.8800,1.799081
hold615,VPWR,li1,68.0800,73.4400,1.798979
hold614,VPWR,li1,132.9400,220.3200,1.799281
hold613,VPWR,li1,91.5400,252.9600,1.799709
hold612,VPWR,li1,193.2000,78.8800,1.799426
hold611,VPWR,li1,252.5400,95.2000,1.797853
hold610,VPWR,li1,91.5400,111.5200,1.799028
hold609,VPWR,li1,93.8400,84.3200,1.799317
hold608,VPWR,li1,150.8800,40.8000,1.799517
hold607,VPWR,li1,67.6200,171.3600,1.799307
hold606,VPWR,li1,107.6400,57.1200,1.799338
hold605,VPWR,li1,145.3600,231.2000,1.799276
hold604,VPWR,li1,158.2400,46.2400,1.799694
hold603,VPWR,li1,189.0600,35.3600,1.799796
hold602,VPWR,li1,150.8800,149.6000,1.799221
hold601,VPWR,li1,222.6400,100.6400,1.798577
hold600,VPWR,li1,49.6800,138.7200,1.799387
hold599,VPWR,li1,149.0400,236.6400,1.799531
hold598,VPWR,li1,93.8400,155.0400,1.798927
hold597,VPWR,li1,86.0200,204.0000,1.798833
hold596,VPWR,li1,60.7200,160.4800,1.799472
hold595,VPWR,li1,188.1400,29.9200,1.799878
hold594,VPWR,li1,86.4800,122.4000,1.799118
hold593,VPWR,li1,272.7800,144.1600,1.798273
hold592,VPWR,li1,153.6400,35.3600,1.799555
hold591,VPWR,li1,40.9400,144.1600,1.799585
hold590,VPWR,li1,28.9800,209.4400,1.799573
hold589,VPWR,li1,251.1600,187.6800,1.798374
hold588,VPWR,li1,99.3600,78.8800,1.799098
hold587,VPWR,li1,54.7400,155.0400,1.799272
hold586,VPWR,li1,91.5400,19.0400,1.799307
hold585,VPWR,li1,259.9000,122.4000,1.798166
hold584,VPWR,li1,209.3000,95.2000,1.798692
hold583,VPWR,li1,140.7600,78.8800,1.799202
hold582,VPWR,li1,128.3400,138.7200,1.799205
hold581,VPWR,li1,118.2200,89.7600,1.798942
hold580,VPWR,li1,37.2600,106.0800,1.799561
hold579,VPWR,li1,107.6400,78.8800,1.799088
hold578,VPWR,li1,40.9400,78.8800,1.799519
hold577,VPWR,li1,270.9400,116.9600,1.798269
hold576,VPWR,li1,41.4000,198.5600,1.799556
hold575,VPWR,li1,131.5600,165.9200,1.799338
hold574,VPWR,li1,50.6000,247.5200,1.799560
hold573,VPWR,li1,96.6000,242.0800,1.799251
hold572,VPWR,li1,72.2200,155.0400,1.799090
hold571,VPWR,li1,218.0400,144.1600,1.798778
hold570,VPWR,li1,140.7600,247.5200,1.799379
hold569,VPWR,li1,98.4400,214.8800,1.799014
hold568,VPWR,li1,42.3200,68.0000,1.799498
hold567,VPWR,li1,187.6800,182.2400,1.799458
hold566,VPWR,li1,51.0600,62.5600,1.799441
hold565,VPWR,li1,125.5800,95.2000,1.798877
hold564,VPWR,li1,21.1600,144.1600,1.799831
hold563,VPWR,li1,114.0800,46.2400,1.799394
hold562,VPWR,li1,199.1800,116.9600,1.799117
hold561,VPWR,li1,123.7400,95.2000,1.798866
hold560,VPWR,li1,23.4600,62.5600,1.799776
hold559,VPWR,li1,198.7200,160.4800,1.799041
hold558,VPWR,li1,130.1800,204.0000,1.799033
hold557,VPWR,li1,115.0000,160.4800,1.799309
hold556,VPWR,li1,252.0800,144.1600,1.798409
hold555,VPWR,li1,273.7000,122.4000,1.798081
hold554,VPWR,li1,202.4000,100.6400,1.798993
hold553,VPWR,li1,17.9400,127.8400,1.799729
hold552,VPWR,li1,230.9200,149.6000,1.798773
hold551,VPWR,li1,9.6600,35.3600,1.799818
hold550,VPWR,li1,19.7800,160.4800,1.799845
hold549,VPWR,li1,93.3800,68.0000,1.799128
hold548,VPWR,li1,12.8800,127.8400,1.799726
hold547,VPWR,li1,20.7000,242.0800,1.799833
hold546,VPWR,li1,69.4600,252.9600,1.799754
hold545,VPWR,li1,81.8800,220.3200,1.799240
hold544,VPWR,li1,231.3800,160.4800,1.798288
hold543,VPWR,li1,204.2400,133.2800,1.798885
hold542,VPWR,li1,22.5400,220.3200,1.799812
hold541,VPWR,li1,208.3800,144.1600,1.798933
hold540,VPWR,li1,155.9400,100.6400,1.799314
hold539,VPWR,li1,36.8000,51.6800,1.799628
hold538,VPWR,li1,108.1000,193.1200,1.799196
hold537,VPWR,li1,178.9400,182.2400,1.799619
hold536,VPWR,li1,135.2400,193.1200,1.799244
hold535,VPWR,li1,162.3800,106.0800,1.799360
hold534,VPWR,li1,183.5400,193.1200,1.799396
hold533,VPWR,li1,25.7600,171.3600,1.799717
hold532,VPWR,li1,88.3200,236.6400,1.799285
hold531,VPWR,li1,119.1400,231.2000,1.799072
hold530,VPWR,li1,68.0800,204.0000,1.798939
hold529,VPWR,li1,36.8000,220.3200,1.799623
hold528,VPWR,li1,234.1400,84.3200,1.798794
hold527,VPWR,li1,119.6000,204.0000,1.798944
hold526,VPWR,li1,135.2400,24.4800,1.799272
hold525,VPWR,li1,224.9400,144.1600,1.798700
hold524,VPWR,li1,50.6000,78.8800,1.799406
hold523,VPWR,li1,161.9200,247.5200,1.799596
hold522,VPWR,li1,60.2600,225.7600,1.799336
hold521,VPWR,li1,28.5200,29.9200,1.799774
hold520,VPWR,li1,188.1400,62.5600,1.799718
hold519,VPWR,li1,25.7600,231.2000,1.799746
hold518,VPWR,li1,66.2400,84.3200,1.799432
hold517,VPWR,li1,38.6400,127.8400,1.799364
hold516,VPWR,li1,143.5200,160.4800,1.799380
hold515,VPWR,li1,214.3600,100.6400,1.798751
hold514,VPWR,li1,93.8400,62.5600,1.799194
hold513,VPWR,li1,271.4000,95.2000,1.797619
hold512,VPWR,li1,133.4000,127.8400,1.798814
hold511,VPWR,li1,114.5400,209.4400,1.798826
hold510,VPWR,li1,195.9600,100.6400,1.799127
hold509,VPWR,li1,265.8800,193.1200,1.798142
hold508,VPWR,li1,143.9800,62.5600,1.799375
hold507,VPWR,li1,17.4800,144.1600,1.799819
hold506,VPWR,li1,60.2600,247.5200,1.799477
hold505,VPWR,li1,173.4200,95.2000,1.799508
hold504,VPWR,li1,20.7000,40.8000,1.799794
hold503,VPWR,li1,153.6400,78.8800,1.799337
hold502,VPWR,li1,52.4400,171.3600,1.799395
hold501,VPWR,li1,71.7600,187.6800,1.799211
hold500,VPWR,li1,106.7200,176.8000,1.798868
hold499,VPWR,li1,156.8600,252.9600,1.799786
hold498,VPWR,li1,29.4400,116.9600,1.799654
hold497,VPWR,li1,54.7400,100.6400,1.799254
hold496,VPWR,li1,91.5400,95.2000,1.798802
hold495,VPWR,li1,78.6600,220.3200,1.799257
hold494,VPWR,li1,166.0600,78.8800,1.799523
hold493,VPWR,li1,123.7400,73.4400,1.798853
hold492,VPWR,li1,118.2200,209.4400,1.798862
hold491,VPWR,li1,211.6000,176.8000,1.798541
hold490,VPWR,li1,239.6600,127.8400,1.798426
hold489,VPWR,li1,80.5000,155.0400,1.799022
hold488,VPWR,li1,140.7600,149.6000,1.799116
hold487,VPWR,li1,242.4200,78.8800,1.798972
hold486,VPWR,li1,88.7800,301.9200,1.799407
hold485,VPWR,li1,93.3800,296.4800,1.799145
hold484,VPWR,li1,92.0000,236.6400,1.799287
hold483,VPWR,li1,252.5400,193.1200,1.798225
hold482,VPWR,li1,95.2200,220.3200,1.799197
hold481,VPWR,li1,195.5000,116.9600,1.799189
hold480,VPWR,li1,60.2600,68.0000,1.799312
hold479,VPWR,li1,283.3600,182.2400,1.798454
hold478,VPWR,li1,293.0200,193.1200,1.798067
hold477,VPWR,li1,91.5400,220.3200,1.799206
hold476,VPWR,li1,79.1200,231.2000,1.799062
hold475,VPWR,li1,258.5200,116.9600,1.798341
hold474,VPWR,li1,110.8600,68.0000,1.799143
hold473,VPWR,li1,235.5200,100.6400,1.798352
hold472,VPWR,li1,14.2600,127.8400,1.799726
hold471,VPWR,li1,68.0800,57.1200,1.799377
hold470,VPWR,li1,148.1200,62.5600,1.799424
hold469,VPWR,li1,23.0000,149.6000,1.799777
hold468,VPWR,li1,33.1200,40.8000,1.799609
hold467,VPWR,li1,80.9600,40.8000,1.799235
hold466,VPWR,li1,141.2200,204.0000,1.799140
hold465,VPWR,li1,141.6800,220.3200,1.799345
hold464,VPWR,li1,55.2000,193.1200,1.799421
hold463,VPWR,li1,191.3600,100.6400,1.799257
hold462,VPWR,li1,125.1200,89.7600,1.798987
hold461,VPWR,li1,191.8200,116.9600,1.799263
hold460,VPWR,li1,33.5800,62.5600,1.799635
hold459,VPWR,li1,284.7400,242.0800,1.798729
hold458,VPWR,li1,281.0600,242.0800,1.798740
hold457,VPWR,li1,290.7200,252.9600,1.798763
hold456,VPWR,li1,282.9000,242.0800,1.798733
hold455,VPWR,li1,291.1800,263.8400,1.799182
hold454,VPWR,li1,284.7400,263.8400,1.799191
hold453,VPWR,li1,179.4000,29.9200,1.799882
hold452,VPWR,li1,157.3200,62.5600,1.799537
hold451,VPWR,li1,128.3400,220.3200,1.799260
hold450,VPWR,li1,140.3000,209.4400,1.799088
hold449,VPWR,li1,68.5400,40.8000,1.799276
hold448,VPWR,li1,74.9800,84.3200,1.799389
hold447,VPWR,li1,148.1200,182.2400,1.799338
hold446,VPWR,li1,82.8000,84.3200,1.799358
hold445,VPWR,li1,66.7000,68.0000,1.799255
hold444,VPWR,li1,132.0200,176.8000,1.798996
hold443,VPWR,li1,51.0600,220.3200,1.799462
hold442,VPWR,li1,163.7600,160.4800,1.799489
hold441,VPWR,li1,145.3600,95.2000,1.799070
hold440,VPWR,li1,102.1200,242.0800,1.799243
hold439,VPWR,li1,90.1600,95.2000,1.798802
hold438,VPWR,li1,60.2600,155.0400,1.799208
hold437,VPWR,li1,12.8800,204.0000,1.799698
hold436,VPWR,li1,247.9400,176.8000,1.797729
hold435,VPWR,li1,144.4400,176.8000,1.799087
hold434,VPWR,li1,120.9800,155.0400,1.798863
hold433,VPWR,li1,147.6600,24.4800,1.799408
hold432,VPWR,li1,20.7000,149.6000,1.799813
hold431,VPWR,li1,75.9000,155.0400,1.799061
hold430,VPWR,li1,287.0400,165.9200,1.798181
hold429,VPWR,li1,281.0600,182.2400,1.798462
hold428,VPWR,li1,265.4200,62.5600,1.799535
hold427,VPWR,li1,85.1000,73.4400,1.798853
hold426,VPWR,li1,128.3400,236.6400,1.799402
hold425,VPWR,li1,97.9800,24.4800,1.799159
hold424,VPWR,li1,23.4600,144.1600,1.799799
hold423,VPWR,li1,123.7400,214.8800,1.799077
hold422,VPWR,li1,213.4400,84.3200,1.799039
hold421,VPWR,li1,23.0000,127.8400,1.799673
hold420,VPWR,li1,213.9000,100.6400,1.798751
hold419,VPWR,li1,110.8600,231.2000,1.799026
hold418,VPWR,li1,183.0800,40.8000,1.799824
hold417,VPWR,li1,29.4400,122.4000,1.799652
hold416,VPWR,li1,24.8400,187.6800,1.799746
hold415,VPWR,li1,61.6400,68.0000,1.799312
hold414,VPWR,li1,275.0800,127.8400,1.798114
hold413,VPWR,li1,227.2400,171.3600,1.798731
hold412,VPWR,li1,44.6200,78.8800,1.799483
hold411,VPWR,li1,123.7400,122.4000,1.799140
hold410,VPWR,li1,209.3000,62.5600,1.799630
hold409,VPWR,li1,171.1200,111.5200,1.799350
hold408,VPWR,li1,177.1000,95.2000,1.799546
hold407,VPWR,li1,256.6800,62.5600,1.799540
hold406,VPWR,li1,46.4600,57.1200,1.799543
hold405,VPWR,li1,224.0200,78.8800,1.799113
hold404,VPWR,li1,70.8400,155.0400,1.799113
hold403,VPWR,li1,83.7200,57.1200,1.799322
hold402,VPWR,li1,65.3200,84.3200,1.799432
hold401,VPWR,li1,34.9600,149.6000,1.799597
hold400,VPWR,li1,208.8400,78.8800,1.799251
hold399,VPWR,li1,80.9600,301.9200,1.799421
hold398,VPWR,li1,29.4400,127.8400,1.799541
hold397,VPWR,li1,103.5000,84.3200,1.799303
hold396,VPWR,li1,35.4200,89.7600,1.799588
hold395,VPWR,li1,72.6800,51.6800,1.799287
hold394,VPWR,li1,55.2000,176.8000,1.799219
hold393,VPWR,li1,252.5400,171.3600,1.798433
hold392,VPWR,li1,180.3200,84.3200,1.799590
hold391,VPWR,li1,103.0400,176.8000,1.798868
hold390,VPWR,li1,70.8400,24.4800,1.799310
hold389,VPWR,li1,90.1600,144.1600,1.799253
hold388,VPWR,li1,21.1600,100.6400,1.799785
hold387,VPWR,li1,94.7600,291.0400,1.799008
hold386,VPWR,li1,98.9000,296.4800,1.799149
hold385,VPWR,li1,83.7200,95.2000,1.798821
hold384,VPWR,li1,51.0600,24.4800,1.799503
hold383,VPWR,li1,36.8000,40.8000,1.799564
hold382,VPWR,li1,72.2200,100.6400,1.799128
hold381,VPWR,li1,239.6600,144.1600,1.798511
hold380,VPWR,li1,166.5200,51.6800,1.799687
hold379,VPWR,li1,114.5400,57.1200,1.799362
hold378,VPWR,li1,55.2000,40.8000,1.799367
hold377,VPWR,li1,27.1400,62.5600,1.799726
hold376,VPWR,li1,34.0400,171.3600,1.799606
hold375,VPWR,li1,72.2200,116.9600,1.799193
hold374,VPWR,li1,49.2200,149.6000,1.799409
hold373,VPWR,li1,253.4600,193.1200,1.798225
hold372,VPWR,li1,171.5800,19.0400,1.799784
hold371,VPWR,li1,158.2400,111.5200,1.799195
hold370,VPWR,li1,179.4000,46.2400,1.799873
hold369,VPWR,li1,226.3200,116.9600,1.798674
hold368,VPWR,li1,86.4800,220.3200,1.799218
hold367,VPWR,li1,115.4600,149.6000,1.799014
hold366,VPWR,li1,166.0600,78.8800,1.799523
hold365,VPWR,li1,120.9800,106.0800,1.799064
hold364,VPWR,li1,93.8400,95.2000,1.798795
hold363,VPWR,li1,179.4000,100.6400,1.799517
hold362,VPWR,li1,144.4400,247.5200,1.799417
hold361,VPWR,li1,93.3800,231.2000,1.799014
hold360,VPWR,li1,83.7200,29.9200,1.799464
hold359,VPWR,li1,151.8000,46.2400,1.799637
hold358,VPWR,li1,15.6400,68.0000,1.799770
hold357,VPWR,li1,293.4800,214.8800,1.798639
hold356,VPWR,li1,278.3000,144.1600,1.798248
hold355,VPWR,li1,197.8000,78.8800,1.799369
hold354,VPWR,li1,101.6600,106.0800,1.799039
hold353,VPWR,li1,188.1400,51.6800,1.799812
hold352,VPWR,li1,36.8000,111.5200,1.799559
hold351,VPWR,li1,80.9600,236.6400,1.799285
hold350,VPWR,li1,284.7400,204.0000,1.798220
hold349,VPWR,li1,281.0600,204.0000,1.798250
hold348,VPWR,li1,158.2400,29.9200,1.799718
hold347,VPWR,li1,125.1200,68.0000,1.799187
hold346,VPWR,li1,150.4200,182.2400,1.799369
hold345,VPWR,li1,152.7200,193.1200,1.799347
hold344,VPWR,li1,59.3400,193.1200,1.799386
hold343,VPWR,li1,161.0000,155.0400,1.799222
hold342,VPWR,li1,65.3200,29.9200,1.799500
hold341,VPWR,li1,258.9800,100.6400,1.798019
hold340,VPWR,li1,92.4600,252.9600,1.799709
hold339,VPWR,li1,80.5000,100.6400,1.799079
hold338,VPWR,li1,29.4400,100.6400,1.799624
hold337,VPWR,li1,293.4800,291.0400,1.799120
hold336,VPWR,li1,53.8200,84.3200,1.799502
hold335,VPWR,li1,216.6600,149.6000,1.798965
hold334,VPWR,li1,112.7000,296.4800,1.799178
hold333,VPWR,li1,179.8600,155.0400,1.799463
hold332,VPWR,li1,162.3800,296.4800,1.799577
hold331,VPWR,li1,156.4000,301.9200,1.799658
hold330,VPWR,li1,9.2000,204.0000,1.799696
hold329,VPWR,li1,12.4200,51.6800,1.799830
hold328,VPWR,li1,124.6600,29.9200,1.799529
hold327,VPWR,li1,228.6200,165.9200,1.798645
hold326,VPWR,li1,287.0400,231.2000,1.798650
hold325,VPWR,li1,284.2800,231.2000,1.798657
hold324,VPWR,li1,136.6200,214.8800,1.799148
hold323,VPWR,li1,59.8000,204.0000,1.799035
hold322,VPWR,li1,140.7600,95.2000,1.799002
hold321,VPWR,li1,122.3600,19.0400,1.799346
hold320,VPWR,li1,90.1600,62.5600,1.799200
hold319,VPWR,li1,93.8400,68.0000,1.799128
hold318,VPWR,li1,183.5400,187.6800,1.799427
hold317,VPWR,li1,41.8600,236.6400,1.799516
hold316,VPWR,li1,110.4000,242.0800,1.799246
hold315,VPWR,li1,25.3000,100.6400,1.799701
hold314,VPWR,li1,106.2600,165.9200,1.799228
hold313,VPWR,li1,81.4200,73.4400,1.798873
hold312,VPWR,li1,184.0000,62.5600,1.799737
hold311,VPWR,li1,243.8000,155.0400,1.798541
hold310,VPWR,li1,96.1400,29.9200,1.799457
hold309,VPWR,li1,70.8400,46.2400,1.799422
hold308,VPWR,li1,281.0600,236.6400,1.798838
hold307,VPWR,li1,283.3600,231.2000,1.798657
hold306,VPWR,li1,174.3400,57.1200,1.799860
hold305,VPWR,li1,122.8200,296.4800,1.799229
hold304,VPWR,li1,126.9600,296.4800,1.799253
hold303,VPWR,li1,205.1600,122.4000,1.798911
hold302,VPWR,li1,61.1800,247.5200,1.799477
hold301,VPWR,li1,42.3200,149.6000,1.799501
hold300,VPWR,li1,104.4200,160.4800,1.799312
hold299,VPWR,li1,76.3600,171.3600,1.799283
hold298,VPWR,li1,150.8800,165.9200,1.799464
hold297,VPWR,li1,243.8000,95.2000,1.798013
hold296,VPWR,li1,131.5600,165.9200,1.799338
hold295,VPWR,li1,143.5200,155.0400,1.798961
hold294,VPWR,li1,93.8400,57.1200,1.799315
hold293,VPWR,li1,222.1800,62.5600,1.799590
hold292,VPWR,li1,91.5400,122.4000,1.799101
hold291,VPWR,li1,171.1200,89.7600,1.799498
hold290,VPWR,li1,153.6400,198.5600,1.799490
hold289,VPWR,li1,211.6000,133.2800,1.798733
hold288,VPWR,li1,51.5200,40.8000,1.799408
hold287,VPWR,li1,17.4800,100.6400,1.799778
hold286,VPWR,li1,213.9000,171.3600,1.798931
hold285,VPWR,li1,132.4800,296.4800,1.799288
hold284,VPWR,li1,24.8400,209.4400,1.799660
hold283,VPWR,li1,281.9800,116.9600,1.798229
hold282,VPWR,li1,29.4400,220.3200,1.799719
hold281,VPWR,li1,287.0400,155.0400,1.798329
hold280,VPWR,li1,293.4800,149.6000,1.798364
hold279,VPWR,li1,115.0000,220.3200,1.799201
hold278,VPWR,li1,184.0000,95.2000,1.799316
hold277,VPWR,li1,134.7800,84.3200,1.799358
hold276,VPWR,li1,144.4400,193.1200,1.799301
hold275,VPWR,li1,131.5600,111.5200,1.799004
hold274,VPWR,li1,32.2000,106.0800,1.799635
hold273,VPWR,li1,186.3000,78.8800,1.799514
hold272,VPWR,li1,23.0000,187.6800,1.799775
hold271,VPWR,li1,119.6000,78.8800,1.799097
hold270,VPWR,li1,115.4600,220.3200,1.799207
hold269,VPWR,li1,124.6600,46.2400,1.799445
hold268,VPWR,li1,214.8200,165.9200,1.798840
hold267,VPWR,li1,117.3000,89.7600,1.798942
hold266,VPWR,li1,39.1000,149.6000,1.799538
hold265,VPWR,li1,128.8000,46.2400,1.799467
hold264,VPWR,li1,104.4200,204.0000,1.798849
hold263,VPWR,li1,195.9600,133.2800,1.799060
hold262,VPWR,li1,192.7400,187.6800,1.799225
hold261,VPWR,li1,180.3200,204.0000,1.799559
hold260,VPWR,li1,47.3800,122.4000,1.799426
hold259,VPWR,li1,75.9000,100.6400,1.799102
hold258,VPWR,li1,42.3200,29.9200,1.799635
hold257,VPWR,li1,110.8600,29.9200,1.799485
hold256,VPWR,li1,244.7200,116.9600,1.798469
hold255,VPWR,li1,53.3600,198.5600,1.799435
hold254,VPWR,li1,157.7800,51.6800,1.799566
hold253,VPWR,li1,287.0400,280.1600,1.799188
hold252,VPWR,li1,76.8200,57.1200,1.799341
hold251,VPWR,li1,143.5200,296.4800,1.799370
hold250,VPWR,li1,105.8000,176.8000,1.798868
hold249,VPWR,li1,287.0400,225.7600,1.799083
hold248,VPWR,li1,110.8600,187.6800,1.799112
hold247,VPWR,li1,48.7600,100.6400,1.799325
hold246,VPWR,li1,260.3600,78.8800,1.798881
hold245,VPWR,li1,25.3000,176.8000,1.799690
hold244,VPWR,li1,124.6600,57.1200,1.799403
hold243,VPWR,li1,162.3800,214.8800,1.799495
hold242,VPWR,li1,122.3600,160.4800,1.799316
hold241,VPWR,li1,60.2600,111.5200,1.799259
hold240,VPWR,li1,51.0600,29.9200,1.799568
hold239,VPWR,li1,123.7400,301.9200,1.799456
hold238,VPWR,li1,183.5400,106.0800,1.799322
hold237,VPWR,li1,16.5600,84.3200,1.799829
hold236,VPWR,li1,291.1800,111.5200,1.796987
hold235,VPWR,li1,287.0400,111.5200,1.796992
hold234,VPWR,li1,79.5800,100.6400,1.799079
hold233,VPWR,li1,59.8000,29.9200,1.799517
hold232,VPWR,li1,287.0400,214.8800,1.798653
hold231,VPWR,li1,289.8000,214.8800,1.798646
hold230,VPWR,li1,89.7000,46.2400,1.799366
hold229,VPWR,li1,280.6000,100.6400,1.797838
hold228,VPWR,li1,85.1000,13.6000,1.799724
hold227,VPWR,li1,120.5200,247.5200,1.799330
hold226,VPWR,li1,34.0400,127.8400,1.799458
hold225,VPWR,li1,241.5000,176.8000,1.797842
hold224,VPWR,li1,261.7400,68.0000,1.798713
hold223,VPWR,li1,293.4800,133.2800,1.797944
hold222,VPWR,li1,12.4200,51.6800,1.799830
hold221,VPWR,li1,103.9600,160.4800,1.799312
hold220,VPWR,li1,131.1000,209.4400,1.798965
hold219,VPWR,li1,89.7000,24.4800,1.799190
hold218,VPWR,li1,278.3000,116.9600,1.798241
hold217,VPWR,li1,278.7600,127.8400,1.798103
hold216,VPWR,li1,42.3200,116.9600,1.799473
hold215,VPWR,li1,145.3600,220.3200,1.799365
hold214,VPWR,li1,123.7400,78.8800,1.799111
hold213,VPWR,li1,174.8000,209.4400,1.799601
hold212,VPWR,li1,182.1600,160.4800,1.799420
hold211,VPWR,li1,33.5800,214.8800,1.799509
hold210,VPWR,li1,118.2200,193.1200,1.799196
hold209,VPWR,li1,28.0600,155.0400,1.799666
hold208,VPWR,li1,80.9600,122.4000,1.799148
hold207,VPWR,li1,123.7400,236.6400,1.799377
hold206,VPWR,li1,110.8600,106.0800,1.799041
hold205,VPWR,li1,77.2800,236.6400,1.799289
hold204,VPWR,li1,24.3800,106.0800,1.799742
hold203,VPWR,li1,80.9600,138.7200,1.799175
hold202,VPWR,li1,90.6200,51.6800,1.799195
hold201,VPWR,li1,72.2200,187.6800,1.799199
hold200,VPWR,li1,271.4000,95.2000,1.797619
hold199,VPWR,li1,175.2600,296.4800,1.799758
hold198,VPWR,li1,177.1000,301.9200,1.799796
hold197,VPWR,li1,49.2200,127.8400,1.799180
hold196,VPWR,li1,267.2600,176.8000,1.797482
hold195,VPWR,li1,115.0000,236.6400,1.799336
hold194,VPWR,li1,267.2600,116.9600,1.798288
hold193,VPWR,li1,209.7600,182.2400,1.799107
hold192,VPWR,li1,232.3000,149.6000,1.798773
hold191,VPWR,li1,40.4800,40.8000,1.799529
hold190,VPWR,li1,131.5600,247.5200,1.799351
hold189,VPWR,li1,38.1800,133.2800,1.799443
hold188,VPWR,li1,246.5600,95.2000,1.797959
hold187,VPWR,li1,220.8000,122.4000,1.798627
hold186,VPWR,li1,110.8600,24.4800,1.799166
hold185,VPWR,li1,61.1800,187.6800,1.799288
hold184,VPWR,li1,282.4400,111.5200,1.797005
hold183,VPWR,li1,87.4000,78.8800,1.799142
hold182,VPWR,li1,162.3800,171.3600,1.799491
hold181,VPWR,li1,136.6200,62.5600,1.799308
hold180,VPWR,li1,235.9800,149.6000,1.798730
hold179,VPWR,li1,162.3800,187.6800,1.799459
hold178,VPWR,li1,266.8000,95.2000,1.797667
hold177,VPWR,li1,221.2600,171.3600,1.798819
hold176,VPWR,li1,230.9200,95.2000,1.798226
hold175,VPWR,li1,59.3400,40.8000,1.799335
hold174,VPWR,li1,42.7800,247.5200,1.799631
hold173,VPWR,li1,66.7000,138.7200,1.799246
hold172,VPWR,li1,155.4800,209.4400,1.799297
hold171,VPWR,li1,147.2000,78.8800,1.799265
hold170,VPWR,li1,89.2400,160.4800,1.799342
hold169,VPWR,li1,141.2200,51.6800,1.799362
hold168,VPWR,li1,119.6000,176.8000,1.798914
hold167,VPWR,li1,60.2600,138.7200,1.799288
hold166,VPWR,li1,16.5600,220.3200,1.799832
hold165,VPWR,li1,72.2200,176.8000,1.799033
hold164,VPWR,li1,119.6000,236.6400,1.799357
hold163,VPWR,li1,81.8800,236.6400,1.799285
hold162,VPWR,li1,273.7000,291.0400,1.799120
hold161,VPWR,li1,80.5000,247.5200,1.799358
hold160,VPWR,li1,105.3400,106.0800,1.799039
hold159,VPWR,li1,169.2800,57.1200,1.799794
hold158,VPWR,li1,239.6600,78.8800,1.798996
hold157,VPWR,li1,42.3200,301.9200,1.799641
hold156,VPWR,li1,226.7800,116.9600,1.798674
hold155,VPWR,li1,35.4200,301.9200,1.799711
hold154,VPWR,li1,110.8600,57.1200,1.799348
hold153,VPWR,li1,29.4400,171.3600,1.799660
hold152,VPWR,li1,243.8000,116.9600,1.798469
hold151,VPWR,li1,197.3400,187.6800,1.799144
hold150,VPWR,li1,93.3800,176.8000,1.798882
hold149,VPWR,li1,195.9600,176.8000,1.798964
hold148,VPWR,li1,85.1000,301.9200,1.799413
hold147,VPWR,li1,50.6000,231.2000,1.799319
hold146,VPWR,li1,260.8200,165.9200,1.798290
hold145,VPWR,li1,21.6200,165.9200,1.799828
hold144,VPWR,li1,40.4800,252.9600,1.799868
hold143,VPWR,li1,138.9200,122.4000,1.799200
hold142,VPWR,li1,38.6400,182.2400,1.799543
hold141,VPWR,li1,69.4600,29.9200,1.799492
hold140,VPWR,li1,190.9000,165.9200,1.799302
hold139,VPWR,li1,69.0000,296.4800,1.799222
hold138,VPWR,li1,241.0400,116.9600,1.798511
hold137,VPWR,li1,153.6400,68.0000,1.799391
hold136,VPWR,li1,120.9800,29.9200,1.799516
hold135,VPWR,li1,30.8200,149.6000,1.799659
hold134,VPWR,li1,9.2000,187.6800,1.799788
hold133,VPWR,li1,16.5600,176.8000,1.799747
hold132,VPWR,li1,119.6000,95.2000,1.798842
hold131,VPWR,li1,148.1200,220.3200,1.799392
hold130,VPWR,li1,133.4000,29.9200,1.799568
hold129,VPWR,li1,272.7800,84.3200,1.798558
hold128,VPWR,li1,136.6200,40.8000,1.799412
hold127,VPWR,li1,143.9800,46.2400,1.799576
hold126,VPWR,li1,105.8000,144.1600,1.799224
hold125,VPWR,li1,52.9000,171.3600,1.799395
hold124,VPWR,li1,32.6600,84.3200,1.799709
hold123,VPWR,li1,24.8400,193.1200,1.799772
hold122,VPWR,li1,37.7200,171.3600,1.799550
hold121,VPWR,li1,140.7600,193.1200,1.799272
hold120,VPWR,li1,87.4000,29.9200,1.799459
hold119,VPWR,li1,175.2600,182.2400,1.799664
hold118,VPWR,li1,193.2000,301.9200,1.799683
hold117,VPWR,li1,196.8800,301.9200,1.799665
hold116,VPWR,li1,118.2200,57.1200,1.799375
hold115,VPWR,li1,143.9800,29.9200,1.799631
hold114,VPWR,li1,85.1000,204.0000,1.798833
hold113,VPWR,li1,172.5000,198.5600,1.799691
hold112,VPWR,li1,11.0400,220.3200,1.799828
hold111,VPWR,li1,88.7800,198.5600,1.799212
hold110,VPWR,li1,114.5400,176.8000,1.798887
hold109,VPWR,li1,89.2400,29.9200,1.799458
hold108,VPWR,li1,105.8000,57.1200,1.799333
hold107,VPWR,li1,207.4600,176.8000,1.798608
hold106,VPWR,li1,118.2200,187.6800,1.799131
hold105,VPWR,li1,56.5800,187.6800,1.799333
hold104,VPWR,li1,35.8800,236.6400,1.799602
hold103,VPWR,li1,170.6600,165.9200,1.799622
hold102,VPWR,li1,115.9200,106.0800,1.799050
hold101,VPWR,li1,38.1800,176.8000,1.799470
hold100,VPWR,li1,157.3200,13.6000,1.799785
hold99,VPWR,li1,41.4000,198.5600,1.799556
hold98,VPWR,li1,260.3600,149.6000,1.798487
hold97,VPWR,li1,46.0000,296.4800,1.799447
hold96,VPWR,li1,109.4800,40.8000,1.799278
hold95,VPWR,li1,73.1400,291.0400,1.799157
hold94,VPWR,li1,110.8600,111.5200,1.798972
hold93,VPWR,li1,274.1600,296.4800,1.799335
hold92,VPWR,li1,274.1600,171.3600,1.798275
hold91,VPWR,li1,66.7000,231.2000,1.799148
hold90,VPWR,li1,25.7600,78.8800,1.799741
hold89,VPWR,li1,270.4800,296.4800,1.799338
hold88,VPWR,li1,55.2000,225.7600,1.799397
hold87,VPWR,li1,269.1000,116.9600,1.798278
hold86,VPWR,li1,243.8000,160.4800,1.798060
hold85,VPWR,li1,162.3800,242.0800,1.799598
hold84,VPWR,li1,34.9600,231.2000,1.799551
hold83,VPWR,li1,55.2000,214.8800,1.799202
hold82,VPWR,li1,31.2800,198.5600,1.799686
hold81,VPWR,li1,77.2800,301.9200,1.799430
hold80,VPWR,li1,63.9400,231.2000,1.799171
hold79,VPWR,li1,264.0400,95.2000,1.797699
hold78,VPWR,li1,179.8600,187.6800,1.799513
hold77,VPWR,li1,140.7600,89.7600,1.799106
hold76,VPWR,li1,25.3000,242.0800,1.799764
hold75,VPWR,li1,105.8000,122.4000,1.799091
hold74,VPWR,li1,40.9400,187.6800,1.799532
hold73,VPWR,li1,168.3600,214.8800,1.799586
hold72,VPWR,li1,269.5600,193.1200,1.798122
hold71,VPWR,li1,29.4400,225.7600,1.799717
hold70,VPWR,li1,235.0600,160.4800,1.798217
hold69,VPWR,li1,108.5600,46.2400,1.799380
hold68,VPWR,li1,49.6800,198.5600,1.799463
hold67,VPWR,li1,77.7400,187.6800,1.799169
hold66,VPWR,li1,48.7600,301.9200,1.799585
hold65,VPWR,li1,53.8200,296.4800,1.799364
hold64,VPWR,li1,142.1400,84.3200,1.799397
hold63,VPWR,li1,194.5800,165.9200,1.799226
hold62,VPWR,li1,171.5800,165.9200,1.799622
hold61,VPWR,li1,218.0400,100.6400,1.798677
hold60,VPWR,li1,54.7400,242.0800,1.799446
hold59,VPWR,li1,254.8400,116.9600,1.798370
hold58,VPWR,li1,9.2000,182.2400,1.799780
hold57,VPWR,li1,37.7200,198.5600,1.799602
hold56,VPWR,li1,233.6800,116.9600,1.798583
hold55,VPWR,li1,258.0600,127.8400,1.798231
hold54,VPWR,li1,20.7000,193.1200,1.799835
hold53,VPWR,li1,31.7400,193.1200,1.799692
hold52,VPWR,li1,264.9600,182.2400,1.798543
hold51,VPWR,li1,246.5600,78.8800,1.798949
hold50,VPWR,li1,54.2800,160.4800,1.799525
hold49,VPWR,li1,182.1600,176.8000,1.799325
hold48,VPWR,li1,234.1400,187.6800,1.798533
hold47,VPWR,li1,138.4600,84.3200,1.799369
hold46,VPWR,li1,12.4200,231.2000,1.799783
hold45,VPWR,li1,53.8200,204.0000,1.799118
hold44,VPWR,li1,77.2800,176.8000,1.798988
hold43,VPWR,li1,76.8200,182.2400,1.799221
hold42,VPWR,li1,47.3800,220.3200,1.799508
hold41,VPWR,li1,247.0200,149.6000,1.798604
hold40,VPWR,li1,248.4000,116.9600,1.798423
hold39,VPWR,li1,256.6800,138.7200,1.797845
hold38,VPWR,li1,201.0200,160.4800,1.798953
hold37,VPWR,li1,207.9200,176.8000,1.798608
hold36,VPWR,li1,32.6600,209.4400,1.799520
hold35,VPWR,li1,169.2800,214.8800,1.799586
hold34,VPWR,li1,78.2000,236.6400,1.799289
hold33,VPWR,li1,237.3600,116.9600,1.798555
hold32,VPWR,li1,188.1400,193.1200,1.799285
hold31,VPWR,li1,191.8200,193.1200,1.799199
clone15,VPWR,li1,205.8500,269.2800,1.799665
rebuffer13,VPWR,li1,199.6400,296.4800,1.799606
clone12,VPWR,li1,188.3700,274.7200,1.799647
clone11,VPWR,li1,229.7700,269.2800,1.799538
clone10,VPWR,li1,200.1000,269.2800,1.799708
clone9,VPWR,li1,155.2500,285.6000,1.799537
clone8,VPWR,li1,103.5000,285.6000,1.799321
rebuffer7,VPWR,li1,208.6100,296.4800,1.799562
rebuffer6,VPWR,li1,205.3900,285.6000,1.799605
rebuffer5,VPWR,li1,205.3900,296.4800,1.799577
rebuffer4,VPWR,li1,217.8100,296.4800,1.799526
rebuffer3,VPWR,li1,213.6700,301.9200,1.799592
clone2,VPWR,li1,240.5800,274.7200,1.799153
rebuffer1,VPWR,li1,252.0800,296.4800,1.799384
clkload85,VPWR,li1,230.6900,187.6800,1.798575
clkload84,VPWR,li1,234.3700,176.8000,1.797977
clkload83,VPWR,li1,282.2100,204.0000,1.798236
clkload82,VPWR,li1,266.5700,209.4400,1.798745
clkload81,VPWR,li1,246.5600,231.2000,1.798843
clkload80,VPWR,li1,291.8700,252.9600,1.798763
clkload79,VPWR,li1,267.4900,285.6000,1.799373
clkload78,VPWR,li1,243.5700,274.7200,1.799122
clkload77,VPWR,li1,233.9100,252.9600,1.799238
clkload76,VPWR,li1,185.3800,171.3600,1.799417
clkload75,VPWR,li1,201.9400,165.9200,1.799104
clkload74,VPWR,li1,204.4700,193.1200,1.798922
clkload73,VPWR,li1,209.0700,252.9600,1.799488
clkload72,VPWR,li1,196.1900,285.6000,1.799644
clkload71,VPWR,li1,166.7500,296.4800,1.799617
clkload70,VPWR,li1,165.1400,252.9600,1.799816
clkload69,VPWR,li1,189.9800,231.2000,1.799449
clkload68,VPWR,li1,163.3000,176.8000,1.799306
clkload67,VPWR,li1,230.4600,73.4400,1.798546
clkload66,VPWR,li1,274.3900,73.4400,1.798322
clkload65,VPWR,li1,247.7100,84.3200,1.798685
clkload64,VPWR,li1,277.3800,95.2000,1.797565
clkload63,VPWR,li1,280.1400,116.9600,1.798235
clkload62,VPWR,li1,283.1300,127.8400,1.798084
clkload61,VPWR,li1,264.5000,133.2800,1.798077
clkload60,VPWR,li1,228.1600,100.6400,1.798504
clkload59,VPWR,li1,251.6200,165.9200,1.798350
clkload58,VPWR,li1,178.4800,122.4000,1.799486
clkload57,VPWR,li1,165.8300,100.6400,1.799439
clkload56,VPWR,li1,184.2300,100.6400,1.799422
clkload55,VPWR,li1,205.1600,84.3200,1.799149
clkload54,VPWR,li1,168.5900,73.4400,1.799461
clkload53,VPWR,li1,211.8300,111.5200,1.798134
clkload52,VPWR,li1,217.3500,133.2800,1.798621
clkload51,VPWR,li1,201.2500,144.1600,1.799053
clkload50,VPWR,li1,172.7300,149.6000,1.799535
clkload49,VPWR,li1,124.4300,193.1200,1.799207
clkload48,VPWR,li1,137.3100,247.5200,1.799365
clkload47,VPWR,li1,136.8500,285.6000,1.799404
clkload46,VPWR,li1,101.8900,296.4800,1.799154
clkload45,VPWR,li1,80.0400,252.9600,1.799730
clkload44,VPWR,li1,89.0100,198.5600,1.799212
clkload43,VPWR,li1,93.1500,171.3600,1.799259
clkload42,VPWR,li1,110.6300,176.8000,1.798871
clkload41,VPWR,li1,117.7600,155.0400,1.798863
clkload40,VPWR,li1,70.1500,269.2800,1.799840
clkload39,VPWR,li1,54.2800,301.9200,1.799545
clkload38,VPWR,li1,26.9100,231.2000,1.799694
clkload37,VPWR,li1,61.1800,236.6400,1.799334
clkload36,VPWR,li1,50.3700,214.8800,1.799281
clkload35,VPWR,li1,23.9200,214.8800,1.799715
clkload34,VPWR,li1,15.8700,204.0000,1.799703
clkload33,VPWR,li1,33.1200,171.3600,1.799606
clkload32,VPWR,li1,55.6600,171.3600,1.799367
clkload31,VPWR,li1,64.4000,187.6800,1.799248
clkload30,VPWR,li1,75.9000,204.0000,1.798870
clkload29,VPWR,li1,94.3000,51.6800,1.799188
clkload28,VPWR,li1,100.0500,29.9200,1.799458
clkload27,VPWR,li1,137.5400,68.0000,1.799260
clkload26,VPWR,li1,127.6500,73.4400,1.798888
clkload25,VPWR,li1,109.4800,73.4400,1.798778
clkload24,VPWR,li1,107.4100,111.5200,1.798976
clkload23,VPWR,li1,132.2500,100.6400,1.799105
clkload22,VPWR,li1,142.3700,111.5200,1.799051
clkload21,VPWR,li1,144.2100,138.7200,1.799265
clkload20,VPWR,li1,98.6700,144.1600,1.799232
clkload19,VPWR,li1,94.0700,127.8400,1.798673
clkload18,VPWR,li1,89.7000,106.0800,1.799059
clkload17,VPWR,li1,54.9700,29.9200,1.799536
clkload16,VPWR,li1,71.9900,40.8000,1.799256
clkload15,VPWR,li1,72.6800,68.0000,1.799204
clkload14,VPWR,li1,70.1500,133.2800,1.798938
clkload13,VPWR,li1,53.5900,144.1600,1.799471
clkload12,VPWR,li1,26.4500,149.6000,1.799724
clkload11,VPWR,li1,24.3800,127.8400,1.799673
clkload10,VPWR,li1,23.9200,100.6400,1.799741
clkload9,VPWR,li1,51.9800,106.0800,1.799374
clkload8,VPWR,li1,53.3600,73.4400,1.799136
clkload7,VPWR,li1,12.6500,73.4400,1.799727
clkload6,VPWR,li1,248.6300,225.7600,1.799210
clkload5,VPWR,li1,196.6500,220.3200,1.799242
clkload4,VPWR,li1,274.3900,116.9600,1.798260
clkload3,VPWR,li1,200.3300,111.5200,1.798521
clkload2,VPWR,li1,97.0600,204.0000,1.798823
clkload1,VPWR,li1,54.5100,209.4400,1.799073
clkload0,VPWR,li1,54.5100,95.2000,1.799061
clkbuf_3_7__f_clk,VPWR,li1,251.6200,225.7600,1.799202
clkbuf_3_6__f_clk,VPWR,li1,199.6400,220.3200,1.799208
clkbuf_3_5__f_clk,VPWR,li1,248.8600,111.5200,1.797303
clkbuf_3_4__f_clk,VPWR,li1,203.7800,111.5200,1.798347
clkbuf_3_3__f_clk,VPWR,li1,102.5800,209.4400,1.798752
clkbuf_3_2__f_clk,VPWR,li1,62.1000,209.4400,1.798963
clkbuf_3_1__f_clk,VPWR,li1,103.9600,89.7600,1.798892
clkbuf_3_0__f_clk,VPWR,li1,61.6400,95.2000,1.798954
clkbuf_0_clk,VPWR,li1,152.7200,155.0400,1.799053
clkbuf_leaf_87_clk,VPWR,li1,25.9900,40.8000,1.799703
clkbuf_leaf_86_clk,VPWR,li1,55.8900,29.9200,1.799536
clkbuf_leaf_85_clk,VPWR,li1,72.9100,40.8000,1.799256
clkbuf_leaf_84_clk,VPWR,li1,76.5900,68.0000,1.799172
clkbuf_leaf_83_clk,VPWR,li1,99.5900,51.6800,1.799167
clkbuf_leaf_82_clk,VPWR,li1,100.0500,24.4800,1.799153
clkbuf_leaf_81_clk,VPWR,li1,137.3100,24.4800,1.799295
clkbuf_leaf_80_clk,VPWR,li1,141.4500,62.5600,1.799334
clkbuf_leaf_79_clk,VPWR,li1,124.4300,73.4400,1.798853
clkbuf_leaf_78_clk,VPWR,li1,106.0300,73.4400,1.798775
clkbuf_leaf_77_clk,VPWR,li1,106.0300,95.2000,1.798788
clkbuf_leaf_76_clk,VPWR,li1,131.3300,95.2000,1.798916
clkbuf_leaf_75_clk,VPWR,li1,138.2300,111.5200,1.799023
clkbuf_leaf_74_clk,VPWR,li1,143.7500,133.2800,1.798897
clkbuf_leaf_73_clk,VPWR,li1,172.2700,122.4000,1.799501
clkbuf_leaf_72_clk,VPWR,li1,166.7500,106.0800,1.799408
clkbuf_leaf_71_clk,VPWR,li1,185.6100,106.0800,1.799266
clkbuf_leaf_70_clk,VPWR,li1,201.2500,84.3200,1.799181
clkbuf_leaf_69_clk,VPWR,li1,168.1300,68.0000,1.799545
clkbuf_leaf_68_clk,VPWR,li1,167.6700,35.3600,1.799712
clkbuf_leaf_67_clk,VPWR,li1,227.4700,68.0000,1.798844
clkbuf_leaf_66_clk,VPWR,li1,268.8700,78.8800,1.798853
clkbuf_leaf_65_clk,VPWR,li1,245.8700,89.7600,1.798006
clkbuf_leaf_64_clk,VPWR,li1,273.4700,100.6400,1.797864
clkbuf_leaf_63_clk,VPWR,li1,281.2900,111.5200,1.797005
clkbuf_leaf_62_clk,VPWR,li1,284.0500,133.2800,1.797957
clkbuf_leaf_61_clk,VPWR,li1,268.4100,138.7200,1.797719
clkbuf_leaf_60_clk,VPWR,li1,238.5100,133.2800,1.798317
clkbuf_leaf_59_clk,VPWR,li1,227.9300,106.0800,1.798404
clkbuf_leaf_58_clk,VPWR,li1,209.0700,116.9600,1.798925
clkbuf_leaf_57_clk,VPWR,li1,222.8700,133.2800,1.798518
clkbuf_leaf_56_clk,VPWR,li1,204.0100,144.1600,1.798997
clkbuf_leaf_55_clk,VPWR,li1,175.9500,149.6000,1.799602
clkbuf_leaf_54_clk,VPWR,li1,182.3900,165.9200,1.799480
clkbuf_leaf_53_clk,VPWR,li1,203.5500,176.8000,1.798706
clkbuf_leaf_52_clk,VPWR,li1,204.9300,187.6800,1.798977
clkbuf_leaf_51_clk,VPWR,li1,231.1500,193.1200,1.798432
clkbuf_leaf_50_clk,VPWR,li1,235.2900,176.8000,1.797977
clkbuf_leaf_49_clk,VPWR,li1,248.6300,160.4800,1.797985
clkbuf_leaf_48_clk,VPWR,li1,278.9900,176.8000,1.797368
clkbuf_leaf_47_clk,VPWR,li1,286.3500,204.0000,1.798220
clkbuf_leaf_46_clk,VPWR,li1,267.4900,209.4400,1.798745
clkbuf_leaf_45_clk,VPWR,li1,253.2300,231.2000,1.798787
clkbuf_leaf_44_clk,VPWR,li1,285.4300,252.9600,1.798776
clkbuf_leaf_43_clk,VPWR,li1,268.4100,291.0400,1.799122
clkbuf_leaf_42_clk,VPWR,li1,244.4900,274.7200,1.799122
clkbuf_leaf_41_clk,VPWR,li1,233.4500,247.5200,1.799108
clkbuf_leaf_40_clk,VPWR,li1,209.0700,252.9600,1.799488
clkbuf_leaf_39_clk,VPWR,li1,197.1100,280.1600,1.799543
clkbuf_leaf_38_clk,VPWR,li1,166.2900,291.0400,1.799514
clkbuf_leaf_37_clk,VPWR,li1,166.2900,258.4000,1.799745
clkbuf_leaf_36_clk,VPWR,li1,195.7300,231.2000,1.799357
clkbuf_leaf_35_clk,VPWR,li1,175.9500,204.0000,1.799634
clkbuf_leaf_34_clk,VPWR,li1,164.4500,176.8000,1.799306
clkbuf_leaf_33_clk,VPWR,li1,137.7700,182.2400,1.799246
clkbuf_leaf_32_clk,VPWR,li1,135.4700,214.8800,1.799148
clkbuf_leaf_31_clk,VPWR,li1,108.7900,231.2000,1.799010
clkbuf_leaf_30_clk,VPWR,li1,139.6100,247.5200,1.799379
clkbuf_leaf_29_clk,VPWR,li1,136.3900,291.0400,1.799136
clkbuf_leaf_28_clk,VPWR,li1,98.6700,291.0400,1.798997
clkbuf_leaf_27_clk,VPWR,li1,80.2700,242.0800,1.799275
clkbuf_leaf_26_clk,VPWR,li1,72.9100,269.2800,1.799832
clkbuf_leaf_25_clk,VPWR,li1,55.4300,296.4800,1.799328
clkbuf_leaf_24_clk,VPWR,li1,34.2700,236.6400,1.799602
clkbuf_leaf_23_clk,VPWR,li1,58.1900,231.2000,1.799233
clkbuf_leaf_22_clk,VPWR,li1,62.7900,214.8800,1.799138
clkbuf_leaf_21_clk,VPWR,li1,27.3700,214.8800,1.799620
clkbuf_leaf_20_clk,VPWR,li1,21.3900,204.0000,1.799719
clkbuf_leaf_19_clk,VPWR,li1,21.3900,176.8000,1.799761
clkbuf_leaf_18_clk,VPWR,li1,37.0300,171.3600,1.799550
clkbuf_leaf_17_clk,VPWR,li1,61.4100,171.3600,1.799336
clkbuf_leaf_16_clk,VPWR,li1,65.5500,187.6800,1.799248
clkbuf_leaf_15_clk,VPWR,li1,70.6100,198.5600,1.799275
clkbuf_leaf_14_clk,VPWR,li1,92.2300,204.0000,1.798814
clkbuf_leaf_13_clk,VPWR,li1,94.0700,176.8000,1.798882
clkbuf_leaf_12_clk,VPWR,li1,111.0900,176.8000,1.798871
clkbuf_leaf_11_clk,VPWR,li1,137.3100,155.0400,1.798908
clkbuf_leaf_10_clk,VPWR,li1,99.1300,149.6000,1.798999
clkbuf_leaf_9_clk,VPWR,li1,98.6700,127.8400,1.798660
clkbuf_leaf_8_clk,VPWR,li1,85.7900,106.0800,1.799073
clkbuf_leaf_7_clk,VPWR,li1,72.9100,133.2800,1.798902
clkbuf_leaf_6_clk,VPWR,li1,54.0500,138.7200,1.799332
clkbuf_leaf_5_clk,VPWR,li1,27.3700,144.1600,1.799746
clkbuf_leaf_4_clk,VPWR,li1,20.4700,122.4000,1.799785
clkbuf_leaf_3_clk,VPWR,li1,26.9100,95.2000,1.799589
clkbuf_leaf_2_clk,VPWR,li1,53.1300,100.6400,1.799273
clkbuf_leaf_1_clk,VPWR,li1,48.0700,73.4400,1.799205
clkbuf_leaf_0_clk,VPWR,li1,17.7100,68.0000,1.799774
lsu_wrapper_447,VPWR,li1,294.6300,19.0400,1.799846
fanout446,VPWR,li1,285.2000,116.9600,1.798221
fanout445,VPWR,li1,277.8400,111.5200,1.797026
fanout444,VPWR,li1,287.9600,263.8400,1.799185
fanout443,VPWR,li1,259.4400,258.4000,1.799172
fanout442,VPWR,li1,278.3000,198.5600,1.798970
fanout441,VPWR,li1,293.9400,198.5600,1.798934
fanout440,VPWR,li1,257.6000,204.0000,1.798484
fanout439,VPWR,li1,231.8400,198.5600,1.799196
fanout438,VPWR,li1,218.9600,258.4000,1.799425
fanout437,VPWR,li1,187.2200,247.5200,1.799625
fanout436,VPWR,li1,229.5400,198.5600,1.799208
fanout435,VPWR,li1,195.0400,193.1200,1.799152
fanout434,VPWR,li1,290.2600,106.0800,1.797917
fanout433,VPWR,li1,293.9400,111.5200,1.796987
fanout432,VPWR,li1,283.8200,160.4800,1.797712
fanout431,VPWR,li1,293.4800,95.2000,1.797512
fanout430,VPWR,li1,184.4600,116.9600,1.799416
fanout429,VPWR,li1,165.6000,236.6400,1.799672
fanout428,VPWR,li1,170.2000,269.2800,1.799883
fanout427,VPWR,li1,94.3000,198.5600,1.799210
fanout426,VPWR,li1,115.4600,280.1600,1.799566
fanout425,VPWR,li1,172.5000,144.1600,1.799605
fanout424,VPWR,li1,171.1200,122.4000,1.799501
fanout423,VPWR,li1,115.4600,122.4000,1.799111
fanout422,VPWR,li1,120.0600,122.4000,1.799127
max_cap421,VPWR,li1,210.9100,296.4800,1.799552
fanout420,VPWR,li1,221.2600,187.6800,1.798714
fanout419,VPWR,li1,169.7400,236.6400,1.799714
fanout418,VPWR,li1,161.4600,236.6400,1.799622
fanout417,VPWR,li1,166.0600,225.7600,1.799597
fanout416,VPWR,li1,161.4600,231.2000,1.799468
fanout415,VPWR,li1,267.7200,149.6000,1.798444
fanout414,VPWR,li1,261.7400,138.7200,1.797777
fanout413,VPWR,li1,277.8400,95.2000,1.797565
fanout412,VPWR,li1,274.6200,95.2000,1.797586
fanout411,VPWR,li1,226.3200,100.6400,1.798536
fanout410,VPWR,li1,260.8200,155.0400,1.798420
fanout409,VPWR,li1,231.8400,165.9200,1.798587
fanout408,VPWR,li1,277.3800,127.8400,1.798103
fanout407,VPWR,li1,277.8400,133.2800,1.797991
fanout406,VPWR,li1,228.1600,111.5200,1.797701
fanout405,VPWR,li1,255.3000,160.4800,1.797900
fanout404,VPWR,li1,257.1400,160.4800,1.797881
fanout403,VPWR,li1,261.7400,100.6400,1.797985
fanout402,VPWR,li1,249.3200,160.4800,1.797985
fanout401,VPWR,li1,252.0800,160.4800,1.797955
fanout400,VPWR,li1,255.3000,100.6400,1.798056
fanout399,VPWR,li1,183.5400,214.8800,1.799570
fanout398,VPWR,li1,178.4800,214.8800,1.799626
fanout397,VPWR,li1,171.5800,209.4400,1.799556
fanout396,VPWR,li1,177.5600,214.8800,1.799656
fanout395,VPWR,li1,120.0600,193.1200,1.799198
fanout394,VPWR,li1,94.3000,225.7600,1.799153
fanout393,VPWR,li1,55.6600,204.0000,1.799090
fanout392,VPWR,li1,89.2400,187.6800,1.799121
fanout391,VPWR,li1,41.8600,182.2400,1.799501
fanout390,VPWR,li1,175.2600,111.5200,1.799422
fanout389,VPWR,li1,178.9400,111.5200,1.799271
fanout388,VPWR,li1,182.1600,78.8800,1.799568
fanout387,VPWR,li1,140.3000,84.3200,1.799385
fanout386,VPWR,li1,96.1400,127.8400,1.798665
fanout385,VPWR,li1,89.7000,127.8400,1.798691
fanout384,VPWR,li1,84.6400,68.0000,1.799139
fanout383,VPWR,li1,33.5800,78.8800,1.799617
fanout382,VPWR,li1,143.5200,149.6000,1.799137
fanout381,VPWR,li1,151.3400,149.6000,1.799221
fanout380,VPWR,li1,160.0800,193.1200,1.799425
fanout379,VPWR,li1,140.3000,198.5600,1.799359
fanout378,VPWR,li1,139.3800,144.1600,1.799290
fanout377,VPWR,li1,91.5400,198.5600,1.799209
fanout376,VPWR,li1,68.5400,204.0000,1.798939
fanout375,VPWR,li1,91.5400,149.6000,1.799032
fanout374,VPWR,li1,63.4800,138.7200,1.799269
fanout373,VPWR,li1,139.8400,116.9600,1.799224
fanout372,VPWR,li1,142.1400,122.4000,1.799211
fanout371,VPWR,li1,150.4200,78.8800,1.799304
fanout370,VPWR,li1,143.9800,78.8800,1.799237
fanout369,VPWR,li1,97.9800,127.8400,1.798660
fanout368,VPWR,li1,94.7600,122.4000,1.799093
fanout367,VPWR,li1,89.2400,57.1200,1.799316
fanout366,VPWR,li1,52.9000,78.8800,1.799369
fanout365,VPWR,li1,145.3600,149.6000,1.799158
fanout364,VPWR,li1,88.3200,155.0400,1.798962
fanout363,VPWR,li1,145.3600,149.6000,1.799158
fanout362,VPWR,li1,172.9600,111.5200,1.799387
fanout361,VPWR,li1,162.8400,100.6400,1.799395
fanout360,VPWR,li1,52.9000,116.9600,1.799346
fanout359,VPWR,li1,161.4600,160.4800,1.799462
fanout358,VPWR,li1,149.0400,149.6000,1.799178
fanout357,VPWR,li1,158.7000,116.9600,1.799398
fanout356,VPWR,li1,138.4600,100.6400,1.799141
fanout355,VPWR,li1,150.8800,209.4400,1.799213
fanout354,VPWR,li1,149.0400,204.0000,1.799209
fanout353,VPWR,li1,120.5200,84.3200,1.799314
fanout352,VPWR,li1,120.5200,78.8800,1.799097
fanout351,VPWR,li1,39.1000,220.3200,1.799594
fanout350,VPWR,li1,16.1000,214.8800,1.799751
fanout349,VPWR,li1,44.6200,35.3600,1.799535
fanout348,VPWR,li1,16.1000,40.8000,1.799782
fanout347,VPWR,li1,41.8600,171.3600,1.799499
fanout346,VPWR,li1,8.7400,176.8000,1.799733
fanout345,VPWR,li1,39.7900,149.6000,1.799538
fanout344,VPWR,li1,17.4800,149.6000,1.799803
fanout343,VPWR,li1,34.5000,73.4400,1.799465
fanout342,VPWR,li1,16.5600,62.5600,1.799803
fanout341,VPWR,li1,124.8900,220.3200,1.799238
fanout340,VPWR,li1,105.8000,220.3200,1.799184
fanout339,VPWR,li1,174.1100,182.2400,1.799629
fanout338,VPWR,li1,159.1600,171.3600,1.799469
fanout337,VPWR,li1,96.8300,57.1200,1.799315
fanout336,VPWR,li1,97.0600,19.0400,1.799301
fanout335,VPWR,li1,43.0100,247.5200,1.799631
fanout334,VPWR,li1,16.5600,242.0800,1.799828
fanout333,VPWR,li1,59.8000,57.1200,1.799437
fanout332,VPWR,li1,55.6600,19.0400,1.799503
fanout331,VPWR,li1,34.5000,182.2400,1.799608
fanout330,VPWR,li1,16.5600,193.1200,1.799824
fanout329,VPWR,li1,32.8900,122.4000,1.799622
fanout328,VPWR,li1,11.9600,116.9600,1.799781
fanout327,VPWR,li1,42.0900,89.7600,1.799471
fanout326,VPWR,li1,16.1000,89.7600,1.799785
fanout325,VPWR,li1,124.8900,160.4800,1.799319
fanout324,VPWR,li1,97.0600,165.9200,1.799219
fanout323,VPWR,li1,100.2800,258.4000,1.799689
fanout322,VPWR,li1,109.9400,242.0800,1.799243
fanout321,VPWR,li1,171.3500,62.5600,1.799723
fanout320,VPWR,li1,147.2000,73.4400,1.799114
fanout319,VPWR,li1,67.3900,73.4400,1.798979
fanout318,VPWR,li1,58.4200,73.4400,1.799088
fanout317,VPWR,li1,72.6800,111.5200,1.799139
fanout316,VPWR,li1,84.1800,116.9600,1.799131
fanout315,VPWR,li1,75.2100,57.1200,1.799347
fanout314,VPWR,li1,76.3600,13.6000,1.799749
fanout313,VPWR,li1,74.5200,263.8400,1.799915
fanout312,VPWR,li1,81.8800,231.2000,1.799049
fanout311,VPWR,li1,178.2500,95.2000,1.799469
fanout310,VPWR,li1,177.1000,89.7600,1.799564
fanout309,VPWR,li1,157.3200,19.0400,1.799611
fanout308,VPWR,li1,152.7200,40.8000,1.799545
fanout307,VPWR,li1,161.4600,258.4000,1.799725
fanout306,VPWR,li1,136.1600,247.5200,1.799364
fanout305,VPWR,li1,167.4400,19.0400,1.799733
fanout304,VPWR,li1,174.8000,40.8000,1.799828
fanout303,VPWR,li1,66.2400,165.9200,1.799303
fanout302,VPWR,li1,71.3000,165.9200,1.799272
fanout301,VPWR,li1,129.9500,51.6800,1.799282
fanout300,VPWR,li1,132.9400,13.6000,1.799685
fanout299,VPWR,li1,71.0700,182.2400,1.799256
fanout298,VPWR,li1,60.2600,187.6800,1.799288
fanout297,VPWR,li1,64.4000,258.4000,1.799763
fanout296,VPWR,li1,67.6200,236.6400,1.799311
fanout295,VPWR,li1,119.1400,187.6800,1.799131
fanout294,VPWR,li1,102.1200,187.6800,1.799102
fanout293,VPWR,li1,122.5900,106.0800,1.799064
fanout292,VPWR,li1,139.8400,78.8800,1.799202
fanout291,VPWR,li1,257.8300,176.8000,1.797581
fanout290,VPWR,li1,184.9200,160.4800,1.799347
fanout289,VPWR,li1,265.8800,111.5200,1.797111
fanout288,VPWR,li1,175.2600,122.4000,1.799568
fanout287,VPWR,li1,250.0100,127.8400,1.798307
fanout286,VPWR,li1,178.0200,144.1600,1.799562
fanout285,VPWR,li1,235.0600,122.4000,1.798416
fanout284,VPWR,li1,184.0000,127.8400,1.799342
fanout283,VPWR,li1,242.6500,138.7200,1.798049
fanout282,VPWR,li1,180.7800,144.1600,1.799498
fanout281,VPWR,li1,186.3000,122.4000,1.799307
fanout280,VPWR,li1,223.5600,122.4000,1.798582
fanout279,VPWR,li1,182.1600,149.6000,1.799479
fanout278,VPWR,li1,214.3600,160.4800,1.798663
fanout277,VPWR,li1,159.6200,122.4000,1.799347
fanout276,VPWR,li1,223.1000,73.4400,1.798643
fanout275,VPWR,li1,214.3600,155.0400,1.798879
fanout274,VPWR,li1,183.5400,133.2800,1.799334
fanout273,VPWR,li1,253.0000,111.5200,1.797241
fanout272,VPWR,li1,176.6400,127.8400,1.799532
fanout271,VPWR,li1,247.9400,176.8000,1.797729
fanout270,VPWR,li1,260.8200,100.6400,1.797985
fanout269,VPWR,li1,278.7600,220.3200,1.798412
fanout268,VPWR,li1,276.0000,220.3200,1.798423
fanout267,VPWR,li1,263.5800,225.7600,1.799149
fanout266,VPWR,li1,260.8200,236.6400,1.798949
fanout265,VPWR,li1,281.0600,160.4800,1.797722
fanout264,VPWR,li1,187.6800,280.1600,1.799627
fanout263,VPWR,li1,176.1800,280.1600,1.799766
fanout262,VPWR,li1,174.3400,280.1600,1.799790
fanout261,VPWR,li1,151.3400,296.4800,1.799442
fanout260,VPWR,li1,146.2800,296.4800,1.799394
fanout259,VPWR,li1,86.0200,291.0400,1.799050
fanout258,VPWR,li1,293.9400,269.2800,1.799323
fanout257,VPWR,li1,283.8200,198.5600,1.798952
fanout256,VPWR,li1,181.2400,209.4400,1.799569
fanout255,VPWR,li1,165.1400,155.0400,1.799310
fanout254,VPWR,li1,97.5200,204.0000,1.798823
fanout253,VPWR,li1,114.0800,111.5200,1.798969
fanout252,VPWR,li1,273.2400,220.3200,1.798437
fanout251,VPWR,li1,161.4600,252.9600,1.799800
fanout250,VPWR,li1,76.8200,258.4000,1.799726
fanout249,VPWR,li1,174.3400,19.0400,1.799814
fanout248,VPWR,li1,120.0600,19.0400,1.799333
fanout247,VPWR,li1,270.4800,176.8000,1.797449
fanout246,VPWR,li1,269.1000,89.7600,1.797773
fanout245,VPWR,li1,188.1400,285.6000,1.799687
fanout244,VPWR,li1,224.4800,274.7200,1.799258
fanout243,VPWR,li1,178.0200,280.1600,1.799741
fanout242,VPWR,li1,270.4800,242.0800,1.798774
fanout241,VPWR,li1,268.6400,242.0800,1.798786
fanout240,VPWR,li1,241.0400,236.6400,1.799112
fanout239,VPWR,li1,241.9600,242.0800,1.798971
fanout238,VPWR,li1,278.3000,204.0000,1.798263
wire237,VPWR,li1,181.7000,285.6000,1.799721
max_cap236,VPWR,li1,271.6300,280.1600,1.799236
max_cap235,VPWR,li1,263.3500,274.7200,1.799058
fanout234,VPWR,li1,200.5600,187.6800,1.799097
fanout233,VPWR,li1,174.3400,209.4400,1.799601
fanout232,VPWR,li1,117.3000,247.5200,1.799330
fanout231,VPWR,li1,184.4600,100.6400,1.799380
fanout230,VPWR,li1,102.5800,127.8400,1.798668
fanout229,VPWR,li1,172.0400,214.8800,1.799646
fanout228,VPWR,li1,123.7400,247.5200,1.799334
fanout227,VPWR,li1,183.0800,111.5200,1.799111
fanout226,VPWR,li1,115.4600,111.5200,1.798972
fanout225,VPWR,li1,162.3800,204.0000,1.799420
fanout224,VPWR,li1,174.8000,165.9200,1.799662
fanout223,VPWR,li1,171.5800,116.9600,1.799567
fanout222,VPWR,li1,110.4000,122.4000,1.799101
fanout221,VPWR,li1,136.6200,225.7600,1.799321
fanout220,VPWR,li1,81.4200,214.8800,1.799035
fanout219,VPWR,li1,146.2800,89.7600,1.799178
fanout218,VPWR,li1,81.4200,127.8400,1.798752
fanout217,VPWR,li1,145.8200,231.2000,1.799296
fanout216,VPWR,li1,97.5200,225.7600,1.799154
fanout215,VPWR,li1,154.5600,84.3200,1.799486
fanout214,VPWR,li1,93.8400,127.8400,1.798673
fanout213,VPWR,li1,148.5800,214.8800,1.799286
fanout212,VPWR,li1,98.9000,214.8800,1.799014
fanout211,VPWR,li1,170.2000,84.3200,1.799634
fanout210,VPWR,li1,114.0800,89.7600,1.798926
fanout209,VPWR,li1,141.2200,214.8800,1.799212
fanout208,VPWR,li1,84.6400,220.3200,1.799228
fanout207,VPWR,li1,165.6000,89.7600,1.799422
fanout206,VPWR,li1,112.7000,111.5200,1.798969
fanout205,VPWR,li1,133.4000,242.0800,1.799337
fanout204,VPWR,li1,85.1000,236.6400,1.799285
fanout203,VPWR,li1,152.2600,111.5200,1.799130
fanout202,VPWR,li1,75.9000,116.9600,1.799165
fanout201,VPWR,li1,138.9200,204.0000,1.799117
fanout200,VPWR,li1,85.1000,236.6400,1.799285
fanout199,VPWR,li1,159.1600,100.6400,1.799346
fanout198,VPWR,li1,86.9400,89.7600,1.798997
max_cap197,VPWR,li1,263.8100,252.9600,1.798951
fanout196,VPWR,li1,152.7200,231.2000,1.799354
fanout195,VPWR,li1,82.8000,204.0000,1.798844
fanout194,VPWR,li1,148.5800,89.7600,1.799204
fanout193,VPWR,li1,77.7400,122.4000,1.799162
fanout192,VPWR,li1,143.9800,231.2000,1.799276
fanout191,VPWR,li1,74.5200,214.8800,1.799061
fanout190,VPWR,li1,156.8600,95.2000,1.799242
fanout189,VPWR,li1,154.1000,84.3200,1.799486
fanout188,VPWR,li1,151.8000,220.3200,1.799419
fanout187,VPWR,li1,84.6400,214.8800,1.799027
fanout186,VPWR,li1,172.0400,84.3200,1.799653
fanout185,VPWR,li1,120.5200,89.7600,1.798960
fanout184,VPWR,li1,157.7800,220.3200,1.799480
fanout183,VPWR,li1,111.7800,220.3200,1.799195
fanout182,VPWR,li1,170.6600,95.2000,1.799465
fanout181,VPWR,li1,117.7600,100.6400,1.799052
fanout180,VPWR,li1,174.3400,214.8800,1.799684
fanout179,VPWR,li1,123.2800,204.0000,1.798962
fanout178,VPWR,li1,180.3200,95.2000,1.799414
fanout177,VPWR,li1,106.2600,127.8400,1.798677
fanout176,VPWR,li1,162.8400,204.0000,1.799420
fanout175,VPWR,li1,97.5200,236.6400,1.799292
fanout174,VPWR,li1,170.2000,111.5200,1.799350
fanout173,VPWR,li1,81.4200,111.5200,1.799089
fanout172,VPWR,li1,143.5200,252.9600,1.799762
fanout171,VPWR,li1,97.5200,231.2000,1.799008
fanout170,VPWR,li1,166.0600,100.6400,1.799439
fanout169,VPWR,li1,76.3600,116.9600,1.799165
fanout168,VPWR,li1,257.3700,263.8400,1.799293
fanout167,VPWR,li1,254.8400,269.2800,1.799428
fanout166,VPWR,li1,214.8200,269.2800,1.799616
fanout165,VPWR,li1,180.5500,269.2800,1.799854
fanout164,VPWR,li1,227.4700,274.7200,1.799231
fanout163,VPWR,li1,185.3800,269.2800,1.799801
fanout162,VPWR,li1,178.9400,291.0400,1.799640
fanout161,VPWR,li1,113.1600,285.6000,1.799315
fanout160,VPWR,li1,191.8200,285.6000,1.799664
output159,VPWR,li1,294.4000,274.7200,1.798975
output158,VPWR,li1,290.7200,84.3200,1.798509
output157,VPWR,li1,290.7200,149.6000,1.798366
output156,VPWR,li1,284.2800,95.2000,1.797534
output155,VPWR,li1,294.4000,171.3600,1.798207
output154,VPWR,li1,290.7200,89.7600,1.797668
output153,VPWR,li1,294.4000,138.7200,1.797613
output152,VPWR,li1,287.9600,95.2000,1.797515
output151,VPWR,li1,290.2600,100.6400,1.797805
output150,VPWR,li1,286.1200,95.2000,1.797520
output149,VPWR,li1,294.4000,160.4800,1.797691
output148,VPWR,li1,275.0800,193.1200,1.798098
output147,VPWR,li1,294.4000,116.9600,1.798206
output146,VPWR,li1,294.4000,209.4400,1.798653
output145,VPWR,li1,294.4000,280.1600,1.799177
output144,VPWR,li1,294.4000,182.2400,1.798433
output143,VPWR,li1,294.4000,198.5600,1.798934
output142,VPWR,li1,294.4000,155.0400,1.798319
output141,VPWR,li1,294.4000,122.4000,1.798021
output140,VPWR,li1,294.4000,247.5200,1.798725
output139,VPWR,li1,294.4000,258.4000,1.799049
output138,VPWR,li1,294.4000,231.2000,1.798646
output137,VPWR,li1,294.4000,285.6000,1.799316
output136,VPWR,li1,294.4000,274.7200,1.798975
output135,VPWR,li1,294.4000,225.7600,1.799068
output134,VPWR,li1,294.4000,214.8800,1.798639
output133,VPWR,li1,294.4000,176.8000,1.797323
output132,VPWR,li1,287.9600,176.8000,1.797333
output131,VPWR,li1,294.4000,204.0000,1.798204
output130,VPWR,li1,287.9600,247.5200,1.798737
output129,VPWR,li1,294.4000,236.6400,1.798808
output128,VPWR,li1,294.4000,127.8400,1.798066
output127,VPWR,li1,294.4000,225.7600,1.799068
output126,VPWR,li1,184.9200,301.9200,1.799732
output125,VPWR,li1,126.5000,301.9200,1.799467
output124,VPWR,li1,270.0200,301.9200,1.799393
output123,VPWR,li1,271.8600,301.9200,1.799391
output122,VPWR,li1,69.0000,301.9200,1.799459
output121,VPWR,li1,39.5600,301.9200,1.799684
output120,VPWR,li1,133.4000,301.9200,1.799502
output119,VPWR,li1,97.9800,301.9200,1.799405
output118,VPWR,li1,77.7400,296.4800,1.799174
output117,VPWR,li1,190.4400,301.9200,1.799704
output116,VPWR,li1,182.1600,301.9200,1.799753
output115,VPWR,li1,86.9400,296.4800,1.799151
output114,VPWR,li1,262.2000,301.9200,1.799414
output113,VPWR,li1,159.1600,301.9200,1.799680
output112,VPWR,li1,45.5400,301.9200,1.799622
output111,VPWR,li1,143.0600,301.9200,1.799561
output110,VPWR,li1,114.0800,301.9200,1.799428
output109,VPWR,li1,91.5400,301.9200,1.799404
output108,VPWR,li1,74.5200,301.9200,1.799438
output107,VPWR,li1,65.7800,301.9200,1.799475
output106,VPWR,li1,51.5200,301.9200,1.799564
output105,VPWR,li1,120.5200,301.9200,1.799445
output104,VPWR,li1,32.6600,301.9200,1.799742
output103,VPWR,li1,294.4000,269.2800,1.799323
input102,VPWR,li1,294.4000,242.0800,1.798720
input101,VPWR,li1,275.3100,133.2800,1.798006
input100,VPWR,li1,294.6300,122.4000,1.798021
input99,VPWR,li1,280.8300,133.2800,1.797967
input98,VPWR,li1,281.2900,209.4400,1.798685
input97,VPWR,li1,283.5900,144.1600,1.798238
input96,VPWR,li1,281.2900,155.0400,1.798348
input95,VPWR,li1,294.6300,187.6800,1.798177
input94,VPWR,li1,281.7500,214.8800,1.798667
input93,VPWR,li1,294.6300,280.1600,1.799177
input92,VPWR,li1,294.6300,291.0400,1.799120
input91,VPWR,li1,294.6300,263.8400,1.799181
input90,VPWR,li1,282.2100,263.8400,1.799201
input89,VPWR,li1,294.6300,236.6400,1.798808
input88,VPWR,li1,284.0500,280.1600,1.799200
input87,VPWR,li1,278.5300,214.8800,1.798674
input86,VPWR,li1,294.6300,193.1200,1.798067
input85,VPWR,li1,294.1700,144.1600,1.798223
input84,VPWR,li1,290.0300,165.9200,1.798178
input83,VPWR,li1,294.6300,247.5200,1.798725
input82,VPWR,li1,294.6300,116.9600,1.798206
input81,VPWR,li1,288.1900,149.6000,1.798370
input80,VPWR,li1,231.1500,301.9200,1.799520
input79,VPWR,li1,252.5400,301.9200,1.799441
input78,VPWR,li1,94.5300,13.6000,1.799708
input77,VPWR,li1,146.5100,301.9200,1.799576
input76,VPWR,li1,102.3500,301.9200,1.799409
input75,VPWR,li1,8.9700,73.4400,1.799726
input74,VPWR,li1,7.5900,149.6000,1.799796
input73,VPWR,li1,7.5900,176.8000,1.799733
input72,VPWR,li1,7.5900,35.3600,1.799817
input71,VPWR,li1,126.7300,13.6000,1.799681
input70,VPWR,li1,7.5900,193.1200,1.799819
input69,VPWR,li1,7.5900,220.3200,1.799828
input68,VPWR,li1,62.3300,301.9200,1.799501
input67,VPWR,li1,7.5900,198.5600,1.799799
input66,VPWR,li1,133.1700,13.6000,1.799685
input65,VPWR,li1,7.5900,155.0400,1.799768
input64,VPWR,li1,165.3700,13.6000,1.799840
input63,VPWR,li1,165.3700,301.9200,1.799721
input62,VPWR,li1,155.7100,13.6000,1.799785
input61,VPWR,li1,168.5900,13.6000,1.799856
input60,VPWR,li1,71.5300,301.9200,1.799449
input59,VPWR,li1,71.9900,13.6000,1.799761
input58,VPWR,li1,120.2900,13.6000,1.799682
input57,VPWR,li1,7.5900,106.0800,1.799794
input56,VPWR,li1,7.5900,73.4400,1.799726
input55,VPWR,li1,139.1500,13.6000,1.799702
input54,VPWR,li1,72.9100,301.9200,1.799449
input53,VPWR,li1,7.5900,165.9200,1.799824
input52,VPWR,li1,7.5900,89.7600,1.799780
input51,VPWR,li1,7.5900,111.5200,1.799781
input50,VPWR,li1,7.5900,193.1200,1.799819
input49,VPWR,li1,49.4500,13.6000,1.799849
input48,VPWR,li1,7.5900,242.0800,1.799822
input47,VPWR,li1,145.1300,301.9200,1.799576
input46,VPWR,li1,245.8700,301.9200,1.799471
input45,VPWR,li1,149.2700,301.9200,1.799606
input44,VPWR,li1,168.5900,301.9200,1.799750
input43,VPWR,li1,162.1500,301.9200,1.799697
input42,VPWR,li1,136.3900,301.9200,1.799513
input41,VPWR,li1,139.6100,301.9200,1.799530
input40,VPWR,li1,128.1100,301.9200,1.799467
input39,VPWR,li1,107.4100,301.9200,1.799416
input38,VPWR,li1,33.3500,296.4800,1.799639
input37,VPWR,li1,186.9900,301.9200,1.799718
input36,VPWR,li1,171.8100,301.9200,1.799779
input35,VPWR,li1,104.1900,301.9200,1.799413
input34,VPWR,li1,174.5700,301.9200,1.799819
input33,VPWR,li1,150.6500,301.9200,1.799606
input32,VPWR,li1,37.9500,301.9200,1.799684
input31,VPWR,li1,117.0700,301.9200,1.799436
input30,VPWR,li1,129.9500,301.9200,1.799480
input29,VPWR,li1,99.5900,301.9200,1.799405
input28,VPWR,li1,56.3500,301.9200,1.799532
input27,VPWR,li1,100.9700,301.9200,1.799409
input26,VPWR,li1,60.4900,301.9200,1.799515
input25,VPWR,li1,115.6900,301.9200,1.799428
input24,VPWR,li1,59.1100,301.9200,1.799515
input23,VPWR,li1,223.5600,301.9200,1.799550
input22,VPWR,li1,225.6300,301.9200,1.799542
input21,VPWR,li1,227.0100,301.9200,1.799542
input20,VPWR,li1,229.7700,301.9200,1.799531
input19,VPWR,li1,220.1100,296.4800,1.799512
input18,VPWR,li1,220.8000,301.9200,1.799562
input17,VPWR,li1,194.3500,291.0400,1.799516
input16,VPWR,li1,206.0800,301.9200,1.799624
input15,VPWR,li1,282.6700,280.1600,1.799200
input14,VPWR,li1,281.2900,280.1600,1.799206
input13,VPWR,li1,202.1700,291.0400,1.799467
input12,VPWR,li1,294.6300,296.4800,1.799334
input11,VPWR,li1,266.8000,301.9200,1.799400
input10,VPWR,li1,249.0900,301.9200,1.799459
input9,VPWR,li1,257.3700,301.9200,1.799424
input8,VPWR,li1,258.9800,301.9200,1.799424
input7,VPWR,li1,236.2100,301.9200,1.799500
input6,VPWR,li1,232.9900,301.9200,1.799513
input5,VPWR,li1,239.6600,301.9200,1.799493
input4,VPWR,li1,228.3900,301.9200,1.799531
input3,VPWR,li1,242.6500,301.9200,1.799482
input2,VPWR,li1,277.8400,301.9200,1.799390
input1,VPWR,li1,280.8300,122.4000,1.798052
lsu_wrapper_468,VPWR,li1,294.6300,296.4800,1.799334
lsu_wrapper_467,VPWR,li1,278.0700,13.6000,1.799922
lsu_wrapper_466,VPWR,li1,294.6300,40.8000,1.799824
lsu_wrapper_465,VPWR,li1,7.5900,296.4800,1.799832
lsu_wrapper_464,VPWR,li1,294.6300,301.9200,1.799390
lsu_wrapper_463,VPWR,li1,7.5900,285.6000,1.799902
lsu_wrapper_462,VPWR,li1,7.5900,285.6000,1.799902
lsu_wrapper_461,VPWR,li1,294.6300,68.0000,1.798707
lsu_wrapper_460,VPWR,li1,196.6500,296.4800,1.799616
lsu_wrapper_459,VPWR,li1,252.3100,13.6000,1.799922
lsu_wrapper_458,VPWR,li1,258.7500,13.6000,1.799922
lsu_wrapper_457,VPWR,li1,7.5900,291.0400,1.799849
lsu_wrapper_456,VPWR,li1,202.6300,301.9200,1.799639
lsu_wrapper_455,VPWR,li1,7.5900,280.1600,1.799942
lsu_wrapper_454,VPWR,li1,274.8500,13.6000,1.799922
lsu_wrapper_453,VPWR,li1,294.6300,24.4800,1.799824
lsu_wrapper_452,VPWR,li1,17.2500,301.9200,1.799877
lsu_wrapper_451,VPWR,li1,281.2900,13.6000,1.799922
lsu_wrapper_450,VPWR,li1,255.5300,13.6000,1.799922
lsu_wrapper_449,VPWR,li1,7.5900,296.4800,1.799832
lsu_wrapper_448,VPWR,li1,7.5900,301.9200,1.799877
TAP_TAPCELL_ROW_106_1412,VPWR,li1,289.1100,301.6130,1.799390
TAP_TAPCELL_ROW_106_1411,VPWR,li1,276.2300,301.6130,1.799390
TAP_TAPCELL_ROW_106_1410,VPWR,li1,263.3500,301.6130,1.799408
TAP_TAPCELL_ROW_106_1409,VPWR,li1,250.4700,301.6130,1.799450
TAP_TAPCELL_ROW_106_1408,VPWR,li1,237.5900,301.6130,1.799500
TAP_TAPCELL_ROW_106_1407,VPWR,li1,224.7100,301.6130,1.799550
TAP_TAPCELL_ROW_106_1406,VPWR,li1,211.8300,301.6130,1.799607
TAP_TAPCELL_ROW_106_1405,VPWR,li1,198.9500,301.6130,1.799656
TAP_TAPCELL_ROW_106_1404,VPWR,li1,186.0700,301.6130,1.799732
TAP_TAPCELL_ROW_106_1403,VPWR,li1,173.1900,301.6130,1.799802
TAP_TAPCELL_ROW_106_1402,VPWR,li1,160.3100,301.6130,1.799680
TAP_TAPCELL_ROW_106_1401,VPWR,li1,147.4300,301.6130,1.799592
TAP_TAPCELL_ROW_106_1400,VPWR,li1,134.5500,301.6130,1.799502
TAP_TAPCELL_ROW_106_1399,VPWR,li1,121.6700,301.6130,1.799445
TAP_TAPCELL_ROW_106_1398,VPWR,li1,108.7900,301.6130,1.799420
TAP_TAPCELL_ROW_106_1397,VPWR,li1,95.9100,301.6130,1.799405
TAP_TAPCELL_ROW_106_1396,VPWR,li1,83.0300,301.6130,1.799417
TAP_TAPCELL_ROW_106_1395,VPWR,li1,70.1500,301.6130,1.799459
TAP_TAPCELL_ROW_106_1394,VPWR,li1,57.2700,301.6130,1.799532
TAP_TAPCELL_ROW_106_1393,VPWR,li1,44.3900,301.6130,1.799622
TAP_TAPCELL_ROW_106_1392,VPWR,li1,31.5100,301.6130,1.799768
TAP_TAPCELL_ROW_106_1391,VPWR,li1,18.6300,301.6130,1.799877
TAP_TAPCELL_ROW_105_1390,VPWR,li1,289.1100,296.7860,1.799335
TAP_TAPCELL_ROW_105_1389,VPWR,li1,263.3500,296.7860,1.799350
TAP_TAPCELL_ROW_105_1388,VPWR,li1,237.5900,296.7860,1.799441
TAP_TAPCELL_ROW_105_1387,VPWR,li1,211.8300,296.7860,1.799552
TAP_TAPCELL_ROW_105_1386,VPWR,li1,186.0700,296.7860,1.799684
TAP_TAPCELL_ROW_105_1385,VPWR,li1,160.3100,296.7860,1.799543
TAP_TAPCELL_ROW_105_1384,VPWR,li1,134.5500,296.7860,1.799302
TAP_TAPCELL_ROW_105_1383,VPWR,li1,108.7900,296.7860,1.799169
TAP_TAPCELL_ROW_105_1382,VPWR,li1,83.0300,296.7860,1.799157
TAP_TAPCELL_ROW_105_1381,VPWR,li1,57.2700,296.7860,1.799312
TAP_TAPCELL_ROW_105_1380,VPWR,li1,31.5100,296.7860,1.799678
TAP_TAPCELL_ROW_104_1379,VPWR,li1,276.2300,296.1730,1.799335
TAP_TAPCELL_ROW_104_1378,VPWR,li1,250.4700,296.1730,1.799393
TAP_TAPCELL_ROW_104_1377,VPWR,li1,224.7100,296.1730,1.799496
TAP_TAPCELL_ROW_104_1376,VPWR,li1,198.9500,296.1730,1.799606
TAP_TAPCELL_ROW_104_1375,VPWR,li1,173.1900,296.1730,1.799727
TAP_TAPCELL_ROW_104_1374,VPWR,li1,147.4300,296.1730,1.799394
TAP_TAPCELL_ROW_104_1373,VPWR,li1,121.6700,296.1730,1.799215
TAP_TAPCELL_ROW_104_1372,VPWR,li1,95.9100,296.1730,1.799147
TAP_TAPCELL_ROW_104_1371,VPWR,li1,70.1500,296.1730,1.799222
TAP_TAPCELL_ROW_104_1370,VPWR,li1,44.3900,296.1730,1.799479
TAP_TAPCELL_ROW_104_1369,VPWR,li1,18.6300,296.1730,1.799832
TAP_TAPCELL_ROW_103_1368,VPWR,li1,289.1100,291.3460,1.799120
TAP_TAPCELL_ROW_103_1367,VPWR,li1,263.3500,291.3460,1.799147
TAP_TAPCELL_ROW_103_1366,VPWR,li1,237.5900,291.3460,1.799265
TAP_TAPCELL_ROW_103_1365,VPWR,li1,211.8300,291.3460,1.799410
TAP_TAPCELL_ROW_103_1364,VPWR,li1,186.0700,291.3460,1.799581
TAP_TAPCELL_ROW_103_1363,VPWR,li1,160.3100,291.3460,1.799416
TAP_TAPCELL_ROW_103_1362,VPWR,li1,134.5500,291.3460,1.799121
TAP_TAPCELL_ROW_103_1361,VPWR,li1,108.7900,291.3460,1.799011
TAP_TAPCELL_ROW_103_1360,VPWR,li1,83.0300,291.3460,1.799071
TAP_TAPCELL_ROW_103_1359,VPWR,li1,57.2700,291.3460,1.799315
TAP_TAPCELL_ROW_103_1358,VPWR,li1,31.5100,291.3460,1.799711
TAP_TAPCELL_ROW_102_1357,VPWR,li1,276.2300,290.7330,1.799120
TAP_TAPCELL_ROW_102_1356,VPWR,li1,250.4700,290.7330,1.799210
TAP_TAPCELL_ROW_102_1355,VPWR,li1,224.7100,290.7330,1.799336
TAP_TAPCELL_ROW_102_1354,VPWR,li1,198.9500,290.7330,1.799487
TAP_TAPCELL_ROW_102_1353,VPWR,li1,173.1900,290.7330,1.799640
TAP_TAPCELL_ROW_102_1352,VPWR,li1,147.4300,290.7330,1.799257
TAP_TAPCELL_ROW_102_1351,VPWR,li1,121.6700,290.7330,1.799060
TAP_TAPCELL_ROW_102_1350,VPWR,li1,95.9100,290.7330,1.799008
TAP_TAPCELL_ROW_102_1349,VPWR,li1,70.1500,290.7330,1.799179
TAP_TAPCELL_ROW_102_1348,VPWR,li1,44.3900,290.7330,1.799493
TAP_TAPCELL_ROW_102_1347,VPWR,li1,18.6300,290.7330,1.799849
TAP_TAPCELL_ROW_101_1346,VPWR,li1,289.1100,285.9060,1.799324
TAP_TAPCELL_ROW_101_1345,VPWR,li1,263.3500,285.9060,1.799386
TAP_TAPCELL_ROW_101_1344,VPWR,li1,237.5900,285.9060,1.799476
TAP_TAPCELL_ROW_101_1343,VPWR,li1,211.8300,285.9060,1.799577
TAP_TAPCELL_ROW_101_1342,VPWR,li1,186.0700,285.9060,1.799698
TAP_TAPCELL_ROW_101_1341,VPWR,li1,160.3100,285.9060,1.799588
TAP_TAPCELL_ROW_101_1340,VPWR,li1,134.5500,285.9060,1.799391
TAP_TAPCELL_ROW_101_1339,VPWR,li1,108.7900,285.9060,1.799316
TAP_TAPCELL_ROW_101_1338,VPWR,li1,83.0300,285.9060,1.799381
TAP_TAPCELL_ROW_101_1337,VPWR,li1,57.2700,285.9060,1.799561
TAP_TAPCELL_ROW_101_1336,VPWR,li1,31.5100,285.9060,1.799811
TAP_TAPCELL_ROW_100_1335,VPWR,li1,276.2300,285.2930,1.799352
TAP_TAPCELL_ROW_100_1334,VPWR,li1,250.4700,285.2930,1.799424
TAP_TAPCELL_ROW_100_1333,VPWR,li1,224.7100,285.2930,1.799523
TAP_TAPCELL_ROW_100_1332,VPWR,li1,198.9500,285.2930,1.799634
TAP_TAPCELL_ROW_100_1331,VPWR,li1,173.1900,285.2930,1.799748
TAP_TAPCELL_ROW_100_1330,VPWR,li1,147.4300,285.2930,1.799466
TAP_TAPCELL_ROW_100_1329,VPWR,li1,121.6700,285.2930,1.799331
TAP_TAPCELL_ROW_100_1328,VPWR,li1,95.9100,285.2930,1.799335
TAP_TAPCELL_ROW_100_1327,VPWR,li1,70.1500,285.2930,1.799450
TAP_TAPCELL_ROW_100_1326,VPWR,li1,44.3900,285.2930,1.799678
TAP_TAPCELL_ROW_100_1325,VPWR,li1,18.6300,285.2930,1.799902
TAP_TAPCELL_ROW_99_1324,VPWR,li1,289.1100,280.4660,1.799183
TAP_TAPCELL_ROW_99_1323,VPWR,li1,263.3500,280.4660,1.799261
TAP_TAPCELL_ROW_99_1322,VPWR,li1,237.5900,280.4660,1.799355
TAP_TAPCELL_ROW_99_1321,VPWR,li1,211.8300,280.4660,1.799471
TAP_TAPCELL_ROW_99_1320,VPWR,li1,186.0700,280.4660,1.799652
TAP_TAPCELL_ROW_99_1319,VPWR,li1,160.3100,280.4660,1.799703
TAP_TAPCELL_ROW_99_1318,VPWR,li1,134.5500,280.4660,1.799586
TAP_TAPCELL_ROW_99_1317,VPWR,li1,108.7900,280.4660,1.799567
TAP_TAPCELL_ROW_99_1316,VPWR,li1,83.0300,280.4660,1.799609
TAP_TAPCELL_ROW_99_1315,VPWR,li1,57.2700,280.4660,1.799735
TAP_TAPCELL_ROW_99_1314,VPWR,li1,31.5100,280.4660,1.799888
TAP_TAPCELL_ROW_98_1313,VPWR,li1,276.2300,279.8530,1.799218
TAP_TAPCELL_ROW_98_1312,VPWR,li1,250.4700,279.8530,1.799299
TAP_TAPCELL_ROW_98_1311,VPWR,li1,224.7100,279.8530,1.799413
TAP_TAPCELL_ROW_98_1310,VPWR,li1,198.9500,279.8530,1.799533
TAP_TAPCELL_ROW_98_1309,VPWR,li1,173.1900,279.8530,1.799779
TAP_TAPCELL_ROW_98_1308,VPWR,li1,147.4300,279.8530,1.799635
TAP_TAPCELL_ROW_98_1307,VPWR,li1,121.6700,279.8530,1.799572
TAP_TAPCELL_ROW_98_1306,VPWR,li1,95.9100,279.8530,1.799573
TAP_TAPCELL_ROW_98_1305,VPWR,li1,70.1500,279.8530,1.799667
TAP_TAPCELL_ROW_98_1304,VPWR,li1,44.3900,279.8530,1.799809
TAP_TAPCELL_ROW_98_1303,VPWR,li1,18.6300,279.8530,1.799942
TAP_TAPCELL_ROW_97_1302,VPWR,li1,289.1100,275.0260,1.798981
TAP_TAPCELL_ROW_97_1301,VPWR,li1,263.3500,275.0260,1.799058
TAP_TAPCELL_ROW_97_1300,VPWR,li1,237.5900,275.0260,1.799174
TAP_TAPCELL_ROW_97_1299,VPWR,li1,211.8300,275.0260,1.799389
TAP_TAPCELL_ROW_97_1298,VPWR,li1,186.0700,275.0260,1.799687
TAP_TAPCELL_ROW_97_1297,VPWR,li1,160.3100,275.0260,1.799822
TAP_TAPCELL_ROW_97_1296,VPWR,li1,134.5500,275.0260,1.799830
TAP_TAPCELL_ROW_97_1295,VPWR,li1,108.7900,275.0260,1.799844
TAP_TAPCELL_ROW_97_1294,VPWR,li1,83.0300,275.0260,1.799885
TAP_TAPCELL_ROW_97_1293,VPWR,li1,57.2700,275.0260,1.799926
TAP_TAPCELL_ROW_97_1292,VPWR,li1,31.5100,275.0260,1.799970
TAP_TAPCELL_ROW_96_1291,VPWR,li1,276.2300,274.4130,1.799015
TAP_TAPCELL_ROW_96_1290,VPWR,li1,250.4700,274.4130,1.799099
TAP_TAPCELL_ROW_96_1289,VPWR,li1,224.7100,274.4130,1.799258
TAP_TAPCELL_ROW_96_1288,VPWR,li1,198.9500,274.4130,1.799524
TAP_TAPCELL_ROW_96_1287,VPWR,li1,173.1900,274.4130,1.799826
TAP_TAPCELL_ROW_96_1286,VPWR,li1,147.4300,274.4130,1.799826
TAP_TAPCELL_ROW_96_1285,VPWR,li1,121.6700,274.4130,1.799834
TAP_TAPCELL_ROW_96_1284,VPWR,li1,95.9100,274.4130,1.799865
TAP_TAPCELL_ROW_96_1283,VPWR,li1,70.1500,274.4130,1.799906
TAP_TAPCELL_ROW_96_1282,VPWR,li1,44.3900,274.4130,1.799947
TAP_TAPCELL_ROW_96_1281,VPWR,li1,18.6300,274.4130,1.799984
TAP_TAPCELL_ROW_95_1280,VPWR,li1,289.1100,269.5860,1.799331
TAP_TAPCELL_ROW_95_1279,VPWR,li1,263.3500,269.5860,1.799402
TAP_TAPCELL_ROW_95_1278,VPWR,li1,237.5900,269.5860,1.799499
TAP_TAPCELL_ROW_95_1277,VPWR,li1,211.8300,269.5860,1.799632
TAP_TAPCELL_ROW_95_1276,VPWR,li1,186.0700,269.5860,1.799801
TAP_TAPCELL_ROW_95_1275,VPWR,li1,160.3100,269.5860,1.799878
TAP_TAPCELL_ROW_95_1274,VPWR,li1,134.5500,269.5860,1.799864
TAP_TAPCELL_ROW_95_1273,VPWR,li1,108.7900,269.5860,1.799851
TAP_TAPCELL_ROW_95_1272,VPWR,li1,83.0300,269.5860,1.799837
TAP_TAPCELL_ROW_95_1271,VPWR,li1,57.2700,269.5860,1.799873
TAP_TAPCELL_ROW_95_1270,VPWR,li1,31.5100,269.5860,1.799948
TAP_TAPCELL_ROW_94_1269,VPWR,li1,276.2300,268.9730,1.799364
TAP_TAPCELL_ROW_94_1268,VPWR,li1,250.4700,268.9730,1.799444
TAP_TAPCELL_ROW_94_1267,VPWR,li1,224.7100,268.9730,1.799564
TAP_TAPCELL_ROW_94_1266,VPWR,li1,198.9500,268.9730,1.799708
TAP_TAPCELL_ROW_94_1265,VPWR,li1,173.1900,268.9730,1.799884
TAP_TAPCELL_ROW_94_1264,VPWR,li1,147.4300,268.9730,1.799871
TAP_TAPCELL_ROW_94_1263,VPWR,li1,121.6700,268.9730,1.799858
TAP_TAPCELL_ROW_94_1262,VPWR,li1,95.9100,268.9730,1.799844
TAP_TAPCELL_ROW_94_1261,VPWR,li1,70.1500,268.9730,1.799840
TAP_TAPCELL_ROW_94_1260,VPWR,li1,44.3900,268.9730,1.799908
TAP_TAPCELL_ROW_94_1259,VPWR,li1,18.6300,268.9730,1.799973
TAP_TAPCELL_ROW_93_1258,VPWR,li1,289.1100,264.1460,1.799185
TAP_TAPCELL_ROW_93_1257,VPWR,li1,263.3500,264.1460,1.799273
TAP_TAPCELL_ROW_93_1256,VPWR,li1,237.5900,264.1460,1.799388
TAP_TAPCELL_ROW_93_1255,VPWR,li1,211.8300,264.1460,1.799570
TAP_TAPCELL_ROW_93_1254,VPWR,li1,186.0700,264.1460,1.799769
TAP_TAPCELL_ROW_93_1253,VPWR,li1,160.3100,264.1460,1.799877
TAP_TAPCELL_ROW_93_1252,VPWR,li1,134.5500,264.1460,1.799885
TAP_TAPCELL_ROW_93_1251,VPWR,li1,108.7900,264.1460,1.799898
TAP_TAPCELL_ROW_93_1250,VPWR,li1,83.0300,264.1460,1.799911
TAP_TAPCELL_ROW_93_1249,VPWR,li1,57.2700,264.1460,1.799937
TAP_TAPCELL_ROW_93_1248,VPWR,li1,31.5100,264.1460,1.799974
TAP_TAPCELL_ROW_92_1247,VPWR,li1,276.2300,263.5330,1.799218
TAP_TAPCELL_ROW_92_1246,VPWR,li1,250.4700,263.5330,1.799327
TAP_TAPCELL_ROW_92_1245,VPWR,li1,224.7100,263.5330,1.799477
TAP_TAPCELL_ROW_92_1244,VPWR,li1,198.9500,263.5330,1.799672
TAP_TAPCELL_ROW_92_1243,VPWR,li1,173.1900,263.5330,1.799881
TAP_TAPCELL_ROW_92_1242,VPWR,li1,147.4300,263.5330,1.799879
TAP_TAPCELL_ROW_92_1241,VPWR,li1,121.6700,263.5330,1.799891
TAP_TAPCELL_ROW_92_1240,VPWR,li1,95.9100,263.5330,1.799904
TAP_TAPCELL_ROW_92_1239,VPWR,li1,70.1500,263.5330,1.799920
TAP_TAPCELL_ROW_92_1238,VPWR,li1,44.3900,263.5330,1.799954
TAP_TAPCELL_ROW_92_1237,VPWR,li1,18.6300,263.5330,1.799986
TAP_TAPCELL_ROW_91_1236,VPWR,li1,289.1100,258.7060,1.799056
TAP_TAPCELL_ROW_91_1235,VPWR,li1,263.3500,258.7060,1.799153
TAP_TAPCELL_ROW_91_1234,VPWR,li1,237.5900,258.7060,1.799297
TAP_TAPCELL_ROW_91_1233,VPWR,li1,211.8300,258.7060,1.799476
TAP_TAPCELL_ROW_91_1232,VPWR,li1,186.0700,258.7060,1.799694
TAP_TAPCELL_ROW_91_1231,VPWR,li1,160.3100,258.7060,1.799720
TAP_TAPCELL_ROW_91_1230,VPWR,li1,134.5500,258.7060,1.799686
TAP_TAPCELL_ROW_91_1229,VPWR,li1,108.7900,258.7060,1.799685
TAP_TAPCELL_ROW_91_1228,VPWR,li1,83.0300,258.7060,1.799717
TAP_TAPCELL_ROW_91_1227,VPWR,li1,57.2700,258.7060,1.799794
TAP_TAPCELL_ROW_91_1226,VPWR,li1,31.5100,258.7060,1.799915
TAP_TAPCELL_ROW_90_1225,VPWR,li1,276.2300,258.0930,1.799098
TAP_TAPCELL_ROW_90_1224,VPWR,li1,250.4700,258.0930,1.799218
TAP_TAPCELL_ROW_90_1223,VPWR,li1,224.7100,258.0930,1.799379
TAP_TAPCELL_ROW_90_1222,VPWR,li1,198.9500,258.0930,1.799574
TAP_TAPCELL_ROW_90_1221,VPWR,li1,173.1900,258.0930,1.799792
TAP_TAPCELL_ROW_90_1220,VPWR,li1,147.4300,258.0930,1.799690
TAP_TAPCELL_ROW_90_1219,VPWR,li1,121.6700,258.0930,1.799686
TAP_TAPCELL_ROW_90_1218,VPWR,li1,95.9100,258.0930,1.799697
TAP_TAPCELL_ROW_90_1217,VPWR,li1,70.1500,258.0930,1.799747
TAP_TAPCELL_ROW_90_1216,VPWR,li1,44.3900,258.0930,1.799851
TAP_TAPCELL_ROW_90_1215,VPWR,li1,18.6300,258.0930,1.799956
TAP_TAPCELL_ROW_89_1214,VPWR,li1,289.1100,253.2660,1.798767
TAP_TAPCELL_ROW_89_1213,VPWR,li1,263.3500,253.2660,1.798951
TAP_TAPCELL_ROW_89_1212,VPWR,li1,237.5900,253.2660,1.799199
TAP_TAPCELL_ROW_89_1211,VPWR,li1,211.8300,253.2660,1.799459
TAP_TAPCELL_ROW_89_1210,VPWR,li1,186.0700,253.2660,1.799743
TAP_TAPCELL_ROW_89_1209,VPWR,li1,160.3100,253.2660,1.799800
TAP_TAPCELL_ROW_89_1208,VPWR,li1,134.5500,253.2660,1.799750
TAP_TAPCELL_ROW_89_1207,VPWR,li1,108.7900,253.2660,1.799711
TAP_TAPCELL_ROW_89_1206,VPWR,li1,83.0300,253.2660,1.799725
TAP_TAPCELL_ROW_89_1205,VPWR,li1,57.2700,253.2660,1.799797
TAP_TAPCELL_ROW_89_1204,VPWR,li1,31.5100,253.2660,1.799913
TAP_TAPCELL_ROW_88_1203,VPWR,li1,276.2300,252.6530,1.798841
TAP_TAPCELL_ROW_88_1202,VPWR,li1,250.4700,252.6530,1.799066
TAP_TAPCELL_ROW_88_1201,VPWR,li1,224.7100,252.6530,1.799341
TAP_TAPCELL_ROW_88_1200,VPWR,li1,198.9500,252.6530,1.799602
TAP_TAPCELL_ROW_88_1199,VPWR,li1,173.1900,252.6530,1.799846
TAP_TAPCELL_ROW_88_1198,VPWR,li1,147.4300,252.6530,1.799768
TAP_TAPCELL_ROW_88_1197,VPWR,li1,121.6700,252.6530,1.799730
TAP_TAPCELL_ROW_88_1196,VPWR,li1,95.9100,252.6530,1.799706
TAP_TAPCELL_ROW_88_1195,VPWR,li1,70.1500,252.6530,1.799754
TAP_TAPCELL_ROW_88_1194,VPWR,li1,44.3900,252.6530,1.799854
TAP_TAPCELL_ROW_88_1193,VPWR,li1,18.6300,252.6530,1.799955
TAP_TAPCELL_ROW_87_1192,VPWR,li1,289.1100,247.8260,1.798731
TAP_TAPCELL_ROW_87_1191,VPWR,li1,263.3500,247.8260,1.798868
TAP_TAPCELL_ROW_87_1190,VPWR,li1,237.5900,247.8260,1.799074
TAP_TAPCELL_ROW_87_1189,VPWR,li1,211.8300,247.8260,1.799332
TAP_TAPCELL_ROW_87_1188,VPWR,li1,186.0700,247.8260,1.799625
TAP_TAPCELL_ROW_87_1187,VPWR,li1,160.3100,247.8260,1.799559
TAP_TAPCELL_ROW_87_1186,VPWR,li1,134.5500,247.8260,1.799357
TAP_TAPCELL_ROW_87_1185,VPWR,li1,108.7900,247.8260,1.799329
TAP_TAPCELL_ROW_87_1184,VPWR,li1,83.0300,247.8260,1.799352
TAP_TAPCELL_ROW_87_1183,VPWR,li1,57.2700,247.8260,1.799502
TAP_TAPCELL_ROW_87_1182,VPWR,li1,31.5100,247.8260,1.799774
TAP_TAPCELL_ROW_86_1181,VPWR,li1,276.2300,247.2130,1.798793
TAP_TAPCELL_ROW_86_1180,VPWR,li1,250.4700,247.2130,1.798966
TAP_TAPCELL_ROW_86_1179,VPWR,li1,224.7100,247.2130,1.799196
TAP_TAPCELL_ROW_86_1178,VPWR,li1,198.9500,247.2130,1.799484
TAP_TAPCELL_ROW_86_1177,VPWR,li1,173.1900,247.2130,1.799730
TAP_TAPCELL_ROW_86_1176,VPWR,li1,147.4300,247.2130,1.799440
TAP_TAPCELL_ROW_86_1175,VPWR,li1,121.6700,247.2130,1.799333
TAP_TAPCELL_ROW_86_1174,VPWR,li1,95.9100,247.2130,1.799333
TAP_TAPCELL_ROW_86_1173,VPWR,li1,70.1500,247.2130,1.799407
TAP_TAPCELL_ROW_86_1172,VPWR,li1,44.3900,247.2130,1.799631
TAP_TAPCELL_ROW_86_1171,VPWR,li1,18.6300,247.2130,1.799882
TAP_TAPCELL_ROW_85_1170,VPWR,li1,289.1100,242.3860,1.798722
TAP_TAPCELL_ROW_85_1169,VPWR,li1,263.3500,242.3860,1.798820
TAP_TAPCELL_ROW_85_1168,VPWR,li1,237.5900,242.3860,1.799022
TAP_TAPCELL_ROW_85_1167,VPWR,li1,211.8300,242.3860,1.799299
TAP_TAPCELL_ROW_85_1166,VPWR,li1,186.0700,242.3860,1.799601
TAP_TAPCELL_ROW_85_1165,VPWR,li1,160.3100,242.3860,1.799575
TAP_TAPCELL_ROW_85_1164,VPWR,li1,134.5500,242.3860,1.799351
TAP_TAPCELL_ROW_85_1163,VPWR,li1,108.7900,242.3860,1.799243
TAP_TAPCELL_ROW_85_1162,VPWR,li1,83.0300,242.3860,1.799270
TAP_TAPCELL_ROW_85_1161,VPWR,li1,57.2700,242.3860,1.799418
TAP_TAPCELL_ROW_85_1160,VPWR,li1,31.5100,242.3860,1.799681
TAP_TAPCELL_ROW_84_1159,VPWR,li1,276.2300,241.7730,1.798754
TAP_TAPCELL_ROW_84_1158,VPWR,li1,250.4700,241.7730,1.798913
TAP_TAPCELL_ROW_84_1157,VPWR,li1,224.7100,241.7730,1.799156
TAP_TAPCELL_ROW_84_1156,VPWR,li1,198.9500,241.7730,1.799426
TAP_TAPCELL_ROW_84_1155,VPWR,li1,173.1900,241.7730,1.799700
TAP_TAPCELL_ROW_84_1154,VPWR,li1,147.4300,241.7730,1.799438
TAP_TAPCELL_ROW_84_1153,VPWR,li1,121.6700,241.7730,1.799279
TAP_TAPCELL_ROW_84_1152,VPWR,li1,95.9100,241.7730,1.799251
TAP_TAPCELL_ROW_84_1151,VPWR,li1,70.1500,241.7730,1.799329
TAP_TAPCELL_ROW_84_1150,VPWR,li1,44.3900,241.7730,1.799535
TAP_TAPCELL_ROW_84_1149,VPWR,li1,18.6300,241.7730,1.799830
TAP_TAPCELL_ROW_83_1148,VPWR,li1,289.1100,236.9460,1.798817
TAP_TAPCELL_ROW_83_1147,VPWR,li1,263.3500,236.9460,1.798938
TAP_TAPCELL_ROW_83_1146,VPWR,li1,237.5900,236.9460,1.799133
TAP_TAPCELL_ROW_83_1145,VPWR,li1,211.8300,236.9460,1.799390
TAP_TAPCELL_ROW_83_1144,VPWR,li1,186.0700,236.9460,1.799635
TAP_TAPCELL_ROW_83_1143,VPWR,li1,160.3100,236.9460,1.799622
TAP_TAPCELL_ROW_83_1142,VPWR,li1,134.5500,236.9460,1.799435
TAP_TAPCELL_ROW_83_1141,VPWR,li1,108.7900,236.9460,1.799314
TAP_TAPCELL_ROW_83_1140,VPWR,li1,83.0300,236.9460,1.799285
TAP_TAPCELL_ROW_83_1139,VPWR,li1,57.2700,236.9460,1.799366
TAP_TAPCELL_ROW_83_1138,VPWR,li1,31.5100,236.9460,1.799642
TAP_TAPCELL_ROW_82_1137,VPWR,li1,276.2300,236.3330,1.798862
TAP_TAPCELL_ROW_82_1136,VPWR,li1,250.4700,236.3330,1.799025
TAP_TAPCELL_ROW_82_1135,VPWR,li1,224.7100,236.3330,1.799259
TAP_TAPCELL_ROW_82_1134,VPWR,li1,198.9500,236.3330,1.799511
TAP_TAPCELL_ROW_82_1133,VPWR,li1,173.1900,236.3330,1.799735
TAP_TAPCELL_ROW_82_1132,VPWR,li1,147.4300,236.3330,1.799516
TAP_TAPCELL_ROW_82_1131,VPWR,li1,121.6700,236.3330,1.799367
TAP_TAPCELL_ROW_82_1130,VPWR,li1,95.9100,236.3330,1.799292
TAP_TAPCELL_ROW_82_1129,VPWR,li1,70.1500,236.3330,1.799305
TAP_TAPCELL_ROW_82_1128,VPWR,li1,44.3900,236.3330,1.799494
TAP_TAPCELL_ROW_82_1127,VPWR,li1,18.6300,236.3330,1.799820
TAP_TAPCELL_ROW_81_1126,VPWR,li1,289.1100,231.5060,1.798647
TAP_TAPCELL_ROW_81_1125,VPWR,li1,263.3500,231.5060,1.798735
TAP_TAPCELL_ROW_81_1124,VPWR,li1,237.5900,231.5060,1.798931
TAP_TAPCELL_ROW_81_1123,VPWR,li1,211.8300,231.5060,1.799186
TAP_TAPCELL_ROW_81_1122,VPWR,li1,186.0700,231.5060,1.799517
TAP_TAPCELL_ROW_81_1121,VPWR,li1,160.3100,231.5060,1.799468
TAP_TAPCELL_ROW_81_1120,VPWR,li1,134.5500,231.5060,1.799179
TAP_TAPCELL_ROW_81_1119,VPWR,li1,108.7900,231.5060,1.799010
TAP_TAPCELL_ROW_81_1118,VPWR,li1,83.0300,231.5060,1.799049
TAP_TAPCELL_ROW_81_1117,VPWR,li1,57.2700,231.5060,1.799233
TAP_TAPCELL_ROW_81_1116,VPWR,li1,31.5100,231.5060,1.799633
TAP_TAPCELL_ROW_80_1115,VPWR,li1,276.2300,230.8930,1.798682
TAP_TAPCELL_ROW_80_1114,VPWR,li1,250.4700,230.8930,1.798814
TAP_TAPCELL_ROW_80_1113,VPWR,li1,224.7100,230.8930,1.799044
TAP_TAPCELL_ROW_80_1112,VPWR,li1,198.9500,230.8930,1.799328
TAP_TAPCELL_ROW_80_1111,VPWR,li1,173.1900,230.8930,1.799641
TAP_TAPCELL_ROW_80_1110,VPWR,li1,147.4300,230.8930,1.799296
TAP_TAPCELL_ROW_80_1109,VPWR,li1,121.6700,230.8930,1.799088
TAP_TAPCELL_ROW_80_1108,VPWR,li1,95.9100,230.8930,1.799011
TAP_TAPCELL_ROW_80_1107,VPWR,li1,70.1500,230.8930,1.799121
TAP_TAPCELL_ROW_80_1106,VPWR,li1,44.3900,230.8930,1.799403
TAP_TAPCELL_ROW_80_1105,VPWR,li1,18.6300,230.8930,1.799785
TAP_TAPCELL_ROW_79_1104,VPWR,li1,289.1100,226.0660,1.799074
TAP_TAPCELL_ROW_79_1103,VPWR,li1,263.3500,226.0660,1.799149
TAP_TAPCELL_ROW_79_1102,VPWR,li1,237.5900,226.0660,1.799270
TAP_TAPCELL_ROW_79_1101,VPWR,li1,211.8300,226.0660,1.799434
TAP_TAPCELL_ROW_79_1100,VPWR,li1,186.0700,226.0660,1.799658
TAP_TAPCELL_ROW_79_1099,VPWR,li1,160.3100,226.0660,1.799529
TAP_TAPCELL_ROW_79_1098,VPWR,li1,134.5500,226.0660,1.799299
TAP_TAPCELL_ROW_79_1097,VPWR,li1,108.7900,226.0660,1.799167
TAP_TAPCELL_ROW_79_1096,VPWR,li1,83.0300,226.0660,1.799185
TAP_TAPCELL_ROW_79_1095,VPWR,li1,57.2700,226.0660,1.799374
TAP_TAPCELL_ROW_79_1094,VPWR,li1,31.5100,226.0660,1.799672
TAP_TAPCELL_ROW_78_1093,VPWR,li1,276.2300,225.4530,1.799112
TAP_TAPCELL_ROW_78_1092,VPWR,li1,250.4700,225.4530,1.799202
TAP_TAPCELL_ROW_78_1091,VPWR,li1,224.7100,225.4530,1.799341
TAP_TAPCELL_ROW_78_1090,VPWR,li1,198.9500,225.4530,1.799531
TAP_TAPCELL_ROW_78_1089,VPWR,li1,173.1900,225.4530,1.799715
TAP_TAPCELL_ROW_78_1088,VPWR,li1,147.4300,225.4530,1.799404
TAP_TAPCELL_ROW_78_1087,VPWR,li1,121.6700,225.4530,1.799219
TAP_TAPCELL_ROW_78_1086,VPWR,li1,95.9100,225.4530,1.799153
TAP_TAPCELL_ROW_78_1085,VPWR,li1,70.1500,225.4530,1.799255
TAP_TAPCELL_ROW_78_1084,VPWR,li1,44.3900,225.4530,1.799523
TAP_TAPCELL_ROW_78_1083,VPWR,li1,18.6300,225.4530,1.799803
TAP_TAPCELL_ROW_77_1082,VPWR,li1,289.1100,220.6260,1.798386
TAP_TAPCELL_ROW_77_1081,VPWR,li1,263.3500,220.6260,1.798527
TAP_TAPCELL_ROW_77_1080,VPWR,li1,237.5900,220.6260,1.798779
TAP_TAPCELL_ROW_77_1079,VPWR,li1,211.8300,220.6260,1.799074
TAP_TAPCELL_ROW_77_1078,VPWR,li1,186.0700,220.6260,1.799439
TAP_TAPCELL_ROW_77_1077,VPWR,li1,160.3100,220.6260,1.799498
TAP_TAPCELL_ROW_77_1076,VPWR,li1,134.5500,220.6260,1.799294
TAP_TAPCELL_ROW_77_1075,VPWR,li1,108.7900,220.6260,1.799190
TAP_TAPCELL_ROW_77_1074,VPWR,li1,83.0300,220.6260,1.799240
TAP_TAPCELL_ROW_77_1073,VPWR,li1,57.2700,220.6260,1.799403
TAP_TAPCELL_ROW_77_1072,VPWR,li1,31.5100,220.6260,1.799692
TAP_TAPCELL_ROW_76_1071,VPWR,li1,276.2300,220.0130,1.798423
TAP_TAPCELL_ROW_76_1070,VPWR,li1,250.4700,220.0130,1.798643
TAP_TAPCELL_ROW_76_1069,VPWR,li1,224.7100,220.0130,1.798932
TAP_TAPCELL_ROW_76_1068,VPWR,li1,198.9500,220.0130,1.799208
TAP_TAPCELL_ROW_76_1067,VPWR,li1,173.1900,220.0130,1.799642
TAP_TAPCELL_ROW_76_1066,VPWR,li1,147.4300,220.0130,1.799392
TAP_TAPCELL_ROW_76_1065,VPWR,li1,121.6700,220.0130,1.799226
TAP_TAPCELL_ROW_76_1064,VPWR,li1,95.9100,220.0130,1.799193
TAP_TAPCELL_ROW_76_1063,VPWR,li1,70.1500,220.0130,1.799315
TAP_TAPCELL_ROW_76_1062,VPWR,li1,44.3900,220.0130,1.799552
TAP_TAPCELL_ROW_76_1061,VPWR,li1,18.6300,220.0130,1.799835
TAP_TAPCELL_ROW_75_1060,VPWR,li1,289.1100,215.1860,1.798646
TAP_TAPCELL_ROW_75_1059,VPWR,li1,263.3500,215.1860,1.798749
TAP_TAPCELL_ROW_75_1058,VPWR,li1,237.5900,215.1860,1.798983
TAP_TAPCELL_ROW_75_1057,VPWR,li1,211.8300,215.1860,1.799267
TAP_TAPCELL_ROW_75_1056,VPWR,li1,186.0700,215.1860,1.799550
TAP_TAPCELL_ROW_75_1055,VPWR,li1,160.3100,215.1860,1.799464
TAP_TAPCELL_ROW_75_1054,VPWR,li1,134.5500,215.1860,1.799131
TAP_TAPCELL_ROW_75_1053,VPWR,li1,108.7900,215.1860,1.799027
TAP_TAPCELL_ROW_75_1052,VPWR,li1,83.0300,215.1860,1.799035
TAP_TAPCELL_ROW_75_1051,VPWR,li1,57.2700,215.1860,1.799180
TAP_TAPCELL_ROW_75_1050,VPWR,li1,31.5100,215.1860,1.799559
TAP_TAPCELL_ROW_74_1049,VPWR,li1,276.2300,214.5730,1.798683
TAP_TAPCELL_ROW_74_1048,VPWR,li1,250.4700,214.5730,1.798853
TAP_TAPCELL_ROW_74_1047,VPWR,li1,224.7100,214.5730,1.799123
TAP_TAPCELL_ROW_74_1046,VPWR,li1,198.9500,214.5730,1.799412
TAP_TAPCELL_ROW_74_1045,VPWR,li1,173.1900,214.5730,1.799646
TAP_TAPCELL_ROW_74_1044,VPWR,li1,147.4300,214.5730,1.799286
TAP_TAPCELL_ROW_74_1043,VPWR,li1,121.6700,214.5730,1.799068
TAP_TAPCELL_ROW_74_1042,VPWR,li1,95.9100,214.5730,1.799013
TAP_TAPCELL_ROW_74_1041,VPWR,li1,70.1500,214.5730,1.799085
TAP_TAPCELL_ROW_74_1040,VPWR,li1,44.3900,214.5730,1.799357
TAP_TAPCELL_ROW_74_1039,VPWR,li1,18.6300,214.5730,1.799755
TAP_TAPCELL_ROW_73_1038,VPWR,li1,289.1100,209.7460,1.798662
TAP_TAPCELL_ROW_73_1037,VPWR,li1,263.3500,209.7460,1.798781
TAP_TAPCELL_ROW_73_1036,VPWR,li1,237.5900,209.7460,1.799008
TAP_TAPCELL_ROW_73_1035,VPWR,li1,211.8300,209.7460,1.799258
TAP_TAPCELL_ROW_73_1034,VPWR,li1,186.0700,209.7460,1.799510
TAP_TAPCELL_ROW_73_1033,VPWR,li1,160.3100,209.7460,1.799373
TAP_TAPCELL_ROW_73_1032,VPWR,li1,134.5500,209.7460,1.799022
TAP_TAPCELL_ROW_73_1031,VPWR,li1,108.7900,209.7460,1.798784
TAP_TAPCELL_ROW_73_1030,VPWR,li1,83.0300,209.7460,1.798811
TAP_TAPCELL_ROW_73_1029,VPWR,li1,57.2700,209.7460,1.799027
TAP_TAPCELL_ROW_73_1028,VPWR,li1,31.5100,209.7460,1.799520
TAP_TAPCELL_ROW_72_1027,VPWR,li1,276.2300,209.1330,1.798704
TAP_TAPCELL_ROW_72_1026,VPWR,li1,250.4700,209.1330,1.798884
TAP_TAPCELL_ROW_72_1025,VPWR,li1,224.7100,209.1330,1.799133
TAP_TAPCELL_ROW_72_1024,VPWR,li1,198.9500,209.1330,1.799387
TAP_TAPCELL_ROW_72_1023,VPWR,li1,173.1900,209.1330,1.799601
TAP_TAPCELL_ROW_72_1022,VPWR,li1,147.4300,209.1330,1.799171
TAP_TAPCELL_ROW_72_1021,VPWR,li1,121.6700,209.1330,1.798884
TAP_TAPCELL_ROW_72_1020,VPWR,li1,95.9100,209.1330,1.798765
TAP_TAPCELL_ROW_72_1019,VPWR,li1,70.1500,209.1330,1.798891
TAP_TAPCELL_ROW_72_1018,VPWR,li1,44.3900,209.1330,1.799281
TAP_TAPCELL_ROW_72_1017,VPWR,li1,18.6300,209.1330,1.799739
TAP_TAPCELL_ROW_71_1016,VPWR,li1,289.1100,204.3060,1.798210
TAP_TAPCELL_ROW_71_1015,VPWR,li1,263.3500,204.3060,1.798420
TAP_TAPCELL_ROW_71_1014,VPWR,li1,237.5900,204.3060,1.798756
TAP_TAPCELL_ROW_71_1013,VPWR,li1,211.8300,204.3060,1.799124
TAP_TAPCELL_ROW_71_1012,VPWR,li1,186.0700,204.3060,1.799497
TAP_TAPCELL_ROW_71_1011,VPWR,li1,160.3100,204.3060,1.799375
TAP_TAPCELL_ROW_71_1010,VPWR,li1,134.5500,204.3060,1.799074
TAP_TAPCELL_ROW_71_1009,VPWR,li1,108.7900,204.3060,1.798875
TAP_TAPCELL_ROW_71_1008,VPWR,li1,83.0300,204.3060,1.798844
TAP_TAPCELL_ROW_71_1007,VPWR,li1,57.2700,204.3060,1.799090
TAP_TAPCELL_ROW_71_1006,VPWR,li1,31.5100,204.3060,1.799509
TAP_TAPCELL_ROW_70_1005,VPWR,li1,276.2300,203.6930,1.798288
TAP_TAPCELL_ROW_70_1004,VPWR,li1,250.4700,203.6930,1.798578
TAP_TAPCELL_ROW_70_1003,VPWR,li1,224.7100,203.6930,1.798935
TAP_TAPCELL_ROW_70_1002,VPWR,li1,198.9500,203.6930,1.799303
TAP_TAPCELL_ROW_70_1001,VPWR,li1,173.1900,203.6930,1.799576
TAP_TAPCELL_ROW_70_1000,VPWR,li1,147.4300,203.6930,1.799209
TAP_TAPCELL_ROW_70_999,VPWR,li1,121.6700,203.6930,1.798962
TAP_TAPCELL_ROW_70_998,VPWR,li1,95.9100,203.6930,1.798820
TAP_TAPCELL_ROW_70_997,VPWR,li1,70.1500,203.6930,1.798920
TAP_TAPCELL_ROW_70_996,VPWR,li1,44.3900,203.6930,1.799281
TAP_TAPCELL_ROW_70_995,VPWR,li1,18.6300,203.6930,1.799709
TAP_TAPCELL_ROW_69_994,VPWR,li1,289.1100,198.8660,1.798940
TAP_TAPCELL_ROW_69_993,VPWR,li1,263.3500,198.8660,1.799041
TAP_TAPCELL_ROW_69_992,VPWR,li1,237.5900,198.8660,1.799169
TAP_TAPCELL_ROW_69_991,VPWR,li1,211.8300,198.8660,1.799365
TAP_TAPCELL_ROW_69_990,VPWR,li1,186.0700,198.8660,1.799613
TAP_TAPCELL_ROW_69_989,VPWR,li1,160.3100,198.8660,1.799568
TAP_TAPCELL_ROW_69_988,VPWR,li1,134.5500,198.8660,1.799315
TAP_TAPCELL_ROW_69_987,VPWR,li1,108.7900,198.8660,1.799221
TAP_TAPCELL_ROW_69_986,VPWR,li1,83.0300,198.8660,1.799225
TAP_TAPCELL_ROW_69_985,VPWR,li1,57.2700,198.8660,1.799389
TAP_TAPCELL_ROW_69_984,VPWR,li1,31.5100,198.8660,1.799686
TAP_TAPCELL_ROW_68_983,VPWR,li1,276.2300,198.2530,1.798981
TAP_TAPCELL_ROW_68_982,VPWR,li1,250.4700,198.2530,1.799099
TAP_TAPCELL_ROW_68_981,VPWR,li1,224.7100,198.2530,1.799256
TAP_TAPCELL_ROW_68_980,VPWR,li1,198.9500,198.2530,1.799489
TAP_TAPCELL_ROW_68_979,VPWR,li1,173.1900,198.2530,1.799720
TAP_TAPCELL_ROW_68_978,VPWR,li1,147.4300,198.2530,1.799419
TAP_TAPCELL_ROW_68_977,VPWR,li1,121.6700,198.2530,1.799256
TAP_TAPCELL_ROW_68_976,VPWR,li1,95.9100,198.2530,1.799210
TAP_TAPCELL_ROW_68_975,VPWR,li1,70.1500,198.2530,1.799275
TAP_TAPCELL_ROW_68_974,VPWR,li1,44.3900,198.2530,1.799528
TAP_TAPCELL_ROW_68_973,VPWR,li1,18.6300,198.2530,1.799810
TAP_TAPCELL_ROW_67_972,VPWR,li1,289.1100,193.4260,1.798069
TAP_TAPCELL_ROW_67_971,VPWR,li1,263.3500,193.4260,1.798157
TAP_TAPCELL_ROW_67_970,VPWR,li1,237.5900,193.4260,1.798370
TAP_TAPCELL_ROW_67_969,VPWR,li1,211.8300,193.4260,1.798772
TAP_TAPCELL_ROW_67_968,VPWR,li1,186.0700,193.4260,1.799350
TAP_TAPCELL_ROW_67_967,VPWR,li1,160.3100,193.4260,1.799425
TAP_TAPCELL_ROW_67_966,VPWR,li1,134.5500,193.4260,1.799244
TAP_TAPCELL_ROW_67_965,VPWR,li1,108.7900,193.4260,1.799196
TAP_TAPCELL_ROW_67_964,VPWR,li1,83.0300,193.4260,1.799248
TAP_TAPCELL_ROW_67_963,VPWR,li1,57.2700,193.4260,1.799403
TAP_TAPCELL_ROW_67_962,VPWR,li1,31.5100,193.4260,1.799692
TAP_TAPCELL_ROW_66_961,VPWR,li1,276.2300,192.8130,1.798098
TAP_TAPCELL_ROW_66_960,VPWR,li1,250.4700,192.8130,1.798253
TAP_TAPCELL_ROW_66_959,VPWR,li1,224.7100,192.8130,1.798559
TAP_TAPCELL_ROW_66_958,VPWR,li1,198.9500,192.8130,1.799054
TAP_TAPCELL_ROW_66_957,VPWR,li1,173.1900,192.8130,1.799571
TAP_TAPCELL_ROW_66_956,VPWR,li1,147.4300,192.8130,1.799315
TAP_TAPCELL_ROW_66_955,VPWR,li1,121.6700,192.8130,1.799198
TAP_TAPCELL_ROW_66_954,VPWR,li1,95.9100,192.8130,1.799215
TAP_TAPCELL_ROW_66_953,VPWR,li1,70.1500,192.8130,1.799313
TAP_TAPCELL_ROW_66_952,VPWR,li1,44.3900,192.8130,1.799533
TAP_TAPCELL_ROW_66_951,VPWR,li1,18.6300,192.8130,1.799830
TAP_TAPCELL_ROW_65_950,VPWR,li1,289.1100,187.9860,1.798179
TAP_TAPCELL_ROW_65_949,VPWR,li1,263.3500,187.9860,1.798275
TAP_TAPCELL_ROW_65_948,VPWR,li1,237.5900,187.9860,1.798504
TAP_TAPCELL_ROW_65_947,VPWR,li1,211.8300,187.9860,1.798867
TAP_TAPCELL_ROW_65_946,VPWR,li1,186.0700,187.9860,1.799379
TAP_TAPCELL_ROW_65_945,VPWR,li1,160.3100,187.9860,1.799424
TAP_TAPCELL_ROW_65_944,VPWR,li1,134.5500,187.9860,1.799200
TAP_TAPCELL_ROW_65_943,VPWR,li1,108.7900,187.9860,1.799109
TAP_TAPCELL_ROW_65_942,VPWR,li1,83.0300,187.9860,1.799143
TAP_TAPCELL_ROW_65_941,VPWR,li1,57.2700,187.9860,1.799333
TAP_TAPCELL_ROW_65_940,VPWR,li1,31.5100,187.9860,1.799655
TAP_TAPCELL_ROW_64_939,VPWR,li1,276.2300,187.3730,1.798211
TAP_TAPCELL_ROW_64_938,VPWR,li1,250.4700,187.3730,1.798374
TAP_TAPCELL_ROW_64_937,VPWR,li1,224.7100,187.3730,1.798673
TAP_TAPCELL_ROW_64_936,VPWR,li1,198.9500,187.3730,1.799097
TAP_TAPCELL_ROW_64_935,VPWR,li1,173.1900,187.3730,1.799581
TAP_TAPCELL_ROW_64_934,VPWR,li1,147.4300,187.3730,1.799304
TAP_TAPCELL_ROW_64_933,VPWR,li1,121.6700,187.3730,1.799142
TAP_TAPCELL_ROW_64_932,VPWR,li1,95.9100,187.3730,1.799109
TAP_TAPCELL_ROW_64_931,VPWR,li1,70.1500,187.3730,1.799212
TAP_TAPCELL_ROW_64_930,VPWR,li1,44.3900,187.3730,1.799481
TAP_TAPCELL_ROW_64_929,VPWR,li1,18.6300,187.3730,1.799803
TAP_TAPCELL_ROW_63_928,VPWR,li1,289.1100,182.5460,1.798440
TAP_TAPCELL_ROW_63_927,VPWR,li1,263.3500,182.5460,1.798555
TAP_TAPCELL_ROW_63_926,VPWR,li1,237.5900,182.5460,1.798749
TAP_TAPCELL_ROW_63_925,VPWR,li1,211.8300,182.5460,1.799065
TAP_TAPCELL_ROW_63_924,VPWR,li1,186.0700,182.5460,1.799458
TAP_TAPCELL_ROW_63_923,VPWR,li1,160.3100,182.5460,1.799475
TAP_TAPCELL_ROW_63_922,VPWR,li1,134.5500,182.5460,1.799234
TAP_TAPCELL_ROW_63_921,VPWR,li1,108.7900,182.5460,1.799160
TAP_TAPCELL_ROW_63_920,VPWR,li1,83.0300,182.5460,1.799199
TAP_TAPCELL_ROW_63_919,VPWR,li1,57.2700,182.5460,1.799354
TAP_TAPCELL_ROW_63_918,VPWR,li1,31.5100,182.5460,1.799643
TAP_TAPCELL_ROW_62_917,VPWR,li1,276.2300,181.9330,1.798482
TAP_TAPCELL_ROW_62_916,VPWR,li1,250.4700,181.9330,1.798642
TAP_TAPCELL_ROW_62_915,VPWR,li1,224.7100,181.9330,1.798909
TAP_TAPCELL_ROW_62_914,VPWR,li1,198.9500,181.9330,1.799265
TAP_TAPCELL_ROW_62_913,VPWR,li1,173.1900,181.9330,1.799629
TAP_TAPCELL_ROW_62_912,VPWR,li1,147.4300,181.9330,1.799338
TAP_TAPCELL_ROW_62_911,VPWR,li1,121.6700,181.9330,1.799180
TAP_TAPCELL_ROW_62_910,VPWR,li1,95.9100,181.9330,1.799174
TAP_TAPCELL_ROW_62_909,VPWR,li1,70.1500,181.9330,1.799256
TAP_TAPCELL_ROW_62_908,VPWR,li1,44.3900,181.9330,1.799474
TAP_TAPCELL_ROW_62_907,VPWR,li1,18.6300,181.9330,1.799790
TAP_TAPCELL_ROW_61_906,VPWR,li1,289.1100,177.1060,1.797333
TAP_TAPCELL_ROW_61_905,VPWR,li1,263.3500,177.1060,1.797520
TAP_TAPCELL_ROW_61_904,VPWR,li1,237.5900,177.1060,1.797933
TAP_TAPCELL_ROW_61_903,VPWR,li1,211.8300,177.1060,1.798541
TAP_TAPCELL_ROW_61_902,VPWR,li1,186.0700,177.1060,1.799231
TAP_TAPCELL_ROW_61_901,VPWR,li1,160.3100,177.1060,1.799256
TAP_TAPCELL_ROW_61_900,VPWR,li1,134.5500,177.1060,1.799012
TAP_TAPCELL_ROW_61_899,VPWR,li1,108.7900,177.1060,1.798869
TAP_TAPCELL_ROW_61_898,VPWR,li1,83.0300,177.1060,1.798944
TAP_TAPCELL_ROW_61_897,VPWR,li1,57.2700,177.1060,1.799193
TAP_TAPCELL_ROW_61_896,VPWR,li1,31.5100,177.1060,1.799581
TAP_TAPCELL_ROW_60_895,VPWR,li1,276.2300,176.4930,1.797394
TAP_TAPCELL_ROW_60_894,VPWR,li1,250.4700,176.4930,1.797696
TAP_TAPCELL_ROW_60_893,VPWR,li1,224.7100,176.4930,1.798223
TAP_TAPCELL_ROW_60_892,VPWR,li1,198.9500,176.4930,1.798834
TAP_TAPCELL_ROW_60_891,VPWR,li1,173.1900,176.4930,1.799458
TAP_TAPCELL_ROW_60_890,VPWR,li1,147.4300,176.4930,1.799124
TAP_TAPCELL_ROW_60_889,VPWR,li1,121.6700,176.4930,1.798925
TAP_TAPCELL_ROW_60_888,VPWR,li1,95.9100,176.4930,1.798878
TAP_TAPCELL_ROW_60_887,VPWR,li1,70.1500,176.4930,1.799061
TAP_TAPCELL_ROW_60_886,VPWR,li1,44.3900,176.4930,1.799371
TAP_TAPCELL_ROW_60_885,VPWR,li1,18.6300,176.4930,1.799753
TAP_TAPCELL_ROW_59_884,VPWR,li1,289.1100,171.6660,1.798213
TAP_TAPCELL_ROW_59_883,VPWR,li1,263.3500,171.6660,1.798339
TAP_TAPCELL_ROW_59_882,VPWR,li1,237.5900,171.6660,1.798592
TAP_TAPCELL_ROW_59_881,VPWR,li1,211.8300,171.6660,1.798978
TAP_TAPCELL_ROW_59_880,VPWR,li1,186.0700,171.6660,1.799417
TAP_TAPCELL_ROW_59_879,VPWR,li1,160.3100,171.6660,1.799469
TAP_TAPCELL_ROW_59_878,VPWR,li1,134.5500,171.6660,1.799309
TAP_TAPCELL_ROW_59_877,VPWR,li1,108.7900,171.6660,1.799259
TAP_TAPCELL_ROW_59_876,VPWR,li1,83.0300,171.6660,1.799271
TAP_TAPCELL_ROW_59_875,VPWR,li1,57.2700,171.6660,1.799367
TAP_TAPCELL_ROW_59_874,VPWR,li1,31.5100,171.6660,1.799633
TAP_TAPCELL_ROW_58_873,VPWR,li1,276.2300,171.0530,1.798266
TAP_TAPCELL_ROW_58_872,VPWR,li1,250.4700,171.0530,1.798451
TAP_TAPCELL_ROW_58_871,VPWR,li1,224.7100,171.0530,1.798782
TAP_TAPCELL_ROW_58_870,VPWR,li1,198.9500,171.0530,1.799193
TAP_TAPCELL_ROW_58_869,VPWR,li1,173.1900,171.0530,1.799611
TAP_TAPCELL_ROW_58_868,VPWR,li1,147.4300,171.0530,1.799379
TAP_TAPCELL_ROW_58_867,VPWR,li1,121.6700,171.0530,1.799275
TAP_TAPCELL_ROW_58_866,VPWR,li1,95.9100,171.0530,1.799258
TAP_TAPCELL_ROW_58_865,VPWR,li1,70.1500,171.0530,1.799300
TAP_TAPCELL_ROW_58_864,VPWR,li1,44.3900,171.0530,1.799472
TAP_TAPCELL_ROW_58_863,VPWR,li1,18.6300,171.0530,1.799790
TAP_TAPCELL_ROW_57_862,VPWR,li1,289.1100,166.2260,1.798178
TAP_TAPCELL_ROW_57_861,VPWR,li1,263.3500,166.2260,1.798277
TAP_TAPCELL_ROW_57_860,VPWR,li1,237.5900,166.2260,1.798512
TAP_TAPCELL_ROW_57_859,VPWR,li1,211.8300,166.2260,1.798893
TAP_TAPCELL_ROW_57_858,VPWR,li1,186.0700,166.2260,1.799418
TAP_TAPCELL_ROW_57_857,VPWR,li1,160.3100,166.2260,1.799534
TAP_TAPCELL_ROW_57_856,VPWR,li1,134.5500,166.2260,1.799352
TAP_TAPCELL_ROW_57_855,VPWR,li1,108.7900,166.2260,1.799237
TAP_TAPCELL_ROW_57_854,VPWR,li1,83.0300,166.2260,1.799233
TAP_TAPCELL_ROW_57_853,VPWR,li1,57.2700,166.2260,1.799388
TAP_TAPCELL_ROW_57_852,VPWR,li1,31.5100,166.2260,1.799679
TAP_TAPCELL_ROW_56_851,VPWR,li1,276.2300,165.6130,1.798214
TAP_TAPCELL_ROW_56_850,VPWR,li1,250.4700,165.6130,1.798379
TAP_TAPCELL_ROW_56_849,VPWR,li1,224.7100,165.6130,1.798703
TAP_TAPCELL_ROW_56_848,VPWR,li1,198.9500,165.6130,1.799146
TAP_TAPCELL_ROW_56_847,VPWR,li1,173.1900,165.6130,1.799642
TAP_TAPCELL_ROW_56_846,VPWR,li1,147.4300,165.6130,1.799430
TAP_TAPCELL_ROW_56_845,VPWR,li1,121.6700,165.6130,1.799286
TAP_TAPCELL_ROW_56_844,VPWR,li1,95.9100,165.6130,1.799219
TAP_TAPCELL_ROW_56_843,VPWR,li1,70.1500,165.6130,1.799284
TAP_TAPCELL_ROW_56_842,VPWR,li1,44.3900,165.6130,1.799525
TAP_TAPCELL_ROW_56_841,VPWR,li1,18.6300,165.6130,1.799826
TAP_TAPCELL_ROW_55_840,VPWR,li1,289.1100,160.7860,1.797698
TAP_TAPCELL_ROW_55_839,VPWR,li1,263.3500,160.7860,1.797838
TAP_TAPCELL_ROW_55_838,VPWR,li1,237.5900,160.7860,1.798178
TAP_TAPCELL_ROW_55_837,VPWR,li1,211.8300,160.7860,1.798712
TAP_TAPCELL_ROW_55_836,VPWR,li1,186.0700,160.7860,1.799347
TAP_TAPCELL_ROW_55_835,VPWR,li1,160.3100,160.7860,1.799462
TAP_TAPCELL_ROW_55_834,VPWR,li1,134.5500,160.7860,1.799346
TAP_TAPCELL_ROW_55_833,VPWR,li1,108.7900,160.7860,1.799309
TAP_TAPCELL_ROW_55_832,VPWR,li1,83.0300,160.7860,1.799358
TAP_TAPCELL_ROW_55_831,VPWR,li1,57.2700,160.7860,1.799506
TAP_TAPCELL_ROW_55_830,VPWR,li1,31.5100,160.7860,1.799757
TAP_TAPCELL_ROW_54_829,VPWR,li1,276.2300,160.1730,1.797747
TAP_TAPCELL_ROW_54_828,VPWR,li1,250.4700,160.1730,1.797955
TAP_TAPCELL_ROW_54_827,VPWR,li1,224.7100,160.1730,1.798442
TAP_TAPCELL_ROW_54_826,VPWR,li1,198.9500,160.1730,1.799041
TAP_TAPCELL_ROW_54_825,VPWR,li1,173.1900,160.1730,1.799563
TAP_TAPCELL_ROW_54_824,VPWR,li1,147.4300,160.1730,1.799396
TAP_TAPCELL_ROW_54_823,VPWR,li1,121.6700,160.1730,1.799316
TAP_TAPCELL_ROW_54_822,VPWR,li1,95.9100,160.1730,1.799330
TAP_TAPCELL_ROW_54_821,VPWR,li1,70.1500,160.1730,1.799413
TAP_TAPCELL_ROW_54_820,VPWR,li1,44.3900,160.1730,1.799627
TAP_TAPCELL_ROW_54_819,VPWR,li1,18.6300,160.1730,1.799845
TAP_TAPCELL_ROW_53_818,VPWR,li1,289.1100,155.3460,1.798325
TAP_TAPCELL_ROW_53_817,VPWR,li1,263.3500,155.3460,1.798413
TAP_TAPCELL_ROW_53_816,VPWR,li1,237.5900,155.3460,1.798608
TAP_TAPCELL_ROW_53_815,VPWR,li1,211.8300,155.3460,1.798916
TAP_TAPCELL_ROW_53_814,VPWR,li1,186.0700,155.3460,1.799363
TAP_TAPCELL_ROW_53_813,VPWR,li1,160.3100,155.3460,1.799174
TAP_TAPCELL_ROW_53_812,VPWR,li1,134.5500,155.3460,1.798893
TAP_TAPCELL_ROW_53_811,VPWR,li1,108.7900,155.3460,1.798878
TAP_TAPCELL_ROW_53_810,VPWR,li1,83.0300,155.3460,1.799004
TAP_TAPCELL_ROW_53_809,VPWR,li1,57.2700,155.3460,1.799248
TAP_TAPCELL_ROW_53_808,VPWR,li1,31.5100,155.3460,1.799624
TAP_TAPCELL_ROW_52_807,VPWR,li1,276.2300,154.7330,1.798362
TAP_TAPCELL_ROW_52_806,VPWR,li1,250.4700,154.7330,1.798486
TAP_TAPCELL_ROW_52_805,VPWR,li1,224.7100,154.7330,1.798744
TAP_TAPCELL_ROW_52_804,VPWR,li1,198.9500,154.7330,1.799129
TAP_TAPCELL_ROW_52_803,VPWR,li1,173.1900,154.7330,1.799481
TAP_TAPCELL_ROW_52_802,VPWR,li1,147.4300,154.7330,1.798988
TAP_TAPCELL_ROW_52_801,VPWR,li1,121.6700,154.7330,1.798865
TAP_TAPCELL_ROW_52_800,VPWR,li1,95.9100,154.7330,1.798916
TAP_TAPCELL_ROW_52_799,VPWR,li1,70.1500,154.7330,1.799113
TAP_TAPCELL_ROW_52_798,VPWR,li1,44.3900,154.7330,1.799410
TAP_TAPCELL_ROW_52_797,VPWR,li1,18.6300,154.7330,1.799779
TAP_TAPCELL_ROW_51_796,VPWR,li1,289.1100,149.9060,1.798366
TAP_TAPCELL_ROW_51_795,VPWR,li1,263.3500,149.9060,1.798472
TAP_TAPCELL_ROW_51_794,VPWR,li1,237.5900,149.9060,1.798706
TAP_TAPCELL_ROW_51_793,VPWR,li1,211.8300,149.9060,1.799037
TAP_TAPCELL_ROW_51_792,VPWR,li1,186.0700,149.9060,1.799426
TAP_TAPCELL_ROW_51_791,VPWR,li1,160.3100,149.9060,1.799340
TAP_TAPCELL_ROW_51_790,VPWR,li1,134.5500,149.9060,1.799079
TAP_TAPCELL_ROW_51_789,VPWR,li1,108.7900,149.9060,1.799001
TAP_TAPCELL_ROW_51_788,VPWR,li1,83.0300,149.9060,1.799091
TAP_TAPCELL_ROW_51_787,VPWR,li1,57.2700,149.9060,1.799318
TAP_TAPCELL_ROW_51_786,VPWR,li1,31.5100,149.9060,1.799659
TAP_TAPCELL_ROW_50_785,VPWR,li1,276.2300,149.2930,1.798402
TAP_TAPCELL_ROW_50_784,VPWR,li1,250.4700,149.2930,1.798582
TAP_TAPCELL_ROW_50_783,VPWR,li1,224.7100,149.2930,1.798857
TAP_TAPCELL_ROW_50_782,VPWR,li1,198.9500,149.2930,1.799236
TAP_TAPCELL_ROW_50_781,VPWR,li1,173.1900,149.2930,1.799535
TAP_TAPCELL_ROW_50_780,VPWR,li1,147.4300,149.2930,1.799178
TAP_TAPCELL_ROW_50_779,VPWR,li1,121.6700,149.2930,1.799031
TAP_TAPCELL_ROW_50_778,VPWR,li1,95.9100,149.2930,1.799017
TAP_TAPCELL_ROW_50_777,VPWR,li1,70.1500,149.2930,1.799194
TAP_TAPCELL_ROW_50_776,VPWR,li1,44.3900,149.2930,1.799468
TAP_TAPCELL_ROW_50_775,VPWR,li1,18.6300,149.2930,1.799807
TAP_TAPCELL_ROW_49_774,VPWR,li1,289.1100,144.4660,1.798228
TAP_TAPCELL_ROW_49_773,VPWR,li1,263.3500,144.4660,1.798314
TAP_TAPCELL_ROW_49_772,VPWR,li1,237.5900,144.4660,1.798553
TAP_TAPCELL_ROW_49_771,VPWR,li1,211.8300,144.4660,1.798885
TAP_TAPCELL_ROW_49_770,VPWR,li1,186.0700,144.4660,1.799391
TAP_TAPCELL_ROW_49_769,VPWR,li1,160.3100,144.4660,1.799472
TAP_TAPCELL_ROW_49_768,VPWR,li1,134.5500,144.4660,1.799262
TAP_TAPCELL_ROW_49_767,VPWR,li1,108.7900,144.4660,1.799222
TAP_TAPCELL_ROW_49_766,VPWR,li1,83.0300,144.4660,1.799285
TAP_TAPCELL_ROW_49_765,VPWR,li1,57.2700,144.4660,1.799443
TAP_TAPCELL_ROW_49_764,VPWR,li1,31.5100,144.4660,1.799703
TAP_TAPCELL_ROW_48_763,VPWR,li1,276.2300,143.8530,1.798257
TAP_TAPCELL_ROW_48_762,VPWR,li1,250.4700,143.8530,1.798409
TAP_TAPCELL_ROW_48_761,VPWR,li1,224.7100,143.8530,1.798700
TAP_TAPCELL_ROW_48_760,VPWR,li1,198.9500,143.8530,1.799124
TAP_TAPCELL_ROW_48_759,VPWR,li1,173.1900,143.8530,1.799605
TAP_TAPCELL_ROW_48_758,VPWR,li1,147.4300,143.8530,1.799338
TAP_TAPCELL_ROW_48_757,VPWR,li1,121.6700,143.8530,1.799228
TAP_TAPCELL_ROW_48_756,VPWR,li1,95.9100,143.8530,1.799238
TAP_TAPCELL_ROW_48_755,VPWR,li1,70.1500,143.8530,1.799349
TAP_TAPCELL_ROW_48_754,VPWR,li1,44.3900,143.8530,1.799547
TAP_TAPCELL_ROW_48_753,VPWR,li1,18.6300,143.8530,1.799824
TAP_TAPCELL_ROW_47_752,VPWR,li1,289.1100,139.0260,1.797622
TAP_TAPCELL_ROW_47_751,VPWR,li1,263.3500,139.0260,1.797777
TAP_TAPCELL_ROW_47_750,VPWR,li1,237.5900,139.0260,1.798166
TAP_TAPCELL_ROW_47_749,VPWR,li1,211.8300,139.0260,1.798659
TAP_TAPCELL_ROW_47_748,VPWR,li1,186.0700,139.0260,1.799284
TAP_TAPCELL_ROW_47_747,VPWR,li1,160.3100,139.0260,1.799362
TAP_TAPCELL_ROW_47_746,VPWR,li1,134.5500,139.0260,1.799222
TAP_TAPCELL_ROW_47_745,VPWR,li1,108.7900,139.0260,1.799158
TAP_TAPCELL_ROW_47_744,VPWR,li1,83.0300,139.0260,1.799168
TAP_TAPCELL_ROW_47_743,VPWR,li1,57.2700,139.0260,1.799313
TAP_TAPCELL_ROW_47_742,VPWR,li1,31.5100,139.0260,1.799649
TAP_TAPCELL_ROW_46_741,VPWR,li1,276.2300,138.4130,1.797670
TAP_TAPCELL_ROW_46_740,VPWR,li1,250.4700,138.4130,1.797932
TAP_TAPCELL_ROW_46_739,VPWR,li1,224.7100,138.4130,1.798417
TAP_TAPCELL_ROW_46_738,VPWR,li1,198.9500,138.4130,1.798997
TAP_TAPCELL_ROW_46_737,VPWR,li1,173.1900,138.4130,1.799526
TAP_TAPCELL_ROW_46_736,VPWR,li1,147.4300,138.4130,1.799286
TAP_TAPCELL_ROW_46_735,VPWR,li1,121.6700,138.4130,1.799183
TAP_TAPCELL_ROW_46_734,VPWR,li1,95.9100,138.4130,1.799144
TAP_TAPCELL_ROW_46_733,VPWR,li1,70.1500,138.4130,1.799231
TAP_TAPCELL_ROW_46_732,VPWR,li1,44.3900,138.4130,1.799455
TAP_TAPCELL_ROW_46_731,VPWR,li1,18.6300,138.4130,1.799808
TAP_TAPCELL_ROW_45_730,VPWR,li1,289.1100,133.5860,1.797947
TAP_TAPCELL_ROW_45_729,VPWR,li1,263.3500,133.5860,1.798093
TAP_TAPCELL_ROW_45_728,VPWR,li1,237.5900,133.5860,1.798317
TAP_TAPCELL_ROW_45_727,VPWR,li1,211.8300,133.5860,1.798733
TAP_TAPCELL_ROW_45_726,VPWR,li1,186.0700,133.5860,1.799278
TAP_TAPCELL_ROW_45_725,VPWR,li1,160.3100,133.5860,1.799204
TAP_TAPCELL_ROW_45_724,VPWR,li1,134.5500,133.5860,1.798781
TAP_TAPCELL_ROW_45_723,VPWR,li1,108.7900,133.5860,1.798690
TAP_TAPCELL_ROW_45_722,VPWR,li1,83.0300,133.5860,1.798828
TAP_TAPCELL_ROW_45_721,VPWR,li1,57.2700,133.5860,1.799120
TAP_TAPCELL_ROW_45_720,VPWR,li1,31.5100,133.5860,1.799567
TAP_TAPCELL_ROW_44_719,VPWR,li1,276.2300,132.9730,1.797991
TAP_TAPCELL_ROW_44_718,VPWR,li1,250.4700,132.9730,1.798191
TAP_TAPCELL_ROW_44_717,VPWR,li1,224.7100,132.9730,1.798488
TAP_TAPCELL_ROW_44_716,VPWR,li1,198.9500,132.9730,1.799011
TAP_TAPCELL_ROW_44_715,VPWR,li1,173.1900,132.9730,1.799488
TAP_TAPCELL_ROW_44_714,VPWR,li1,147.4300,132.9730,1.798949
TAP_TAPCELL_ROW_44_713,VPWR,li1,121.6700,132.9730,1.798693
TAP_TAPCELL_ROW_44_712,VPWR,li1,95.9100,132.9730,1.798725
TAP_TAPCELL_ROW_44_711,VPWR,li1,70.1500,132.9730,1.798938
TAP_TAPCELL_ROW_44_710,VPWR,li1,44.3900,132.9730,1.799342
TAP_TAPCELL_ROW_44_709,VPWR,li1,18.6300,132.9730,1.799765
TAP_TAPCELL_ROW_43_708,VPWR,li1,289.1100,128.1460,1.798075
TAP_TAPCELL_ROW_43_707,VPWR,li1,263.3500,128.1460,1.798189
TAP_TAPCELL_ROW_43_706,VPWR,li1,237.5900,128.1460,1.798453
TAP_TAPCELL_ROW_43_705,VPWR,li1,211.8300,128.1460,1.798825
TAP_TAPCELL_ROW_43_704,VPWR,li1,186.0700,128.1460,1.799301
TAP_TAPCELL_ROW_43_703,VPWR,li1,160.3100,128.1460,1.799198
TAP_TAPCELL_ROW_43_702,VPWR,li1,134.5500,128.1460,1.798834
TAP_TAPCELL_ROW_43_701,VPWR,li1,108.7900,128.1460,1.798681
TAP_TAPCELL_ROW_43_700,VPWR,li1,83.0300,128.1460,1.798752
TAP_TAPCELL_ROW_43_699,VPWR,li1,57.2700,128.1460,1.799071
TAP_TAPCELL_ROW_43_698,VPWR,li1,31.5100,128.1460,1.799499
TAP_TAPCELL_ROW_42_697,VPWR,li1,276.2300,127.5330,1.798114
TAP_TAPCELL_ROW_42_696,VPWR,li1,250.4700,127.5330,1.798307
TAP_TAPCELL_ROW_42_695,VPWR,li1,224.7100,127.5330,1.798633
TAP_TAPCELL_ROW_42_694,VPWR,li1,198.9500,127.5330,1.799071
TAP_TAPCELL_ROW_42_693,VPWR,li1,173.1900,127.5330,1.799481
TAP_TAPCELL_ROW_42_692,VPWR,li1,147.4300,127.5330,1.798970
TAP_TAPCELL_ROW_42_691,VPWR,li1,121.6700,127.5330,1.798734
TAP_TAPCELL_ROW_42_690,VPWR,li1,95.9100,127.5330,1.798665
TAP_TAPCELL_ROW_42_689,VPWR,li1,70.1500,127.5330,1.798869
TAP_TAPCELL_ROW_42_688,VPWR,li1,44.3900,127.5330,1.799289
TAP_TAPCELL_ROW_42_687,VPWR,li1,18.6300,127.5330,1.799732
TAP_TAPCELL_ROW_41_686,VPWR,li1,289.1100,122.7060,1.798027
TAP_TAPCELL_ROW_41_685,VPWR,li1,263.3500,122.7060,1.798147
TAP_TAPCELL_ROW_41_684,VPWR,li1,237.5900,122.7060,1.798386
TAP_TAPCELL_ROW_41_683,VPWR,li1,211.8300,122.7060,1.798784
TAP_TAPCELL_ROW_41_682,VPWR,li1,186.0700,122.7060,1.799307
TAP_TAPCELL_ROW_41_681,VPWR,li1,160.3100,122.7060,1.799371
TAP_TAPCELL_ROW_41_680,VPWR,li1,134.5500,122.7060,1.799177
TAP_TAPCELL_ROW_41_679,VPWR,li1,108.7900,122.7060,1.799097
TAP_TAPCELL_ROW_41_678,VPWR,li1,83.0300,122.7060,1.799134
TAP_TAPCELL_ROW_41_677,VPWR,li1,57.2700,122.7060,1.799342
TAP_TAPCELL_ROW_41_676,VPWR,li1,31.5100,122.7060,1.799622
TAP_TAPCELL_ROW_40_675,VPWR,li1,276.2300,122.0930,1.798072
TAP_TAPCELL_ROW_40_674,VPWR,li1,250.4700,122.0930,1.798246
TAP_TAPCELL_ROW_40_673,VPWR,li1,224.7100,122.0930,1.798582
TAP_TAPCELL_ROW_40_672,VPWR,li1,198.9500,122.0930,1.799044
TAP_TAPCELL_ROW_40_671,VPWR,li1,173.1900,122.0930,1.799534
TAP_TAPCELL_ROW_40_670,VPWR,li1,147.4300,122.0930,1.799252
TAP_TAPCELL_ROW_40_669,VPWR,li1,121.6700,122.0930,1.799127
TAP_TAPCELL_ROW_40_668,VPWR,li1,95.9100,122.0930,1.799093
TAP_TAPCELL_ROW_40_667,VPWR,li1,70.1500,122.0930,1.799213
TAP_TAPCELL_ROW_40_666,VPWR,li1,44.3900,122.0930,1.799470
TAP_TAPCELL_ROW_40_665,VPWR,li1,18.6300,122.0930,1.799778
TAP_TAPCELL_ROW_39_664,VPWR,li1,289.1100,117.2660,1.798212
TAP_TAPCELL_ROW_39_663,VPWR,li1,263.3500,117.2660,1.798311
TAP_TAPCELL_ROW_39_662,VPWR,li1,237.5900,117.2660,1.798555
TAP_TAPCELL_ROW_39_661,VPWR,li1,211.8300,117.2660,1.798881
TAP_TAPCELL_ROW_39_660,VPWR,li1,186.0700,117.2660,1.799416
TAP_TAPCELL_ROW_39_659,VPWR,li1,160.3100,117.2660,1.799398
TAP_TAPCELL_ROW_39_658,VPWR,li1,134.5500,117.2660,1.799186
TAP_TAPCELL_ROW_39_657,VPWR,li1,108.7900,117.2660,1.799098
TAP_TAPCELL_ROW_39_656,VPWR,li1,83.0300,117.2660,1.799131
TAP_TAPCELL_ROW_39_655,VPWR,li1,57.2700,117.2660,1.799308
TAP_TAPCELL_ROW_39_654,VPWR,li1,31.5100,117.2660,1.799623
TAP_TAPCELL_ROW_38_653,VPWR,li1,276.2300,116.6530,1.798250
TAP_TAPCELL_ROW_38_652,VPWR,li1,250.4700,116.6530,1.798406
TAP_TAPCELL_ROW_38_651,VPWR,li1,224.7100,116.6530,1.798708
TAP_TAPCELL_ROW_38_650,VPWR,li1,198.9500,116.6530,1.799153
TAP_TAPCELL_ROW_38_649,VPWR,li1,173.1900,116.6530,1.799567
TAP_TAPCELL_ROW_38_648,VPWR,li1,147.4300,116.6530,1.799281
TAP_TAPCELL_ROW_38_647,VPWR,li1,121.6700,116.6530,1.799125
TAP_TAPCELL_ROW_38_646,VPWR,li1,95.9100,116.6530,1.799104
TAP_TAPCELL_ROW_38_645,VPWR,li1,70.1500,116.6530,1.799210
TAP_TAPCELL_ROW_38_644,VPWR,li1,44.3900,116.6530,1.799448
TAP_TAPCELL_ROW_38_643,VPWR,li1,18.6300,116.6530,1.799795
TAP_TAPCELL_ROW_37_642,VPWR,li1,289.1100,111.8260,1.796989
TAP_TAPCELL_ROW_37_641,VPWR,li1,263.3500,111.8260,1.797134
TAP_TAPCELL_ROW_37_640,VPWR,li1,237.5900,111.8260,1.797503
TAP_TAPCELL_ROW_37_639,VPWR,li1,211.8300,111.8260,1.798134
TAP_TAPCELL_ROW_37_638,VPWR,li1,186.0700,111.8260,1.799032
TAP_TAPCELL_ROW_37_637,VPWR,li1,160.3100,111.8260,1.799229
TAP_TAPCELL_ROW_37_636,VPWR,li1,134.5500,111.8260,1.799011
TAP_TAPCELL_ROW_37_635,VPWR,li1,108.7900,111.8260,1.798976
TAP_TAPCELL_ROW_37_634,VPWR,li1,83.0300,111.8260,1.799071
TAP_TAPCELL_ROW_37_633,VPWR,li1,57.2700,111.8260,1.799303
TAP_TAPCELL_ROW_37_632,VPWR,li1,31.5100,111.8260,1.799651
TAP_TAPCELL_ROW_36_631,VPWR,li1,276.2300,111.2130,1.797040
TAP_TAPCELL_ROW_36_630,VPWR,li1,250.4700,111.2130,1.797276
TAP_TAPCELL_ROW_36_629,VPWR,li1,224.7100,111.2130,1.797824
TAP_TAPCELL_ROW_36_628,VPWR,li1,198.9500,111.2130,1.798521
TAP_TAPCELL_ROW_36_627,VPWR,li1,173.1900,111.2130,1.799387
TAP_TAPCELL_ROW_36_626,VPWR,li1,147.4300,111.2130,1.799102
TAP_TAPCELL_ROW_36_625,VPWR,li1,121.6700,111.2130,1.798981
TAP_TAPCELL_ROW_36_624,VPWR,li1,95.9100,111.2130,1.799014
TAP_TAPCELL_ROW_36_623,VPWR,li1,70.1500,111.2130,1.799161
TAP_TAPCELL_ROW_36_622,VPWR,li1,44.3900,111.2130,1.799451
TAP_TAPCELL_ROW_36_621,VPWR,li1,18.6300,111.2130,1.799791
TAP_TAPCELL_ROW_35_620,VPWR,li1,289.1100,106.3860,1.797921
TAP_TAPCELL_ROW_35_619,VPWR,li1,263.3500,106.3860,1.798036
TAP_TAPCELL_ROW_35_618,VPWR,li1,237.5900,106.3860,1.798287
TAP_TAPCELL_ROW_35_617,VPWR,li1,211.8300,106.3860,1.798729
TAP_TAPCELL_ROW_35_616,VPWR,li1,186.0700,106.3860,1.799266
TAP_TAPCELL_ROW_35_615,VPWR,li1,160.3100,106.3860,1.799328
TAP_TAPCELL_ROW_35_614,VPWR,li1,134.5500,106.3860,1.799131
TAP_TAPCELL_ROW_35_613,VPWR,li1,108.7900,106.3860,1.799040
TAP_TAPCELL_ROW_35_612,VPWR,li1,83.0300,106.3860,1.799095
TAP_TAPCELL_ROW_35_611,VPWR,li1,57.2700,106.3860,1.799322
TAP_TAPCELL_ROW_35_610,VPWR,li1,31.5100,106.3860,1.799635
TAP_TAPCELL_ROW_34_609,VPWR,li1,276.2300,105.7730,1.797960
TAP_TAPCELL_ROW_34_608,VPWR,li1,250.4700,105.7730,1.798130
TAP_TAPCELL_ROW_34_607,VPWR,li1,224.7100,105.7730,1.798490
TAP_TAPCELL_ROW_34_606,VPWR,li1,198.9500,105.7730,1.798998
TAP_TAPCELL_ROW_34_605,VPWR,li1,173.1900,105.7730,1.799508
TAP_TAPCELL_ROW_34_604,VPWR,li1,147.4300,105.7730,1.799218
TAP_TAPCELL_ROW_34_603,VPWR,li1,121.6700,105.7730,1.799064
TAP_TAPCELL_ROW_34_602,VPWR,li1,95.9100,105.7730,1.799046
TAP_TAPCELL_ROW_34_601,VPWR,li1,70.1500,105.7730,1.799201
TAP_TAPCELL_ROW_34_600,VPWR,li1,44.3900,105.7730,1.799462
TAP_TAPCELL_ROW_34_599,VPWR,li1,18.6300,105.7730,1.799805
TAP_TAPCELL_ROW_33_598,VPWR,li1,289.1100,100.9460,1.797805
TAP_TAPCELL_ROW_33_597,VPWR,li1,263.3500,100.9460,1.797963
TAP_TAPCELL_ROW_33_596,VPWR,li1,237.5900,100.9460,1.798318
TAP_TAPCELL_ROW_33_595,VPWR,li1,211.8300,100.9460,1.798793
TAP_TAPCELL_ROW_33_594,VPWR,li1,186.0700,100.9460,1.799380
TAP_TAPCELL_ROW_33_593,VPWR,li1,160.3100,100.9460,1.799346
TAP_TAPCELL_ROW_33_592,VPWR,li1,134.5500,100.9460,1.799115
TAP_TAPCELL_ROW_33_591,VPWR,li1,108.7900,100.9460,1.799034
TAP_TAPCELL_ROW_33_590,VPWR,li1,83.0300,100.9460,1.799069
TAP_TAPCELL_ROW_33_589,VPWR,li1,57.2700,100.9460,1.799231
TAP_TAPCELL_ROW_33_588,VPWR,li1,31.5100,100.9460,1.799589
TAP_TAPCELL_ROW_32_587,VPWR,li1,276.2300,100.3330,1.797851
TAP_TAPCELL_ROW_32_586,VPWR,li1,250.4700,100.3330,1.798136
TAP_TAPCELL_ROW_32_585,VPWR,li1,224.7100,100.3330,1.798536
TAP_TAPCELL_ROW_32_584,VPWR,li1,198.9500,100.3330,1.799072
TAP_TAPCELL_ROW_32_583,VPWR,li1,173.1900,100.3330,1.799543
TAP_TAPCELL_ROW_32_582,VPWR,li1,147.4300,100.3330,1.799218
TAP_TAPCELL_ROW_32_581,VPWR,li1,121.6700,100.3330,1.799060
TAP_TAPCELL_ROW_32_580,VPWR,li1,95.9100,100.3330,1.799035
TAP_TAPCELL_ROW_32_579,VPWR,li1,70.1500,100.3330,1.799143
TAP_TAPCELL_ROW_32_578,VPWR,li1,44.3900,100.3330,1.799408
TAP_TAPCELL_ROW_32_577,VPWR,li1,18.6300,100.3330,1.799781
TAP_TAPCELL_ROW_31_576,VPWR,li1,289.1100,95.5060,1.797515
TAP_TAPCELL_ROW_31_575,VPWR,li1,263.3500,95.5060,1.797727
TAP_TAPCELL_ROW_31_574,VPWR,li1,237.5900,95.5060,1.798131
TAP_TAPCELL_ROW_31_573,VPWR,li1,211.8300,95.5060,1.798646
TAP_TAPCELL_ROW_31_572,VPWR,li1,186.0700,95.5060,1.799261
TAP_TAPCELL_ROW_31_571,VPWR,li1,160.3100,95.5060,1.799296
TAP_TAPCELL_ROW_31_570,VPWR,li1,134.5500,95.5060,1.798937
TAP_TAPCELL_ROW_31_569,VPWR,li1,108.7900,95.5060,1.798797
TAP_TAPCELL_ROW_31_568,VPWR,li1,83.0300,95.5060,1.798828
TAP_TAPCELL_ROW_31_567,VPWR,li1,57.2700,95.5060,1.799017
TAP_TAPCELL_ROW_31_566,VPWR,li1,31.5100,95.5060,1.799518
TAP_TAPCELL_ROW_30_565,VPWR,li1,276.2300,94.8930,1.797586
TAP_TAPCELL_ROW_30_564,VPWR,li1,250.4700,94.8930,1.797885
TAP_TAPCELL_ROW_30_563,VPWR,li1,224.7100,94.8930,1.798365
TAP_TAPCELL_ROW_30_562,VPWR,li1,198.9500,94.8930,1.798949
TAP_TAPCELL_ROW_30_561,VPWR,li1,173.1900,94.8930,1.799508
TAP_TAPCELL_ROW_30_560,VPWR,li1,147.4300,94.8930,1.799105
TAP_TAPCELL_ROW_30_559,VPWR,li1,121.6700,94.8930,1.798854
TAP_TAPCELL_ROW_30_558,VPWR,li1,95.9100,94.8930,1.798791
TAP_TAPCELL_ROW_30_557,VPWR,li1,70.1500,94.8930,1.798889
TAP_TAPCELL_ROW_30_556,VPWR,li1,44.3900,94.8930,1.799257
TAP_TAPCELL_ROW_30_555,VPWR,li1,18.6300,94.8930,1.799704
TAP_TAPCELL_ROW_29_554,VPWR,li1,289.1100,90.0660,1.797673
TAP_TAPCELL_ROW_29_553,VPWR,li1,263.3500,90.0660,1.797821
TAP_TAPCELL_ROW_29_552,VPWR,li1,237.5900,90.0660,1.798142
TAP_TAPCELL_ROW_29_551,VPWR,li1,211.8300,90.0660,1.798695
TAP_TAPCELL_ROW_29_550,VPWR,li1,186.0700,90.0660,1.799307
TAP_TAPCELL_ROW_29_549,VPWR,li1,160.3100,90.0660,1.799331
TAP_TAPCELL_ROW_29_548,VPWR,li1,134.5500,90.0660,1.799058
TAP_TAPCELL_ROW_29_547,VPWR,li1,108.7900,90.0660,1.798907
TAP_TAPCELL_ROW_29_546,VPWR,li1,83.0300,90.0660,1.799029
TAP_TAPCELL_ROW_29_545,VPWR,li1,57.2700,90.0660,1.799279
TAP_TAPCELL_ROW_29_544,VPWR,li1,31.5100,90.0660,1.799627
TAP_TAPCELL_ROW_28_543,VPWR,li1,276.2300,89.4530,1.797728
TAP_TAPCELL_ROW_28_542,VPWR,li1,250.4700,89.4530,1.797966
TAP_TAPCELL_ROW_28_541,VPWR,li1,224.7100,89.4530,1.798385
TAP_TAPCELL_ROW_28_540,VPWR,li1,198.9500,89.4530,1.798996
TAP_TAPCELL_ROW_28_539,VPWR,li1,173.1900,89.4530,1.799530
TAP_TAPCELL_ROW_28_538,VPWR,li1,147.4300,89.4530,1.799178
TAP_TAPCELL_ROW_28_537,VPWR,li1,121.6700,89.4530,1.798960
TAP_TAPCELL_ROW_28_536,VPWR,li1,95.9100,89.4530,1.798935
TAP_TAPCELL_ROW_28_535,VPWR,li1,70.1500,89.4530,1.799156
TAP_TAPCELL_ROW_28_534,VPWR,li1,44.3900,89.4530,1.799441
TAP_TAPCELL_ROW_28_533,VPWR,li1,18.6300,89.4530,1.799794
TAP_TAPCELL_ROW_27_532,VPWR,li1,289.1100,84.6260,1.798509
TAP_TAPCELL_ROW_27_531,VPWR,li1,263.3500,84.6260,1.798599
TAP_TAPCELL_ROW_27_530,VPWR,li1,237.5900,84.6260,1.798771
TAP_TAPCELL_ROW_27_529,VPWR,li1,211.8300,84.6260,1.799039
TAP_TAPCELL_ROW_27_528,VPWR,li1,186.0700,84.6260,1.799461
TAP_TAPCELL_ROW_27_527,VPWR,li1,160.3100,84.6260,1.799541
TAP_TAPCELL_ROW_27_526,VPWR,li1,134.5500,84.6260,1.799358
TAP_TAPCELL_ROW_27_525,VPWR,li1,108.7900,84.6260,1.799302
TAP_TAPCELL_ROW_27_524,VPWR,li1,83.0300,84.6260,1.799358
TAP_TAPCELL_ROW_27_523,VPWR,li1,57.2700,84.6260,1.799480
TAP_TAPCELL_ROW_27_522,VPWR,li1,31.5100,84.6260,1.799709
TAP_TAPCELL_ROW_26_521,VPWR,li1,276.2300,84.0130,1.798549
TAP_TAPCELL_ROW_26_520,VPWR,li1,250.4700,84.0130,1.798670
TAP_TAPCELL_ROW_26_519,VPWR,li1,224.7100,84.0130,1.798895
TAP_TAPCELL_ROW_26_518,VPWR,li1,198.9500,84.0130,1.799252
TAP_TAPCELL_ROW_26_517,VPWR,li1,173.1900,84.0130,1.799653
TAP_TAPCELL_ROW_26_516,VPWR,li1,147.4300,84.0130,1.799435
TAP_TAPCELL_ROW_26_515,VPWR,li1,121.6700,84.0130,1.799314
TAP_TAPCELL_ROW_26_514,VPWR,li1,95.9100,84.0130,1.799312
TAP_TAPCELL_ROW_26_513,VPWR,li1,70.1500,84.0130,1.799414
TAP_TAPCELL_ROW_26_512,VPWR,li1,44.3900,84.0130,1.799575
TAP_TAPCELL_ROW_26_511,VPWR,li1,18.6300,84.0130,1.799833
TAP_TAPCELL_ROW_25_510,VPWR,li1,289.1100,79.1860,1.798851
TAP_TAPCELL_ROW_25_509,VPWR,li1,263.3500,79.1860,1.798873
TAP_TAPCELL_ROW_25_508,VPWR,li1,237.5900,79.1860,1.799008
TAP_TAPCELL_ROW_25_507,VPWR,li1,211.8300,79.1860,1.799226
TAP_TAPCELL_ROW_25_506,VPWR,li1,186.0700,79.1860,1.799538
TAP_TAPCELL_ROW_25_505,VPWR,li1,160.3100,79.1860,1.799429
TAP_TAPCELL_ROW_25_504,VPWR,li1,134.5500,79.1860,1.799160
TAP_TAPCELL_ROW_25_503,VPWR,li1,108.7900,79.1860,1.799088
TAP_TAPCELL_ROW_25_502,VPWR,li1,83.0300,79.1860,1.799160
TAP_TAPCELL_ROW_25_501,VPWR,li1,57.2700,79.1860,1.799342
TAP_TAPCELL_ROW_25_500,VPWR,li1,31.5100,79.1860,1.799650
TAP_TAPCELL_ROW_24_499,VPWR,li1,276.2300,78.5730,1.798851
TAP_TAPCELL_ROW_24_498,VPWR,li1,250.4700,78.5730,1.798935
TAP_TAPCELL_ROW_24_497,VPWR,li1,224.7100,78.5730,1.799113
TAP_TAPCELL_ROW_24_496,VPWR,li1,198.9500,78.5730,1.799369
TAP_TAPCELL_ROW_24_495,VPWR,li1,173.1900,78.5730,1.799636
TAP_TAPCELL_ROW_24_494,VPWR,li1,147.4300,78.5730,1.799265
TAP_TAPCELL_ROW_24_493,VPWR,li1,121.6700,78.5730,1.799104
TAP_TAPCELL_ROW_24_492,VPWR,li1,95.9100,78.5730,1.799108
TAP_TAPCELL_ROW_24_491,VPWR,li1,70.1500,78.5730,1.799233
TAP_TAPCELL_ROW_24_490,VPWR,li1,44.3900,78.5730,1.799483
TAP_TAPCELL_ROW_24_489,VPWR,li1,18.6300,78.5730,1.799797
TAP_TAPCELL_ROW_23_488,VPWR,li1,289.1100,73.7460,1.798322
TAP_TAPCELL_ROW_23_487,VPWR,li1,263.3500,73.7460,1.798346
TAP_TAPCELL_ROW_23_486,VPWR,li1,237.5900,73.7460,1.798491
TAP_TAPCELL_ROW_23_485,VPWR,li1,211.8300,73.7460,1.798826
TAP_TAPCELL_ROW_23_484,VPWR,li1,186.0700,73.7460,1.799348
TAP_TAPCELL_ROW_23_483,VPWR,li1,160.3100,73.7460,1.799320
TAP_TAPCELL_ROW_23_482,VPWR,li1,134.5500,73.7460,1.798944
TAP_TAPCELL_ROW_23_481,VPWR,li1,108.7900,73.7460,1.798778
TAP_TAPCELL_ROW_23_480,VPWR,li1,83.0300,73.7460,1.798873
TAP_TAPCELL_ROW_23_479,VPWR,li1,57.2700,73.7460,1.799088
TAP_TAPCELL_ROW_23_478,VPWR,li1,31.5100,73.7460,1.799550
TAP_TAPCELL_ROW_22_477,VPWR,li1,276.2300,73.1330,1.798322
TAP_TAPCELL_ROW_22_476,VPWR,li1,250.4700,73.1330,1.798402
TAP_TAPCELL_ROW_22_475,VPWR,li1,224.7100,73.1330,1.798643
TAP_TAPCELL_ROW_22_474,VPWR,li1,198.9500,73.1330,1.799059
TAP_TAPCELL_ROW_22_473,VPWR,li1,173.1900,73.1330,1.799526
TAP_TAPCELL_ROW_22_472,VPWR,li1,147.4300,73.1330,1.799114
TAP_TAPCELL_ROW_22_471,VPWR,li1,121.6700,73.1330,1.798842
TAP_TAPCELL_ROW_22_470,VPWR,li1,95.9100,73.1330,1.798802
TAP_TAPCELL_ROW_22_469,VPWR,li1,70.1500,73.1330,1.798955
TAP_TAPCELL_ROW_22_468,VPWR,li1,44.3900,73.1330,1.799287
TAP_TAPCELL_ROW_22_467,VPWR,li1,18.6300,73.1330,1.799734
TAP_TAPCELL_ROW_21_466,VPWR,li1,289.1100,68.3060,1.798707
TAP_TAPCELL_ROW_21_465,VPWR,li1,263.3500,68.3060,1.798711
TAP_TAPCELL_ROW_21_464,VPWR,li1,237.5900,68.3060,1.798790
TAP_TAPCELL_ROW_21_463,VPWR,li1,211.8300,68.3060,1.799034
TAP_TAPCELL_ROW_21_462,VPWR,li1,186.0700,68.3060,1.799411
TAP_TAPCELL_ROW_21_461,VPWR,li1,160.3100,68.3060,1.799460
TAP_TAPCELL_ROW_21_460,VPWR,li1,134.5500,68.3060,1.799236
TAP_TAPCELL_ROW_21_459,VPWR,li1,108.7900,68.3060,1.799138
TAP_TAPCELL_ROW_21_458,VPWR,li1,83.0300,68.3060,1.799144
TAP_TAPCELL_ROW_21_457,VPWR,li1,57.2700,68.3060,1.799346
TAP_TAPCELL_ROW_21_456,VPWR,li1,31.5100,68.3060,1.799642
TAP_TAPCELL_ROW_20_455,VPWR,li1,276.2300,67.6930,1.798707
TAP_TAPCELL_ROW_20_454,VPWR,li1,250.4700,67.6930,1.798739
TAP_TAPCELL_ROW_20_453,VPWR,li1,224.7100,67.6930,1.798871
TAP_TAPCELL_ROW_20_452,VPWR,li1,198.9500,67.6930,1.799193
TAP_TAPCELL_ROW_20_451,VPWR,li1,173.1900,67.6930,1.799599
TAP_TAPCELL_ROW_20_450,VPWR,li1,147.4300,67.6930,1.799333
TAP_TAPCELL_ROW_20_449,VPWR,li1,121.6700,67.6930,1.799177
TAP_TAPCELL_ROW_20_448,VPWR,li1,95.9100,67.6930,1.799127
TAP_TAPCELL_ROW_20_447,VPWR,li1,70.1500,67.6930,1.799233
TAP_TAPCELL_ROW_20_446,VPWR,li1,44.3900,67.6930,1.799475
TAP_TAPCELL_ROW_20_445,VPWR,li1,18.6300,67.6930,1.799774
TAP_TAPCELL_ROW_19_444,VPWR,li1,289.1100,62.8660,1.799535
TAP_TAPCELL_ROW_19_443,VPWR,li1,263.3500,62.8660,1.799536
TAP_TAPCELL_ROW_19_442,VPWR,li1,237.5900,62.8660,1.799564
TAP_TAPCELL_ROW_19_441,VPWR,li1,211.8300,62.8660,1.799622
TAP_TAPCELL_ROW_19_440,VPWR,li1,186.0700,62.8660,1.799729
TAP_TAPCELL_ROW_19_439,VPWR,li1,160.3100,62.8660,1.799566
TAP_TAPCELL_ROW_19_438,VPWR,li1,134.5500,62.8660,1.799294
TAP_TAPCELL_ROW_19_437,VPWR,li1,108.7900,62.8660,1.799193
TAP_TAPCELL_ROW_19_436,VPWR,li1,83.0300,62.8660,1.799221
TAP_TAPCELL_ROW_19_435,VPWR,li1,57.2700,62.8660,1.799385
TAP_TAPCELL_ROW_19_434,VPWR,li1,31.5100,62.8660,1.799684
TAP_TAPCELL_ROW_18_433,VPWR,li1,276.2300,62.2530,1.799535
TAP_TAPCELL_ROW_18_432,VPWR,li1,250.4700,62.2530,1.799548
TAP_TAPCELL_ROW_18_431,VPWR,li1,224.7100,62.2530,1.799585
TAP_TAPCELL_ROW_18_430,VPWR,li1,198.9500,62.2530,1.799674
TAP_TAPCELL_ROW_18_429,VPWR,li1,173.1900,62.2530,1.799751
TAP_TAPCELL_ROW_18_428,VPWR,li1,147.4300,62.2530,1.799400
TAP_TAPCELL_ROW_18_427,VPWR,li1,121.6700,62.2530,1.799225
TAP_TAPCELL_ROW_18_426,VPWR,li1,95.9100,62.2530,1.799190
TAP_TAPCELL_ROW_18_425,VPWR,li1,70.1500,62.2530,1.799300
TAP_TAPCELL_ROW_18_424,VPWR,li1,44.3900,62.2530,1.799508
TAP_TAPCELL_ROW_18_423,VPWR,li1,18.6300,62.2530,1.799808
TAP_TAPCELL_ROW_17_422,VPWR,li1,289.1100,57.4260,1.799858
TAP_TAPCELL_ROW_17_421,VPWR,li1,263.3500,57.4260,1.799858
TAP_TAPCELL_ROW_17_420,VPWR,li1,237.5900,57.4260,1.799858
TAP_TAPCELL_ROW_17_419,VPWR,li1,211.8300,57.4260,1.799858
TAP_TAPCELL_ROW_17_418,VPWR,li1,186.0700,57.4260,1.799858
TAP_TAPCELL_ROW_17_417,VPWR,li1,160.3100,57.4260,1.799678
TAP_TAPCELL_ROW_17_416,VPWR,li1,134.5500,57.4260,1.799460
TAP_TAPCELL_ROW_17_415,VPWR,li1,108.7900,57.4260,1.799338
TAP_TAPCELL_ROW_17_414,VPWR,li1,83.0300,57.4260,1.799327
TAP_TAPCELL_ROW_17_413,VPWR,li1,57.2700,57.4260,1.799462
TAP_TAPCELL_ROW_17_412,VPWR,li1,31.5100,57.4260,1.799709
TAP_TAPCELL_ROW_16_411,VPWR,li1,276.2300,56.8130,1.799858
TAP_TAPCELL_ROW_16_410,VPWR,li1,250.4700,56.8130,1.799858
TAP_TAPCELL_ROW_16_409,VPWR,li1,224.7100,56.8130,1.799858
TAP_TAPCELL_ROW_16_408,VPWR,li1,198.9500,56.8130,1.799858
TAP_TAPCELL_ROW_16_407,VPWR,li1,173.1900,56.8130,1.799830
TAP_TAPCELL_ROW_16_406,VPWR,li1,147.4300,56.8130,1.799559
TAP_TAPCELL_ROW_16_405,VPWR,li1,121.6700,56.8130,1.799386
TAP_TAPCELL_ROW_16_404,VPWR,li1,95.9100,56.8130,1.799315
TAP_TAPCELL_ROW_16_403,VPWR,li1,70.1500,56.8130,1.799368
TAP_TAPCELL_ROW_16_402,VPWR,li1,44.3900,56.8130,1.799571
TAP_TAPCELL_ROW_16_401,VPWR,li1,18.6300,56.8130,1.799826
TAP_TAPCELL_ROW_15_400,VPWR,li1,289.1100,51.9860,1.799812
TAP_TAPCELL_ROW_15_399,VPWR,li1,263.3500,51.9860,1.799812
TAP_TAPCELL_ROW_15_398,VPWR,li1,237.5900,51.9860,1.799812
TAP_TAPCELL_ROW_15_397,VPWR,li1,211.8300,51.9860,1.799812
TAP_TAPCELL_ROW_15_396,VPWR,li1,186.0700,51.9860,1.799814
TAP_TAPCELL_ROW_15_395,VPWR,li1,160.3100,51.9860,1.799594
TAP_TAPCELL_ROW_15_394,VPWR,li1,134.5500,51.9860,1.799316
TAP_TAPCELL_ROW_15_393,VPWR,li1,108.7900,51.9860,1.799179
TAP_TAPCELL_ROW_15_392,VPWR,li1,83.0300,51.9860,1.799229
TAP_TAPCELL_ROW_15_391,VPWR,li1,57.2700,51.9860,1.799408
TAP_TAPCELL_ROW_15_390,VPWR,li1,31.5100,51.9860,1.799697
TAP_TAPCELL_ROW_14_389,VPWR,li1,276.2300,51.3730,1.799812
TAP_TAPCELL_ROW_14_388,VPWR,li1,250.4700,51.3730,1.799812
TAP_TAPCELL_ROW_14_387,VPWR,li1,224.7100,51.3730,1.799812
TAP_TAPCELL_ROW_14_386,VPWR,li1,198.9500,51.3730,1.799812
TAP_TAPCELL_ROW_14_385,VPWR,li1,173.1900,51.3730,1.799786
TAP_TAPCELL_ROW_14_384,VPWR,li1,147.4300,51.3730,1.799437
TAP_TAPCELL_ROW_14_383,VPWR,li1,121.6700,51.3730,1.799228
TAP_TAPCELL_ROW_14_382,VPWR,li1,95.9100,51.3730,1.799181
TAP_TAPCELL_ROW_14_381,VPWR,li1,70.1500,51.3730,1.799304
TAP_TAPCELL_ROW_14_380,VPWR,li1,44.3900,51.3730,1.799542
TAP_TAPCELL_ROW_14_379,VPWR,li1,18.6300,51.3730,1.799836
TAP_TAPCELL_ROW_13_378,VPWR,li1,289.1100,46.5460,1.799873
TAP_TAPCELL_ROW_13_377,VPWR,li1,263.3500,46.5460,1.799873
TAP_TAPCELL_ROW_13_376,VPWR,li1,237.5900,46.5460,1.799873
TAP_TAPCELL_ROW_13_375,VPWR,li1,211.8300,46.5460,1.799873
TAP_TAPCELL_ROW_13_374,VPWR,li1,186.0700,46.5460,1.799873
TAP_TAPCELL_ROW_13_373,VPWR,li1,160.3100,46.5460,1.799712
TAP_TAPCELL_ROW_13_372,VPWR,li1,134.5500,46.5460,1.799508
TAP_TAPCELL_ROW_13_371,VPWR,li1,108.7900,46.5460,1.799380
TAP_TAPCELL_ROW_13_370,VPWR,li1,83.0300,46.5460,1.799380
TAP_TAPCELL_ROW_13_369,VPWR,li1,57.2700,46.5460,1.799496
TAP_TAPCELL_ROW_13_368,VPWR,li1,31.5100,46.5460,1.799736
TAP_TAPCELL_ROW_12_367,VPWR,li1,276.2300,45.9330,1.799873
TAP_TAPCELL_ROW_12_366,VPWR,li1,250.4700,45.9330,1.799873
TAP_TAPCELL_ROW_12_365,VPWR,li1,224.7100,45.9330,1.799873
TAP_TAPCELL_ROW_12_364,VPWR,li1,198.9500,45.9330,1.799873
TAP_TAPCELL_ROW_12_363,VPWR,li1,173.1900,45.9330,1.799842
TAP_TAPCELL_ROW_12_362,VPWR,li1,147.4300,45.9330,1.799595
TAP_TAPCELL_ROW_12_361,VPWR,li1,121.6700,45.9330,1.799424
TAP_TAPCELL_ROW_12_360,VPWR,li1,95.9100,45.9330,1.799364
TAP_TAPCELL_ROW_12_359,VPWR,li1,70.1500,45.9330,1.799431
TAP_TAPCELL_ROW_12_358,VPWR,li1,44.3900,45.9330,1.799608
TAP_TAPCELL_ROW_12_357,VPWR,li1,18.6300,45.9330,1.799842
TAP_TAPCELL_ROW_11_356,VPWR,li1,289.1100,41.1060,1.799824
TAP_TAPCELL_ROW_11_355,VPWR,li1,263.3500,41.1060,1.799824
TAP_TAPCELL_ROW_11_354,VPWR,li1,237.5900,41.1060,1.799824
TAP_TAPCELL_ROW_11_353,VPWR,li1,211.8300,41.1060,1.799824
TAP_TAPCELL_ROW_11_352,VPWR,li1,186.0700,41.1060,1.799824
TAP_TAPCELL_ROW_11_351,VPWR,li1,160.3100,41.1060,1.799627
TAP_TAPCELL_ROW_11_350,VPWR,li1,134.5500,41.1060,1.799394
TAP_TAPCELL_ROW_11_349,VPWR,li1,108.7900,41.1060,1.799270
TAP_TAPCELL_ROW_11_348,VPWR,li1,83.0300,41.1060,1.799234
TAP_TAPCELL_ROW_11_347,VPWR,li1,57.2700,41.1060,1.799351
TAP_TAPCELL_ROW_11_346,VPWR,li1,31.5100,41.1060,1.799639
TAP_TAPCELL_ROW_10_345,VPWR,li1,276.2300,40.4930,1.799824
TAP_TAPCELL_ROW_10_344,VPWR,li1,250.4700,40.4930,1.799824
TAP_TAPCELL_ROW_10_343,VPWR,li1,224.7100,40.4930,1.799824
TAP_TAPCELL_ROW_10_342,VPWR,li1,198.9500,40.4930,1.799824
TAP_TAPCELL_ROW_10_341,VPWR,li1,173.1900,40.4930,1.799796
TAP_TAPCELL_ROW_10_340,VPWR,li1,147.4300,40.4930,1.799493
TAP_TAPCELL_ROW_10_339,VPWR,li1,121.6700,40.4930,1.799322
TAP_TAPCELL_ROW_10_338,VPWR,li1,95.9100,40.4930,1.799236
TAP_TAPCELL_ROW_10_337,VPWR,li1,70.1500,40.4930,1.799276
TAP_TAPCELL_ROW_10_336,VPWR,li1,44.3900,40.4930,1.799482
TAP_TAPCELL_ROW_10_335,VPWR,li1,18.6300,40.4930,1.799786
TAP_TAPCELL_ROW_9_334,VPWR,li1,289.1100,35.6660,1.799796
TAP_TAPCELL_ROW_9_333,VPWR,li1,263.3500,35.6660,1.799796
TAP_TAPCELL_ROW_9_332,VPWR,li1,237.5900,35.6660,1.799796
TAP_TAPCELL_ROW_9_331,VPWR,li1,211.8300,35.6660,1.799796
TAP_TAPCELL_ROW_9_330,VPWR,li1,186.0700,35.6660,1.799796
TAP_TAPCELL_ROW_9_329,VPWR,li1,160.3100,35.6660,1.799630
TAP_TAPCELL_ROW_9_328,VPWR,li1,134.5500,35.6660,1.799399
TAP_TAPCELL_ROW_9_327,VPWR,li1,108.7900,35.6660,1.799275
TAP_TAPCELL_ROW_9_326,VPWR,li1,83.0300,35.6660,1.799276
TAP_TAPCELL_ROW_9_325,VPWR,li1,57.2700,35.6660,1.799417
TAP_TAPCELL_ROW_9_324,VPWR,li1,31.5100,35.6660,1.799694
TAP_TAPCELL_ROW_8_323,VPWR,li1,276.2300,35.0530,1.799796
TAP_TAPCELL_ROW_8_322,VPWR,li1,250.4700,35.0530,1.799796
TAP_TAPCELL_ROW_8_321,VPWR,li1,224.7100,35.0530,1.799796
TAP_TAPCELL_ROW_8_320,VPWR,li1,198.9500,35.0530,1.799796
TAP_TAPCELL_ROW_8_319,VPWR,li1,173.1900,35.0530,1.799774
TAP_TAPCELL_ROW_8_318,VPWR,li1,147.4300,35.0530,1.799488
TAP_TAPCELL_ROW_8_317,VPWR,li1,121.6700,35.0530,1.799320
TAP_TAPCELL_ROW_8_316,VPWR,li1,95.9100,35.0530,1.799261
TAP_TAPCELL_ROW_8_315,VPWR,li1,70.1500,35.0530,1.799336
TAP_TAPCELL_ROW_8_314,VPWR,li1,44.3900,35.0530,1.799535
TAP_TAPCELL_ROW_8_313,VPWR,li1,18.6300,35.0530,1.799823
TAP_TAPCELL_ROW_7_312,VPWR,li1,289.1100,30.2260,1.799878
TAP_TAPCELL_ROW_7_311,VPWR,li1,263.3500,30.2260,1.799878
TAP_TAPCELL_ROW_7_310,VPWR,li1,237.5900,30.2260,1.799878
TAP_TAPCELL_ROW_7_309,VPWR,li1,211.8300,30.2260,1.799878
TAP_TAPCELL_ROW_7_308,VPWR,li1,186.0700,30.2260,1.799879
TAP_TAPCELL_ROW_7_307,VPWR,li1,160.3100,30.2260,1.799746
TAP_TAPCELL_ROW_7_306,VPWR,li1,134.5500,30.2260,1.799568
TAP_TAPCELL_ROW_7_305,VPWR,li1,108.7900,30.2260,1.799479
TAP_TAPCELL_ROW_7_304,VPWR,li1,83.0300,30.2260,1.799464
TAP_TAPCELL_ROW_7_303,VPWR,li1,57.2700,30.2260,1.799529
TAP_TAPCELL_ROW_7_302,VPWR,li1,31.5100,30.2260,1.799749
TAP_TAPCELL_ROW_6_301,VPWR,li1,276.2300,29.6130,1.799878
TAP_TAPCELL_ROW_6_300,VPWR,li1,250.4700,29.6130,1.799878
TAP_TAPCELL_ROW_6_299,VPWR,li1,224.7100,29.6130,1.799878
TAP_TAPCELL_ROW_6_298,VPWR,li1,198.9500,29.6130,1.799878
TAP_TAPCELL_ROW_6_297,VPWR,li1,173.1900,29.6130,1.799862
TAP_TAPCELL_ROW_6_296,VPWR,li1,147.4300,29.6130,1.799647
TAP_TAPCELL_ROW_6_295,VPWR,li1,121.6700,29.6130,1.799516
TAP_TAPCELL_ROW_6_294,VPWR,li1,95.9100,29.6130,1.799457
TAP_TAPCELL_ROW_6_293,VPWR,li1,70.1500,29.6130,1.799492
TAP_TAPCELL_ROW_6_292,VPWR,li1,44.3900,29.6130,1.799616
TAP_TAPCELL_ROW_6_291,VPWR,li1,18.6300,29.6130,1.799864
TAP_TAPCELL_ROW_5_290,VPWR,li1,289.1100,24.7860,1.799824
TAP_TAPCELL_ROW_5_289,VPWR,li1,263.3500,24.7860,1.799824
TAP_TAPCELL_ROW_5_288,VPWR,li1,237.5900,24.7860,1.799824
TAP_TAPCELL_ROW_5_287,VPWR,li1,211.8300,24.7860,1.799824
TAP_TAPCELL_ROW_5_286,VPWR,li1,186.0700,24.7860,1.799824
TAP_TAPCELL_ROW_5_285,VPWR,li1,160.3100,24.7860,1.799553
TAP_TAPCELL_ROW_5_284,VPWR,li1,134.5500,24.7860,1.799272
TAP_TAPCELL_ROW_5_283,VPWR,li1,108.7900,24.7860,1.799161
TAP_TAPCELL_ROW_5_282,VPWR,li1,83.0300,24.7860,1.799224
TAP_TAPCELL_ROW_5_281,VPWR,li1,57.2700,24.7860,1.799424
TAP_TAPCELL_ROW_5_280,VPWR,li1,31.5100,24.7860,1.799750
TAP_TAPCELL_ROW_4_279,VPWR,li1,276.2300,24.1730,1.799824
TAP_TAPCELL_ROW_4_278,VPWR,li1,250.4700,24.1730,1.799824
TAP_TAPCELL_ROW_4_277,VPWR,li1,224.7100,24.1730,1.799824
TAP_TAPCELL_ROW_4_276,VPWR,li1,198.9500,24.1730,1.799824
TAP_TAPCELL_ROW_4_275,VPWR,li1,173.1900,24.1730,1.799785
TAP_TAPCELL_ROW_4_274,VPWR,li1,147.4300,24.1730,1.799408
TAP_TAPCELL_ROW_4_273,VPWR,li1,121.6700,24.1730,1.799200
TAP_TAPCELL_ROW_4_272,VPWR,li1,95.9100,24.1730,1.799167
TAP_TAPCELL_ROW_4_271,VPWR,li1,70.1500,24.1730,1.799310
TAP_TAPCELL_ROW_4_270,VPWR,li1,44.3900,24.1730,1.799577
TAP_TAPCELL_ROW_4_269,VPWR,li1,18.6300,24.1730,1.799872
TAP_TAPCELL_ROW_3_268,VPWR,li1,289.1100,19.3460,1.799846
TAP_TAPCELL_ROW_3_267,VPWR,li1,263.3500,19.3460,1.799846
TAP_TAPCELL_ROW_3_266,VPWR,li1,237.5900,19.3460,1.799846
TAP_TAPCELL_ROW_3_265,VPWR,li1,211.8300,19.3460,1.799846
TAP_TAPCELL_ROW_3_264,VPWR,li1,186.0700,19.3460,1.799846
TAP_TAPCELL_ROW_3_263,VPWR,li1,160.3100,19.3460,1.799640
TAP_TAPCELL_ROW_3_262,VPWR,li1,134.5500,19.3460,1.799408
TAP_TAPCELL_ROW_3_261,VPWR,li1,108.7900,19.3460,1.799308
TAP_TAPCELL_ROW_3_260,VPWR,li1,83.0300,19.3460,1.799334
TAP_TAPCELL_ROW_3_259,VPWR,li1,57.2700,19.3460,1.799503
TAP_TAPCELL_ROW_3_258,VPWR,li1,31.5100,19.3460,1.799785
TAP_TAPCELL_ROW_2_257,VPWR,li1,276.2300,18.7330,1.799846
TAP_TAPCELL_ROW_2_256,VPWR,li1,250.4700,18.7330,1.799846
TAP_TAPCELL_ROW_2_255,VPWR,li1,224.7100,18.7330,1.799846
TAP_TAPCELL_ROW_2_254,VPWR,li1,198.9500,18.7330,1.799846
TAP_TAPCELL_ROW_2_253,VPWR,li1,173.1900,18.7330,1.799814
TAP_TAPCELL_ROW_2_252,VPWR,li1,147.4300,18.7330,1.799504
TAP_TAPCELL_ROW_2_251,VPWR,li1,121.6700,18.7330,1.799346
TAP_TAPCELL_ROW_2_250,VPWR,li1,95.9100,18.7330,1.799301
TAP_TAPCELL_ROW_2_249,VPWR,li1,70.1500,18.7330,1.799404
TAP_TAPCELL_ROW_2_248,VPWR,li1,44.3900,18.7330,1.799622
TAP_TAPCELL_ROW_2_247,VPWR,li1,18.6300,18.7330,1.799888
TAP_TAPCELL_ROW_1_246,VPWR,li1,289.1100,13.9060,1.799922
TAP_TAPCELL_ROW_1_245,VPWR,li1,263.3500,13.9060,1.799922
TAP_TAPCELL_ROW_1_244,VPWR,li1,237.5900,13.9060,1.799922
TAP_TAPCELL_ROW_1_243,VPWR,li1,211.8300,13.9060,1.799922
TAP_TAPCELL_ROW_1_242,VPWR,li1,186.0700,13.9060,1.799922
TAP_TAPCELL_ROW_1_241,VPWR,li1,160.3100,13.9060,1.799814
TAP_TAPCELL_ROW_1_240,VPWR,li1,134.5500,13.9060,1.799690
TAP_TAPCELL_ROW_1_239,VPWR,li1,108.7900,13.9060,1.799691
TAP_TAPCELL_ROW_1_238,VPWR,li1,83.0300,13.9060,1.799731
TAP_TAPCELL_ROW_1_237,VPWR,li1,57.2700,13.9060,1.799818
TAP_TAPCELL_ROW_1_236,VPWR,li1,31.5100,13.9060,1.799924
TAP_TAPCELL_ROW_0_235,VPWR,li1,289.1100,13.2930,1.799922
TAP_TAPCELL_ROW_0_234,VPWR,li1,276.2300,13.2930,1.799922
TAP_TAPCELL_ROW_0_233,VPWR,li1,263.3500,13.2930,1.799922
TAP_TAPCELL_ROW_0_232,VPWR,li1,250.4700,13.2930,1.799922
TAP_TAPCELL_ROW_0_231,VPWR,li1,237.5900,13.2930,1.799922
TAP_TAPCELL_ROW_0_230,VPWR,li1,224.7100,13.2930,1.799922
TAP_TAPCELL_ROW_0_229,VPWR,li1,211.8300,13.2930,1.799922
TAP_TAPCELL_ROW_0_228,VPWR,li1,198.9500,13.2930,1.799922
TAP_TAPCELL_ROW_0_227,VPWR,li1,186.0700,13.2930,1.799922
TAP_TAPCELL_ROW_0_226,VPWR,li1,173.1900,13.2930,1.799905
TAP_TAPCELL_ROW_0_225,VPWR,li1,160.3100,13.2930,1.799814
TAP_TAPCELL_ROW_0_224,VPWR,li1,147.4300,13.2930,1.799738
TAP_TAPCELL_ROW_0_223,VPWR,li1,134.5500,13.2930,1.799690
TAP_TAPCELL_ROW_0_222,VPWR,li1,121.6700,13.2930,1.799682
TAP_TAPCELL_ROW_0_221,VPWR,li1,108.7900,13.2930,1.799691
TAP_TAPCELL_ROW_0_220,VPWR,li1,95.9100,13.2930,1.799703
TAP_TAPCELL_ROW_0_219,VPWR,li1,83.0300,13.2930,1.799731
TAP_TAPCELL_ROW_0_218,VPWR,li1,70.1500,13.2930,1.799771
TAP_TAPCELL_ROW_0_217,VPWR,li1,57.2700,13.2930,1.799818
TAP_TAPCELL_ROW_0_216,VPWR,li1,44.3900,13.2930,1.799870
TAP_TAPCELL_ROW_0_215,VPWR,li1,31.5100,13.2930,1.799924
TAP_TAPCELL_ROW_0_214,VPWR,li1,18.6300,13.2930,1.799960
PHY_EDGE_ROW_106_Left_213,VPWR,li1,6.2100,301.9200,1.799877
PHY_EDGE_ROW_105_Left_212,VPWR,li1,6.2100,296.4800,1.799832
PHY_EDGE_ROW_104_Left_211,VPWR,li1,6.2100,296.4800,1.799832
PHY_EDGE_ROW_103_Left_210,VPWR,li1,6.2100,291.0400,1.799849
PHY_EDGE_ROW_102_Left_209,VPWR,li1,6.2100,291.0400,1.799849
PHY_EDGE_ROW_101_Left_208,VPWR,li1,6.2100,285.6000,1.799902
PHY_EDGE_ROW_100_Left_207,VPWR,li1,6.2100,285.6000,1.799902
PHY_EDGE_ROW_99_Left_206,VPWR,li1,6.2100,280.1600,1.799942
PHY_EDGE_ROW_98_Left_205,VPWR,li1,6.2100,280.1600,1.799942
PHY_EDGE_ROW_97_Left_204,VPWR,li1,6.2100,274.7200,1.799984
PHY_EDGE_ROW_96_Left_203,VPWR,li1,6.2100,274.7200,1.799984
PHY_EDGE_ROW_95_Left_202,VPWR,li1,6.2100,269.2800,1.799973
PHY_EDGE_ROW_94_Left_201,VPWR,li1,6.2100,269.2800,1.799973
PHY_EDGE_ROW_93_Left_200,VPWR,li1,6.2100,263.8400,1.799986
PHY_EDGE_ROW_92_Left_199,VPWR,li1,6.2100,263.8400,1.799986
PHY_EDGE_ROW_91_Left_198,VPWR,li1,6.2100,258.4000,1.799956
PHY_EDGE_ROW_90_Left_197,VPWR,li1,6.2100,258.4000,1.799956
PHY_EDGE_ROW_89_Left_196,VPWR,li1,6.2100,252.9600,1.799955
PHY_EDGE_ROW_88_Left_195,VPWR,li1,6.2100,252.9600,1.799955
PHY_EDGE_ROW_87_Left_194,VPWR,li1,6.2100,247.5200,1.799882
PHY_EDGE_ROW_86_Left_193,VPWR,li1,6.2100,247.5200,1.799882
PHY_EDGE_ROW_85_Left_192,VPWR,li1,6.2100,242.0800,1.799822
PHY_EDGE_ROW_84_Left_191,VPWR,li1,6.2100,242.0800,1.799822
PHY_EDGE_ROW_83_Left_190,VPWR,li1,6.2100,236.6400,1.799819
PHY_EDGE_ROW_82_Left_189,VPWR,li1,6.2100,236.6400,1.799819
PHY_EDGE_ROW_81_Left_188,VPWR,li1,6.2100,231.2000,1.799783
PHY_EDGE_ROW_80_Left_187,VPWR,li1,6.2100,231.2000,1.799783
PHY_EDGE_ROW_79_Left_186,VPWR,li1,6.2100,225.7600,1.799794
PHY_EDGE_ROW_78_Left_185,VPWR,li1,6.2100,225.7600,1.799794
PHY_EDGE_ROW_77_Left_184,VPWR,li1,6.2100,220.3200,1.799828
PHY_EDGE_ROW_76_Left_183,VPWR,li1,6.2100,220.3200,1.799828
PHY_EDGE_ROW_75_Left_182,VPWR,li1,6.2100,214.8800,1.799746
PHY_EDGE_ROW_74_Left_181,VPWR,li1,6.2100,214.8800,1.799746
PHY_EDGE_ROW_73_Left_180,VPWR,li1,6.2100,209.4400,1.799725
PHY_EDGE_ROW_72_Left_179,VPWR,li1,6.2100,209.4400,1.799725
PHY_EDGE_ROW_71_Left_178,VPWR,li1,6.2100,204.0000,1.799696
PHY_EDGE_ROW_70_Left_177,VPWR,li1,6.2100,204.0000,1.799696
PHY_EDGE_ROW_69_Left_176,VPWR,li1,6.2100,198.5600,1.799799
PHY_EDGE_ROW_68_Left_175,VPWR,li1,6.2100,198.5600,1.799799
PHY_EDGE_ROW_67_Left_174,VPWR,li1,6.2100,193.1200,1.799819
PHY_EDGE_ROW_66_Left_173,VPWR,li1,6.2100,193.1200,1.799819
PHY_EDGE_ROW_65_Left_172,VPWR,li1,6.2100,187.6800,1.799788
PHY_EDGE_ROW_64_Left_171,VPWR,li1,6.2100,187.6800,1.799788
PHY_EDGE_ROW_63_Left_170,VPWR,li1,6.2100,182.2400,1.799780
PHY_EDGE_ROW_62_Left_169,VPWR,li1,6.2100,182.2400,1.799780
PHY_EDGE_ROW_61_Left_168,VPWR,li1,6.2100,176.8000,1.799733
PHY_EDGE_ROW_60_Left_167,VPWR,li1,6.2100,176.8000,1.799733
PHY_EDGE_ROW_59_Left_166,VPWR,li1,6.2100,171.3600,1.799777
PHY_EDGE_ROW_58_Left_165,VPWR,li1,6.2100,171.3600,1.799777
PHY_EDGE_ROW_57_Left_164,VPWR,li1,6.2100,165.9200,1.799824
PHY_EDGE_ROW_56_Left_163,VPWR,li1,6.2100,165.9200,1.799824
PHY_EDGE_ROW_55_Left_162,VPWR,li1,6.2100,160.4800,1.799835
PHY_EDGE_ROW_54_Left_161,VPWR,li1,6.2100,160.4800,1.799835
PHY_EDGE_ROW_53_Left_160,VPWR,li1,6.2100,155.0400,1.799768
PHY_EDGE_ROW_52_Left_159,VPWR,li1,6.2100,155.0400,1.799768
PHY_EDGE_ROW_51_Left_158,VPWR,li1,6.2100,149.6000,1.799796
PHY_EDGE_ROW_50_Left_157,VPWR,li1,6.2100,149.6000,1.799796
PHY_EDGE_ROW_49_Left_156,VPWR,li1,6.2100,144.1600,1.799808
PHY_EDGE_ROW_48_Left_155,VPWR,li1,6.2100,144.1600,1.799808
PHY_EDGE_ROW_47_Left_154,VPWR,li1,6.2100,138.7200,1.799802
PHY_EDGE_ROW_46_Left_153,VPWR,li1,6.2100,138.7200,1.799802
PHY_EDGE_ROW_45_Left_152,VPWR,li1,6.2100,133.2800,1.799758
PHY_EDGE_ROW_44_Left_151,VPWR,li1,6.2100,133.2800,1.799758
PHY_EDGE_ROW_43_Left_150,VPWR,li1,6.2100,127.8400,1.799726
PHY_EDGE_ROW_42_Left_149,VPWR,li1,6.2100,127.8400,1.799726
PHY_EDGE_ROW_41_Left_148,VPWR,li1,6.2100,122.4000,1.799768
PHY_EDGE_ROW_40_Left_147,VPWR,li1,6.2100,122.4000,1.799768
PHY_EDGE_ROW_39_Left_146,VPWR,li1,6.2100,116.9600,1.799781
PHY_EDGE_ROW_38_Left_145,VPWR,li1,6.2100,116.9600,1.799781
PHY_EDGE_ROW_37_Left_144,VPWR,li1,6.2100,111.5200,1.799781
PHY_EDGE_ROW_36_Left_143,VPWR,li1,6.2100,111.5200,1.799781
PHY_EDGE_ROW_35_Left_142,VPWR,li1,6.2100,106.0800,1.799794
PHY_EDGE_ROW_34_Left_141,VPWR,li1,6.2100,106.0800,1.799794
PHY_EDGE_ROW_33_Left_140,VPWR,li1,6.2100,100.6400,1.799772
PHY_EDGE_ROW_32_Left_139,VPWR,li1,6.2100,100.6400,1.799772
PHY_EDGE_ROW_31_Left_138,VPWR,li1,6.2100,95.2000,1.799692
PHY_EDGE_ROW_30_Left_137,VPWR,li1,6.2100,95.2000,1.799692
PHY_EDGE_ROW_29_Left_136,VPWR,li1,6.2100,89.7600,1.799780
PHY_EDGE_ROW_28_Left_135,VPWR,li1,6.2100,89.7600,1.799780
PHY_EDGE_ROW_27_Left_134,VPWR,li1,6.2100,84.3200,1.799826
PHY_EDGE_ROW_26_Left_133,VPWR,li1,6.2100,84.3200,1.799826
PHY_EDGE_ROW_25_Left_132,VPWR,li1,6.2100,78.8800,1.799784
PHY_EDGE_ROW_24_Left_131,VPWR,li1,6.2100,78.8800,1.799784
PHY_EDGE_ROW_23_Left_130,VPWR,li1,6.2100,73.4400,1.799726
PHY_EDGE_ROW_22_Left_129,VPWR,li1,6.2100,73.4400,1.799726
PHY_EDGE_ROW_21_Left_128,VPWR,li1,6.2100,68.0000,1.799765
PHY_EDGE_ROW_20_Left_127,VPWR,li1,6.2100,68.0000,1.799765
PHY_EDGE_ROW_19_Left_126,VPWR,li1,6.2100,62.5600,1.799793
PHY_EDGE_ROW_18_Left_125,VPWR,li1,6.2100,62.5600,1.799793
PHY_EDGE_ROW_17_Left_124,VPWR,li1,6.2100,57.1200,1.799813
PHY_EDGE_ROW_16_Left_123,VPWR,li1,6.2100,57.1200,1.799813
PHY_EDGE_ROW_15_Left_122,VPWR,li1,6.2100,51.6800,1.799830
PHY_EDGE_ROW_14_Left_121,VPWR,li1,6.2100,51.6800,1.799830
PHY_EDGE_ROW_13_Left_120,VPWR,li1,6.2100,46.2400,1.799837
PHY_EDGE_ROW_12_Left_119,VPWR,li1,6.2100,46.2400,1.799837
PHY_EDGE_ROW_11_Left_118,VPWR,li1,6.2100,40.8000,1.799776
PHY_EDGE_ROW_10_Left_117,VPWR,li1,6.2100,40.8000,1.799776
PHY_EDGE_ROW_9_Left_116,VPWR,li1,6.2100,35.3600,1.799817
PHY_EDGE_ROW_8_Left_115,VPWR,li1,6.2100,35.3600,1.799817
PHY_EDGE_ROW_7_Left_114,VPWR,li1,6.2100,29.9200,1.799864
PHY_EDGE_ROW_6_Left_113,VPWR,li1,6.2100,29.9200,1.799864
PHY_EDGE_ROW_5_Left_112,VPWR,li1,6.2100,24.4800,1.799872
PHY_EDGE_ROW_4_Left_111,VPWR,li1,6.2100,24.4800,1.799872
PHY_EDGE_ROW_3_Left_110,VPWR,li1,6.2100,19.0400,1.799888
PHY_EDGE_ROW_2_Left_109,VPWR,li1,6.2100,19.0400,1.799888
PHY_EDGE_ROW_1_Left_108,VPWR,li1,6.2100,13.6000,1.799960
PHY_EDGE_ROW_0_Left_107,VPWR,li1,6.2100,13.6000,1.799960
PHY_EDGE_ROW_106_Right_106,VPWR,li1,296.0100,301.9200,1.799390
PHY_EDGE_ROW_105_Right_105,VPWR,li1,296.0100,296.4800,1.799334
PHY_EDGE_ROW_104_Right_104,VPWR,li1,296.0100,296.4800,1.799334
PHY_EDGE_ROW_103_Right_103,VPWR,li1,296.0100,291.0400,1.799120
PHY_EDGE_ROW_102_Right_102,VPWR,li1,296.0100,291.0400,1.799120
PHY_EDGE_ROW_101_Right_101,VPWR,li1,296.0100,285.6000,1.799316
PHY_EDGE_ROW_100_Right_100,VPWR,li1,296.0100,285.6000,1.799316
PHY_EDGE_ROW_99_Right_99,VPWR,li1,296.0100,280.1600,1.799177
PHY_EDGE_ROW_98_Right_98,VPWR,li1,296.0100,280.1600,1.799177
PHY_EDGE_ROW_97_Right_97,VPWR,li1,296.0100,274.7200,1.798975
PHY_EDGE_ROW_96_Right_96,VPWR,li1,296.0100,274.7200,1.798975
PHY_EDGE_ROW_95_Right_95,VPWR,li1,296.0100,269.2800,1.799323
PHY_EDGE_ROW_94_Right_94,VPWR,li1,296.0100,269.2800,1.799323
PHY_EDGE_ROW_93_Right_93,VPWR,li1,296.0100,263.8400,1.799181
PHY_EDGE_ROW_92_Right_92,VPWR,li1,296.0100,263.8400,1.799181
PHY_EDGE_ROW_91_Right_91,VPWR,li1,296.0100,258.4000,1.799049
PHY_EDGE_ROW_90_Right_90,VPWR,li1,296.0100,258.4000,1.799049
PHY_EDGE_ROW_89_Right_89,VPWR,li1,296.0100,252.9600,1.798762
PHY_EDGE_ROW_88_Right_88,VPWR,li1,296.0100,252.9600,1.798762
PHY_EDGE_ROW_87_Right_87,VPWR,li1,296.0100,247.5200,1.798725
PHY_EDGE_ROW_86_Right_86,VPWR,li1,296.0100,247.5200,1.798725
PHY_EDGE_ROW_85_Right_85,VPWR,li1,296.0100,242.0800,1.798720
PHY_EDGE_ROW_84_Right_84,VPWR,li1,296.0100,242.0800,1.798720
PHY_EDGE_ROW_83_Right_83,VPWR,li1,296.0100,236.6400,1.798808
PHY_EDGE_ROW_82_Right_82,VPWR,li1,296.0100,236.6400,1.798808
PHY_EDGE_ROW_81_Right_81,VPWR,li1,296.0100,231.2000,1.798646
PHY_EDGE_ROW_80_Right_80,VPWR,li1,296.0100,231.2000,1.798646
PHY_EDGE_ROW_79_Right_79,VPWR,li1,296.0100,225.7600,1.799068
PHY_EDGE_ROW_78_Right_78,VPWR,li1,296.0100,225.7600,1.799068
PHY_EDGE_ROW_77_Right_77,VPWR,li1,296.0100,220.3200,1.798383
PHY_EDGE_ROW_76_Right_76,VPWR,li1,296.0100,220.3200,1.798383
PHY_EDGE_ROW_75_Right_75,VPWR,li1,296.0100,214.8800,1.798639
PHY_EDGE_ROW_74_Right_74,VPWR,li1,296.0100,214.8800,1.798639
PHY_EDGE_ROW_73_Right_73,VPWR,li1,296.0100,209.4400,1.798653
PHY_EDGE_ROW_72_Right_72,VPWR,li1,296.0100,209.4400,1.798653
PHY_EDGE_ROW_71_Right_71,VPWR,li1,296.0100,204.0000,1.798204
PHY_EDGE_ROW_70_Right_70,VPWR,li1,296.0100,204.0000,1.798204
PHY_EDGE_ROW_69_Right_69,VPWR,li1,296.0100,198.5600,1.798934
PHY_EDGE_ROW_68_Right_68,VPWR,li1,296.0100,198.5600,1.798934
PHY_EDGE_ROW_67_Right_67,VPWR,li1,296.0100,193.1200,1.798067
PHY_EDGE_ROW_66_Right_66,VPWR,li1,296.0100,193.1200,1.798067
PHY_EDGE_ROW_65_Right_65,VPWR,li1,296.0100,187.6800,1.798177
PHY_EDGE_ROW_64_Right_64,VPWR,li1,296.0100,187.6800,1.798177
PHY_EDGE_ROW_63_Right_63,VPWR,li1,296.0100,182.2400,1.798433
PHY_EDGE_ROW_62_Right_62,VPWR,li1,296.0100,182.2400,1.798433
PHY_EDGE_ROW_61_Right_61,VPWR,li1,296.0100,176.8000,1.797323
PHY_EDGE_ROW_60_Right_60,VPWR,li1,296.0100,176.8000,1.797323
PHY_EDGE_ROW_59_Right_59,VPWR,li1,296.0100,171.3600,1.798207
PHY_EDGE_ROW_58_Right_58,VPWR,li1,296.0100,171.3600,1.798207
PHY_EDGE_ROW_57_Right_57,VPWR,li1,296.0100,165.9200,1.798176
PHY_EDGE_ROW_56_Right_56,VPWR,li1,296.0100,165.9200,1.798176
PHY_EDGE_ROW_55_Right_55,VPWR,li1,296.0100,160.4800,1.797691
PHY_EDGE_ROW_54_Right_54,VPWR,li1,296.0100,160.4800,1.797691
PHY_EDGE_ROW_53_Right_53,VPWR,li1,296.0100,155.0400,1.798319
PHY_EDGE_ROW_52_Right_52,VPWR,li1,296.0100,155.0400,1.798319
PHY_EDGE_ROW_51_Right_51,VPWR,li1,296.0100,149.6000,1.798364
PHY_EDGE_ROW_50_Right_50,VPWR,li1,296.0100,149.6000,1.798364
PHY_EDGE_ROW_49_Right_49,VPWR,li1,296.0100,144.1600,1.798223
PHY_EDGE_ROW_48_Right_48,VPWR,li1,296.0100,144.1600,1.798223
PHY_EDGE_ROW_47_Right_47,VPWR,li1,296.0100,138.7200,1.797613
PHY_EDGE_ROW_46_Right_46,VPWR,li1,296.0100,138.7200,1.797613
PHY_EDGE_ROW_45_Right_45,VPWR,li1,296.0100,133.2800,1.797944
PHY_EDGE_ROW_44_Right_44,VPWR,li1,296.0100,133.2800,1.797944
PHY_EDGE_ROW_43_Right_43,VPWR,li1,296.0100,127.8400,1.798066
PHY_EDGE_ROW_42_Right_42,VPWR,li1,296.0100,127.8400,1.798066
PHY_EDGE_ROW_41_Right_41,VPWR,li1,296.0100,122.4000,1.798021
PHY_EDGE_ROW_40_Right_40,VPWR,li1,296.0100,122.4000,1.798021
PHY_EDGE_ROW_39_Right_39,VPWR,li1,296.0100,116.9600,1.798206
PHY_EDGE_ROW_38_Right_38,VPWR,li1,296.0100,116.9600,1.798206
PHY_EDGE_ROW_37_Right_37,VPWR,li1,296.0100,111.5200,1.796987
PHY_EDGE_ROW_36_Right_36,VPWR,li1,296.0100,111.5200,1.796987
PHY_EDGE_ROW_35_Right_35,VPWR,li1,296.0100,106.0800,1.797915
PHY_EDGE_ROW_34_Right_34,VPWR,li1,296.0100,106.0800,1.797915
PHY_EDGE_ROW_33_Right_33,VPWR,li1,296.0100,100.6400,1.797803
PHY_EDGE_ROW_32_Right_32,VPWR,li1,296.0100,100.6400,1.797803
PHY_EDGE_ROW_31_Right_31,VPWR,li1,296.0100,95.2000,1.797512
PHY_EDGE_ROW_30_Right_30,VPWR,li1,296.0100,95.2000,1.797512
PHY_EDGE_ROW_29_Right_29,VPWR,li1,296.0100,89.7600,1.797666
PHY_EDGE_ROW_28_Right_28,VPWR,li1,296.0100,89.7600,1.797666
PHY_EDGE_ROW_27_Right_27,VPWR,li1,296.0100,84.3200,1.798507
PHY_EDGE_ROW_26_Right_26,VPWR,li1,296.0100,84.3200,1.798507
PHY_EDGE_ROW_25_Right_25,VPWR,li1,296.0100,78.8800,1.798851
PHY_EDGE_ROW_24_Right_24,VPWR,li1,296.0100,78.8800,1.798851
PHY_EDGE_ROW_23_Right_23,VPWR,li1,296.0100,73.4400,1.798322
PHY_EDGE_ROW_22_Right_22,VPWR,li1,296.0100,73.4400,1.798322
PHY_EDGE_ROW_21_Right_21,VPWR,li1,296.0100,68.0000,1.798707
PHY_EDGE_ROW_20_Right_20,VPWR,li1,296.0100,68.0000,1.798707
PHY_EDGE_ROW_19_Right_19,VPWR,li1,296.0100,62.5600,1.799535
PHY_EDGE_ROW_18_Right_18,VPWR,li1,296.0100,62.5600,1.799535
PHY_EDGE_ROW_17_Right_17,VPWR,li1,296.0100,57.1200,1.799858
PHY_EDGE_ROW_16_Right_16,VPWR,li1,296.0100,57.1200,1.799858
PHY_EDGE_ROW_15_Right_15,VPWR,li1,296.0100,51.6800,1.799812
PHY_EDGE_ROW_14_Right_14,VPWR,li1,296.0100,51.6800,1.799812
PHY_EDGE_ROW_13_Right_13,VPWR,li1,296.0100,46.2400,1.799873
PHY_EDGE_ROW_12_Right_12,VPWR,li1,296.0100,46.2400,1.799873
PHY_EDGE_ROW_11_Right_11,VPWR,li1,296.0100,40.8000,1.799824
PHY_EDGE_ROW_10_Right_10,VPWR,li1,296.0100,40.8000,1.799824
PHY_EDGE_ROW_9_Right_9,VPWR,li1,296.0100,35.3600,1.799796
PHY_EDGE_ROW_8_Right_8,VPWR,li1,296.0100,35.3600,1.799796
PHY_EDGE_ROW_7_Right_7,VPWR,li1,296.0100,29.9200,1.799878
PHY_EDGE_ROW_6_Right_6,VPWR,li1,296.0100,29.9200,1.799878
PHY_EDGE_ROW_5_Right_5,VPWR,li1,296.0100,24.4800,1.799824
PHY_EDGE_ROW_4_Right_4,VPWR,li1,296.0100,24.4800,1.799824
PHY_EDGE_ROW_3_Right_3,VPWR,li1,296.0100,19.0400,1.799846
PHY_EDGE_ROW_2_Right_2,VPWR,li1,296.0100,19.0400,1.799846
PHY_EDGE_ROW_1_Right_1,VPWR,li1,296.0100,13.6000,1.799922
PHY_EDGE_ROW_0_Right_0,VPWR,li1,296.0100,13.6000,1.799922
_5042_,VPWR,li1,185.8400,187.6800,1.799379
_5041_,VPWR,li1,190.9000,187.6800,1.799268
_5040_,VPWR,li1,254.3800,106.0800,1.798094
_5039_,VPWR,li1,238.7400,160.4800,1.798178
_5038_,VPWR,li1,275.0800,100.6400,1.797864
_5037_,VPWR,li1,244.2600,165.9200,1.798427
_5036_,VPWR,li1,233.6800,111.5200,1.797579
_5035_,VPWR,li1,267.2600,144.1600,1.798293
_5034_,VPWR,li1,239.2000,127.8400,1.798426
_5033_,VPWR,li1,274.6200,122.4000,1.798081
_5032_,VPWR,li1,274.6200,106.0800,1.797960
_5031_,VPWR,li1,267.2600,165.9200,1.798251
_5030_,VPWR,li1,180.7800,122.4000,1.799429
_5029_,VPWR,li1,187.2200,138.7200,1.799284
_5028_,VPWR,li1,165.6000,116.9600,1.799482
_5027_,VPWR,li1,180.3200,149.6000,1.799519
_5026_,VPWR,li1,182.1600,116.9600,1.799465
_5025_,VPWR,li1,180.7800,138.7200,1.799410
_5024_,VPWR,li1,182.1600,127.8400,1.799404
_5023_,VPWR,li1,178.0200,138.7200,1.799486
_5022_,VPWR,li1,178.4800,116.9600,1.799572
_5021_,VPWR,li1,182.1600,155.0400,1.799417
_5020_,VPWR,li1,249.7800,100.6400,1.798136
_5019_,VPWR,li1,241.5000,155.0400,1.798561
_5018_,VPWR,li1,281.9800,106.0800,1.797933
_5017_,VPWR,li1,242.4200,171.3600,1.798533
_5016_,VPWR,li1,237.3600,111.5200,1.797503
_5015_,VPWR,li1,267.2600,138.7200,1.797719
_5014_,VPWR,li1,241.5000,122.4000,1.798339
_5013_,VPWR,li1,269.5600,127.8400,1.798144
_5012_,VPWR,li1,272.7800,111.5200,1.797057
_5011_,VPWR,li1,261.7400,176.8000,1.797547
_5010_,VPWR,li1,123.2800,116.9600,1.799132
_5009_,VPWR,li1,100.2800,176.8000,1.798870
_5008_,VPWR,li1,51.9800,236.6400,1.799410
_5007_,VPWR,li1,61.6400,176.8000,1.799148
_5006_,VPWR,li1,113.6200,46.2400,1.799394
_5005_,VPWR,li1,61.6400,165.9200,1.799337
_5004_,VPWR,li1,155.0200,46.2400,1.799665
_5003_,VPWR,li1,135.2400,236.6400,1.799435
_5002_,VPWR,li1,144.4400,51.6800,1.799404
_5001_,VPWR,li1,152.7200,111.5200,1.799149
_5000_,VPWR,li1,85.1000,225.7600,1.799177
_4999_,VPWR,li1,77.2800,62.5600,1.799247
_4998_,VPWR,li1,69.0000,111.5200,1.799181
_4997_,VPWR,li1,53.3600,89.7600,1.799325
_4996_,VPWR,li1,153.1800,78.8800,1.799337
_4995_,VPWR,li1,97.5200,236.6400,1.799292
_4994_,VPWR,li1,99.8200,155.0400,1.798903
_4993_,VPWR,li1,17.9400,78.8800,1.799792
_4992_,VPWR,li1,18.8600,111.5200,1.799791
_4991_,VPWR,li1,25.3000,182.2400,1.799767
_4990_,VPWR,li1,56.1200,46.2400,1.799512
_4989_,VPWR,li1,20.2400,231.2000,1.799785
_4988_,VPWR,li1,96.6000,40.8000,1.799238
_4987_,VPWR,li1,143.5200,176.8000,1.799087
_4986_,VPWR,li1,103.9600,214.8800,1.799019
_4985_,VPWR,li1,14.7200,73.4400,1.799728
_4984_,VPWR,li1,23.9200,138.7200,1.799759
_4983_,VPWR,li1,14.7200,171.3600,1.799782
_4982_,VPWR,li1,14.7200,46.2400,1.799837
_4981_,VPWR,li1,18.4000,204.0000,1.799709
_4980_,VPWR,li1,90.6200,84.3200,1.799325
_4979_,VPWR,li1,145.3600,198.5600,1.799395
_4978_,VPWR,li1,141.6800,106.0800,1.799174
_4977_,VPWR,li1,138.9200,171.3600,1.799332
_4976_,VPWR,li1,100.7400,198.5600,1.799213
_4975_,VPWR,li1,90.1600,171.3600,1.799262
_4974_,VPWR,li1,116.3800,116.9600,1.799110
_4973_,VPWR,li1,88.3200,138.7200,1.799153
_4972_,VPWR,li1,165.1400,122.4000,1.799415
_4971_,VPWR,li1,155.4800,176.8000,1.799208
_4970_,VPWR,li1,142.6000,106.0800,1.799174
_4969_,VPWR,li1,147.6600,116.9600,1.799281
_4968_,VPWR,li1,96.6000,193.1200,1.799209
_4967_,VPWR,li1,87.8600,127.8400,1.798710
_4966_,VPWR,li1,113.6200,116.9600,1.799104
_4965_,VPWR,li1,87.8600,100.6400,1.799049
_4964_,VPWR,li1,166.5200,116.9600,1.799482
_4963_,VPWR,li1,137.0800,182.2400,1.799246
_4962_,VPWR,li1,134.3200,138.7200,1.799222
_4961_,VPWR,li1,62.1000,100.6400,1.799196
_4960_,VPWR,li1,62.1000,122.4000,1.799278
_4959_,VPWR,li1,58.8800,165.9200,1.799361
_4958_,VPWR,li1,63.9400,116.9600,1.799243
_4957_,VPWR,li1,61.1800,209.4400,1.798963
_4956_,VPWR,li1,109.0200,127.8400,1.798681
_4955_,VPWR,li1,165.1400,149.6000,1.799401
_4954_,VPWR,li1,134.7800,187.6800,1.799210
_4953_,VPWR,li1,59.8000,106.0800,1.799292
_4952_,VPWR,li1,62.1000,127.8400,1.798996
_4951_,VPWR,li1,56.1200,149.6000,1.799342
_4950_,VPWR,li1,62.1000,116.9600,1.799258
_4949_,VPWR,li1,62.1000,204.0000,1.799006
_4948_,VPWR,li1,112.2400,133.2800,1.798684
_4947_,VPWR,li1,163.7600,182.2400,1.799500
_4946_,VPWR,li1,290.2600,84.3200,1.798509
_4945_,VPWR,li1,290.2600,155.0400,1.798325
_4944_,VPWR,li1,289.3400,95.2000,1.797515
_4943_,VPWR,li1,290.2600,171.3600,1.798213
_4942_,VPWR,li1,289.8000,106.0800,1.797917
_4941_,VPWR,li1,290.2600,138.7200,1.797617
_4940_,VPWR,li1,289.8000,100.6400,1.797805
_4939_,VPWR,li1,290.2600,111.5200,1.796989
_4938_,VPWR,li1,289.8000,89.7600,1.797668
_4937_,VPWR,li1,289.8000,165.9200,1.798178
_4936_,VPWR,li1,130.6400,116.9600,1.799166
_4935_,VPWR,li1,103.9600,187.6800,1.799103
_4934_,VPWR,li1,58.4200,242.0800,1.799418
_4933_,VPWR,li1,66.7000,182.2400,1.799279
_4932_,VPWR,li1,117.7600,51.6800,1.799206
_4931_,VPWR,li1,66.2400,160.4800,1.799435
_4930_,VPWR,li1,164.2200,40.8000,1.799676
_4929_,VPWR,li1,138.4600,242.0800,1.799375
_4928_,VPWR,li1,151.3400,51.6800,1.799479
_4927_,VPWR,li1,157.3200,111.5200,1.799195
_4926_,VPWR,li1,87.8600,231.2000,1.799025
_4925_,VPWR,li1,82.8000,68.0000,1.799144
_4924_,VPWR,li1,76.3600,111.5200,1.799111
_4923_,VPWR,li1,61.1800,95.2000,1.798954
_4922_,VPWR,li1,156.4000,73.4400,1.799254
_4921_,VPWR,li1,104.8800,242.0800,1.799241
_4920_,VPWR,li1,109.4800,160.4800,1.799307
_4919_,VPWR,li1,24.8400,89.7600,1.799760
_4918_,VPWR,li1,26.6800,111.5200,1.799716
_4917_,VPWR,li1,30.8200,176.8000,1.799620
_4916_,VPWR,li1,62.5600,51.6800,1.799359
_4915_,VPWR,li1,26.2200,242.0800,1.799764
_4914_,VPWR,li1,100.7400,51.6800,1.799167
_4913_,VPWR,li1,151.3400,176.8000,1.799156
_4912_,VPWR,li1,109.0200,209.4400,1.798784
_4911_,VPWR,li1,23.0000,68.0000,1.799757
_4910_,VPWR,li1,27.6000,133.2800,1.799672
_4909_,VPWR,li1,26.6800,171.3600,1.799717
_4908_,VPWR,li1,24.3800,46.2400,1.799817
_4907_,VPWR,li1,25.7600,204.0000,1.799625
_4906_,VPWR,li1,95.6800,89.7600,1.798935
_4905_,VPWR,li1,150.8800,204.0000,1.799244
_4904_,VPWR,li1,133.4000,122.4000,1.799177
_4903_,VPWR,li1,104.8800,182.2400,1.799160
_4902_,VPWR,li1,61.1800,231.2000,1.799195
_4901_,VPWR,li1,66.2400,182.2400,1.799279
_4900_,VPWR,li1,125.5800,51.6800,1.799254
_4899_,VPWR,li1,69.0000,165.9200,1.799284
_4898_,VPWR,li1,161.4600,40.8000,1.799627
_4897_,VPWR,li1,139.3800,236.6400,1.799462
_4896_,VPWR,li1,151.8000,51.6800,1.799479
_4895_,VPWR,li1,156.4000,106.0800,1.799298
_4894_,VPWR,li1,88.7800,225.7600,1.799165
_4893_,VPWR,li1,84.6400,62.5600,1.799221
_4892_,VPWR,li1,78.6600,106.0800,1.799133
_4891_,VPWR,li1,60.7200,89.7600,1.799238
_4890_,VPWR,li1,160.5400,78.8800,1.799429
_4889_,VPWR,li1,104.8800,236.6400,1.799306
_4888_,VPWR,li1,112.7000,155.0400,1.798867
_4887_,VPWR,li1,27.1400,84.3200,1.799769
_4886_,VPWR,li1,27.6000,106.0800,1.799691
_4885_,VPWR,li1,35.4200,176.8000,1.799516
_4884_,VPWR,li1,65.3200,46.2400,1.799456
_4883_,VPWR,li1,27.6000,236.6400,1.799699
_4882_,VPWR,li1,103.0400,46.2400,1.799368
_4881_,VPWR,li1,153.6400,171.3600,1.799419
_4880_,VPWR,li1,111.3200,214.8800,1.799033
_4879_,VPWR,li1,25.3000,68.0000,1.799722
_4878_,VPWR,li1,35.4200,133.2800,1.799494
_4877_,VPWR,li1,28.0600,165.9200,1.799750
_4876_,VPWR,li1,26.6800,51.6800,1.799768
_4875_,VPWR,li1,27.6000,198.5600,1.799739
_4874_,VPWR,li1,97.9800,84.3200,1.799308
_4873_,VPWR,li1,154.1000,204.0000,1.799297
_4872_,VPWR,li1,250.7000,263.8400,1.799327
_4871_,VPWR,li1,249.7800,252.9600,1.799085
_4870_,VPWR,li1,249.5500,258.4000,1.799230
_4869_,VPWR,li1,247.9400,269.2800,1.799452
_4868_,VPWR,li1,256.4500,280.1600,1.799282
_4867_,VPWR,li1,257.6000,285.6000,1.799400
_4866_,VPWR,li1,248.4000,285.6000,1.799431
_4865_,VPWR,li1,240.1200,291.0400,1.799253
_4864_,VPWR,li1,235.7500,263.8400,1.799397
_4863_,VPWR,li1,232.3000,258.4000,1.799326
_4862_,VPWR,li1,232.3000,263.8400,1.799417
_4861_,VPWR,li1,223.1000,263.8400,1.799477
_4860_,VPWR,li1,216.6600,274.7200,1.799331
_4859_,VPWR,li1,213.9000,280.1600,1.799455
_4858_,VPWR,li1,217.3500,258.4000,1.799425
_4857_,VPWR,li1,212.9800,258.4000,1.799457
_4856_,VPWR,li1,203.7800,258.4000,1.799532
_4855_,VPWR,li1,194.1200,258.4000,1.799619
_4854_,VPWR,li1,192.7400,274.7200,1.799593
_4853_,VPWR,li1,191.3600,280.1600,1.799593
_4852_,VPWR,li1,191.8200,263.8400,1.799725
_4851_,VPWR,li1,182.6200,263.8400,1.799801
_4850_,VPWR,li1,184.2300,258.4000,1.799714
_4849_,VPWR,li1,189.9800,209.4400,1.799480
_4848_,VPWR,li1,190.9000,198.5600,1.799554
_4847_,VPWR,li1,189.0600,198.5600,1.799575
_4846_,VPWR,li1,202.4000,193.1200,1.798989
_4845_,VPWR,li1,257.6000,242.0800,1.798855
_4844_,VPWR,li1,269.1000,236.6400,1.798902
_4843_,VPWR,li1,268.6400,231.2000,1.798708
_4842_,VPWR,li1,269.5600,231.2000,1.798708
_4841_,VPWR,li1,252.7700,231.2000,1.798787
_4840_,VPWR,li1,255.3000,236.6400,1.798996
_4839_,VPWR,li1,247.4800,242.0800,1.798933
_4838_,VPWR,li1,240.1200,242.0800,1.798991
_4837_,VPWR,li1,242.4200,225.7600,1.799240
_4836_,VPWR,li1,242.4200,225.7600,1.799240
_4835_,VPWR,li1,233.2200,225.7600,1.799289
_4834_,VPWR,li1,228.1600,225.7600,1.799320
_4833_,VPWR,li1,224.0200,231.2000,1.799063
_4832_,VPWR,li1,219.8800,242.0800,1.799197
_4831_,VPWR,li1,218.9600,225.7600,1.799379
_4830_,VPWR,li1,211.6000,231.2000,1.799186
_4829_,VPWR,li1,207.0000,220.3200,1.799115
_4828_,VPWR,li1,203.7800,225.7600,1.799495
_4827_,VPWR,li1,202.8600,225.7600,1.799495
_4826_,VPWR,li1,193.6600,225.7600,1.799574
_4825_,VPWR,li1,189.0600,236.6400,1.799604
_4824_,VPWR,li1,190.9000,242.0800,1.799521
_4823_,VPWR,li1,187.6800,242.0800,1.799564
_4822_,VPWR,li1,185.3800,193.1200,1.799350
_4821_,VPWR,li1,128.3400,13.6000,1.799680
_4820_,VPWR,li1,97.0600,187.6800,1.799105
_4819_,VPWR,li1,62.1000,252.9600,1.799777
_4818_,VPWR,li1,11.9600,198.5600,1.799799
_4817_,VPWR,li1,129.7200,19.0400,1.799383
_4816_,VPWR,li1,11.5000,160.4800,1.799835
_4815_,VPWR,li1,166.0600,19.0400,1.799700
_4814_,VPWR,li1,156.4000,252.9600,1.799786
_4813_,VPWR,li1,152.7200,19.0400,1.799545
_4812_,VPWR,li1,167.9000,13.6000,1.799856
_4811_,VPWR,li1,74.0600,258.4000,1.799733
_4810_,VPWR,li1,74.0600,19.0400,1.799375
_4809_,VPWR,li1,11.5000,106.0800,1.799795
_4808_,VPWR,li1,11.5000,78.8800,1.799784
_4807_,VPWR,li1,138.9200,13.6000,1.799702
_4806_,VPWR,li1,99.8200,252.9600,1.799702
_4805_,VPWR,li1,94.7600,160.4800,1.799330
_4804_,VPWR,li1,11.5000,89.7600,1.799780
_4803_,VPWR,li1,11.5000,111.5200,1.799781
_4802_,VPWR,li1,11.9600,193.1200,1.799819
_4801_,VPWR,li1,51.0600,19.0400,1.799548
_4800_,VPWR,li1,11.9600,242.0800,1.799822
_4799_,VPWR,li1,92.0000,19.0400,1.799307
_4798_,VPWR,li1,151.3400,258.4000,1.799694
_4797_,VPWR,li1,102.5800,252.9600,1.799703
_4796_,VPWR,li1,11.5000,68.0000,1.799765
_4795_,VPWR,li1,11.9600,144.1600,1.799808
_4794_,VPWR,li1,11.5000,171.3600,1.799777
_4793_,VPWR,li1,11.5000,40.8000,1.799776
_4792_,VPWR,li1,11.5000,214.8800,1.799746
_4791_,VPWR,li1,115.0000,19.0400,1.799320
_4790_,VPWR,li1,145.8200,258.4000,1.799687
_4789_,VPWR,li1,202.8600,68.0000,1.799134
_4788_,VPWR,li1,215.7400,149.6000,1.798965
_4787_,VPWR,li1,232.7600,73.4400,1.798525
_4786_,VPWR,li1,223.1000,165.9200,1.798703
_4785_,VPWR,li1,223.1000,111.5200,1.797824
_4784_,VPWR,li1,219.4200,144.1600,1.798778
_4783_,VPWR,li1,218.5000,73.4400,1.798719
_4782_,VPWR,li1,217.1200,133.2800,1.798621
_4781_,VPWR,li1,228.6200,84.3200,1.798860
_4780_,VPWR,li1,207.4600,165.9200,1.798969
_4779_,VPWR,li1,181.7000,296.4800,1.799704
_4778_,VPWR,li1,278.3000,252.9600,1.798818
_4777_,VPWR,li1,172.5000,263.8400,1.799881
_4776_,VPWR,li1,278.7600,263.8400,1.799208
_4775_,VPWR,li1,290.2600,242.0800,1.798722
_4774_,VPWR,li1,290.2600,247.5200,1.798731
_4773_,VPWR,li1,290.2600,285.6000,1.799320
_4772_,VPWR,li1,290.2600,263.8400,1.799182
_4771_,VPWR,li1,291.6400,220.3200,1.798383
_4770_,VPWR,li1,291.1800,209.4400,1.798656
_4769_,VPWR,li1,290.2600,176.8000,1.797328
_4768_,VPWR,li1,286.5800,182.2400,1.798444
_4767_,VPWR,li1,282.9000,193.1200,1.798075
_4766_,VPWR,li1,282.9000,247.5200,1.798752
_4765_,VPWR,li1,290.2600,236.6400,1.798812
_4764_,VPWR,li1,285.2000,116.9600,1.798221
_4763_,VPWR,li1,290.2600,193.1200,1.798069
_4762_,VPWR,li1,290.2600,116.9600,1.798212
_4761_,VPWR,li1,290.2600,204.0000,1.798210
_4760_,VPWR,li1,290.2600,280.1600,1.799183
_4759_,VPWR,li1,283.3600,176.8000,1.797354
_4758_,VPWR,li1,290.2600,187.6800,1.798179
_4757_,VPWR,li1,290.2600,160.4800,1.797698
_4756_,VPWR,li1,290.2600,122.4000,1.798027
_4755_,VPWR,li1,289.8000,231.2000,1.798647
_4754_,VPWR,li1,289.8000,225.7600,1.799074
_4753_,VPWR,li1,284.2800,252.9600,1.798776
_4752_,VPWR,li1,284.2800,274.7200,1.798990
_4751_,VPWR,li1,284.2800,274.7200,1.798990
_4750_,VPWR,li1,286.1200,258.4000,1.799064
_4749_,VPWR,li1,283.3600,220.3200,1.798396
_4748_,VPWR,li1,282.9000,209.4400,1.798674
_4747_,VPWR,li1,283.8200,198.5600,1.798952
_4746_,VPWR,li1,276.9200,182.2400,1.798482
_4745_,VPWR,li1,273.2400,187.6800,1.798221
_4744_,VPWR,li1,283.3600,236.6400,1.798829
_4743_,VPWR,li1,281.0600,138.7200,1.797640
_4742_,VPWR,li1,284.2800,122.4000,1.798038
_4741_,VPWR,li1,278.5300,138.7200,1.797651
_4740_,VPWR,li1,282.9000,127.8400,1.798084
_4739_,VPWR,li1,276.9200,149.6000,1.798402
_4738_,VPWR,li1,271.1700,160.4800,1.797780
_4737_,VPWR,li1,275.5400,160.4800,1.797747
_4736_,VPWR,li1,276.0000,165.9200,1.798214
_4735_,VPWR,li1,268.6400,198.5600,1.799009
_4734_,VPWR,li1,268.6400,204.0000,1.798351
_4733_,VPWR,li1,270.9400,214.8800,1.798705
_4732_,VPWR,li1,269.5600,214.8800,1.798705
_4731_,VPWR,li1,255.3000,204.0000,1.798523
_4730_,VPWR,li1,192.7400,296.4800,1.799634
_4729_,VPWR,li1,172.5000,291.0400,1.799604
_4728_,VPWR,li1,258.0600,296.4800,1.799361
_4727_,VPWR,li1,155.4800,291.0400,1.799342
_4726_,VPWR,li1,40.4800,296.4800,1.799525
_4725_,VPWR,li1,138.9200,296.4800,1.799332
_4724_,VPWR,li1,107.1800,296.4800,1.799163
_4723_,VPWR,li1,88.7800,291.0400,1.799035
_4722_,VPWR,li1,74.0600,296.4800,1.799191
_4721_,VPWR,li1,62.1000,291.0400,1.799272
_4720_,VPWR,li1,48.3000,296.4800,1.799415
_4719_,VPWR,li1,116.3800,296.4800,1.799189
_4718_,VPWR,li1,122.3600,291.0400,1.799060
_4717_,VPWR,li1,265.4200,296.4800,1.799346
_4716_,VPWR,li1,268.1800,291.0400,1.799122
_4715_,VPWR,li1,66.2400,296.4800,1.799247
_4714_,VPWR,li1,38.1800,291.0400,1.799586
_4713_,VPWR,li1,129.7200,296.4800,1.799271
_4712_,VPWR,li1,92.0000,296.4800,1.799145
_4711_,VPWR,li1,79.1200,291.0400,1.799105
_4710_,VPWR,li1,82.3400,296.4800,1.799162
_4709_,VPWR,li1,33.1200,296.4800,1.799639
_4708_,VPWR,li1,253.6900,220.3200,1.798609
_4707_,VPWR,li1,255.3000,214.8800,1.798801
_4706_,VPWR,li1,250.9300,214.8800,1.798853
_4705_,VPWR,li1,243.3400,106.0800,1.798205
_4704_,VPWR,li1,228.1600,155.0400,1.798712
_4703_,VPWR,li1,262.6600,106.0800,1.798036
_4702_,VPWR,li1,235.5200,171.3600,1.798620
_4701_,VPWR,li1,228.1600,106.0800,1.798404
_4700_,VPWR,li1,256.2200,144.1600,1.798364
_4699_,VPWR,li1,230.4600,122.4000,1.798496
_4698_,VPWR,li1,261.7400,127.8400,1.798205
_4697_,VPWR,li1,261.7400,111.5200,1.797155
_4696_,VPWR,li1,258.0600,165.9200,1.798308
_4695_,VPWR,li1,150.6500,144.1600,1.799372
_4694_,VPWR,li1,152.2600,144.1600,1.799372
_4693_,VPWR,li1,141.2200,144.1600,1.799301
_4692_,VPWR,li1,180.7800,209.4400,1.799569
_4691_,VPWR,li1,190.9000,291.0400,1.799538
_4690_,VPWR,li1,171.1200,285.6000,1.799721
_4689_,VPWR,li1,179.1700,291.0400,1.799640
_4688_,VPWR,li1,155.0200,296.4800,1.799477
_4687_,VPWR,li1,103.9600,291.0400,1.798999
_4686_,VPWR,li1,121.9000,285.6000,1.799331
_4685_,VPWR,li1,113.6200,274.7200,1.799837
_4684_,VPWR,li1,79.5800,285.6000,1.799396
_4683_,VPWR,li1,66.7000,280.1600,1.799680
_4682_,VPWR,li1,65.3200,285.6000,1.799483
_4681_,VPWR,li1,52.4400,291.0400,1.799372
_4680_,VPWR,li1,109.2500,280.1600,1.799567
_4679_,VPWR,li1,146.2800,285.6000,1.799466
_4678_,VPWR,li1,163.0700,285.6000,1.799616
_4677_,VPWR,li1,154.7900,280.1600,1.799668
_4676_,VPWR,li1,139.3800,291.0400,1.799163
_4675_,VPWR,li1,134.5500,280.1600,1.799586
_4674_,VPWR,li1,128.3400,285.6000,1.799352
_4673_,VPWR,li1,94.3000,285.6000,1.799339
_4672_,VPWR,li1,87.8600,280.1600,1.799588
_4671_,VPWR,li1,91.0800,280.1600,1.799579
_4670_,VPWR,li1,54.0500,291.0400,1.799372
_4669_,VPWR,li1,246.5600,106.0800,1.798170
_4668_,VPWR,li1,231.3800,160.4800,1.798288
_4667_,VPWR,li1,267.7200,100.6400,1.797915
_4666_,VPWR,li1,241.5000,165.9200,1.798458
_4665_,VPWR,li1,230.0000,111.5200,1.797659
_4664_,VPWR,li1,262.2000,138.7200,1.797777
_4663_,VPWR,li1,231.8400,127.8400,1.798521
_4662_,VPWR,li1,267.2600,122.4000,1.798126
_4661_,VPWR,li1,267.2600,106.0800,1.797999
_4660_,VPWR,li1,259.4400,171.3600,1.798369
_4659_,VPWR,li1,254.8400,155.0400,1.798454
_4658_,VPWR,li1,256.6800,155.0400,1.798442
_4657_,VPWR,li1,258.9800,160.4800,1.797864
_4656_,VPWR,li1,274.6200,89.7600,1.797728
_4655_,VPWR,li1,154.5600,231.2000,1.799394
_4654_,VPWR,li1,164.2200,236.6400,1.799649
_4653_,VPWR,li1,178.7100,236.6400,1.799712
_4652_,VPWR,li1,181.9300,231.2000,1.799571
_4651_,VPWR,li1,216.8900,182.2400,1.798992
_4650_,VPWR,li1,214.1300,193.1200,1.798725
_4649_,VPWR,li1,217.5800,193.1200,1.798660
_4648_,VPWR,li1,230.2300,198.5600,1.799208
_4647_,VPWR,li1,129.2600,111.5200,1.798994
_4646_,VPWR,li1,97.5200,182.2400,1.799170
_4645_,VPWR,li1,53.3600,236.6400,1.799410
_4644_,VPWR,li1,64.8600,176.8000,1.799105
_4643_,VPWR,li1,116.3800,51.6800,1.799206
_4642_,VPWR,li1,61.6400,160.4800,1.799472
_4641_,VPWR,li1,156.4000,40.8000,1.799575
_4640_,VPWR,li1,133.4000,242.0800,1.799337
_4639_,VPWR,li1,150.8800,57.1200,1.799589
_4638_,VPWR,li1,154.1000,100.6400,1.799288
_4637_,VPWR,li1,81.4200,231.2000,1.799049
_4636_,VPWR,li1,79.1200,62.5600,1.799237
_4635_,VPWR,li1,71.3000,106.0800,1.799201
_4634_,VPWR,li1,53.3600,89.7600,1.799325
_4633_,VPWR,li1,156.4000,68.0000,1.799418
_4632_,VPWR,li1,103.0400,231.2000,1.799004
_4631_,VPWR,li1,98.4400,155.0400,1.798903
_4630_,VPWR,li1,17.9400,84.3200,1.799829
_4629_,VPWR,li1,20.2400,106.0800,1.799809
_4628_,VPWR,li1,27.6000,182.2400,1.799703
_4627_,VPWR,li1,55.6600,51.6800,1.799429
_4626_,VPWR,li1,20.2400,236.6400,1.799821
_4625_,VPWR,li1,94.7600,46.2400,1.799363
_4624_,VPWR,li1,144.9000,171.3600,1.799363
_4623_,VPWR,li1,103.9600,214.8800,1.799019
_4622_,VPWR,li1,18.4000,73.4400,1.799734
_4621_,VPWR,li1,26.6800,138.7200,1.799713
_4620_,VPWR,li1,19.7800,171.3600,1.799790
_4619_,VPWR,li1,17.9400,46.2400,1.799842
_4618_,VPWR,li1,20.2400,198.5600,1.799814
_4617_,VPWR,li1,92.0000,89.7600,1.798959
_4616_,VPWR,li1,143.5200,204.0000,1.799164
_4615_,VPWR,li1,130.1800,100.6400,1.799094
_4614_,VPWR,li1,125.5800,182.2400,1.799194
_4613_,VPWR,li1,74.0600,247.5200,1.799386
_4612_,VPWR,li1,86.9400,176.8000,1.798928
_4611_,VPWR,li1,125.5800,62.5600,1.799242
_4610_,VPWR,li1,84.1800,165.9200,1.799228
_4609_,VPWR,li1,179.4000,46.2400,1.799873
_4608_,VPWR,li1,156.4000,247.5200,1.799533
_4607_,VPWR,li1,135.7000,51.6800,1.799316
_4606_,VPWR,li1,178.4800,100.6400,1.799517
_4605_,VPWR,li1,88.7800,247.5200,1.799339
_4604_,VPWR,li1,86.9400,46.2400,1.799370
_4603_,VPWR,li1,104.8800,122.4000,1.799091
_4602_,VPWR,li1,79.1200,73.4400,1.798887
_4601_,VPWR,li1,178.4800,62.5600,1.799766
_4600_,VPWR,li1,125.5800,242.0800,1.799298
_4599_,VPWR,li1,112.7000,144.1600,1.799221
_4598_,VPWR,li1,43.2400,100.6400,1.799408
_4597_,VPWR,li1,49.2200,106.0800,1.799412
_4596_,VPWR,li1,48.7600,193.1200,1.799482
_4595_,VPWR,li1,64.4000,57.1200,1.799400
_4594_,VPWR,li1,48.3000,242.0800,1.799491
_4593_,VPWR,li1,104.8800,62.5600,1.799187
_4592_,VPWR,li1,176.6400,160.4800,1.799603
_4591_,VPWR,li1,115.4600,198.5600,1.799238
_4590_,VPWR,li1,48.3000,73.4400,1.799205
_4589_,VPWR,li1,46.4600,144.1600,1.799526
_4588_,VPWR,li1,48.7600,160.4800,1.799570
_4587_,VPWR,li1,48.3000,46.2400,1.799564
_4586_,VPWR,li1,48.7600,214.8800,1.799281
_4585_,VPWR,li1,115.9200,78.8800,1.799090
_4584_,VPWR,li1,176.6400,204.0000,1.799634
_4583_,VPWR,li1,135.2400,89.7600,1.799058
_4582_,VPWR,li1,128.3400,171.3600,1.799286
_4581_,VPWR,li1,74.0600,231.2000,1.799101
_4580_,VPWR,li1,83.2600,198.5600,1.799225
_4579_,VPWR,li1,130.6400,35.3600,1.799370
_4578_,VPWR,li1,86.9400,149.6000,1.799059
_4577_,VPWR,li1,181.2400,35.3600,1.799797
_4576_,VPWR,li1,153.1800,214.8800,1.799360
_4575_,VPWR,li1,155.0200,35.3600,1.799555
_4574_,VPWR,li1,174.8000,84.3200,1.799682
_4573_,VPWR,li1,92.0000,209.4400,1.798773
_4572_,VPWR,li1,83.7200,35.3600,1.799276
_4571_,VPWR,li1,98.4400,100.6400,1.799032
_4570_,VPWR,li1,78.2000,95.2000,1.798846
_4569_,VPWR,li1,187.6800,73.4400,1.799287
_4568_,VPWR,li1,125.5800,225.7600,1.799231
_4567_,VPWR,li1,128.8000,144.1600,1.799245
_4566_,VPWR,li1,48.3000,84.3200,1.799542
_4565_,VPWR,li1,40.4800,116.9600,1.799497
_4564_,VPWR,li1,51.0600,176.8000,1.799291
_4563_,VPWR,li1,64.8600,35.3600,1.799365
_4562_,VPWR,li1,48.3000,225.7600,1.799458
_4561_,VPWR,li1,104.8800,35.3600,1.799264
_4560_,VPWR,li1,177.1000,176.8000,1.799511
_4559_,VPWR,li1,129.2600,214.8800,1.799097
_4558_,VPWR,li1,44.1600,57.1200,1.799571
_4557_,VPWR,li1,52.9000,133.2800,1.799197
_4556_,VPWR,li1,49.2200,155.0400,1.799345
_4555_,VPWR,li1,48.3000,35.3600,1.799501
_4554_,VPWR,li1,48.3000,204.0000,1.799204
_4553_,VPWR,li1,114.0800,95.2000,1.798814
_4552_,VPWR,li1,177.1000,187.6800,1.799619
_4551_,VPWR,li1,133.4000,95.2000,1.798937
_4550_,VPWR,li1,126.0400,165.9200,1.799306
_4549_,VPWR,li1,73.1400,220.3200,1.799284
_4548_,VPWR,li1,79.1200,193.1200,1.799264
_4547_,VPWR,li1,129.7200,40.8000,1.799360
_4546_,VPWR,li1,91.0800,149.6000,1.799032
_4545_,VPWR,li1,179.4000,29.9200,1.799882
_4544_,VPWR,li1,149.9600,209.4400,1.799213
_4543_,VPWR,li1,143.5200,35.3600,1.799463
_4542_,VPWR,li1,177.1000,89.7600,1.799564
_4541_,VPWR,li1,92.0000,204.0000,1.798814
_4540_,VPWR,li1,82.3400,40.8000,1.799235
_4539_,VPWR,li1,97.0600,95.2000,1.798791
_4538_,VPWR,li1,77.2800,95.2000,1.798846
_4537_,VPWR,li1,178.4800,68.0000,1.799550
_4536_,VPWR,li1,122.3600,220.3200,1.799226
_4535_,VPWR,li1,126.5000,144.1600,1.799238
_4534_,VPWR,li1,40.4800,84.3200,1.799612
_4533_,VPWR,li1,37.2600,122.4000,1.799544
_4532_,VPWR,li1,49.6800,176.8000,1.799291
_4531_,VPWR,li1,63.4800,40.8000,1.799317
_4530_,VPWR,li1,40.4800,231.2000,1.799462
_4529_,VPWR,li1,101.6600,29.9200,1.799458
_4528_,VPWR,li1,172.5000,176.8000,1.799458
_4527_,VPWR,li1,127.8800,214.8800,1.799097
_4526_,VPWR,li1,39.1000,62.5600,1.799565
_4525_,VPWR,li1,51.5200,127.8400,1.799142
_4524_,VPWR,li1,36.3400,155.0400,1.799529
_4523_,VPWR,li1,40.4800,35.3600,1.799578
_4522_,VPWR,li1,48.3000,209.4400,1.799187
_4521_,VPWR,li1,112.7000,100.6400,1.799040
_4520_,VPWR,li1,177.1000,193.1200,1.799601
_4519_,VPWR,li1,127.8800,89.7600,1.799005
_4518_,VPWR,li1,117.7600,165.9200,1.799264
_4517_,VPWR,li1,66.2400,225.7600,1.799286
_4516_,VPWR,li1,74.5200,193.1200,1.799292
_4515_,VPWR,li1,117.7600,35.3600,1.799301
_4514_,VPWR,li1,78.6600,149.6000,1.799120
_4513_,VPWR,li1,172.0400,29.9200,1.799838
_4512_,VPWR,li1,142.6000,209.4400,1.799116
_4511_,VPWR,li1,139.8400,29.9200,1.799605
_4510_,VPWR,li1,165.6000,89.7600,1.799422
_4509_,VPWR,li1,84.6400,209.4400,1.798811
_4508_,VPWR,li1,76.3600,35.3600,1.799299
_4507_,VPWR,li1,92.0000,100.6400,1.799038
_4506_,VPWR,li1,69.9200,95.2000,1.798889
_4505_,VPWR,li1,177.1000,78.8800,1.799672
_4504_,VPWR,li1,117.7600,225.7600,1.799199
_4503_,VPWR,li1,121.4400,144.1600,1.799228
_4502_,VPWR,li1,35.8800,84.3200,1.799664
_4501_,VPWR,li1,33.5800,127.8400,1.799458
_4500_,VPWR,li1,43.7000,176.8000,1.799406
_4499_,VPWR,li1,56.1200,40.8000,1.799367
_4498_,VPWR,li1,35.8800,225.7600,1.799614
_4497_,VPWR,li1,92.0000,35.3600,1.799262
_4496_,VPWR,li1,168.8200,171.3600,1.799566
_4495_,VPWR,li1,120.5200,214.8800,1.799058
_4494_,VPWR,li1,35.4200,57.1200,1.799656
_4493_,VPWR,li1,44.1600,127.8400,1.799289
_4492_,VPWR,li1,28.9800,155.0400,1.799666
_4491_,VPWR,li1,35.8800,29.9200,1.799696
_4490_,VPWR,li1,36.3400,204.0000,1.799414
_4489_,VPWR,li1,105.3400,100.6400,1.799030
_4488_,VPWR,li1,169.2800,193.1200,1.799523
_4487_,VPWR,li1,130.6400,89.7600,1.799025
_4486_,VPWR,li1,117.7600,171.3600,1.799270
_4485_,VPWR,li1,65.7800,225.7600,1.799286
_4484_,VPWR,li1,75.9000,198.5600,1.799247
_4483_,VPWR,li1,121.4400,35.3600,1.799320
_4482_,VPWR,li1,79.1200,144.1600,1.799297
_4481_,VPWR,li1,173.8800,35.3600,1.799810
_4480_,VPWR,li1,143.5200,214.8800,1.799237
_4479_,VPWR,li1,141.2200,40.8000,1.799443
_4478_,VPWR,li1,167.4400,84.3200,1.799606
_4477_,VPWR,li1,89.7000,214.8800,1.799014
_4476_,VPWR,li1,79.1200,35.3600,1.799288
_4475_,VPWR,li1,94.7600,106.0800,1.799049
_4474_,VPWR,li1,74.9800,100.6400,1.799102
_4473_,VPWR,li1,176.6400,68.0000,1.799586
_4472_,VPWR,li1,115.4600,225.7600,1.799190
_4471_,VPWR,li1,123.2800,149.6000,1.799031
_4470_,VPWR,li1,39.5600,89.7600,1.799509
_4469_,VPWR,li1,33.5800,116.9600,1.799592
_4468_,VPWR,li1,48.3000,187.6800,1.799421
_4467_,VPWR,li1,57.5000,35.3600,1.799417
_4466_,VPWR,li1,36.3400,231.2000,1.799551
_4465_,VPWR,li1,99.8200,40.8000,1.799245
_4464_,VPWR,li1,169.2800,176.8000,1.799379
_4463_,VPWR,li1,125.5800,209.4400,1.798926
_4462_,VPWR,li1,30.8200,62.5600,1.799684
_4461_,VPWR,li1,43.7000,133.2800,1.799342
_4460_,VPWR,li1,34.0400,160.4800,1.799729
_4459_,VPWR,li1,38.6400,35.3600,1.799600
_4458_,VPWR,li1,39.5600,204.0000,1.799354
_4457_,VPWR,li1,112.7000,100.6400,1.799040
_4456_,VPWR,li1,173.8800,193.1200,1.799571
_4455_,VPWR,li1,133.4000,73.4400,1.798944
_4454_,VPWR,li1,112.7000,171.3600,1.799261
_4453_,VPWR,li1,60.7200,220.3200,1.799372
_4452_,VPWR,li1,64.8600,198.5600,1.799308
_4451_,VPWR,li1,128.3400,24.4800,1.799234
_4450_,VPWR,li1,66.2400,149.6000,1.799228
_4449_,VPWR,li1,166.0600,24.4800,1.799652
_4448_,VPWR,li1,142.6000,225.7600,1.799363
_4447_,VPWR,li1,151.3400,24.4800,1.799449
_4446_,VPWR,li1,153.1800,89.7600,1.799256
_4445_,VPWR,li1,78.2000,214.8800,1.799045
_4444_,VPWR,li1,82.3400,19.0400,1.799334
_4443_,VPWR,li1,89.2400,116.9600,1.799111
_4442_,VPWR,li1,63.0200,73.4400,1.799023
_4441_,VPWR,li1,147.2000,68.0000,1.799333
_4440_,VPWR,li1,104.8800,220.3200,1.799184
_4439_,VPWR,li1,133.8600,155.0400,1.798893
_4438_,VPWR,li1,22.5400,95.2000,1.799714
_4437_,VPWR,li1,20.2400,116.9600,1.799801
_4436_,VPWR,li1,14.7200,182.2400,1.799783
_4435_,VPWR,li1,63.4800,19.0400,1.799453
_4434_,VPWR,li1,22.5400,225.7600,1.799812
_4433_,VPWR,li1,104.4200,19.0400,1.799301
_4432_,VPWR,li1,155.4800,155.0400,1.799108
_4431_,VPWR,li1,130.6400,193.1200,1.799221
_4430_,VPWR,li1,17.9400,51.6800,1.799832
_4429_,VPWR,li1,14.7200,138.7200,1.799803
_4428_,VPWR,li1,22.5400,160.4800,1.799853
_4427_,VPWR,li1,26.6800,29.9200,1.799794
_4426_,VPWR,li1,22.5400,214.8800,1.799715
_4425_,VPWR,li1,99.8200,73.4400,1.798789
_4424_,VPWR,li1,154.1000,187.6800,1.799363
_4423_,VPWR,li1,130.6400,73.4400,1.798916
_4422_,VPWR,li1,104.8800,165.9200,1.799228
_4421_,VPWR,li1,61.1800,214.8800,1.799138
_4420_,VPWR,li1,62.5600,198.5600,1.799327
_4419_,VPWR,li1,125.5800,24.4800,1.799219
_4418_,VPWR,li1,66.2400,149.6000,1.799228
_4417_,VPWR,li1,162.3800,29.9200,1.799761
_4416_,VPWR,li1,139.8400,231.2000,1.799224
_4415_,VPWR,li1,146.2800,13.6000,1.799727
_4414_,VPWR,li1,151.8000,95.2000,1.799156
_4413_,VPWR,li1,76.3600,209.4400,1.798846
_4412_,VPWR,li1,79.1200,19.0400,1.799351
_4411_,VPWR,li1,87.4000,122.4000,1.799118
_4410_,VPWR,li1,61.1800,78.8800,1.799293
_4409_,VPWR,li1,143.5200,73.4400,1.799051
_4408_,VPWR,li1,104.4200,225.7600,1.799160
_4407_,VPWR,li1,130.6400,155.0400,1.798880
_4406_,VPWR,li1,14.7200,95.2000,1.799696
_4405_,VPWR,li1,14.7200,122.4000,1.799769
_4404_,VPWR,li1,14.7200,187.6800,1.799790
_4403_,VPWR,li1,61.1800,24.4800,1.799383
_4402_,VPWR,li1,20.7000,220.3200,1.799838
_4401_,VPWR,li1,102.1200,19.0400,1.799300
_4400_,VPWR,li1,153.1800,160.4800,1.799420
_4399_,VPWR,li1,130.6400,198.5600,1.799299
_4398_,VPWR,li1,10.5800,57.1200,1.799813
_4397_,VPWR,li1,14.7200,138.7200,1.799803
_4396_,VPWR,li1,12.8800,155.0400,1.799768
_4395_,VPWR,li1,23.4600,35.3600,1.799829
_4394_,VPWR,li1,14.7200,209.4400,1.799730
_4393_,VPWR,li1,99.8200,73.4400,1.798789
_4392_,VPWR,li1,151.3400,193.1200,1.799347
_4391_,VPWR,li1,125.5800,78.8800,1.799117
_4390_,VPWR,li1,99.8200,171.3600,1.799255
_4389_,VPWR,li1,56.5800,214.8800,1.799202
_4388_,VPWR,li1,58.8800,193.1200,1.799403
_4387_,VPWR,li1,117.3000,24.4800,1.799182
_4386_,VPWR,li1,61.6400,155.0400,1.799208
_4385_,VPWR,li1,158.7000,24.4800,1.799553
_4384_,VPWR,li1,135.2400,225.7600,1.799299
_4383_,VPWR,li1,139.3800,19.0400,1.799444
_4382_,VPWR,li1,148.5800,95.2000,1.799105
_4381_,VPWR,li1,73.6000,204.0000,1.798889
_4380_,VPWR,li1,74.5200,24.4800,1.799281
_4379_,VPWR,li1,82.3400,127.8400,1.798752
_4378_,VPWR,li1,58.4200,73.4400,1.799088
_4377_,VPWR,li1,139.8400,68.0000,1.799275
_4376_,VPWR,li1,101.2000,220.3200,1.799185
_4375_,VPWR,li1,126.0400,155.0400,1.798869
_4374_,VPWR,li1,11.5000,100.6400,1.799772
_4373_,VPWR,li1,11.5000,116.9600,1.799781
_4372_,VPWR,li1,12.4200,176.8000,1.799736
_4371_,VPWR,li1,53.3600,19.0400,1.799524
_4370_,VPWR,li1,13.3400,225.7600,1.799794
_4369_,VPWR,li1,97.5200,13.6000,1.799699
_4368_,VPWR,li1,143.5200,160.4800,1.799380
_4367_,VPWR,li1,128.8000,204.0000,1.799010
_4366_,VPWR,li1,11.5000,62.5600,1.799793
_4365_,VPWR,li1,11.5000,144.1600,1.799808
_4364_,VPWR,li1,12.8800,149.6000,1.799797
_4363_,VPWR,li1,14.7200,35.3600,1.799818
_4362_,VPWR,li1,11.5000,214.8800,1.799746
_4361_,VPWR,li1,92.0000,73.4400,1.798815
_4360_,VPWR,li1,143.5200,187.6800,1.799271
_4359_,VPWR,li1,172.9600,269.2800,1.799884
_4358_,VPWR,li1,168.3600,274.7200,1.799820
_4357_,VPWR,li1,129.2600,78.8800,1.799135
_4356_,VPWR,li1,99.8200,171.3600,1.799255
_4355_,VPWR,li1,53.3600,220.3200,1.799438
_4354_,VPWR,li1,57.5000,198.5600,1.799389
_4353_,VPWR,li1,118.2200,24.4800,1.799182
_4352_,VPWR,li1,63.4800,144.1600,1.799395
_4351_,VPWR,li1,156.4000,24.4800,1.799520
_4350_,VPWR,li1,138.4600,220.3200,1.799316
_4349_,VPWR,li1,142.6000,19.0400,1.799469
_4348_,VPWR,li1,149.9600,84.3200,1.799449
_4347_,VPWR,li1,69.4600,214.8800,1.799085
_4346_,VPWR,li1,77.7400,24.4800,1.799250
_4345_,VPWR,li1,80.0400,122.4000,1.799148
_4344_,VPWR,li1,56.1200,78.8800,1.799342
_4343_,VPWR,li1,142.6000,73.4400,1.799051
_4342_,VPWR,li1,102.5800,231.2000,1.799004
_4341_,VPWR,li1,129.2600,160.4800,1.799332
_4340_,VPWR,li1,11.0400,95.2000,1.799692
_4339_,VPWR,li1,13.3400,122.4000,1.799769
_4338_,VPWR,li1,13.3400,187.6800,1.799790
_4337_,VPWR,li1,54.2800,24.4800,1.799456
_4336_,VPWR,li1,14.2600,225.7600,1.799794
_4335_,VPWR,li1,97.0600,19.0400,1.799301
_4334_,VPWR,li1,144.4400,155.0400,1.798961
_4333_,VPWR,li1,129.7200,193.1200,1.799221
_4332_,VPWR,li1,11.9600,57.1200,1.799813
_4331_,VPWR,li1,12.4200,133.2800,1.799758
_4330_,VPWR,li1,14.2600,155.0400,1.799768
_4329_,VPWR,li1,18.4000,29.9200,1.799864
_4328_,VPWR,li1,11.0400,209.4400,1.799725
_4327_,VPWR,li1,92.4600,73.4400,1.798815
_4326_,VPWR,li1,145.3600,187.6800,1.799285
_4325_,VPWR,li1,117.7600,106.0800,1.799054
_4324_,VPWR,li1,114.5400,182.2400,1.799163
_4323_,VPWR,li1,63.9400,242.0800,1.799366
_4322_,VPWR,li1,79.1200,176.8000,1.798973
_4321_,VPWR,li1,113.6200,62.5600,1.799201
_4320_,VPWR,li1,77.7400,165.9200,1.799246
_4319_,VPWR,li1,169.2800,51.6800,1.799726
_4318_,VPWR,li1,146.7400,242.0800,1.799438
_4317_,VPWR,li1,133.8600,62.5600,1.799280
_4316_,VPWR,li1,169.2800,106.0800,1.799446
_4315_,VPWR,li1,84.1800,242.0800,1.799270
_4314_,VPWR,li1,75.4400,51.6800,1.799269
_4313_,VPWR,li1,95.6800,111.5200,1.799014
_4312_,VPWR,li1,71.7600,73.4400,1.798955
_4311_,VPWR,li1,162.8400,62.5600,1.799600
_4310_,VPWR,li1,117.3000,242.0800,1.799263
_4309_,VPWR,li1,97.9800,144.1600,1.799232
_4308_,VPWR,li1,35.4200,100.6400,1.799522
_4307_,VPWR,li1,41.8600,106.0800,1.799493
_4306_,VPWR,li1,35.4200,187.6800,1.799587
_4305_,VPWR,li1,53.3600,57.1200,1.799481
_4304_,VPWR,li1,35.4200,242.0800,1.799651
_4303_,VPWR,li1,97.5200,62.5600,1.799190
_4302_,VPWR,li1,166.5200,160.4800,1.799512
_4301_,VPWR,li1,104.8800,198.5600,1.799217
_4300_,VPWR,li1,35.4200,68.0000,1.799598
_4299_,VPWR,li1,35.4200,144.1600,1.799641
_4298_,VPWR,li1,38.6400,165.9200,1.799579
_4297_,VPWR,li1,33.1200,46.2400,1.799736
_4296_,VPWR,li1,31.7400,214.8800,1.799559
_4295_,VPWR,li1,104.8800,78.8800,1.799089
_4294_,VPWR,li1,162.3800,209.4400,1.799406
_4293_,VPWR,li1,126.5000,106.0800,1.799086
_4292_,VPWR,li1,125.5800,187.6800,1.799154
_4291_,VPWR,li1,70.8400,247.5200,1.799407
_4290_,VPWR,li1,86.9400,182.2400,1.799189
_4289_,VPWR,li1,117.7600,68.0000,1.799156
_4288_,VPWR,li1,76.8200,165.9200,1.799246
_4287_,VPWR,li1,176.1800,51.6800,1.799821
_4286_,VPWR,li1,154.1000,247.5200,1.799509
_4285_,VPWR,li1,138.4600,57.1200,1.799485
_4284_,VPWR,li1,173.8800,106.0800,1.799508
_4283_,VPWR,li1,87.4000,247.5200,1.799339
_4282_,VPWR,li1,81.8800,46.2400,1.799380
_4281_,VPWR,li1,103.0400,111.5200,1.798984
_4280_,VPWR,li1,77.7400,78.8800,1.799180
_4279_,VPWR,li1,169.2800,68.0000,1.799545
_4278_,VPWR,li1,125.5800,247.5200,1.799336
_4277_,VPWR,li1,112.7000,149.6000,1.799008
_4276_,VPWR,li1,38.1800,100.6400,1.799477
_4275_,VPWR,li1,48.3000,111.5200,1.799398
_4274_,VPWR,li1,45.0800,193.1200,1.799533
_4273_,VPWR,li1,63.0200,62.5600,1.799337
_4272_,VPWR,li1,40.4800,242.0800,1.799572
_4271_,VPWR,li1,103.0400,68.0000,1.799128
_4270_,VPWR,li1,177.1000,160.4800,1.799603
_4269_,VPWR,li1,114.0800,204.0000,1.798908
_4268_,VPWR,li1,40.4800,73.4400,1.799343
_4267_,VPWR,li1,40.4800,144.1600,1.799585
_4266_,VPWR,li1,47.3800,165.9200,1.799476
_4265_,VPWR,li1,40.4800,46.2400,1.799637
_4264_,VPWR,li1,39.1000,214.8800,1.799420
_4263_,VPWR,li1,114.5400,84.3200,1.799303
_4262_,VPWR,li1,167.4400,204.0000,1.799497
_4261_,VPWR,li1,200.1000,68.0000,1.799193
_4260_,VPWR,li1,207.9200,155.0400,1.798974
_4259_,VPWR,li1,225.4000,73.4400,1.798611
_4258_,VPWR,li1,220.8000,165.9200,1.798740
_4257_,VPWR,li1,218.0400,106.0800,1.798580
_4256_,VPWR,li1,218.5000,138.7200,1.798535
_4255_,VPWR,li1,210.2200,68.0000,1.799034
_4254_,VPWR,li1,215.2800,122.4000,1.798719
_4253_,VPWR,li1,225.4000,89.7600,1.798385
_4252_,VPWR,li1,207.9200,165.9200,1.798969
_4251_,VPWR,li1,195.0400,73.4400,1.799167
_4250_,VPWR,li1,203.7800,155.0400,1.799067
_4249_,VPWR,li1,218.0400,73.4400,1.798719
_4248_,VPWR,li1,216.2000,160.4800,1.798596
_4247_,VPWR,li1,215.7400,111.5200,1.798015
_4246_,VPWR,li1,211.1400,138.7200,1.798705
_4245_,VPWR,li1,202.8600,78.8800,1.799326
_4244_,VPWR,li1,215.7400,122.4000,1.798719
_4243_,VPWR,li1,219.4200,84.3200,1.798943
_4242_,VPWR,li1,200.5600,165.9200,1.799104
_4241_,VPWR,li1,192.7400,68.0000,1.799310
_4240_,VPWR,li1,206.0800,149.6000,1.799113
_4239_,VPWR,li1,216.6600,68.0000,1.798973
_4238_,VPWR,li1,218.9600,160.4800,1.798537
_4237_,VPWR,li1,215.2800,116.9600,1.798831
_4236_,VPWR,li1,212.0600,144.1600,1.798885
_4235_,VPWR,li1,207.4600,68.0000,1.799070
_4234_,VPWR,li1,215.7400,127.8400,1.798759
_4233_,VPWR,li1,221.2600,84.3200,1.798921
_4232_,VPWR,li1,202.4000,171.3600,1.799133
_4231_,VPWR,li1,192.2800,89.7600,1.799135
_4230_,VPWR,li1,193.2000,160.4800,1.799140
_4229_,VPWR,li1,210.2200,106.0800,1.798729
_4228_,VPWR,li1,194.5800,171.3600,1.799249
_4227_,VPWR,li1,192.7400,116.9600,1.799263
_4226_,VPWR,li1,197.8000,144.1600,1.799124
_4225_,VPWR,li1,202.8600,95.2000,1.798843
_4224_,VPWR,li1,203.3200,122.4000,1.798947
_4223_,VPWR,li1,217.5800,95.2000,1.798507
_4222_,VPWR,li1,202.8600,187.6800,1.799031
_4221_,VPWR,li1,187.2200,95.2000,1.799261
_4220_,VPWR,li1,191.8200,149.6000,1.799336
_4219_,VPWR,li1,205.6200,111.5200,1.798294
_4218_,VPWR,li1,182.1600,171.3600,1.799489
_4217_,VPWR,li1,190.9000,111.5200,1.798815
_4216_,VPWR,li1,196.4200,133.2800,1.799060
_4215_,VPWR,li1,202.8600,89.7600,1.798901
_4214_,VPWR,li1,197.8000,127.8400,1.799071
_4213_,VPWR,li1,217.5800,89.7600,1.798547
_4212_,VPWR,li1,202.8600,182.2400,1.799188
_4211_,VPWR,li1,182.1600,89.7600,1.799411
_4210_,VPWR,li1,188.6000,160.4800,1.799277
_4209_,VPWR,li1,198.2600,106.0800,1.798998
_4208_,VPWR,li1,185.3800,165.9200,1.799418
_4207_,VPWR,li1,185.3800,111.5200,1.799032
_4206_,VPWR,li1,190.9000,138.7200,1.799153
_4205_,VPWR,li1,189.9800,84.3200,1.799386
_4204_,VPWR,li1,195.0400,127.8400,1.799123
_4203_,VPWR,li1,210.2200,89.7600,1.798695
_4202_,VPWR,li1,193.2000,182.2400,1.799336
_4201_,VPWR,li1,184.9200,89.7600,1.799307
_4200_,VPWR,li1,190.4400,155.0400,1.799267
_4199_,VPWR,li1,202.8600,106.0800,1.798879
_4198_,VPWR,li1,186.3000,176.8000,1.799231
_4197_,VPWR,li1,189.9800,106.0800,1.799164
_4196_,VPWR,li1,194.1200,144.1600,1.799233
_4195_,VPWR,li1,194.5800,95.2000,1.799044
_4194_,VPWR,li1,195.9600,122.4000,1.799096
_4193_,VPWR,li1,210.2200,95.2000,1.798692
_4192_,VPWR,li1,194.5800,182.2400,1.799336
_4191_,VPWR,li1,256.2200,68.0000,1.798720
_4190_,VPWR,li1,235.9800,138.7200,1.798166
_4189_,VPWR,li1,267.2600,68.0000,1.798707
_4188_,VPWR,li1,244.2600,193.1200,1.798294
_4187_,VPWR,li1,241.5000,84.3200,1.798730
_4186_,VPWR,li1,256.6800,138.7200,1.797845
_4185_,VPWR,li1,241.5000,68.0000,1.798765
_4184_,VPWR,li1,254.3800,127.8400,1.798266
_4183_,VPWR,li1,272.3200,89.7600,1.797742
_4182_,VPWR,li1,270.0200,187.6800,1.798236
_4181_,VPWR,li1,254.3800,73.4400,1.798376
_4180_,VPWR,li1,230.4600,133.2800,1.798405
_4179_,VPWR,li1,267.2600,68.0000,1.798707
_4178_,VPWR,li1,243.3400,182.2400,1.798694
_4177_,VPWR,li1,239.6600,89.7600,1.798106
_4176_,VPWR,li1,246.5600,133.2800,1.798225
_4175_,VPWR,li1,235.9800,68.0000,1.798790
_4174_,VPWR,li1,254.3800,122.4000,1.798210
_4173_,VPWR,li1,267.2600,84.3200,1.798576
_4172_,VPWR,li1,260.3600,193.1200,1.798171
_4171_,VPWR,li1,122.8200,100.6400,1.799065
_4170_,VPWR,li1,117.3000,182.2400,1.799170
_4169_,VPWR,li1,66.2400,247.5200,1.799440
_4168_,VPWR,li1,77.2800,182.2400,1.799221
_4167_,VPWR,li1,116.8400,68.0000,1.799156
_4166_,VPWR,li1,79.1200,160.4800,1.799375
_4165_,VPWR,li1,172.0400,46.2400,1.799815
_4164_,VPWR,li1,151.8000,242.0800,1.799478
_4163_,VPWR,li1,130.1800,57.1200,1.799424
_4162_,VPWR,li1,171.1200,100.6400,1.799502
_4161_,VPWR,li1,81.4200,247.5200,1.799358
_4160_,VPWR,li1,78.2000,46.2400,1.799397
_4159_,VPWR,li1,100.2800,122.4000,1.799089
_4158_,VPWR,li1,75.9000,73.4400,1.798909
_4157_,VPWR,li1,164.6800,57.1200,1.799720
_4156_,VPWR,li1,114.5400,242.0800,1.799251
_4155_,VPWR,li1,100.2800,149.6000,1.798999
_4154_,VPWR,li1,30.8200,100.6400,1.799624
_4153_,VPWR,li1,40.4800,111.5200,1.799518
_4152_,VPWR,li1,37.2600,193.1200,1.799627
_4151_,VPWR,li1,55.2000,62.5600,1.799404
_4150_,VPWR,li1,38.6400,247.5200,1.799676
_4149_,VPWR,li1,100.2800,57.1200,1.799319
_4148_,VPWR,li1,169.2800,160.4800,1.799539
_4147_,VPWR,li1,112.7000,193.1200,1.799196
_4146_,VPWR,li1,37.2600,73.4400,1.799407
_4145_,VPWR,li1,33.1200,144.1600,1.799670
_4144_,VPWR,li1,40.0200,165.9200,1.799579
_4143_,VPWR,li1,37.2600,51.6800,1.799628
_4142_,VPWR,li1,33.1200,220.3200,1.799692
_4141_,VPWR,li1,113.1600,78.8800,1.799087
_4140_,VPWR,li1,164.2200,209.4400,1.799437
_4139_,VPWR,li1,248.8600,68.0000,1.798739
_4138_,VPWR,li1,228.6200,138.7200,1.798337
_4137_,VPWR,li1,261.7400,73.4400,1.798346
_4136_,VPWR,li1,241.5000,182.2400,1.798710
_4135_,VPWR,li1,233.6800,89.7600,1.798211
_4134_,VPWR,li1,240.5800,144.1600,1.798511
_4133_,VPWR,li1,232.7600,78.8800,1.799043
_4132_,VPWR,li1,246.5600,122.4000,1.798284
_4131_,VPWR,li1,255.3000,89.7600,1.797912
_4130_,VPWR,li1,256.2200,182.2400,1.798608
_4129_,VPWR,li1,256.2200,68.0000,1.798720
_4128_,VPWR,li1,228.6200,144.1600,1.798637
_4127_,VPWR,li1,269.1000,73.4400,1.798327
_4126_,VPWR,li1,241.5000,187.6800,1.798452
_4125_,VPWR,li1,236.9000,95.2000,1.798131
_4124_,VPWR,li1,243.3400,138.7200,1.798049
_4123_,VPWR,li1,233.6800,68.0000,1.798803
_4122_,VPWR,li1,249.3200,116.9600,1.798423
_4121_,VPWR,li1,256.6800,84.3200,1.798628
_4120_,VPWR,li1,257.6000,187.6800,1.798313
_4119_,VPWR,li1,172.2700,280.1600,1.799767
_4118_,VPWR,li1,178.7100,274.7200,1.799797
_4117_,VPWR,li1,169.5100,274.7200,1.799822
_4116_,VPWR,li1,291.4100,160.4800,1.797694
_4115_,VPWR,li1,260.3600,176.8000,1.797547
_4114_,VPWR,li1,273.0100,171.3600,1.798275
_4113_,VPWR,li1,263.3500,171.3600,1.798339
_4112_,VPWR,li1,255.9900,176.8000,1.797627
_4111_,VPWR,li1,203.0900,182.2400,1.799188
_4110_,VPWR,li1,256.2200,176.8000,1.797627
_4109_,VPWR,li1,268.8700,176.8000,1.797449
_4108_,VPWR,li1,261.5100,187.6800,1.798286
_4107_,VPWR,li1,208.1500,171.3600,1.799022
_4106_,VPWR,li1,287.5000,89.7600,1.797673
_4105_,VPWR,li1,284.0500,95.2000,1.797534
_4104_,VPWR,li1,258.9800,95.2000,1.797762
_4103_,VPWR,li1,255.3000,95.2000,1.797812
_4102_,VPWR,li1,264.2700,95.2000,1.797699
_4101_,VPWR,li1,270.2500,111.5200,1.797088
_4100_,VPWR,li1,216.8900,89.7600,1.798547
_4099_,VPWR,li1,262.4300,89.7600,1.797821
_4098_,VPWR,li1,263.8100,89.7600,1.797821
_4097_,VPWR,li1,260.5900,89.7600,1.797840
_4096_,VPWR,li1,229.7700,89.7600,1.798289
_4095_,VPWR,li1,287.5000,106.0800,1.797921
_4094_,VPWR,li1,284.5100,111.5200,1.796997
_4093_,VPWR,li1,259.9000,116.9600,1.798341
_4092_,VPWR,li1,261.2800,116.9600,1.798324
_4091_,VPWR,li1,276.6900,116.9600,1.798250
_4090_,VPWR,li1,270.2500,127.8400,1.798144
_4089_,VPWR,li1,204.0100,127.8400,1.798967
_4088_,VPWR,li1,264.2700,116.9600,1.798311
_4087_,VPWR,li1,254.1500,122.4000,1.798210
_4086_,VPWR,li1,227.4700,127.8400,1.798606
_4085_,VPWR,li1,218.7300,127.8400,1.798712
_4084_,VPWR,li1,283.8200,100.6400,1.797820
_4083_,VPWR,li1,282.6700,95.2000,1.797534
_4082_,VPWR,li1,231.3800,95.2000,1.798226
_4081_,VPWR,li1,234.1400,95.2000,1.798187
_4080_,VPWR,li1,238.0500,100.6400,1.798318
_4079_,VPWR,li1,236.2100,122.4000,1.798416
_4078_,VPWR,li1,201.2500,89.7600,1.798901
_4077_,VPWR,li1,236.6700,84.3200,1.798771
_4076_,VPWR,li1,240.8100,73.4400,1.798467
_4075_,VPWR,li1,235.2900,89.7600,1.798211
_4074_,VPWR,li1,209.9900,73.4400,1.798857
_4073_,VPWR,li1,292.1000,144.1600,1.798223
_4072_,VPWR,li1,255.5300,133.2800,1.798148
_4071_,VPWR,li1,255.7600,144.1600,1.798364
_4070_,VPWR,li1,249.3200,138.7200,1.797971
_4069_,VPWR,li1,261.0500,149.6000,1.798487
_4068_,VPWR,li1,264.7300,144.1600,1.798314
_4067_,VPWR,li1,199.4100,138.7200,1.798948
_4066_,VPWR,li1,251.3900,144.1600,1.798409
_4065_,VPWR,li1,248.1700,138.7200,1.797971
_4064_,VPWR,li1,247.7100,138.7200,1.797971
_4063_,VPWR,li1,217.3500,138.7200,1.798535
_4062_,VPWR,li1,290.7200,95.2000,1.797512
_4061_,VPWR,li1,284.0500,100.6400,1.797820
_4060_,VPWR,li1,239.6600,100.6400,1.798284
_4059_,VPWR,li1,238.7400,106.0800,1.798261
_4058_,VPWR,li1,236.6700,106.0800,1.798287
_4057_,VPWR,li1,235.2900,106.0800,1.798322
_4056_,VPWR,li1,193.8900,111.5200,1.798705
_4055_,VPWR,li1,242.6500,100.6400,1.798253
_4054_,VPWR,li1,242.6500,89.7600,1.798056
_4053_,VPWR,li1,229.3100,100.6400,1.798456
_4052_,VPWR,li1,219.6500,111.5200,1.797912
_4051_,VPWR,li1,287.5000,171.3600,1.798220
_4050_,VPWR,li1,274.8500,171.3600,1.798266
_4049_,VPWR,li1,245.1800,176.8000,1.797796
_4048_,VPWR,li1,236.4400,171.3600,1.798620
_4047_,VPWR,li1,250.9300,176.8000,1.797696
_4046_,VPWR,li1,244.0300,171.3600,1.798533
_4045_,VPWR,li1,192.0500,171.3600,1.799294
_4044_,VPWR,li1,249.5500,176.8000,1.797729
_4043_,VPWR,li1,244.9500,187.6800,1.798418
_4042_,VPWR,li1,231.1500,171.3600,1.798695
_4041_,VPWR,li1,224.7100,160.4800,1.798442
_4040_,VPWR,li1,284.7400,89.7600,1.797683
_4039_,VPWR,li1,282.6700,95.2000,1.797534
_4038_,VPWR,li1,267.7200,95.2000,1.797667
_4037_,VPWR,li1,261.7400,95.2000,1.797727
_4036_,VPWR,li1,277.1500,100.6400,1.797851
_4035_,VPWR,li1,271.1700,106.0800,1.797976
_4034_,VPWR,li1,206.7700,106.0800,1.798798
_4033_,VPWR,li1,279.9100,95.2000,1.797550
_4032_,VPWR,li1,268.4100,73.4400,1.798327
_4031_,VPWR,li1,251.8500,95.2000,1.797885
_4030_,VPWR,li1,225.1700,68.0000,1.798871
_4029_,VPWR,li1,287.5000,149.6000,1.798370
_4028_,VPWR,li1,257.8300,149.6000,1.798507
_4027_,VPWR,li1,234.6000,149.6000,1.798730
_4026_,VPWR,li1,227.2400,155.0400,1.798712
_4025_,VPWR,li1,236.6700,155.0400,1.798608
_4024_,VPWR,li1,237.1300,155.0400,1.798608
_4023_,VPWR,li1,195.2700,155.0400,1.799184
_4022_,VPWR,li1,238.5100,149.6000,1.798706
_4021_,VPWR,li1,232.5300,138.7200,1.798230
_4020_,VPWR,li1,228.3900,149.6000,1.798805
_4019_,VPWR,li1,212.2900,155.0400,1.798916
_4018_,VPWR,li1,281.9800,89.7600,1.797693
_4017_,VPWR,li1,283.1300,89.7600,1.797693
_4016_,VPWR,li1,256.2200,95.2000,1.797812
_4015_,VPWR,li1,249.3200,95.2000,1.797925
_4014_,VPWR,li1,253.2300,95.2000,1.797853
_4013_,VPWR,li1,251.8500,106.0800,1.798130
_4012_,VPWR,li1,191.5900,89.7600,1.799135
_4011_,VPWR,li1,250.9300,84.3200,1.798670
_4010_,VPWR,li1,252.3100,73.4400,1.798386
_4009_,VPWR,li1,249.0900,89.7600,1.797966
_4008_,VPWR,li1,200.3300,73.4400,1.799059
_4007_,VPWR,li1,249.5500,193.1200,1.798253
_4006_,VPWR,li1,232.0700,193.1200,1.798432
_4005_,VPWR,li1,234.8300,193.1200,1.798390
_4004_,VPWR,li1,233.4500,182.2400,1.798792
_4003_,VPWR,li1,227.4700,187.6800,1.798635
_4002_,VPWR,li1,236.6700,187.6800,1.798504
_4001_,VPWR,li1,234.3700,187.6800,1.798533
_4000_,VPWR,li1,226.0900,176.8000,1.798163
_3999_,VPWR,li1,164.9100,182.2400,1.799529
_3998_,VPWR,li1,165.3700,193.1200,1.799476
_3997_,VPWR,li1,168.1300,204.0000,1.799497
_3996_,VPWR,li1,153.8700,198.5600,1.799490
_3995_,VPWR,li1,173.1900,187.6800,1.799581
_3994_,VPWR,li1,153.8700,187.6800,1.799363
_3993_,VPWR,li1,113.3900,127.8400,1.798699
_3992_,VPWR,li1,111.5500,89.7600,1.798915
_3991_,VPWR,li1,115.6900,84.3200,1.799303
_3990_,VPWR,li1,100.9700,89.7600,1.798906
_3989_,VPWR,li1,114.7700,95.2000,1.798814
_3988_,VPWR,li1,100.9700,78.8800,1.799098
_3987_,VPWR,li1,67.3900,214.8800,1.799098
_3986_,VPWR,li1,43.4700,209.4400,1.799281
_3985_,VPWR,li1,40.2500,214.8800,1.799420
_3984_,VPWR,li1,28.7500,204.0000,1.799564
_3983_,VPWR,li1,44.8500,204.0000,1.799281
_3982_,VPWR,li1,19.5500,209.4400,1.799739
_3981_,VPWR,li1,57.2700,116.9600,1.799308
_3980_,VPWR,li1,44.8500,40.8000,1.799482
_3979_,VPWR,li1,43.4700,46.2400,1.799608
_3978_,VPWR,li1,26.4500,46.2400,1.799792
_3977_,VPWR,li1,44.3900,29.9200,1.799616
_3976_,VPWR,li1,25.9900,35.3600,1.799769
_3975_,VPWR,li1,54.9700,149.6000,1.799342
_3974_,VPWR,li1,48.9900,155.0400,1.799345
_3973_,VPWR,li1,49.4500,160.4800,1.799570
_3972_,VPWR,li1,49.4500,165.9200,1.799454
_3971_,VPWR,li1,26.4500,165.9200,1.799750
_3970_,VPWR,li1,45.3100,149.6000,1.799468
_3969_,VPWR,li1,40.7100,155.0400,1.799462
_3968_,VPWR,li1,21.3900,155.0400,1.799786
_3967_,VPWR,li1,60.0300,133.2800,1.799086
_3966_,VPWR,li1,49.4500,138.7200,1.799387
_3965_,VPWR,li1,43.0100,138.7200,1.799486
_3964_,VPWR,li1,32.4300,138.7200,1.799649
_3963_,VPWR,li1,52.2100,133.2800,1.799197
_3962_,VPWR,li1,18.6300,133.2800,1.799765
_3961_,VPWR,li1,59.5700,106.0800,1.799292
_3960_,VPWR,li1,43.4700,73.4400,1.799287
_3959_,VPWR,li1,46.6900,62.5600,1.799484
_3958_,VPWR,li1,39.3300,62.5600,1.799565
_3957_,VPWR,li1,19.0900,57.1200,1.799830
_3956_,VPWR,li1,46.6900,68.0000,1.799449
_3955_,VPWR,li1,25.0700,73.4400,1.799690
_3954_,VPWR,li1,43.9300,68.0000,1.799498
_3953_,VPWR,li1,136.8500,187.6800,1.799223
_3952_,VPWR,li1,136.8500,198.5600,1.799335
_3951_,VPWR,li1,135.0100,204.0000,1.799074
_3950_,VPWR,li1,129.4900,209.4400,1.798965
_3949_,VPWR,li1,133.6300,198.5600,1.799315
_3948_,VPWR,li1,119.3700,204.0000,1.798944
_3947_,VPWR,li1,113.8500,209.4400,1.798826
_3946_,VPWR,li1,116.1500,198.5600,1.799238
_3945_,VPWR,li1,163.5300,149.6000,1.799401
_3944_,VPWR,li1,163.9900,165.9200,1.799557
_3943_,VPWR,li1,173.1900,155.0400,1.799481
_3942_,VPWR,li1,153.4100,171.3600,1.799419
_3941_,VPWR,li1,173.6500,171.3600,1.799611
_3940_,VPWR,li1,155.2500,160.4800,1.799431
_3939_,VPWR,li1,105.5700,133.2800,1.798693
_3938_,VPWR,li1,107.4100,51.6800,1.799179
_3937_,VPWR,li1,106.4900,51.6800,1.799175
_3936_,VPWR,li1,105.1100,62.5600,1.799187
_3935_,VPWR,li1,103.2700,46.2400,1.799368
_3934_,VPWR,li1,111.0900,35.3600,1.799279
_3933_,VPWR,li1,103.7300,35.3600,1.799264
_3932_,VPWR,li1,104.6500,24.4800,1.799155
_3931_,VPWR,li1,68.7700,209.4400,1.798906
_3930_,VPWR,li1,44.8500,231.2000,1.799403
_3929_,VPWR,li1,43.9300,242.0800,1.799535
_3928_,VPWR,li1,29.2100,236.6400,1.799699
_3927_,VPWR,li1,44.3900,225.7600,1.799523
_3926_,VPWR,li1,22.7700,225.7600,1.799812
_3925_,VPWR,li1,63.2500,111.5200,1.799232
_3924_,VPWR,li1,72.4500,57.1200,1.799356
_3923_,VPWR,li1,71.0700,35.3600,1.799326
_3922_,VPWR,li1,64.1700,35.3600,1.799365
_3921_,VPWR,li1,62.7900,24.4800,1.799383
_3920_,VPWR,li1,68.3100,51.6800,1.799317
_3919_,VPWR,li1,64.1700,51.6800,1.799359
_3918_,VPWR,li1,63.7100,62.5600,1.799337
_3917_,VPWR,li1,56.8100,171.3600,1.799367
_3916_,VPWR,li1,48.0700,182.2400,1.799434
_3915_,VPWR,li1,44.8500,187.6800,1.799481
_3914_,VPWR,li1,33.8100,182.2400,1.799608
_3913_,VPWR,li1,50.8300,182.2400,1.799408
_3912_,VPWR,li1,18.6300,182.2400,1.799790
_3911_,VPWR,li1,59.5700,122.4000,1.799302
_3910_,VPWR,li1,48.5300,122.4000,1.799426
_3909_,VPWR,li1,43.4700,122.4000,1.799470
_3908_,VPWR,li1,39.3300,122.4000,1.799518
_3907_,VPWR,li1,23.6900,122.4000,1.799735
_3906_,VPWR,li1,49.4500,116.9600,1.799386
_3905_,VPWR,li1,28.7500,111.5200,1.799683
_3904_,VPWR,li1,49.4500,111.5200,1.799398
_3903_,VPWR,li1,58.6500,100.6400,1.799231
_3902_,VPWR,li1,43.4700,95.2000,1.799257
_3901_,VPWR,li1,39.3300,95.2000,1.799359
_3900_,VPWR,li1,26.4500,84.3200,1.799769
_3899_,VPWR,li1,44.3900,84.3200,1.799575
_3898_,VPWR,li1,19.5500,95.2000,1.799704
_3897_,VPWR,li1,136.8500,138.7200,1.799233
_3896_,VPWR,li1,135.9300,149.6000,1.799093
_3895_,VPWR,li1,136.8500,149.6000,1.799093
_3894_,VPWR,li1,129.0300,149.6000,1.799053
_3893_,VPWR,li1,133.6300,160.4800,1.799346
_3892_,VPWR,li1,115.6900,155.0400,1.798864
_3891_,VPWR,li1,108.7900,155.0400,1.798878
_3890_,VPWR,li1,108.7900,149.6000,1.799001
_3889_,VPWR,li1,132.2500,182.2400,1.799217
_3888_,VPWR,li1,126.7300,231.2000,1.799122
_3887_,VPWR,li1,123.0500,242.0800,1.799286
_3886_,VPWR,li1,108.3300,236.6400,1.799314
_3885_,VPWR,li1,123.9700,225.7600,1.799231
_3884_,VPWR,li1,107.8700,225.7600,1.799167
_3883_,VPWR,li1,168.1300,127.8400,1.799369
_3882_,VPWR,li1,175.0300,73.4400,1.799574
_3881_,VPWR,li1,169.9700,62.5600,1.799683
_3880_,VPWR,li1,165.3700,73.4400,1.799379
_3879_,VPWR,li1,179.1700,73.4400,1.799477
_3878_,VPWR,li1,152.4900,73.4400,1.799192
_3877_,VPWR,li1,84.4100,100.6400,1.799060
_3876_,VPWR,li1,77.9700,89.7600,1.799069
_3875_,VPWR,li1,79.3500,78.8800,1.799180
_3874_,VPWR,li1,63.7100,89.7600,1.799205
_3873_,VPWR,li1,77.9700,89.7600,1.799069
_3872_,VPWR,li1,64.6300,78.8800,1.799266
_3871_,VPWR,li1,112.0100,122.4000,1.799101
_3870_,VPWR,li1,100.9700,116.9600,1.799095
_3869_,VPWR,li1,103.7300,116.9600,1.799095
_3868_,VPWR,li1,79.8100,111.5200,1.799089
_3867_,VPWR,li1,100.9700,106.0800,1.799039
_3866_,VPWR,li1,89.9300,116.9600,1.799111
_3865_,VPWR,li1,87.6300,133.2800,1.798780
_3864_,VPWR,li1,86.7100,51.6800,1.799210
_3863_,VPWR,li1,87.6300,57.1200,1.799316
_3862_,VPWR,li1,83.9500,51.6800,1.799229
_3861_,VPWR,li1,88.0900,62.5600,1.799205
_3860_,VPWR,li1,88.0900,40.8000,1.799231
_3859_,VPWR,li1,88.0900,35.3600,1.799266
_3858_,VPWR,li1,83.0300,24.4800,1.799224
_3857_,VPWR,li1,96.8300,198.5600,1.799211
_3856_,VPWR,li1,90.8500,214.8800,1.799014
_3855_,VPWR,li1,89.9300,242.0800,1.799259
_3854_,VPWR,li1,89.9300,231.2000,1.799020
_3853_,VPWR,li1,93.1500,209.4400,1.798773
_3852_,VPWR,li1,77.9700,209.4400,1.798846
_3851_,VPWR,li1,149.7300,116.9600,1.799309
_3850_,VPWR,li1,162.6100,100.6400,1.799373
_3849_,VPWR,li1,160.3100,95.2000,1.799296
_3848_,VPWR,li1,171.3500,89.7600,1.799498
_3847_,VPWR,li1,154.7900,89.7600,1.799256
_3846_,VPWR,li1,167.2100,111.5200,1.799306
_3845_,VPWR,li1,159.3900,106.0800,1.799328
_3844_,VPWR,li1,178.2500,106.0800,1.799467
_3843_,VPWR,li1,144.2100,100.6400,1.799193
_3842_,VPWR,li1,145.1300,51.6800,1.799404
_3841_,VPWR,li1,149.7300,35.3600,1.799517
_3840_,VPWR,li1,146.5100,35.3600,1.799488
_3839_,VPWR,li1,147.8900,19.0400,1.799504
_3838_,VPWR,li1,145.1300,57.1200,1.799539
_3837_,VPWR,li1,152.4900,57.1200,1.799589
_3836_,VPWR,li1,138.6900,57.1200,1.799485
_3835_,VPWR,li1,157.0900,182.2400,1.799422
_3834_,VPWR,li1,152.0300,225.7600,1.799454
_3833_,VPWR,li1,155.2500,242.0800,1.799519
_3832_,VPWR,li1,141.9100,242.0800,1.799399
_3831_,VPWR,li1,151.1100,214.8800,1.799332
_3830_,VPWR,li1,142.3700,225.7600,1.799363
_3829_,VPWR,li1,168.5900,127.8400,1.799369
_3828_,VPWR,li1,169.9700,40.8000,1.799754
_3827_,VPWR,li1,174.1100,40.8000,1.799796
_3826_,VPWR,li1,178.2500,51.6800,1.799817
_3825_,VPWR,li1,163.5300,46.2400,1.799733
_3824_,VPWR,li1,168.1300,35.3600,1.799712
_3823_,VPWR,li1,178.2500,35.3600,1.799801
_3822_,VPWR,li1,165.3700,24.4800,1.799652
_3821_,VPWR,li1,88.0900,138.7200,1.799153
_3820_,VPWR,li1,82.5700,149.6000,1.799091
_3819_,VPWR,li1,83.4900,160.4800,1.799358
_3818_,VPWR,li1,70.1500,160.4800,1.799413
_3817_,VPWR,li1,88.0900,144.1600,1.799259
_3816_,VPWR,li1,69.2300,144.1600,1.799349
_3815_,VPWR,li1,118.4500,111.5200,1.798976
_3814_,VPWR,li1,119.3700,62.5600,1.799216
_3813_,VPWR,li1,128.5700,46.2400,1.799467
_3812_,VPWR,li1,128.5700,40.8000,1.799360
_3811_,VPWR,li1,126.7300,29.9200,1.799537
_3810_,VPWR,li1,125.3500,57.1200,1.799403
_3809_,VPWR,li1,122.1300,46.2400,1.799424
_3808_,VPWR,li1,122.1300,62.5600,1.799225
_3807_,VPWR,li1,89.4700,165.9200,1.799222
_3806_,VPWR,li1,83.0300,187.6800,1.799143
_3805_,VPWR,li1,85.7900,182.2400,1.799189
_3804_,VPWR,li1,70.1500,176.8000,1.799061
_3803_,VPWR,li1,83.0300,193.1200,1.799248
_3802_,VPWR,li1,66.0100,193.1200,1.799347
_3801_,VPWR,li1,92.6900,198.5600,1.799209
_3800_,VPWR,li1,75.2100,225.7600,1.799226
_3799_,VPWR,li1,72.4500,242.0800,1.799316
_3798_,VPWR,li1,62.3300,236.6400,1.799334
_3797_,VPWR,li1,74.2900,225.7600,1.799226
_3796_,VPWR,li1,62.7900,220.3200,1.799355
_3795_,VPWR,li1,137.7700,176.8000,1.799038
_3794_,VPWR,li1,126.7300,176.8000,1.798947
_3793_,VPWR,li1,123.0500,182.2400,1.799185
_3792_,VPWR,li1,107.8700,182.2400,1.799160
_3791_,VPWR,li1,126.7300,171.3600,1.799286
_3790_,VPWR,li1,108.3300,171.3600,1.799259
_3789_,VPWR,li1,140.0700,100.6400,1.799141
_3788_,VPWR,li1,141.2200,111.5200,1.799051
_3787_,VPWR,li1,183.7700,209.4400,1.799535
_3786_,VPWR,li1,184.9200,220.3200,1.799482
_3785_,VPWR,li1,176.8700,220.3200,1.799617
_3784_,VPWR,li1,180.5500,214.8800,1.799603
_3783_,VPWR,li1,176.4100,225.7600,1.799746
_3782_,VPWR,li1,181.4700,225.7600,1.799685
_3781_,VPWR,li1,169.9700,220.3200,1.799598
_3780_,VPWR,li1,141.2200,100.6400,1.799165
_3779_,VPWR,li1,139.1500,95.2000,1.799002
_3778_,VPWR,li1,139.6100,89.7600,1.799106
_3777_,VPWR,li1,134.0900,78.8800,1.799160
_3776_,VPWR,li1,137.3100,111.5200,1.799023
_3775_,VPWR,li1,134.0900,116.9600,1.799186
_3774_,VPWR,li1,129.9500,106.0800,1.799103
_3773_,VPWR,li1,183.0800,155.0400,1.799417
_3772_,VPWR,li1,169.5100,144.1600,1.799571
_3771_,VPWR,li1,165.1400,144.1600,1.799522
_3770_,VPWR,li1,175.4900,127.8400,1.799532
_3769_,VPWR,li1,171.3500,138.7200,1.799498
_3768_,VPWR,li1,168.1300,138.7200,1.799436
_3767_,VPWR,li1,177.3300,133.2800,1.799479
_3766_,VPWR,li1,169.0500,138.7200,1.799465
_3765_,VPWR,li1,181.0100,127.8400,1.799404
_3764_,VPWR,li1,140.9900,133.2800,1.798844
_3763_,VPWR,li1,179.4000,133.2800,1.799425
_3762_,VPWR,li1,140.0700,133.2800,1.798844
_3761_,VPWR,li1,131.7900,133.2800,1.798761
_3760_,VPWR,li1,188.3700,122.4000,1.799266
_3759_,VPWR,li1,124.4300,127.8400,1.798747
_3758_,VPWR,li1,179.8600,149.6000,1.799519
_3757_,VPWR,li1,157.0900,138.7200,1.799343
_3756_,VPWR,li1,154.7900,138.7200,1.799321
_3755_,VPWR,li1,164.4500,122.4000,1.799415
_3754_,VPWR,li1,156.1700,127.8400,1.799104
_3753_,VPWR,li1,181.0100,133.2800,1.799425
_3752_,VPWR,li1,175.0300,133.2800,1.799529
_3751_,VPWR,li1,173.4200,127.8400,1.799481
_3750_,VPWR,li1,177.1000,133.2800,1.799479
_3749_,VPWR,li1,155.0200,127.8400,1.799104
_3748_,VPWR,li1,155.0200,133.2800,1.799105
_3747_,VPWR,li1,156.6300,138.7200,1.799343
_3746_,VPWR,li1,123.2800,133.2800,1.798701
_3745_,VPWR,li1,126.5000,133.2800,1.798714
_3744_,VPWR,li1,135.9300,133.2800,1.798801
_3743_,VPWR,li1,129.0300,133.2800,1.798742
_3742_,VPWR,li1,123.5100,133.2800,1.798701
_3741_,VPWR,li1,134.3200,133.2800,1.798781
_3740_,VPWR,li1,161.9200,138.7200,1.799384
_3739_,VPWR,li1,165.3700,138.7200,1.799404
_3738_,VPWR,li1,166.7500,133.2800,1.799347
_3737_,VPWR,li1,170.2000,138.7200,1.799465
_3736_,VPWR,li1,175.0300,144.1600,1.799635
_3735_,VPWR,li1,160.7700,149.6000,1.799340
_3734_,VPWR,li1,159.3900,149.6000,1.799340
_3733_,VPWR,li1,160.7700,176.8000,1.799256
_3732_,VPWR,li1,162.6100,171.3600,1.799491
_3731_,VPWR,li1,164.9100,138.7200,1.799404
_3730_,VPWR,li1,159.8500,138.7200,1.799362
_3729_,VPWR,li1,164.6800,133.2800,1.799303
_3728_,VPWR,li1,168.1300,133.2800,1.799347
_3727_,VPWR,li1,165.3700,127.8400,1.799286
_3726_,VPWR,li1,162.1500,138.7200,1.799384
_3725_,VPWR,li1,169.0500,133.2800,1.799397
_3724_,VPWR,li1,97.7500,138.7200,1.799142
_3723_,VPWR,li1,135.9300,127.8400,1.798853
_3722_,VPWR,li1,129.4900,127.8400,1.798790
_3721_,VPWR,li1,129.0300,133.2800,1.798742
_3720_,VPWR,li1,93.8400,133.2800,1.798737
_3719_,VPWR,li1,80.7300,138.7200,1.799175
_3718_,VPWR,li1,101.4300,133.2800,1.798708
_3717_,VPWR,li1,89.0100,133.2800,1.798780
_3716_,VPWR,li1,84.8700,133.2800,1.798800
_3715_,VPWR,li1,121.2100,127.8400,1.798724
_3714_,VPWR,li1,124.8900,133.2800,1.798714
_3713_,VPWR,li1,119.6000,127.8400,1.798724
_3712_,VPWR,li1,76.5900,127.8400,1.798795
_3711_,VPWR,li1,122.5900,127.8400,1.798734
_3710_,VPWR,li1,118.4500,122.4000,1.799116
_3709_,VPWR,li1,120.2900,122.4000,1.799127
_3708_,VPWR,li1,97.7500,133.2800,1.798716
_3707_,VPWR,li1,120.2900,133.2800,1.798693
_3706_,VPWR,li1,117.5300,133.2800,1.798687
_3705_,VPWR,li1,116.1500,127.8400,1.798707
_3704_,VPWR,li1,96.6000,133.2800,1.798725
_3703_,VPWR,li1,68.3100,127.8400,1.798891
_3702_,VPWR,li1,100.0500,133.2800,1.798708
_3701_,VPWR,li1,91.3100,133.2800,1.798762
_3700_,VPWR,li1,94.9900,133.2800,1.798737
_3699_,VPWR,li1,105.1100,133.2800,1.798693
_3698_,VPWR,li1,152.7200,133.2800,1.799028
_3697_,VPWR,li1,148.8100,133.2800,1.798985
_3696_,VPWR,li1,150.1900,133.2800,1.798985
_3695_,VPWR,li1,103.5000,138.7200,1.799147
_3694_,VPWR,li1,77.0500,133.2800,1.798864
_3693_,VPWR,li1,105.5700,138.7200,1.799152
_3692_,VPWR,li1,102.3500,193.1200,1.799199
_3691_,VPWR,li1,104.1900,193.1200,1.799197
_3690_,VPWR,li1,146.9700,127.8400,1.798970
_3689_,VPWR,li1,152.9500,127.8400,1.799069
_3688_,VPWR,li1,152.4900,122.4000,1.799296
_3687_,VPWR,li1,149.5000,127.8400,1.799015
_3686_,VPWR,li1,73.3700,127.8400,1.798832
_3685_,VPWR,li1,149.2700,127.8400,1.799015
_3684_,VPWR,li1,146.0500,127.8400,1.798970
_3683_,VPWR,li1,150.6500,122.4000,1.799279
_3682_,VPWR,li1,148.3500,122.4000,1.799252
_3681_,VPWR,li1,161.2300,127.8400,1.799198
_3680_,VPWR,li1,161.2300,122.4000,1.799371
_3679_,VPWR,li1,158.9300,127.8400,1.799157
_3678_,VPWR,li1,149.0400,122.4000,1.799252
_3677_,VPWR,li1,142.3700,127.8400,1.798913
_3676_,VPWR,li1,151.1100,122.4000,1.799279
_3675_,VPWR,li1,146.5100,111.5200,1.799084
_3674_,VPWR,li1,148.3500,111.5200,1.799102
_3673_,VPWR,li1,139.8400,127.8400,1.798887
_3672_,VPWR,li1,71.9900,122.4000,1.799200
_3671_,VPWR,li1,69.2300,127.8400,1.798891
_3670_,VPWR,li1,68.5400,138.7200,1.799231
_3669_,VPWR,li1,74.2900,133.2800,1.798902
_3668_,VPWR,li1,63.7100,138.7200,1.799257
_3667_,VPWR,li1,73.1400,127.8400,1.798832
_3666_,VPWR,li1,74.5200,138.7200,1.799205
_3665_,VPWR,li1,75.2100,138.7200,1.799205
_3664_,VPWR,li1,68.7700,144.1600,1.799360
_3663_,VPWR,li1,116.6100,138.7200,1.799174
_3662_,VPWR,li1,161.6900,144.1600,1.799472
_3661_,VPWR,li1,167.6700,144.1600,1.799545
_3660_,VPWR,li1,115.2300,133.2800,1.798684
_3659_,VPWR,li1,118.9100,133.2800,1.798687
_3658_,VPWR,li1,71.5300,144.1600,1.799336
_3657_,VPWR,li1,74.2900,122.4000,1.799185
_3656_,VPWR,li1,68.3100,122.4000,1.799227
_3655_,VPWR,li1,71.0700,122.4000,1.799213
_3654_,VPWR,li1,69.6900,138.7200,1.799231
_3653_,VPWR,li1,77.0500,127.8400,1.798795
_3652_,VPWR,li1,65.5500,127.8400,1.798930
_3651_,VPWR,li1,67.8500,133.2800,1.798969
_3650_,VPWR,li1,71.0700,116.9600,1.799193
_3649_,VPWR,li1,64.6300,111.5200,1.799213
_3648_,VPWR,li1,62.7900,111.5200,1.799232
_3647_,VPWR,li1,141.4500,127.8400,1.798913
_3646_,VPWR,li1,138.2300,133.2800,1.798822
_3645_,VPWR,li1,139.1500,127.8400,1.798887
_3644_,VPWR,li1,184.2300,182.2400,1.799492
_3643_,VPWR,li1,188.3700,182.2400,1.799416
_3642_,VPWR,li1,216.8900,296.4800,1.799526
_3641_,VPWR,li1,226.5500,296.4800,1.799485
_3640_,VPWR,li1,227.0100,291.0400,1.799324
_3639_,VPWR,li1,228.8500,296.4800,1.799476
_3638_,VPWR,li1,240.8100,296.4800,1.799429
_3637_,VPWR,li1,234.3700,296.4800,1.799459
_3636_,VPWR,li1,235.7500,296.4800,1.799448
_3635_,VPWR,li1,170.8900,274.7200,1.799822
_3634_,VPWR,li1,180.5500,274.7200,1.799752
_3633_,VPWR,li1,181.9300,274.7200,1.799752
_3632_,VPWR,li1,218.7300,187.6800,1.798759
_3631_,VPWR,li1,255.0700,171.3600,1.798407
_3630_,VPWR,li1,63.7100,301.9200,1.799487
_3629_,VPWR,li1,188.3700,291.0400,1.799558
_3628_,VPWR,li1,180.0900,214.8800,1.799626
_3627_,VPWR,li1,275.3100,204.0000,1.798288
_3626_,VPWR,li1,284.5100,160.4800,1.797712
_3625_,VPWR,li1,188.3700,301.9200,1.799718
_3624_,VPWR,li1,197.1100,193.1200,1.799105
_3623_,VPWR,li1,185.1500,198.5600,1.799641
_3622_,VPWR,li1,194.8100,269.2800,1.799735
_3621_,VPWR,li1,210.4500,263.8400,1.799570
_3620_,VPWR,li1,224.2500,258.4000,1.799379
_3619_,VPWR,li1,227.9300,280.1600,1.799393
_3618_,VPWR,li1,231.1500,269.2800,1.799529
_3617_,VPWR,li1,238.5100,269.2800,1.799499
_3616_,VPWR,li1,249.0900,291.0400,1.799210
_3615_,VPWR,li1,249.5500,280.1600,1.799308
_3614_,VPWR,li1,249.5500,263.8400,1.799327
_3613_,VPWR,li1,263.8100,263.8400,1.799273
_3612_,VPWR,li1,185.1500,182.2400,1.799492
_3611_,VPWR,li1,201.2500,193.1200,1.798989
_3610_,VPWR,li1,189.2900,122.4000,1.799266
_3609_,VPWR,li1,186.9900,133.2800,1.799278
_3608_,VPWR,li1,173.1900,116.9600,1.799567
_3607_,VPWR,li1,183.7700,149.6000,1.799479
_3606_,VPWR,li1,188.3700,116.9600,1.799363
_3605_,VPWR,li1,182.3900,144.1600,1.799498
_3604_,VPWR,li1,187.9100,122.4000,1.799266
_3603_,VPWR,li1,175.4900,138.7200,1.799560
_3602_,VPWR,li1,186.9900,116.9600,1.799363
_3601_,VPWR,li1,185.1500,155.0400,1.799363
_3600_,VPWR,li1,146.9700,106.0800,1.799218
_3599_,VPWR,li1,148.3500,171.3600,1.799379
_3598_,VPWR,li1,99.5900,198.5600,1.799213
_3597_,VPWR,li1,95.4500,171.3600,1.799258
_3596_,VPWR,li1,118.9100,116.9600,1.799118
_3595_,VPWR,li1,93.6100,138.7200,1.799147
_3594_,VPWR,li1,159.3900,122.4000,1.799347
_3593_,VPWR,li1,161.2300,176.8000,1.799279
_3592_,VPWR,li1,148.3500,106.0800,1.799218
_3591_,VPWR,li1,156.6300,116.9600,1.799377
_3590_,VPWR,li1,106.0300,198.5600,1.799217
_3589_,VPWR,li1,99.5900,127.8400,1.798660
_3588_,VPWR,li1,113.3900,122.4000,1.799105
_3587_,VPWR,li1,83.0300,106.0800,1.799095
_3586_,VPWR,li1,171.8100,116.9600,1.799567
_3585_,VPWR,li1,142.3700,182.2400,1.799292
_3584_,VPWR,li1,139.6100,138.7200,1.799245
_3583_,VPWR,li1,61.4100,100.6400,1.799196
_3582_,VPWR,li1,56.8100,122.4000,1.799342
_3581_,VPWR,li1,58.1900,160.4800,1.799506
_3580_,VPWR,li1,60.4900,111.5200,1.799259
_3579_,VPWR,li1,71.5300,209.4400,1.798891
_3578_,VPWR,li1,109.7100,127.8400,1.798681
_3577_,VPWR,li1,167.2100,144.1600,1.799545
_3576_,VPWR,li1,144.6700,182.2400,1.799316
_3575_,VPWR,li1,65.0900,106.0800,1.799252
_3574_,VPWR,li1,62.3300,127.8400,1.798996
_3573_,VPWR,li1,61.4100,149.6000,1.799286
_3572_,VPWR,li1,66.0100,122.4000,1.799246
_3571_,VPWR,li1,71.0700,209.4400,1.798891
_3570_,VPWR,li1,117.5300,127.8400,1.798716
_3569_,VPWR,li1,169.0500,182.2400,1.799564
_3568_,VPWR,li1,290.4900,78.8800,1.798851
_3567_,VPWR,li1,290.9500,149.6000,1.798366
_3566_,VPWR,li1,294.6300,95.2000,1.797512
_3565_,VPWR,li1,294.6300,160.4800,1.797691
_3564_,VPWR,li1,282.6700,100.6400,1.797830
_3563_,VPWR,li1,294.1700,127.8400,1.798066
_3562_,VPWR,li1,281.2900,100.6400,1.797830
_3561_,VPWR,li1,284.9700,111.5200,1.796997
_3560_,VPWR,li1,284.5100,89.7600,1.797683
_3559_,VPWR,li1,284.5100,155.0400,1.798336
_3558_,VPWR,li1,260.5900,258.4000,1.799172
_3557_,VPWR,li1,245.4100,258.4000,1.799247
_3556_,VPWR,li1,259.2100,258.4000,1.799172
_3555_,VPWR,li1,253.2300,274.7200,1.799093
_3554_,VPWR,li1,261.9700,280.1600,1.799261
_3553_,VPWR,li1,259.2100,291.0400,1.799162
_3552_,VPWR,li1,249.5500,296.4800,1.799400
_3551_,VPWR,li1,240.8100,291.0400,1.799253
_3550_,VPWR,li1,236.6700,269.2800,1.799508
_3549_,VPWR,li1,241.2700,258.4000,1.799272
_3548_,VPWR,li1,230.2300,263.8400,1.799431
_3547_,VPWR,li1,225.6300,258.4000,1.799379
_3546_,VPWR,li1,214.1300,285.6000,1.799568
_3545_,VPWR,li1,216.4300,285.6000,1.799558
_3544_,VPWR,li1,222.8700,258.4000,1.799393
_3543_,VPWR,li1,215.0500,252.9600,1.799425
_3542_,VPWR,li1,204.9300,252.9600,1.799532
_3541_,VPWR,li1,198.9500,252.9600,1.799602
_3540_,VPWR,li1,198.0300,274.7200,1.799547
_3539_,VPWR,li1,199.8700,285.6000,1.799634
_3538_,VPWR,li1,188.3700,258.4000,1.799673
_3537_,VPWR,li1,186.9900,258.4000,1.799694
_3536_,VPWR,li1,184.6900,252.9600,1.799765
_3535_,VPWR,li1,188.8300,209.4400,1.799480
_3534_,VPWR,li1,192.0500,204.0000,1.799399
_3533_,VPWR,li1,193.4300,204.0000,1.799370
_3532_,VPWR,li1,207.6900,193.1200,1.798856
_3531_,VPWR,li1,258.2900,242.0800,1.798855
_3530_,VPWR,li1,274.3900,236.6400,1.798873
_3529_,VPWR,li1,273.9300,236.6400,1.798873
_3528_,VPWR,li1,273.9300,231.2000,1.798689
_3527_,VPWR,li1,256.9100,225.7600,1.799179
_3526_,VPWR,li1,252.7700,242.0800,1.798899
_3525_,VPWR,li1,248.6300,247.5200,1.798980
_3524_,VPWR,li1,244.4900,236.6400,1.799074
_3523_,VPWR,li1,243.1100,231.2000,1.798874
_3522_,VPWR,li1,240.3500,220.3200,1.798750
_3521_,VPWR,li1,233.4500,220.3200,1.798824
_3520_,VPWR,li1,227.9300,225.7600,1.799320
_3519_,VPWR,li1,229.3100,231.2000,1.799000
_3518_,VPWR,li1,225.6300,242.0800,1.799137
_3517_,VPWR,li1,220.1100,225.7600,1.799379
_3516_,VPWR,li1,212.7500,225.7600,1.799434
_3515_,VPWR,li1,212.7500,220.3200,1.799051
_3514_,VPWR,li1,201.2500,214.8800,1.799387
_3513_,VPWR,li1,206.3100,231.2000,1.799244
_3512_,VPWR,li1,194.3500,225.7600,1.799574
_3511_,VPWR,li1,188.3700,231.2000,1.799479
_3510_,VPWR,li1,185.1500,242.0800,1.799601
_3509_,VPWR,li1,183.7700,242.0800,1.799635
_3508_,VPWR,li1,199.8700,193.1200,1.799054
_3507_,VPWR,li1,190.6700,296.4800,1.799647
_3506_,VPWR,li1,275.3100,252.9600,1.798841
_3505_,VPWR,li1,177.3300,269.2800,1.799870
_3504_,VPWR,li1,279.4500,269.2800,1.799357
_3503_,VPWR,li1,278.5300,247.5200,1.798780
_3502_,VPWR,li1,294.6300,285.6000,1.799316
_3501_,VPWR,li1,285.4300,280.1600,1.799194
_3500_,VPWR,li1,277.1500,258.4000,1.799098
_3499_,VPWR,li1,285.4300,225.7600,1.799083
_3498_,VPWR,li1,294.6300,204.0000,1.798204
_3497_,VPWR,li1,287.2700,209.4400,1.798667
_3496_,VPWR,li1,277.1500,182.2400,1.798482
_3495_,VPWR,li1,273.9300,193.1200,1.798109
_3494_,VPWR,li1,280.3700,242.0800,1.798740
_3493_,VPWR,li1,280.3700,133.2800,1.797977
_3492_,VPWR,li1,282.2100,122.4000,1.798052
_3491_,VPWR,li1,278.9900,133.2800,1.797977
_3490_,VPWR,li1,285.4300,127.8400,1.798079
_3489_,VPWR,li1,277.1500,149.6000,1.798396
_3488_,VPWR,li1,276.2300,155.0400,1.798362
_3487_,VPWR,li1,277.1500,165.9200,1.798207
_3486_,VPWR,li1,276.2300,171.3600,1.798266
_3485_,VPWR,li1,269.3300,198.5600,1.799009
_3484_,VPWR,li1,273.9300,204.0000,1.798316
_3483_,VPWR,li1,279.9100,214.8800,1.798674
_3482_,VPWR,li1,282.2100,214.8800,1.798667
_3481_,VPWR,li1,254.6100,198.5600,1.799085
_3480_,VPWR,li1,249.5500,220.3200,1.798662
_3479_,VPWR,li1,249.5500,214.8800,1.798853
_3478_,VPWR,li1,251.3900,220.3200,1.798643
_3477_,VPWR,li1,152.9500,149.6000,1.799250
_3476_,VPWR,li1,156.1700,144.1600,1.799429
_3475_,VPWR,li1,146.9700,138.7200,1.799276
_3474_,VPWR,li1,182.3900,204.0000,1.799528
_3473_,VPWR,li1,188.3700,285.6000,1.799687
_3472_,VPWR,li1,169.0500,285.6000,1.799694
_3471_,VPWR,li1,185.1500,285.6000,1.799698
_3470_,VPWR,li1,154.3300,296.4800,1.799477
_3469_,VPWR,li1,112.4700,291.0400,1.799017
_3468_,VPWR,li1,123.0500,285.6000,1.799338
_3467_,VPWR,li1,117.5300,280.1600,1.799568
_3466_,VPWR,li1,80.7300,280.1600,1.799618
_3465_,VPWR,li1,71.9900,280.1600,1.799656
_3464_,VPWR,li1,68.3100,280.1600,1.799680
_3463_,VPWR,li1,56.3500,296.4800,1.799328
_3462_,VPWR,li1,110.1700,280.1600,1.799567
_3461_,VPWR,li1,140.0700,291.0400,1.799163
_3460_,VPWR,li1,163.5300,280.1600,1.799717
_3459_,VPWR,li1,152.4900,285.6000,1.799508
_3458_,VPWR,li1,134.5500,296.4800,1.799302
_3457_,VPWR,li1,140.0700,280.1600,1.799607
_3456_,VPWR,li1,132.7100,280.1600,1.799583
_3455_,VPWR,li1,96.3700,296.4800,1.799147
_3454_,VPWR,li1,82.1100,280.1600,1.799618
_3453_,VPWR,li1,96.8300,280.1600,1.799573
_3452_,VPWR,li1,58.1900,285.6000,1.799561
_3451_,VPWR,li1,264.2700,155.0400,1.798413
_3450_,VPWR,li1,261.9700,155.0400,1.798420
_3449_,VPWR,li1,265.6500,155.0400,1.798402
_3448_,VPWR,li1,279.9100,89.7600,1.797706
_3447_,VPWR,li1,151.1100,231.2000,1.799354
_3446_,VPWR,li1,167.2100,236.6400,1.799672
_3445_,VPWR,li1,176.4100,236.6400,1.799740
_3444_,VPWR,li1,182.8500,225.7600,1.799686
_3443_,VPWR,li1,216.8900,187.6800,1.798790
_3442_,VPWR,li1,215.9700,187.6800,1.798790
_3441_,VPWR,li1,218.2700,198.5600,1.799309
_3440_,VPWR,li1,223.7900,198.5600,1.799256
_3439_,VPWR,li1,177.3300,274.7200,1.799797
_3438_,VPWR,li1,187.4500,204.0000,1.799454
_3437_,VPWR,li1,255.5300,111.5200,1.797213
_3436_,VPWR,li1,239.8900,160.4800,1.798129
_3435_,VPWR,li1,282.6700,106.0800,1.797933
_3434_,VPWR,li1,248.1700,171.3600,1.798474
_3433_,VPWR,li1,239.8900,111.5200,1.797453
_3432_,VPWR,li1,267.9500,133.2800,1.798054
_3431_,VPWR,li1,239.8900,116.9600,1.798511
_3430_,VPWR,li1,271.6300,133.2800,1.798024
_3429_,VPWR,li1,273.0100,116.9600,1.798260
_3428_,VPWR,li1,270.2500,171.3600,1.798295
_3427_,VPWR,li1,232.9900,171.3600,1.798651
_3426_,VPWR,li1,258.7500,106.0800,1.798061
_3425_,VPWR,li1,239.8900,149.6000,1.798675
_3424_,VPWR,li1,278.5300,106.0800,1.797945
_3423_,VPWR,li1,252.3100,171.3600,1.798433
_3422_,VPWR,li1,243.1100,111.5200,1.797395
_3421_,VPWR,li1,264.2700,149.6000,1.798459
_3420_,VPWR,li1,234.8300,127.8400,1.798482
_3419_,VPWR,li1,269.7900,122.4000,1.798102
_3418_,VPWR,li1,278.5300,111.5200,1.797026
_3417_,VPWR,li1,269.7900,171.3600,1.798295
_3416_,VPWR,li1,230.2300,176.8000,1.798069
_3415_,VPWR,li1,127.6500,122.4000,1.799153
_3414_,VPWR,li1,98.2100,187.6800,1.799105
_3413_,VPWR,li1,69.2300,236.6400,1.799311
_3412_,VPWR,li1,60.9500,182.2400,1.799325
_3411_,VPWR,li1,117.0700,40.8000,1.799309
_3410_,VPWR,li1,64.1700,155.0400,1.799168
_3409_,VPWR,li1,155.7100,40.8000,1.799575
_3408_,VPWR,li1,132.2500,236.6400,1.799417
_3407_,VPWR,li1,147.8900,46.2400,1.799595
_3406_,VPWR,li1,152.4900,106.0800,1.799264
_3405_,VPWR,li1,94.5300,225.7600,1.799153
_3404_,VPWR,li1,77.0500,68.0000,1.799172
_3403_,VPWR,li1,67.8500,111.5200,1.799181
_3402_,VPWR,li1,49.9100,95.2000,1.799141
_3401_,VPWR,li1,150.6500,73.4400,1.799165
_3400_,VPWR,li1,99.1300,242.0800,1.799246
_3399_,VPWR,li1,99.5900,160.4800,1.799320
_3398_,VPWR,li1,19.0900,89.7600,1.799794
_3397_,VPWR,li1,16.3300,111.5200,1.799788
_3396_,VPWR,li1,28.2900,187.6800,1.799693
_3395_,VPWR,li1,54.9700,51.6800,1.799429
_3394_,VPWR,li1,21.3900,242.0800,1.799833
_3393_,VPWR,li1,93.6100,46.2400,1.799363
_3392_,VPWR,li1,139.1500,171.3600,1.799332
_3391_,VPWR,li1,105.5700,204.0000,1.798861
_3390_,VPWR,li1,8.9700,73.4400,1.799726
_3389_,VPWR,li1,20.9300,138.7200,1.799811
_3388_,VPWR,li1,20.9300,171.3600,1.799798
_3387_,VPWR,li1,16.3300,51.6800,1.799832
_3386_,VPWR,li1,14.4900,198.5600,1.799805
_3385_,VPWR,li1,89.9300,89.7600,1.798974
_3384_,VPWR,li1,149.7300,198.5600,1.799449
_3383_,VPWR,li1,158.7000,225.7600,1.799529
_3382_,VPWR,li1,140.9900,116.9600,1.799224
_3381_,VPWR,li1,105.1100,187.6800,1.799103
_3380_,VPWR,li1,54.9700,231.2000,1.799262
_3379_,VPWR,li1,67.8500,187.6800,1.799226
_3378_,VPWR,li1,112.0100,51.6800,1.799192
_3377_,VPWR,li1,67.8500,171.3600,1.799307
_3376_,VPWR,li1,161.2300,51.6800,1.799594
_3375_,VPWR,li1,140.9900,236.6400,1.799462
_3374_,VPWR,li1,151.5700,62.5600,1.799460
_3373_,VPWR,li1,166.7500,111.5200,1.799306
_3372_,VPWR,li1,88.5500,236.6400,1.799285
_3371_,VPWR,li1,85.3300,57.1200,1.799322
_3370_,VPWR,li1,86.7100,111.5200,1.799053
_3369_,VPWR,li1,61.4100,84.3200,1.799465
_3368_,VPWR,li1,160.3100,73.4400,1.799320
_3367_,VPWR,li1,106.0300,242.0800,1.799241
_3366_,VPWR,li1,111.0900,160.4800,1.799307
_3365_,VPWR,li1,26.4500,78.8800,1.799741
_3364_,VPWR,li1,28.2900,106.0800,1.799691
_3363_,VPWR,li1,29.2100,176.8000,1.799620
_3362_,VPWR,li1,59.5700,46.2400,1.799481
_3361_,VPWR,li1,31.9700,247.5200,1.799750
_3360_,VPWR,li1,103.7300,57.1200,1.799328
_3359_,VPWR,li1,151.1100,165.9200,1.799464
_3358_,VPWR,li1,111.0900,204.0000,1.798891
_3357_,VPWR,li1,19.5500,62.5600,1.799808
_3356_,VPWR,li1,28.2900,133.2800,1.799628
_3355_,VPWR,li1,27.8300,160.4800,1.799783
_3354_,VPWR,li1,25.9900,51.6800,1.799768
_3353_,VPWR,li1,27.3700,198.5600,1.799739
_3352_,VPWR,li1,98.2100,84.3200,1.799308
_3351_,VPWR,li1,159.8500,204.0000,1.799375
_3350_,VPWR,li1,165.6000,231.2000,1.799543
_3349_,VPWR,li1,136.8500,116.9600,1.799204
_3348_,VPWR,li1,109.7100,187.6800,1.799112
_3347_,VPWR,li1,64.1700,242.0800,1.799366
_3346_,VPWR,li1,72.4500,182.2400,1.799244
_3345_,VPWR,li1,123.5100,51.6800,1.799243
_3344_,VPWR,li1,72.4500,160.4800,1.799402
_3343_,VPWR,li1,170.4300,46.2400,1.799815
_3342_,VPWR,li1,144.2100,247.5200,1.799417
_3341_,VPWR,li1,156.6300,57.1200,1.799648
_3340_,VPWR,li1,163.0700,111.5200,1.799259
_3339_,VPWR,li1,93.6100,236.6400,1.799289
_3338_,VPWR,li1,88.5500,68.0000,1.799133
_3337_,VPWR,li1,80.2700,106.0800,1.799112
_3336_,VPWR,li1,66.0100,100.6400,1.799162
_3335_,VPWR,li1,163.5300,68.0000,1.799487
_3334_,VPWR,li1,111.0900,236.6400,1.799324
_3333_,VPWR,li1,115.2300,160.4800,1.799309
_3332_,VPWR,li1,30.5900,89.7600,1.799659
_3331_,VPWR,li1,33.8100,106.0800,1.799602
_3330_,VPWR,li1,32.8900,187.6800,1.799625
_3329_,VPWR,li1,66.0100,46.2400,1.799445
_3328_,VPWR,li1,33.8100,242.0800,1.799651
_3327_,VPWR,li1,104.1900,40.8000,1.799259
_3326_,VPWR,li1,157.0900,176.8000,1.799208
_3325_,VPWR,li1,112.4700,214.8800,1.799033
_3324_,VPWR,li1,28.7500,68.0000,1.799674
_3323_,VPWR,li1,32.4300,133.2800,1.799567
_3322_,VPWR,li1,33.8100,165.9200,1.799646
_3321_,VPWR,li1,28.2900,40.8000,1.799672
_3320_,VPWR,li1,33.8100,198.5600,1.799653
_3319_,VPWR,li1,102.3500,95.2000,1.798788
_3318_,VPWR,li1,156.6300,204.0000,1.799334
_3317_,VPWR,li1,158.7000,220.3200,1.799498
_3316_,VPWR,li1,123.9700,19.0400,1.799356
_3315_,VPWR,li1,91.3100,187.6800,1.799116
_3314_,VPWR,li1,61.4100,258.4000,1.799781
_3313_,VPWR,li1,10.3500,198.5600,1.799799
_3312_,VPWR,li1,130.8700,19.0400,1.799383
_3311_,VPWR,li1,11.7300,160.4800,1.799835
_3310_,VPWR,li1,160.3100,19.0400,1.799640
_3309_,VPWR,li1,157.0900,258.4000,1.799710
_3308_,VPWR,li1,153.4100,13.6000,1.799770
_3307_,VPWR,li1,175.4900,19.0400,1.799847
_3306_,VPWR,li1,73.3700,258.4000,1.799733
_3305_,VPWR,li1,73.3700,13.6000,1.799761
_3304_,VPWR,li1,11.7300,106.0800,1.799795
_3303_,VPWR,li1,11.7300,78.8800,1.799784
_3302_,VPWR,li1,136.8500,19.0400,1.799428
_3301_,VPWR,li1,97.7500,247.5200,1.799332
_3300_,VPWR,li1,100.5100,160.4800,1.799320
_3299_,VPWR,li1,11.7300,84.3200,1.799826
_3298_,VPWR,li1,11.7300,111.5200,1.799781
_3297_,VPWR,li1,11.7300,193.1200,1.799819
_3296_,VPWR,li1,50.8300,13.6000,1.799840
_3295_,VPWR,li1,11.7300,236.6400,1.799819
_3294_,VPWR,li1,91.7700,13.6000,1.799713
_3293_,VPWR,li1,151.5700,258.4000,1.799694
_3292_,VPWR,li1,104.6500,258.4000,1.799686
_3291_,VPWR,li1,11.7300,68.0000,1.799765
_3290_,VPWR,li1,10.3500,149.6000,1.799796
_3289_,VPWR,li1,11.7300,176.8000,1.799736
_3288_,VPWR,li1,11.7300,40.8000,1.799776
_3287_,VPWR,li1,11.7300,220.3200,1.799828
_3286_,VPWR,li1,116.6100,13.6000,1.799684
_3285_,VPWR,li1,149.7300,263.8400,1.799878
_3284_,VPWR,li1,169.9700,263.8400,1.799879
_3283_,VPWR,li1,204.0100,62.5600,1.799650
_3282_,VPWR,li1,212.7500,149.6000,1.799007
_3281_,VPWR,li1,227.0100,62.5600,1.799579
_3280_,VPWR,li1,231.1500,165.9200,1.798587
_3279_,VPWR,li1,221.0300,116.9600,1.798745
_3278_,VPWR,li1,221.4900,127.8400,1.798670
_3277_,VPWR,li1,212.7500,78.8800,1.799226
_3276_,VPWR,li1,225.6300,127.8400,1.798633
_3275_,VPWR,li1,227.0100,95.2000,1.798321
_3274_,VPWR,li1,215.0500,171.3600,1.798931
_3273_,VPWR,li1,224.7100,171.3600,1.798782
_3272_,VPWR,li1,291.4100,236.6400,1.798812
_3271_,VPWR,li1,291.4100,242.0800,1.798721
_3270_,VPWR,li1,291.4100,285.6000,1.799320
_3269_,VPWR,li1,291.4100,258.4000,1.799052
_3268_,VPWR,li1,291.4100,214.8800,1.798642
_3267_,VPWR,li1,291.4100,204.0000,1.798207
_3266_,VPWR,li1,291.4100,171.3600,1.798210
_3265_,VPWR,li1,292.3300,182.2400,1.798436
_3264_,VPWR,li1,291.4100,187.6800,1.798178
_3263_,VPWR,li1,286.8100,242.0800,1.798725
_3262_,VPWR,li1,291.4100,231.2000,1.798646
_3261_,VPWR,li1,290.4900,127.8400,1.798071
_3260_,VPWR,li1,291.4100,182.2400,1.798436
_3259_,VPWR,li1,291.4100,116.9600,1.798209
_3258_,VPWR,li1,291.4100,198.5600,1.798937
_3257_,VPWR,li1,291.4100,280.1600,1.799180
_3256_,VPWR,li1,284.5100,176.8000,1.797345
_3255_,VPWR,li1,291.4100,176.8000,1.797328
_3254_,VPWR,li1,291.4100,155.0400,1.798322
_3253_,VPWR,li1,291.4100,122.4000,1.798024
_3252_,VPWR,li1,291.4100,225.7600,1.799071
_3251_,VPWR,li1,291.4100,220.3200,1.798383
_3250_,VPWR,li1,280.3700,258.4000,1.799078
_3249_,VPWR,li1,193.8900,296.4800,1.799634
_3248_,VPWR,li1,171.3500,296.4800,1.799687
_3247_,VPWR,li1,259.2100,296.4800,1.799361
_3246_,VPWR,li1,157.0900,296.4800,1.799511
_3245_,VPWR,li1,43.9300,291.0400,1.799524
_3244_,VPWR,li1,139.6100,296.4800,1.799332
_3243_,VPWR,li1,111.0900,291.0400,1.799017
_3242_,VPWR,li1,89.4700,296.4800,1.799148
_3241_,VPWR,li1,74.7500,296.4800,1.799191
_3240_,VPWR,li1,65.0900,296.4800,1.799247
_3239_,VPWR,li1,49.9100,296.4800,1.799415
_3238_,VPWR,li1,117.0700,296.4800,1.799200
_3237_,VPWR,li1,123.9700,296.4800,1.799229
_3236_,VPWR,li1,266.5700,296.4800,1.799342
_3235_,VPWR,li1,272.0900,296.4800,1.799336
_3234_,VPWR,li1,69.2300,291.0400,1.799196
_3233_,VPWR,li1,41.1700,296.4800,1.799525
_3232_,VPWR,li1,131.3300,291.0400,1.799104
_3231_,VPWR,li1,98.2100,296.4800,1.799149
_3230_,VPWR,li1,80.7300,296.4800,1.799162
_3229_,VPWR,li1,85.3300,296.4800,1.799151
_3228_,VPWR,li1,36.1100,296.4800,1.799592
_3227_,VPWR,li1,169.0500,291.0400,1.799563
_3226_,VPWR,li1,247.7100,111.5200,1.797303
_3225_,VPWR,li1,233.9100,155.0400,1.798638
_3224_,VPWR,li1,263.8100,100.6400,1.797963
_3223_,VPWR,li1,239.8900,176.8000,1.797894
_3222_,VPWR,li1,233.9100,106.0800,1.798322
_3221_,VPWR,li1,261.0500,144.1600,1.798329
_3220_,VPWR,li1,229.3100,122.4000,1.798496
_3219_,VPWR,li1,265.6500,122.4000,1.798126
_3218_,VPWR,li1,261.0500,111.5200,1.797155
_3217_,VPWR,li1,256.4500,171.3600,1.798407
_3216_,VPWR,li1,228.8500,171.3600,1.798731
_3215_,VPWR,li1,252.7700,116.9600,1.798386
_3214_,VPWR,li1,230.2300,155.0400,1.798679
_3213_,VPWR,li1,267.9500,100.6400,1.797915
_3212_,VPWR,li1,244.0300,176.8000,1.797796
_3211_,VPWR,li1,231.6100,100.6400,1.798417
_3210_,VPWR,li1,271.6300,144.1600,1.798273
_3209_,VPWR,li1,232.9900,116.9600,1.798608
_3208_,VPWR,li1,267.4900,133.2800,1.798054
_3207_,VPWR,li1,265.1900,116.9600,1.798300
_3206_,VPWR,li1,265.6500,171.3600,1.798323
_3205_,VPWR,li1,226.5500,176.8000,1.798163
_3204_,VPWR,li1,235.7500,182.2400,1.798767
_3203_,VPWR,li1,130.4100,122.4000,1.799164
_3202_,VPWR,li1,100.9700,182.2400,1.799165
_3201_,VPWR,li1,72.4500,236.6400,1.799298
_3200_,VPWR,li1,60.4900,182.2400,1.799325
_3199_,VPWR,li1,117.9900,46.2400,1.799412
_3198_,VPWR,li1,63.7100,171.3600,1.799321
_3197_,VPWR,li1,162.6100,46.2400,1.799733
_3196_,VPWR,li1,145.1300,236.6400,1.799500
_3195_,VPWR,li1,159.3900,57.1200,1.799678
_3194_,VPWR,li1,150.6500,106.0800,1.799241
_3193_,VPWR,li1,90.8500,225.7600,1.799160
_3192_,VPWR,li1,80.7300,57.1200,1.799333
_3191_,VPWR,li1,74.7500,106.0800,1.799156
_3190_,VPWR,li1,54.9700,95.2000,1.799061
_3189_,VPWR,li1,157.5500,78.8800,1.799397
_3188_,VPWR,li1,97.2900,231.2000,1.799008
_3187_,VPWR,li1,104.1900,155.0400,1.798887
_3186_,VPWR,li1,21.3900,84.3200,1.799839
_3185_,VPWR,li1,21.8500,111.5200,1.799800
_3184_,VPWR,li1,28.7500,187.6800,1.799693
_3183_,VPWR,li1,54.9700,46.2400,1.799512
_3182_,VPWR,li1,22.3100,236.6400,1.799786
_3181_,VPWR,li1,94.9900,51.6800,1.799181
_3180_,VPWR,li1,148.3500,176.8000,1.799124
_3179_,VPWR,li1,103.2700,209.4400,1.798752
_3178_,VPWR,li1,24.1500,73.4400,1.799690
_3177_,VPWR,li1,27.3700,144.1600,1.799746
_3176_,VPWR,li1,19.5500,165.9200,1.799827
_3175_,VPWR,li1,20.9300,51.6800,1.799840
_3174_,VPWR,li1,21.8500,198.5600,1.799821
_3173_,VPWR,li1,98.2100,95.2000,1.798790
_3172_,VPWR,li1,145.1300,204.0000,1.799164
_3171_,VPWR,li1,155.0200,231.2000,1.799394
_3170_,VPWR,li1,132.2500,106.0800,1.799117
_3169_,VPWR,li1,129.9500,187.6800,1.799182
_3168_,VPWR,li1,76.5900,247.5200,1.799374
_3167_,VPWR,li1,92.6900,182.2400,1.799179
_3166_,VPWR,li1,123.9700,68.0000,1.799187
_3165_,VPWR,li1,85.3300,160.4800,1.799352
_3164_,VPWR,li1,181.9300,51.6800,1.799815
_3163_,VPWR,li1,157.5500,242.0800,1.799544
_3162_,VPWR,li1,136.8500,51.6800,1.799336
_3161_,VPWR,li1,179.6300,106.0800,1.799467
_3160_,VPWR,li1,93.1500,247.5200,1.799334
_3159_,VPWR,li1,90.8500,51.6800,1.799195
_3158_,VPWR,li1,107.8700,116.9600,1.799098
_3157_,VPWR,li1,86.2500,78.8800,1.799142
_3156_,VPWR,li1,175.4900,62.5600,1.799785
_3155_,VPWR,li1,129.9500,242.0800,1.799320
_3154_,VPWR,li1,112.0100,144.1600,1.799221
_3153_,VPWR,li1,46.6900,89.7600,1.799411
_3152_,VPWR,li1,56.3500,111.5200,1.799303
_3151_,VPWR,li1,50.8300,193.1200,1.799462
_3150_,VPWR,li1,68.7700,62.5600,1.799300
_3149_,VPWR,li1,46.6900,247.5200,1.799595
_3148_,VPWR,li1,108.7900,68.0000,1.799138
_3147_,VPWR,li1,182.8500,160.4800,1.799420
_3146_,VPWR,li1,123.0500,198.5600,1.799267
_3145_,VPWR,li1,46.6900,78.8800,1.799443
_3144_,VPWR,li1,47.1500,149.6000,1.799434
_3143_,VPWR,li1,53.1300,165.9200,1.799417
_3142_,VPWR,li1,46.6900,51.6800,1.799519
_3141_,VPWR,li1,46.6900,220.3200,1.799508
_3140_,VPWR,li1,123.9700,84.3200,1.799324
_3139_,VPWR,li1,170.8900,209.4400,1.799556
_3138_,VPWR,li1,162.3800,220.3200,1.799526
_3137_,VPWR,li1,136.8500,84.3200,1.799369
_3136_,VPWR,li1,128.1100,176.8000,1.798967
_3135_,VPWR,li1,75.2100,231.2000,1.799086
_3134_,VPWR,li1,85.3300,193.1200,1.799241
_3133_,VPWR,li1,135.4700,40.8000,1.799394
_3132_,VPWR,li1,86.2500,144.1600,1.799266
_3131_,VPWR,li1,177.7900,40.8000,1.799826
_3130_,VPWR,li1,158.0100,214.8800,1.799430
_3129_,VPWR,li1,149.7300,40.8000,1.799517
_3128_,VPWR,li1,175.4900,95.2000,1.799546
_3127_,VPWR,li1,95.4500,214.8800,1.799013
_3126_,VPWR,li1,85.3300,29.9200,1.799461
_3125_,VPWR,li1,99.5900,100.6400,1.799031
_3124_,VPWR,li1,85.3300,89.7600,1.799012
_3123_,VPWR,li1,170.8900,78.8800,1.799595
_3122_,VPWR,li1,130.8700,225.7600,1.799274
_3121_,VPWR,li1,129.9500,149.6000,1.799064
_3120_,VPWR,li1,46.6900,89.7600,1.799411
_3119_,VPWR,li1,46.2300,116.9600,1.799425
_3118_,VPWR,li1,54.9700,182.2400,1.799372
_3117_,VPWR,li1,65.5500,29.9200,1.799500
_3116_,VPWR,li1,46.6900,231.2000,1.799371
_3115_,VPWR,li1,110.6300,35.3600,1.799279
_3114_,VPWR,li1,178.2500,176.8000,1.799427
_3113_,VPWR,li1,136.8500,209.4400,1.799048
_3112_,VPWR,li1,44.8500,62.5600,1.799508
_3111_,VPWR,li1,56.3500,138.7200,1.799313
_3110_,VPWR,li1,42.0900,155.0400,1.799462
_3109_,VPWR,li1,46.6900,29.9200,1.799598
_3108_,VPWR,li1,51.7500,204.0000,1.799150
_3107_,VPWR,li1,118.4500,100.6400,1.799052
_3106_,VPWR,li1,179.6300,193.1200,1.799494
_3105_,VPWR,li1,165.6000,220.3200,1.799561
_3104_,VPWR,li1,136.8500,95.2000,1.798976
_3103_,VPWR,li1,126.7300,165.9200,1.799306
_3102_,VPWR,li1,77.9700,220.3200,1.799257
_3101_,VPWR,li1,85.3300,198.5600,1.799218
_3100_,VPWR,li1,130.4100,35.3600,1.799370
_3099_,VPWR,li1,84.8700,155.0400,1.798983
_3098_,VPWR,li1,185.1500,35.3600,1.799796
_3097_,VPWR,li1,151.1100,220.3200,1.799419
_3096_,VPWR,li1,145.1300,40.8000,1.799478
_3095_,VPWR,li1,175.4900,84.3200,1.799682
_3094_,VPWR,li1,86.2500,209.4400,1.798797
_3093_,VPWR,li1,85.3300,40.8000,1.799232
_3092_,VPWR,li1,104.1900,100.6400,1.799030
_3091_,VPWR,li1,77.9700,84.3200,1.799372
_3090_,VPWR,li1,184.2300,68.0000,1.799444
_3089_,VPWR,li1,123.0500,231.2000,1.799088
_3088_,VPWR,li1,119.3700,149.6000,1.799021
_3087_,VPWR,li1,51.2900,84.3200,1.799520
_3086_,VPWR,li1,39.3300,127.8400,1.799364
_3085_,VPWR,li1,42.0900,182.2400,1.799501
_3084_,VPWR,li1,64.6300,40.8000,1.799300
_3083_,VPWR,li1,51.2900,225.7600,1.799426
_3082_,VPWR,li1,105.5700,40.8000,1.799259
_3081_,VPWR,li1,175.4900,171.3600,1.799644
_3080_,VPWR,li1,129.0300,220.3200,1.799260
_3079_,VPWR,li1,40.7100,57.1200,1.799600
_3078_,VPWR,li1,59.5700,133.2800,1.799086
_3077_,VPWR,li1,39.7900,160.4800,1.799663
_3076_,VPWR,li1,46.6900,40.8000,1.799447
_3075_,VPWR,li1,45.3100,198.5600,1.799528
_3074_,VPWR,li1,121.6700,95.2000,1.798854
_3073_,VPWR,li1,175.4900,198.5600,1.799747
_3072_,VPWR,li1,165.8300,231.2000,1.799543
_3071_,VPWR,li1,127.6500,95.2000,1.798891
_3070_,VPWR,li1,119.3700,165.9200,1.799276
_3069_,VPWR,li1,67.8500,231.2000,1.799148
_3068_,VPWR,li1,73.3700,193.1200,1.799292
_3067_,VPWR,li1,123.9700,35.3600,1.799334
_3066_,VPWR,li1,75.6700,149.6000,1.799155
_3065_,VPWR,li1,170.8900,29.9200,1.799838
_3064_,VPWR,li1,144.2100,209.4400,1.799116
_3063_,VPWR,li1,140.9900,40.8000,1.799443
_3062_,VPWR,li1,166.7500,95.2000,1.799400
_3061_,VPWR,li1,83.9500,214.8800,1.799027
_3060_,VPWR,li1,76.5900,40.8000,1.799245
_3059_,VPWR,li1,89.4700,106.0800,1.799059
_3058_,VPWR,li1,71.0700,89.7600,1.799134
_3057_,VPWR,li1,181.9300,73.4400,1.799415
_3056_,VPWR,li1,115.2300,231.2000,1.799046
_3055_,VPWR,li1,119.3700,144.1600,1.799226
_3054_,VPWR,li1,39.3300,89.7600,1.799509
_3053_,VPWR,li1,34.2700,116.9600,1.799592
_3052_,VPWR,li1,42.0900,176.8000,1.799406
_3051_,VPWR,li1,50.8300,35.3600,1.799474
_3050_,VPWR,li1,35.6500,225.7600,1.799614
_3049_,VPWR,li1,98.2100,35.3600,1.799262
_3048_,VPWR,li1,166.7500,171.3600,1.799545
_3047_,VPWR,li1,119.3700,214.8800,1.799058
_3046_,VPWR,li1,34.2700,68.0000,1.799598
_3045_,VPWR,li1,47.1500,133.2800,1.799283
_3044_,VPWR,li1,33.8100,155.0400,1.799570
_3043_,VPWR,li1,38.4100,29.9200,1.799672
_3042_,VPWR,li1,36.5700,209.4400,1.799445
_3041_,VPWR,li1,106.4900,95.2000,1.798788
_3040_,VPWR,li1,169.9700,187.6800,1.799550
_3039_,VPWR,li1,171.5800,225.7600,1.799689
_3038_,VPWR,li1,131.7900,84.3200,1.799349
_3037_,VPWR,li1,121.2100,171.3600,1.799275
_3036_,VPWR,li1,70.6100,231.2000,1.799121
_3035_,VPWR,li1,79.3500,198.5600,1.799234
_3034_,VPWR,li1,123.0500,40.8000,1.799334
_3033_,VPWR,li1,81.6500,144.1600,1.799285
_3032_,VPWR,li1,175.4900,29.9200,1.799885
_3031_,VPWR,li1,144.2100,214.8800,1.799237
_3030_,VPWR,li1,139.6100,35.3600,1.799430
_3029_,VPWR,li1,170.8900,95.2000,1.799465
_3028_,VPWR,li1,98.2100,209.4400,1.798760
_3027_,VPWR,li1,80.7300,29.9200,1.799468
_3026_,VPWR,li1,93.6100,106.0800,1.799049
_3025_,VPWR,li1,72.4500,95.2000,1.798874
_3024_,VPWR,li1,175.9500,78.8800,1.799672
_3023_,VPWR,li1,119.3700,231.2000,1.799072
_3022_,VPWR,li1,124.4300,138.7200,1.799194
_3021_,VPWR,li1,40.7100,78.8800,1.799519
_3020_,VPWR,li1,32.4300,122.4000,1.799622
_3019_,VPWR,li1,48.5300,171.3600,1.799440
_3018_,VPWR,li1,54.9700,35.3600,1.799437
_3017_,VPWR,li1,39.7900,225.7600,1.799560
_3016_,VPWR,li1,96.8300,35.3600,1.799261
_3015_,VPWR,li1,170.4300,182.2400,1.799599
_3014_,VPWR,li1,122.5900,209.4400,1.798900
_3013_,VPWR,li1,35.6500,57.1200,1.799656
_3012_,VPWR,li1,49.4500,144.1600,1.799500
_3011_,VPWR,li1,35.6500,160.4800,1.799698
_3010_,VPWR,li1,34.7300,35.3600,1.799652
_3009_,VPWR,li1,40.7100,209.4400,1.799336
_3008_,VPWR,li1,112.0100,106.0800,1.799044
_3007_,VPWR,li1,170.8900,198.5600,1.799691
_3006_,VPWR,li1,174.3400,225.7600,1.799715
_3005_,VPWR,li1,164.9100,220.3200,1.799561
_3004_,VPWR,li1,136.8500,73.4400,1.798984
_3003_,VPWR,li1,111.0900,165.9200,1.799243
_3002_,VPWR,li1,66.4700,220.3200,1.799329
_3001_,VPWR,li1,75.2100,198.5600,1.799247
_3000_,VPWR,li1,131.3300,24.4800,1.799254
_2999_,VPWR,li1,71.9900,149.6000,1.799177
_2998_,VPWR,li1,162.6100,29.9200,1.799761
_2997_,VPWR,li1,144.2100,220.3200,1.799365
_2996_,VPWR,li1,154.7900,19.0400,1.799584
_2995_,VPWR,li1,162.6100,89.7600,1.799366
_2994_,VPWR,li1,79.3500,204.0000,1.798855
_2993_,VPWR,li1,85.3300,19.0400,1.799325
_2992_,VPWR,li1,93.1500,122.4000,1.799101
_2991_,VPWR,li1,66.9300,78.8800,1.799250
_2990_,VPWR,li1,149.7300,68.0000,1.799355
_2989_,VPWR,li1,111.0900,220.3200,1.799195
_2988_,VPWR,li1,139.6100,155.0400,1.798927
_2987_,VPWR,li1,20.9300,100.6400,1.799785
_2986_,VPWR,li1,25.0700,122.4000,1.799735
_2985_,VPWR,li1,20.9300,187.6800,1.799809
_2984_,VPWR,li1,66.9300,24.4800,1.799333
_2983_,VPWR,li1,28.2900,225.7600,1.799717
_2982_,VPWR,li1,105.1100,24.4800,1.799155
_2981_,VPWR,li1,156.6300,149.6000,1.799298
_2980_,VPWR,li1,136.8500,193.1200,1.799256
_2979_,VPWR,li1,20.9300,57.1200,1.799836
_2978_,VPWR,li1,20.9300,133.2800,1.799774
_2977_,VPWR,li1,22.3100,155.0400,1.799786
_2976_,VPWR,li1,29.2100,35.3600,1.799725
_2975_,VPWR,li1,20.4700,214.8800,1.799760
_2974_,VPWR,li1,105.5700,68.0000,1.799134
_2973_,VPWR,li1,157.0900,193.1200,1.799399
_2972_,VPWR,li1,163.3000,225.7600,1.799572
_2971_,VPWR,li1,174.1100,225.7600,1.799715
_2970_,VPWR,li1,171.3500,225.7600,1.799689
_2969_,VPWR,li1,136.8500,78.8800,1.799182
_2968_,VPWR,li1,106.0300,171.3600,1.799257
_2967_,VPWR,li1,60.4900,225.7600,1.799336
_2966_,VPWR,li1,63.7100,204.0000,1.799006
_2965_,VPWR,li1,126.7300,19.0400,1.799369
_2964_,VPWR,li1,67.3900,155.0400,1.799136
_2963_,VPWR,li1,172.2700,24.4800,1.799750
_2962_,VPWR,li1,149.7300,225.7600,1.799431
_2961_,VPWR,li1,145.1300,24.4800,1.799366
_2960_,VPWR,li1,147.8900,89.7600,1.799178
_2959_,VPWR,li1,77.9700,214.8800,1.799045
_2958_,VPWR,li1,85.3300,24.4800,1.799209
_2957_,VPWR,li1,88.5500,111.5200,1.799041
_2956_,VPWR,li1,62.3300,84.3200,1.799449
_2955_,VPWR,li1,145.1300,68.0000,1.799316
_2954_,VPWR,li1,100.9700,225.7600,1.799156
_2953_,VPWR,li1,136.8500,160.4800,1.799357
_2952_,VPWR,li1,28.2900,95.2000,1.799589
_2951_,VPWR,li1,20.9300,116.9600,1.799801
_2950_,VPWR,li1,11.7300,182.2400,1.799781
_2949_,VPWR,li1,61.8700,19.0400,1.799453
_2948_,VPWR,li1,21.8500,231.2000,1.799790
_2947_,VPWR,li1,111.5500,24.4800,1.799166
_2946_,VPWR,li1,154.7900,165.9200,1.799492
_2945_,VPWR,li1,140.5300,198.5600,1.799359
_2944_,VPWR,li1,20.9300,62.5600,1.799815
_2943_,VPWR,li1,11.7300,133.2800,1.799758
_2942_,VPWR,li1,19.0900,149.6000,1.799807
_2941_,VPWR,li1,24.6100,29.9200,1.799819
_2940_,VPWR,li1,20.9300,209.4400,1.799746
_2939_,VPWR,li1,97.2900,68.0000,1.799127
_2938_,VPWR,li1,152.4900,182.2400,1.799392
_2937_,VPWR,li1,167.2100,225.7600,1.799633
_2936_,VPWR,li1,119.8300,73.4400,1.798833
_2935_,VPWR,li1,99.1300,165.9200,1.799221
_2934_,VPWR,li1,56.3500,225.7600,1.799374
_2933_,VPWR,li1,51.7500,198.5600,1.799435
_2932_,VPWR,li1,118.4500,19.0400,1.799333
_2931_,VPWR,li1,60.4900,149.6000,1.799286
_2930_,VPWR,li1,162.6100,19.0400,1.799672
_2929_,VPWR,li1,137.7700,220.3200,1.799316
_2928_,VPWR,li1,140.9900,24.4800,1.799333
_2927_,VPWR,li1,158.9300,89.7600,1.799331
_2926_,VPWR,li1,73.8300,220.3200,1.799284
_2925_,VPWR,li1,73.3700,19.0400,1.799375
_2924_,VPWR,li1,83.4900,116.9600,1.799131
_2923_,VPWR,li1,54.9700,73.4400,1.799136
_2922_,VPWR,li1,140.9900,68.0000,1.799275
_2921_,VPWR,li1,99.1300,220.3200,1.799188
_2920_,VPWR,li1,124.8900,155.0400,1.798869
_2919_,VPWR,li1,13.5700,100.6400,1.799774
_2918_,VPWR,li1,8.9700,122.4000,1.799768
_2917_,VPWR,li1,18.1700,176.8000,1.799747
_2916_,VPWR,li1,54.9700,24.4800,1.799456
_2915_,VPWR,li1,14.9500,220.3200,1.799830
_2914_,VPWR,li1,93.6100,24.4800,1.799180
_2913_,VPWR,li1,147.4300,160.4800,1.799396
_2912_,VPWR,li1,124.8900,193.1200,1.799207
_2911_,VPWR,li1,25.9900,57.1200,1.799785
_2910_,VPWR,li1,8.9700,138.7200,1.799802
_2909_,VPWR,li1,14.4900,149.6000,1.799797
_2908_,VPWR,li1,13.5700,35.3600,1.799818
_2907_,VPWR,li1,8.9700,209.4400,1.799725
_2906_,VPWR,li1,94.9900,78.8800,1.799115
_2905_,VPWR,li1,145.1300,193.1200,1.799301
_2904_,VPWR,li1,159.1600,225.7600,1.799529
_2903_,VPWR,li1,130.4100,84.3200,1.799340
_2902_,VPWR,li1,102.3500,165.9200,1.799225
_2901_,VPWR,li1,54.9700,220.3200,1.799438
_2900_,VPWR,li1,64.6300,193.1200,1.799347
_2899_,VPWR,li1,119.3700,29.9200,1.799508
_2898_,VPWR,li1,62.3300,144.1600,1.799395
_2897_,VPWR,li1,156.6300,29.9200,1.799718
_2896_,VPWR,li1,138.6900,231.2000,1.799224
_2895_,VPWR,li1,143.7500,24.4800,1.799366
_2894_,VPWR,li1,154.3300,95.2000,1.799204
_2893_,VPWR,li1,72.4500,214.8800,1.799071
_2892_,VPWR,li1,78.8900,29.9200,1.799471
_2891_,VPWR,li1,80.7300,116.9600,1.799142
_2890_,VPWR,li1,64.1700,73.4400,1.799023
_2889_,VPWR,li1,144.2100,78.8800,1.799237
_2888_,VPWR,li1,98.6700,225.7600,1.799154
_2887_,VPWR,li1,126.7300,160.4800,1.799326
_2886_,VPWR,li1,14.4900,89.7600,1.799785
_2885_,VPWR,li1,14.9500,116.9600,1.799789
_2884_,VPWR,li1,19.0900,187.6800,1.799803
_2883_,VPWR,li1,60.4900,29.9200,1.799517
_2882_,VPWR,li1,16.3300,231.2000,1.799785
_2881_,VPWR,li1,95.4500,24.4800,1.799167
_2880_,VPWR,li1,149.7300,155.0400,1.799023
_2879_,VPWR,li1,126.7300,198.5600,1.799279
_2878_,VPWR,li1,14.0300,62.5600,1.799799
_2877_,VPWR,li1,8.9700,138.7200,1.799802
_2876_,VPWR,li1,15.8700,160.4800,1.799841
_2875_,VPWR,li1,17.7100,35.3600,1.799823
_2874_,VPWR,li1,26.4500,209.4400,1.799660
_2873_,VPWR,li1,93.6100,78.8800,1.799115
_2872_,VPWR,li1,148.8100,193.1200,1.799331
_2871_,VPWR,li1,123.9700,100.6400,1.799065
_2870_,VPWR,li1,114.7700,187.6800,1.799123
_2869_,VPWR,li1,67.3900,252.9600,1.799760
_2868_,VPWR,li1,81.1900,176.8000,1.798958
_2867_,VPWR,li1,115.2300,62.5600,1.799201
_2866_,VPWR,li1,89.9300,165.9200,1.799222
_2865_,VPWR,li1,170.4300,51.6800,1.799726
_2864_,VPWR,li1,148.3500,247.5200,1.799440
_2863_,VPWR,li1,128.1100,51.6800,1.799270
_2862_,VPWR,li1,169.9700,100.6400,1.799502
_2861_,VPWR,li1,78.4300,242.0800,1.799289
_2860_,VPWR,li1,76.5900,51.6800,1.799269
_2859_,VPWR,li1,100.0500,111.5200,1.798994
_2858_,VPWR,li1,71.9900,78.8800,1.799216
_2857_,VPWR,li1,168.5900,62.5600,1.799683
_2856_,VPWR,li1,118.4500,236.6400,1.799347
_2855_,VPWR,li1,94.5300,149.6000,1.799017
_2854_,VPWR,li1,32.4300,95.2000,1.799476
_2853_,VPWR,li1,42.0900,106.0800,1.799493
_2852_,VPWR,li1,37.0300,187.6800,1.799587
_2851_,VPWR,li1,54.9700,62.5600,1.799404
_2850_,VPWR,li1,38.4100,247.5200,1.799676
_2849_,VPWR,li1,99.5900,57.1200,1.799319
_2848_,VPWR,li1,166.2900,155.0400,1.799310
_2847_,VPWR,li1,108.3300,204.0000,1.798875
_2846_,VPWR,li1,37.0300,78.8800,1.799569
_2845_,VPWR,li1,35.6500,149.6000,1.799597
_2844_,VPWR,li1,41.6300,171.3600,1.799499
_2843_,VPWR,li1,36.5700,40.8000,1.799564
_2842_,VPWR,li1,27.3700,220.3200,1.799747
_2841_,VPWR,li1,112.4700,73.4400,1.798796
_2840_,VPWR,li1,168.1300,209.4400,1.799506
_2839_,VPWR,li1,162.3800,225.7600,1.799572
_2838_,VPWR,li1,168.5900,225.7600,1.799633
_2837_,VPWR,li1,128.1100,100.6400,1.799086
_2836_,VPWR,li1,122.5900,176.8000,1.798925
_2835_,VPWR,li1,72.4500,242.0800,1.799316
_2834_,VPWR,li1,85.3300,176.8000,1.798928
_2833_,VPWR,li1,129.0300,62.5600,1.799260
_2832_,VPWR,li1,85.3300,165.9200,1.799228
_2831_,VPWR,li1,175.9500,57.1200,1.799860
_2830_,VPWR,li1,150.6500,247.5200,1.799476
_2829_,VPWR,li1,132.2500,51.6800,1.799299
_2828_,VPWR,li1,175.4900,111.5200,1.799422
_2827_,VPWR,li1,88.5500,252.9600,1.799714
_2826_,VPWR,li1,80.7300,51.6800,1.799241
_2825_,VPWR,li1,96.8300,116.9600,1.799100
_2824_,VPWR,li1,78.8900,84.3200,1.799372
_2823_,VPWR,li1,182.3900,68.0000,1.799478
_2822_,VPWR,li1,122.5900,236.6400,1.799367
_2821_,VPWR,li1,106.4900,144.1600,1.799224
_2820_,VPWR,li1,46.6900,100.6400,1.799353
_2819_,VPWR,li1,48.5300,106.0800,1.799412
_2818_,VPWR,li1,46.6900,198.5600,1.799493
_2817_,VPWR,li1,64.1700,57.1200,1.799400
_2816_,VPWR,li1,50.8300,242.0800,1.799468
_2815_,VPWR,li1,101.4300,68.0000,1.799128
_2814_,VPWR,li1,175.4900,155.0400,1.799552
_2813_,VPWR,li1,115.2300,204.0000,1.798908
_2812_,VPWR,li1,50.8300,68.0000,1.799408
_2811_,VPWR,li1,42.0900,138.7200,1.799486
_2810_,VPWR,li1,47.6100,171.3600,1.799440
_2809_,VPWR,li1,50.3700,46.2400,1.799547
_2808_,VPWR,li1,40.7100,220.3200,1.799594
_2807_,VPWR,li1,108.7900,84.3200,1.799302
_2806_,VPWR,li1,168.5900,198.5600,1.799664
_2805_,VPWR,li1,170.4300,231.2000,1.799607
_2804_,VPWR,li1,201.2500,73.4400,1.799016
_2803_,VPWR,li1,219.1900,155.0400,1.798821
_2802_,VPWR,li1,222.4100,62.5600,1.799590
_2801_,VPWR,li1,227.0100,165.9200,1.798645
_2800_,VPWR,li1,220.1100,106.0800,1.798543
_2799_,VPWR,li1,224.2500,138.7200,1.798417
_2798_,VPWR,li1,208.1500,62.5600,1.799640
_2797_,VPWR,li1,221.4900,122.4000,1.798627
_2796_,VPWR,li1,227.0100,84.3200,1.798860
_2795_,VPWR,li1,208.1500,171.3600,1.799022
_2794_,VPWR,li1,221.4900,176.8000,1.798294
_2793_,VPWR,li1,193.4300,73.4400,1.799167
_2792_,VPWR,li1,205.3900,149.6000,1.799113
_2791_,VPWR,li1,219.1900,68.0000,1.798930
_2790_,VPWR,li1,218.7300,155.0400,1.798821
_2789_,VPWR,li1,215.0500,116.9600,1.798831
_2788_,VPWR,li1,209.5300,133.2800,1.798775
_2787_,VPWR,li1,207.2300,73.4400,1.798907
_2786_,VPWR,li1,211.8300,127.8400,1.798825
_2785_,VPWR,li1,220.1100,78.8800,1.799141
_2784_,VPWR,li1,201.2500,171.3600,1.799133
_2783_,VPWR,li1,220.5700,171.3600,1.798851
_2782_,VPWR,li1,195.7300,78.8800,1.799397
_2781_,VPWR,li1,207.2300,160.4800,1.798804
_2780_,VPWR,li1,220.1100,78.8800,1.799141
_2779_,VPWR,li1,215.0500,165.9200,1.798840
_2778_,VPWR,li1,209.5300,116.9600,1.798925
_2777_,VPWR,li1,214.1300,144.1600,1.798836
_2776_,VPWR,li1,208.6100,78.8800,1.799251
_2775_,VPWR,li1,209.5300,122.4000,1.798827
_2774_,VPWR,li1,222.4100,95.2000,1.798404
_2773_,VPWR,li1,203.5500,176.8000,1.798706
_2772_,VPWR,li1,217.8100,176.8000,1.798393
_2771_,VPWR,li1,221.4900,182.2400,1.798935
_2770_,VPWR,li1,190.2100,84.3200,1.799386
_2769_,VPWR,li1,202.1700,155.0400,1.799067
_2768_,VPWR,li1,215.9700,106.0800,1.798619
_2767_,VPWR,li1,192.5100,165.9200,1.799302
_2766_,VPWR,li1,201.2500,116.9600,1.799076
_2765_,VPWR,li1,206.3100,138.7200,1.798812
_2764_,VPWR,li1,201.2500,84.3200,1.799181
_2763_,VPWR,li1,201.2500,122.4000,1.798988
_2762_,VPWR,li1,218.2700,95.2000,1.798507
_2761_,VPWR,li1,208.6100,182.2400,1.799107
_2760_,VPWR,li1,218.2700,182.2400,1.798992
_2759_,VPWR,li1,192.5100,95.2000,1.799097
_2758_,VPWR,li1,196.1900,155.0400,1.799184
_2757_,VPWR,li1,206.7700,100.6400,1.798897
_2756_,VPWR,li1,189.7500,176.8000,1.799094
_2755_,VPWR,li1,196.6500,111.5200,1.798604
_2754_,VPWR,li1,205.3900,144.1600,1.798997
_2753_,VPWR,li1,208.1500,89.7600,1.798742
_2752_,VPWR,li1,203.5500,127.8400,1.798967
_2751_,VPWR,li1,214.1300,95.2000,1.798584
_2750_,VPWR,li1,199.4100,176.8000,1.798834
_2749_,VPWR,li1,220.5700,176.8000,1.798294
_2748_,VPWR,li1,181.4700,95.2000,1.799414
_2747_,VPWR,li1,188.3700,155.0400,1.799305
_2746_,VPWR,li1,202.1700,100.6400,1.798993
_2745_,VPWR,li1,188.3700,165.9200,1.799355
_2744_,VPWR,li1,190.2100,106.0800,1.799164
_2743_,VPWR,li1,193.8900,138.7200,1.799081
_2742_,VPWR,li1,195.7300,84.3200,1.799310
_2741_,VPWR,li1,196.1900,122.4000,1.799096
_2740_,VPWR,li1,209.0700,84.3200,1.799093
_2739_,VPWR,li1,194.3500,176.8000,1.798964
_2738_,VPWR,li1,216.4300,176.8000,1.798393
_2737_,VPWR,li1,188.3700,95.2000,1.799202
_2736_,VPWR,li1,194.3500,160.4800,1.799140
_2735_,VPWR,li1,204.9300,116.9600,1.799009
_2734_,VPWR,li1,192.0500,176.8000,1.799029
_2733_,VPWR,li1,194.3500,106.0800,1.799070
_2732_,VPWR,li1,201.2500,138.7200,1.798904
_2731_,VPWR,li1,196.6500,95.2000,1.798994
_2730_,VPWR,li1,189.2900,127.8400,1.799259
_2729_,VPWR,li1,214.1300,84.3200,1.799010
_2728_,VPWR,li1,196.6500,187.6800,1.799144
_2727_,VPWR,li1,252.7700,62.5600,1.799543
_2726_,VPWR,li1,232.9900,144.1600,1.798586
_2725_,VPWR,li1,273.4700,78.8800,1.798851
_2724_,VPWR,li1,252.7700,187.6800,1.798351
_2723_,VPWR,li1,253.6900,89.7600,1.797912
_2722_,VPWR,li1,252.7700,138.7200,1.797899
_2721_,VPWR,li1,244.0300,73.4400,1.798439
_2720_,VPWR,li1,254.1500,127.8400,1.798266
_2719_,VPWR,li1,267.4900,84.3200,1.798576
_2718_,VPWR,li1,265.6500,187.6800,1.798261
_2717_,VPWR,li1,230.2300,176.8000,1.798069
_2716_,VPWR,li1,225.6300,182.2400,1.798883
_2715_,VPWR,li1,259.2100,73.4400,1.798356
_2714_,VPWR,li1,239.8900,138.7200,1.798097
_2713_,VPWR,li1,265.6500,78.8800,1.798866
_2712_,VPWR,li1,247.2500,187.6800,1.798398
_2711_,VPWR,li1,249.5500,89.7600,1.797966
_2710_,VPWR,li1,248.1700,144.1600,1.798429
_2709_,VPWR,li1,238.5100,78.8800,1.798996
_2708_,VPWR,li1,261.0500,122.4000,1.798166
_2707_,VPWR,li1,265.6500,89.7600,1.797793
_2706_,VPWR,li1,265.6500,182.2400,1.798543
_2705_,VPWR,li1,232.5300,182.2400,1.798812
_2704_,VPWR,li1,125.3500,111.5200,1.798987
_2703_,VPWR,li1,118.4500,176.8000,1.798902
_2702_,VPWR,li1,65.0900,247.5200,1.799440
_2701_,VPWR,li1,80.7300,182.2400,1.799207
_2700_,VPWR,li1,118.4500,57.1200,1.799375
_2699_,VPWR,li1,80.2700,171.3600,1.799278
_2698_,VPWR,li1,175.4900,46.2400,1.799875
_2697_,VPWR,li1,152.9500,252.9600,1.799780
_2696_,VPWR,li1,132.2500,57.1200,1.799445
_2695_,VPWR,li1,175.4900,100.6400,1.799591
_2694_,VPWR,li1,89.9300,242.0800,1.799259
_2693_,VPWR,li1,79.3500,57.1200,1.799333
_2692_,VPWR,li1,99.1300,122.4000,1.799089
_2691_,VPWR,li1,72.4500,78.8800,1.799216
_2690_,VPWR,li1,170.4300,57.1200,1.799794
_2689_,VPWR,li1,119.3700,247.5200,1.799330
_2688_,VPWR,li1,103.7300,149.6000,1.799000
_2687_,VPWR,li1,35.6500,95.2000,1.799410
_2686_,VPWR,li1,42.5500,111.5200,1.799476
_2685_,VPWR,li1,38.4100,193.1200,1.799597
_2684_,VPWR,li1,57.7300,68.0000,1.799346
_2683_,VPWR,li1,39.7900,236.6400,1.799540
_2682_,VPWR,li1,98.2100,62.5600,1.799189
_2681_,VPWR,li1,169.9700,155.0400,1.799422
_2680_,VPWR,li1,109.7100,198.5600,1.799226
_2679_,VPWR,li1,38.4100,68.0000,1.799546
_2678_,VPWR,li1,36.1100,138.7200,1.799572
_2677_,VPWR,li1,43.0100,160.4800,1.799627
_2676_,VPWR,li1,36.5700,46.2400,1.799680
_2675_,VPWR,li1,35.1900,209.4400,1.799445
_2674_,VPWR,li1,104.6500,84.3200,1.799303
_2673_,VPWR,li1,165.3700,214.8800,1.799537
_2672_,VPWR,li1,158.2400,231.2000,1.799441
_2671_,VPWR,li1,252.7700,62.5600,1.799543
_2670_,VPWR,li1,228.8500,144.1600,1.798637
_2669_,VPWR,li1,258.7500,62.5600,1.799538
_2668_,VPWR,li1,238.0500,187.6800,1.798504
_2667_,VPWR,li1,239.8900,95.2000,1.798061
_2666_,VPWR,li1,246.3300,144.1600,1.798446
_2665_,VPWR,li1,233.9100,78.8800,1.799027
_2664_,VPWR,li1,247.2500,122.4000,1.798284
_2663_,VPWR,li1,257.8300,89.7600,1.797868
_2662_,VPWR,li1,256.9100,182.2400,1.798592
_2661_,VPWR,li1,228.3900,182.2400,1.798849
_2660_,VPWR,li1,228.6200,187.6800,1.798602
_2659_,VPWR,li1,252.7700,78.8800,1.798917
_2658_,VPWR,li1,234.3700,144.1600,1.798586
_2657_,VPWR,li1,261.0500,78.8800,1.798881
_2656_,VPWR,li1,247.2500,182.2400,1.798663
_2655_,VPWR,li1,242.6500,95.2000,1.798013
_2654_,VPWR,li1,244.0300,144.1600,1.798468
_2653_,VPWR,li1,239.8900,73.4400,1.798467
_2652_,VPWR,li1,248.1700,127.8400,1.798327
_2651_,VPWR,li1,260.1300,95.2000,1.797762
_2650_,VPWR,li1,261.0500,182.2400,1.798566
_2649_,VPWR,li1,229.3100,182.2400,1.798849
_2648_,VPWR,li1,175.0300,274.7200,1.799830
_2647_,VPWR,li1,172.5000,274.7200,1.799826
_2646_,VPWR,li1,221.0300,198.5600,1.799289
_2645_,VPWR,li1,223.3300,198.5600,1.799256
_2644_,VPWR,li1,215.0500,198.5600,1.799327
_2643_,VPWR,li1,213.6700,187.6800,1.798828
_2642_,VPWR,li1,215.2800,182.2400,1.799037
_2641_,VPWR,li1,213.6700,182.2400,1.799037
_2640_,VPWR,li1,223.3300,187.6800,1.798673
_2639_,VPWR,li1,213.2100,176.8000,1.798470
_2638_,VPWR,li1,220.5700,187.6800,1.798714
_2637_,VPWR,li1,224.0200,187.6800,1.798673
_2636_,VPWR,li1,223.3300,193.1200,1.798559
_2635_,VPWR,li1,226.3200,198.5600,1.799232
_2634_,VPWR,li1,226.5500,193.1200,1.798528
_2633_,VPWR,li1,236.6700,193.1200,1.798370
_2632_,VPWR,li1,238.5100,193.1200,1.798352
_2631_,VPWR,li1,227.2400,193.1200,1.798494
_2630_,VPWR,li1,235.9800,193.1200,1.798390
_2629_,VPWR,li1,176.8700,231.2000,1.799637
_2628_,VPWR,li1,179.6300,225.7600,1.799705
_2627_,VPWR,li1,174.5700,231.2000,1.799676
_2626_,VPWR,li1,172.2700,231.2000,1.799641
_2625_,VPWR,li1,174.5700,231.2000,1.799676
_2624_,VPWR,li1,156.1700,236.6400,1.799588
_2623_,VPWR,li1,158.4700,236.6400,1.799606
_2622_,VPWR,li1,148.8100,231.2000,1.799325
_2621_,VPWR,li1,155.2500,225.7600,1.799474
_2620_,VPWR,li1,161.2300,231.2000,1.799468
_2619_,VPWR,li1,158.4700,236.6400,1.799606
_2618_,VPWR,li1,169.9700,231.2000,1.799607
_2617_,VPWR,li1,181.4700,225.7600,1.799685
_2616_,VPWR,li1,177.1000,225.7600,1.799746
_2615_,VPWR,li1,274.8500,95.2000,1.797586
_2614_,VPWR,li1,256.4500,149.6000,1.798532
_2613_,VPWR,li1,254.8400,149.6000,1.798532
_2612_,VPWR,li1,253.2300,160.4800,1.797923
_2611_,VPWR,li1,249.0900,155.0400,1.798500
_2610_,VPWR,li1,248.6300,155.0400,1.798500
_2609_,VPWR,li1,251.3900,155.0400,1.798486
_2608_,VPWR,li1,252.7700,149.6000,1.798562
_2607_,VPWR,li1,54.2800,285.6000,1.799594
_2606_,VPWR,li1,60.0300,296.4800,1.799287
_2605_,VPWR,li1,95.2200,280.1600,1.799573
_2604_,VPWR,li1,100.0500,280.1600,1.799570
_2603_,VPWR,li1,93.1500,285.6000,1.799339
_2602_,VPWR,li1,86.9400,285.6000,1.799361
_2601_,VPWR,li1,84.8700,285.6000,1.799370
_2600_,VPWR,li1,87.6300,291.0400,1.799050
_2599_,VPWR,li1,87.8600,285.6000,1.799361
_2598_,VPWR,li1,92.9200,291.0400,1.799016
_2597_,VPWR,li1,100.9700,285.6000,1.799326
_2596_,VPWR,li1,101.8900,291.0400,1.798998
_2595_,VPWR,li1,89.4700,291.0400,1.799035
_2594_,VPWR,li1,129.2600,280.1600,1.799577
_2593_,VPWR,li1,129.4900,285.6000,1.799363
_2592_,VPWR,li1,123.9700,291.0400,1.799070
_2591_,VPWR,li1,134.0900,285.6000,1.799380
_2590_,VPWR,li1,137.5400,280.1600,1.799596
_2589_,VPWR,li1,137.3100,285.6000,1.799404
_2588_,VPWR,li1,132.7100,285.6000,1.799380
_2587_,VPWR,li1,131.1000,291.0400,1.799104
_2586_,VPWR,li1,136.1600,296.4800,1.799302
_2585_,VPWR,li1,140.9900,285.6000,1.799422
_2584_,VPWR,li1,127.6500,291.0400,1.799082
_2583_,VPWR,li1,155.4800,285.6000,1.799537
_2582_,VPWR,li1,162.1500,291.0400,1.799452
_2581_,VPWR,li1,165.3700,296.4800,1.799617
_2580_,VPWR,li1,160.7700,291.0400,1.799416
_2579_,VPWR,li1,163.3000,285.6000,1.799616
_2578_,VPWR,li1,163.9900,291.0400,1.799479
_2577_,VPWR,li1,154.3300,291.0400,1.799342
_2576_,VPWR,li1,147.6600,291.0400,1.799257
_2575_,VPWR,li1,142.3700,291.0400,1.799199
_2574_,VPWR,li1,140.9900,285.6000,1.799422
_2573_,VPWR,li1,145.5900,291.0400,1.799222
_2572_,VPWR,li1,108.3300,285.6000,1.799316
_2571_,VPWR,li1,110.6300,285.6000,1.799315
_2570_,VPWR,li1,105.3400,280.1600,1.799568
_2569_,VPWR,li1,105.1100,285.6000,1.799321
_2568_,VPWR,li1,60.2600,296.4800,1.799287
_2567_,VPWR,li1,60.9500,291.0400,1.799272
_2566_,VPWR,li1,66.4700,291.0400,1.799220
_2565_,VPWR,li1,63.9400,291.0400,1.799241
_2564_,VPWR,li1,71.3000,285.6000,1.799450
_2563_,VPWR,li1,68.3100,291.0400,1.799196
_2562_,VPWR,li1,76.1300,280.1600,1.799638
_2561_,VPWR,li1,75.2100,291.0400,1.799133
_2560_,VPWR,li1,65.7800,285.6000,1.799483
_2559_,VPWR,li1,61.4100,285.6000,1.799517
_2558_,VPWR,li1,80.9600,291.0400,1.799086
_2557_,VPWR,li1,71.5300,285.6000,1.799450
_2556_,VPWR,li1,79.5800,285.6000,1.799396
_2555_,VPWR,li1,78.4300,291.0400,1.799105
_2554_,VPWR,li1,82.5700,291.0400,1.799086
_2553_,VPWR,li1,72.4500,291.0400,1.799157
_2552_,VPWR,li1,114.0800,280.1600,1.799566
_2551_,VPWR,li1,114.7700,285.6000,1.799318
_2550_,VPWR,li1,116.6100,285.6000,1.799322
_2549_,VPWR,li1,107.4100,285.6000,1.799316
_2548_,VPWR,li1,115.9200,291.0400,1.799028
_2547_,VPWR,li1,117.0700,291.0400,1.799039
_2546_,VPWR,li1,111.7800,296.4800,1.799178
_2545_,VPWR,li1,114.3100,291.0400,1.799028
_2544_,VPWR,li1,105.3400,291.0400,1.798999
_2543_,VPWR,li1,105.1100,296.4800,1.799160
_2542_,VPWR,li1,107.8700,296.4800,1.799163
_2541_,VPWR,li1,109.7100,291.0400,1.799011
_2540_,VPWR,li1,162.3800,296.4800,1.799577
_2539_,VPWR,li1,152.9500,301.9200,1.799632
_2538_,VPWR,li1,149.2700,296.4800,1.799423
_2537_,VPWR,li1,176.6400,285.6000,1.799777
_2536_,VPWR,li1,171.3500,291.0400,1.799604
_2535_,VPWR,li1,169.0500,296.4800,1.799652
_2534_,VPWR,li1,177.1000,296.4800,1.799741
_2533_,VPWR,li1,185.3800,285.6000,1.799698
_2532_,VPWR,li1,178.2500,285.6000,1.799751
_2531_,VPWR,li1,172.0400,296.4800,1.799687
_2530_,VPWR,li1,170.4300,296.4800,1.799687
_2529_,VPWR,li1,185.8400,291.0400,1.799581
_2528_,VPWR,li1,181.4700,285.6000,1.799721
_2527_,VPWR,li1,182.3900,296.4800,1.799704
_2526_,VPWR,li1,180.0900,301.9200,1.799770
_2525_,VPWR,li1,167.2100,291.0400,1.799514
_2524_,VPWR,li1,112.0100,301.9200,1.799425
_2523_,VPWR,li1,119.8300,291.0400,1.799051
_2522_,VPWR,li1,75.2100,285.6000,1.799429
_2521_,VPWR,li1,73.8300,285.6000,1.799429
_2520_,VPWR,li1,58.6500,285.6000,1.799542
_2519_,VPWR,li1,149.9600,291.0400,1.799288
_2518_,VPWR,li1,152.0300,285.6000,1.799508
_2517_,VPWR,li1,126.7300,291.0400,1.799082
_2516_,VPWR,li1,127.1900,285.6000,1.799352
_2515_,VPWR,li1,94.0700,301.9200,1.799404
_2514_,VPWR,li1,97.2900,285.6000,1.799331
_2513_,VPWR,li1,184.6900,296.4800,1.799684
_2512_,VPWR,li1,178.2500,209.4400,1.799606
_2511_,VPWR,li1,135.9300,144.1600,1.799271
_2510_,VPWR,li1,146.2800,144.1600,1.799338
_2509_,VPWR,li1,142.8300,149.6000,1.799137
_2508_,VPWR,li1,143.7500,138.7200,1.799265
_2507_,VPWR,li1,143.7500,144.1600,1.799319
_2506_,VPWR,li1,141.4500,144.1600,1.799301
_2505_,VPWR,li1,136.8500,144.1600,1.799279
_2504_,VPWR,li1,253.6900,220.3200,1.798609
_2503_,VPWR,li1,259.4400,214.8800,1.798769
_2502_,VPWR,li1,260.1300,220.3200,1.798547
_2501_,VPWR,li1,248.1700,214.8800,1.798878
_2500_,VPWR,li1,261.2800,225.7600,1.799159
_2499_,VPWR,li1,251.8500,209.4400,1.798884
_2498_,VPWR,li1,257.1400,214.8800,1.798786
_2497_,VPWR,li1,253.9200,225.7600,1.799192
_2496_,VPWR,li1,253.4600,209.4400,1.798855
_2495_,VPWR,li1,268.1800,220.3200,1.798477
_2494_,VPWR,li1,232.9900,220.3200,1.798846
_2493_,VPWR,li1,271.6300,220.3200,1.798459
_2492_,VPWR,li1,274.6200,220.3200,1.798437
_2491_,VPWR,li1,276.0000,214.8800,1.798683
_2490_,VPWR,li1,269.5600,204.0000,1.798351
_2489_,VPWR,li1,272.5500,209.4400,1.798716
_2488_,VPWR,li1,270.2500,209.4400,1.798734
_2487_,VPWR,li1,273.0100,209.4400,1.798716
_2486_,VPWR,li1,275.3100,198.5600,1.798981
_2485_,VPWR,li1,266.3400,204.0000,1.798378
_2484_,VPWR,li1,277.8400,171.3600,1.798252
_2483_,VPWR,li1,282.2100,165.9200,1.798194
_2482_,VPWR,li1,284.5100,171.3600,1.798226
_2481_,VPWR,li1,272.3200,165.9200,1.798231
_2480_,VPWR,li1,278.3000,160.4800,1.797734
_2479_,VPWR,li1,282.6700,155.0400,1.798342
_2478_,VPWR,li1,274.6200,165.9200,1.798214
_2477_,VPWR,li1,274.1600,155.0400,1.798369
_2476_,VPWR,li1,281.9800,160.4800,1.797722
_2475_,VPWR,li1,282.6700,155.0400,1.798342
_2474_,VPWR,li1,283.3600,149.6000,1.798380
_2473_,VPWR,li1,280.6000,155.0400,1.798348
_2472_,VPWR,li1,275.3100,144.1600,1.798263
_2471_,VPWR,li1,282.2100,144.1600,1.798238
_2470_,VPWR,li1,291.4100,138.7200,1.797617
_2469_,VPWR,li1,279.9100,149.6000,1.798386
_2468_,VPWR,li1,286.5800,149.6000,1.798370
_2467_,VPWR,li1,279.2200,144.1600,1.798248
_2466_,VPWR,li1,285.6600,144.1600,1.798231
_2465_,VPWR,li1,287.7300,127.8400,1.798075
_2464_,VPWR,li1,285.2000,138.7200,1.797629
_2463_,VPWR,li1,288.1900,144.1600,1.798228
_2462_,VPWR,li1,294.1700,133.2800,1.797944
_2461_,VPWR,li1,287.9600,138.7200,1.797622
_2460_,VPWR,li1,282.6700,133.2800,1.797957
_2459_,VPWR,li1,291.4100,133.2800,1.797945
_2458_,VPWR,li1,281.7500,144.1600,1.798242
_2457_,VPWR,li1,289.1100,144.1600,1.798228
_2456_,VPWR,li1,279.9100,231.2000,1.798667
_2455_,VPWR,li1,277.8400,242.0800,1.798754
_2454_,VPWR,li1,294.4000,231.2000,1.798646
_2453_,VPWR,li1,278.0700,236.6400,1.798853
_2452_,VPWR,li1,279.9100,187.6800,1.798199
_2451_,VPWR,li1,279.9100,187.6800,1.798199
_2450_,VPWR,li1,283.5900,193.1200,1.798075
_2449_,VPWR,li1,283.5900,187.6800,1.798192
_2448_,VPWR,li1,281.9800,149.6000,1.798380
_2447_,VPWR,li1,294.4000,187.6800,1.798177
_2446_,VPWR,li1,290.2600,193.1200,1.798069
_2445_,VPWR,li1,280.3700,193.1200,1.798082
_2444_,VPWR,li1,277.3800,193.1200,1.798090
_2443_,VPWR,li1,281.5200,198.5600,1.798959
_2442_,VPWR,li1,273.4700,193.1200,1.798109
_2441_,VPWR,li1,284.0500,209.4400,1.798674
_2440_,VPWR,li1,291.4100,209.4400,1.798656
_2439_,VPWR,li1,284.0500,214.8800,1.798658
_2438_,VPWR,li1,283.5900,220.3200,1.798396
_2437_,VPWR,li1,283.8200,225.7600,1.799089
_2436_,VPWR,li1,294.4000,220.3200,1.798383
_2435_,VPWR,li1,287.0400,214.8800,1.798653
_2434_,VPWR,li1,278.0700,252.9600,1.798818
_2433_,VPWR,li1,277.8400,236.6400,1.798853
_2432_,VPWR,li1,278.3000,258.4000,1.799086
_2431_,VPWR,li1,282.2100,258.4000,1.799072
_2430_,VPWR,li1,290.9500,274.7200,1.798977
_2429_,VPWR,li1,290.4900,269.2800,1.799331
_2428_,VPWR,li1,286.8100,269.2800,1.799336
_2427_,VPWR,li1,285.8900,269.2800,1.799341
_2426_,VPWR,li1,291.4100,269.2800,1.799327
_2425_,VPWR,li1,284.5100,269.2800,1.799341
_2424_,VPWR,li1,282.9000,269.2800,1.799348
_2423_,VPWR,li1,277.6100,247.5200,1.798780
_2422_,VPWR,li1,294.6300,242.0800,1.798720
_2421_,VPWR,li1,284.5100,258.4000,1.799064
_2420_,VPWR,li1,294.1700,263.8400,1.799181
_2419_,VPWR,li1,287.2700,258.4000,1.799059
_2418_,VPWR,li1,284.0500,214.8800,1.798658
_2417_,VPWR,li1,278.0700,193.1200,1.798090
_2416_,VPWR,li1,274.8500,187.6800,1.798221
_2415_,VPWR,li1,281.2900,225.7600,1.799095
_2414_,VPWR,li1,290.0300,144.1600,1.798226
_2413_,VPWR,li1,285.8900,144.1600,1.798231
_2412_,VPWR,li1,289.5700,149.6000,1.798366
_2411_,VPWR,li1,284.5100,149.6000,1.798375
_2410_,VPWR,li1,279.4500,165.9200,1.798200
_2409_,VPWR,li1,285.8900,160.4800,1.797706
_2408_,VPWR,li1,284.5100,165.9200,1.798189
_2407_,VPWR,li1,278.0700,204.0000,1.798263
_2406_,VPWR,li1,278.9900,198.5600,1.798970
_2405_,VPWR,li1,279.9100,204.0000,1.798250
_2404_,VPWR,li1,275.3100,209.4400,1.798704
_2403_,VPWR,li1,293.9400,252.9600,1.798762
_2402_,VPWR,li1,278.3000,263.8400,1.799208
_2401_,VPWR,li1,256.9100,209.4400,1.798825
_2400_,VPWR,li1,254.8400,209.4400,1.798855
_2399_,VPWR,li1,175.0300,269.2800,1.799890
_2398_,VPWR,li1,273.2400,252.9600,1.798858
_2397_,VPWR,li1,261.5100,252.9600,1.798976
_2396_,VPWR,li1,257.8300,247.5200,1.798908
_2395_,VPWR,li1,265.4200,247.5200,1.798855
_2394_,VPWR,li1,223.7900,242.0800,1.799156
_2393_,VPWR,li1,199.4100,242.0800,1.799426
_2392_,VPWR,li1,261.2800,247.5200,1.798882
_2391_,VPWR,li1,270.7100,252.9600,1.798881
_2390_,VPWR,li1,261.5100,252.9600,1.798976
_2389_,VPWR,li1,268.6400,252.9600,1.798899
_2388_,VPWR,li1,266.5700,258.4000,1.799143
_2387_,VPWR,li1,270.2500,258.4000,1.799123
_2386_,VPWR,li1,230.2300,247.5200,1.799133
_2385_,VPWR,li1,224.9400,247.5200,1.799196
_2384_,VPWR,li1,219.4200,247.5200,1.799249
_2383_,VPWR,li1,235.0600,252.9600,1.799217
_2382_,VPWR,li1,237.8200,247.5200,1.799074
_2381_,VPWR,li1,240.8100,247.5200,1.799052
_2380_,VPWR,li1,227.9300,247.5200,1.799168
_2379_,VPWR,li1,206.0800,242.0800,1.799357
_2378_,VPWR,li1,209.9900,247.5200,1.799352
_2377_,VPWR,li1,201.9400,247.5200,1.799441
_2376_,VPWR,li1,200.1000,247.5200,1.799461
_2375_,VPWR,li1,200.5600,242.0800,1.799426
_2374_,VPWR,li1,195.7300,247.5200,1.799510
_2373_,VPWR,li1,198.0300,247.5200,1.799484
_2372_,VPWR,li1,203.0900,242.0800,1.799380
_2371_,VPWR,li1,203.0900,242.0800,1.799380
_2370_,VPWR,li1,203.5500,247.5200,1.799441
_2369_,VPWR,li1,207.4600,242.0800,1.799332
_2368_,VPWR,li1,206.7700,247.5200,1.799387
_2367_,VPWR,li1,210.9100,242.0800,1.799299
_2366_,VPWR,li1,210.4500,242.0800,1.799299
_2365_,VPWR,li1,203.5500,236.6400,1.799475
_2364_,VPWR,li1,212.7500,242.0800,1.799274
_2363_,VPWR,li1,209.0700,242.0800,1.799332
_2362_,VPWR,li1,222.1800,247.5200,1.799219
_2361_,VPWR,li1,226.7800,247.5200,1.799168
_2360_,VPWR,li1,220.1100,242.0800,1.799197
_2359_,VPWR,li1,222.4100,247.5200,1.799219
_2358_,VPWR,li1,226.5500,242.0800,1.799137
_2357_,VPWR,li1,230.0000,247.5200,1.799133
_2356_,VPWR,li1,235.0600,242.0800,1.799057
_2355_,VPWR,li1,236.6700,247.5200,1.799074
_2354_,VPWR,li1,238.2800,252.9600,1.799199
_2353_,VPWR,li1,243.1100,247.5200,1.799030
_2352_,VPWR,li1,239.4300,247.5200,1.799052
_2351_,VPWR,li1,240.5800,252.9600,1.799163
_2350_,VPWR,li1,242.1900,247.5200,1.799030
_2349_,VPWR,li1,234.3700,247.5200,1.799092
_2348_,VPWR,li1,268.6400,252.9600,1.798899
_2347_,VPWR,li1,258.7500,252.9600,1.798995
_2346_,VPWR,li1,264.7300,258.4000,1.799153
_2345_,VPWR,li1,267.0300,258.4000,1.799143
_2344_,VPWR,li1,263.5800,258.4000,1.799153
_2343_,VPWR,li1,268.4100,263.8400,1.799254
_2342_,VPWR,li1,268.6400,247.5200,1.798835
_2341_,VPWR,li1,266.1100,252.9600,1.798934
_2340_,VPWR,li1,271.1700,247.5200,1.798820
_2339_,VPWR,li1,187.2200,296.4800,1.799667
_2338_,VPWR,li1,175.4900,274.7200,1.799830
_2337_,VPWR,li1,177.3300,220.3200,1.799617
_2336_,VPWR,li1,174.3400,220.3200,1.799670
_2335_,VPWR,li1,181.0100,220.3200,1.799535
_2334_,VPWR,li1,187.4500,220.3200,1.799439
_2333_,VPWR,li1,183.7700,220.3200,1.799482
_2332_,VPWR,li1,174.3400,220.3200,1.799670
_2331_,VPWR,li1,179.4000,225.7600,1.799705
_2330_,VPWR,li1,181.0100,220.3200,1.799535
_2329_,VPWR,li1,191.8200,193.1200,1.799199
_2328_,VPWR,li1,195.2700,198.5600,1.799509
_2327_,VPWR,li1,190.4400,247.5200,1.799572
_2326_,VPWR,li1,193.6600,242.0800,1.799487
_2325_,VPWR,li1,192.5100,247.5200,1.799547
_2324_,VPWR,li1,195.7300,236.6400,1.799538
_2323_,VPWR,li1,192.0500,231.2000,1.799418
_2322_,VPWR,li1,195.5000,236.6400,1.799538
_2321_,VPWR,li1,192.5100,231.2000,1.799418
_2320_,VPWR,li1,195.2700,231.2000,1.799357
_2319_,VPWR,li1,200.7900,231.2000,1.799294
_2318_,VPWR,li1,197.3400,225.7600,1.799554
_2317_,VPWR,li1,201.2500,231.2000,1.799294
_2316_,VPWR,li1,200.3300,220.3200,1.799188
_2315_,VPWR,li1,204.0100,231.2000,1.799268
_2314_,VPWR,li1,209.9900,225.7600,1.799447
_2313_,VPWR,li1,206.7700,231.2000,1.799244
_2312_,VPWR,li1,205.1600,231.2000,1.799244
_2311_,VPWR,li1,213.2100,225.7600,1.799420
_2310_,VPWR,li1,209.5300,225.7600,1.799447
_2309_,VPWR,li1,217.8100,231.2000,1.799128
_2308_,VPWR,li1,220.1100,231.2000,1.799102
_2307_,VPWR,li1,213.4400,231.2000,1.799167
_2306_,VPWR,li1,222.4100,236.6400,1.799277
_2305_,VPWR,li1,219.1900,236.6400,1.799307
_2304_,VPWR,li1,222.4100,236.6400,1.799277
_2303_,VPWR,li1,225.6300,236.6400,1.799259
_2302_,VPWR,li1,216.6600,236.6400,1.799331
_2301_,VPWR,li1,226.0900,225.7600,1.799341
_2300_,VPWR,li1,226.5500,231.2000,1.799026
_2299_,VPWR,li1,234.3700,225.7600,1.799289
_2298_,VPWR,li1,236.6700,225.7600,1.799270
_2297_,VPWR,li1,231.3800,231.2000,1.798981
_2296_,VPWR,li1,235.2900,220.3200,1.798804
_2295_,VPWR,li1,234.3700,231.2000,1.798958
_2294_,VPWR,li1,238.0500,231.2000,1.798931
_2293_,VPWR,li1,241.2700,231.2000,1.798897
_2292_,VPWR,li1,238.7400,220.3200,1.798779
_2291_,VPWR,li1,239.8900,242.0800,1.798991
_2290_,VPWR,li1,239.8900,236.6400,1.799112
_2289_,VPWR,li1,246.7900,242.0800,1.798933
_2288_,VPWR,li1,246.3300,236.6400,1.799058
_2287_,VPWR,li1,248.4000,236.6400,1.799041
_2286_,VPWR,li1,249.0900,236.6400,1.799041
_2285_,VPWR,li1,251.3900,236.6400,1.799025
_2284_,VPWR,li1,257.8300,231.2000,1.798762
_2283_,VPWR,li1,258.7500,231.2000,1.798762
_2282_,VPWR,li1,256.2200,236.6400,1.798981
_2281_,VPWR,li1,265.1900,236.6400,1.798922
_2280_,VPWR,li1,275.7700,231.2000,1.798682
_2279_,VPWR,li1,268.4100,236.6400,1.798902
_2278_,VPWR,li1,264.2700,231.2000,1.798735
_2277_,VPWR,li1,271.8600,236.6400,1.798883
_2276_,VPWR,li1,265.1900,242.0800,1.798804
_2275_,VPWR,li1,270.9400,242.0800,1.798774
_2274_,VPWR,li1,265.6500,242.0800,1.798804
_2273_,VPWR,li1,262.8900,242.0800,1.798820
_2272_,VPWR,li1,261.0500,242.0800,1.798839
_2271_,VPWR,li1,261.7400,236.6400,1.798949
_2270_,VPWR,li1,267.9500,242.0800,1.798786
_2269_,VPWR,li1,262.2000,231.2000,1.798748
_2268_,VPWR,li1,254.1500,236.6400,1.798996
_2267_,VPWR,li1,242.6500,236.6400,1.799089
_2266_,VPWR,li1,235.2900,231.2000,1.798958
_2265_,VPWR,li1,229.3100,231.2000,1.799000
_2264_,VPWR,li1,220.1100,236.6400,1.799307
_2263_,VPWR,li1,210.4500,231.2000,1.799186
_2262_,VPWR,li1,203.0900,231.2000,1.799268
_2261_,VPWR,li1,199.4100,231.2000,1.799328
_2260_,VPWR,li1,193.4300,236.6400,1.799573
_2259_,VPWR,li1,267.2600,225.7600,1.799137
_2258_,VPWR,li1,261.7400,247.5200,1.798882
_2257_,VPWR,li1,264.7300,247.5200,1.798868
_2256_,VPWR,li1,278.5300,231.2000,1.798674
_2255_,VPWR,li1,258.5200,225.7600,1.799167
_2254_,VPWR,li1,260.1300,220.3200,1.798547
_2253_,VPWR,li1,262.4300,220.3200,1.798527
_2252_,VPWR,li1,261.9700,225.7600,1.799159
_2251_,VPWR,li1,257.6000,220.3200,1.798570
_2250_,VPWR,li1,261.0500,214.8800,1.798769
_2249_,VPWR,li1,260.5900,214.8800,1.798769
_2248_,VPWR,li1,262.4300,214.8800,1.798749
_2247_,VPWR,li1,186.0700,204.0000,1.799497
_2246_,VPWR,li1,189.2900,204.0000,1.799428
_2245_,VPWR,li1,197.5700,198.5600,1.799489
_2244_,VPWR,li1,184.0000,258.4000,1.799714
_2243_,VPWR,li1,180.7800,258.4000,1.799750
_2242_,VPWR,li1,184.0000,263.8400,1.799801
_2241_,VPWR,li1,187.9100,263.8400,1.799752
_2240_,VPWR,li1,189.7500,269.2800,1.799769
_2239_,VPWR,li1,180.7800,263.8400,1.799821
_2238_,VPWR,li1,190.9000,263.8400,1.799725
_2237_,VPWR,li1,191.8200,280.1600,1.799593
_2236_,VPWR,li1,200.5600,274.7200,1.799524
_2235_,VPWR,li1,196.8800,274.7200,1.799547
_2234_,VPWR,li1,203.5500,274.7200,1.799472
_2233_,VPWR,li1,192.9700,274.7200,1.799593
_2232_,VPWR,li1,196.4200,252.9600,1.799625
_2231_,VPWR,li1,201.2500,263.8400,1.799646
_2230_,VPWR,li1,206.0800,258.4000,1.799513
_2229_,VPWR,li1,202.1700,252.9600,1.799562
_2228_,VPWR,li1,200.3300,258.4000,1.799574
_2227_,VPWR,li1,205.6200,263.8400,1.799608
_2226_,VPWR,li1,209.5300,263.8400,1.799588
_2225_,VPWR,li1,219.8800,263.8400,1.799500
_2224_,VPWR,li1,216.4300,263.8400,1.799525
_2223_,VPWR,li1,214.1300,263.8400,1.799547
_2222_,VPWR,li1,209.7600,274.7200,1.799414
_2221_,VPWR,li1,218.7300,274.7200,1.799311
_2220_,VPWR,li1,215.7400,280.1600,1.799446
_2219_,VPWR,li1,223.3300,280.1600,1.799413
_2218_,VPWR,li1,214.5900,274.7200,1.799352
_2217_,VPWR,li1,222.1800,269.2800,1.799579
_2216_,VPWR,li1,221.4900,269.2800,1.799579
_2215_,VPWR,li1,227.7000,263.8400,1.799447
_2214_,VPWR,li1,229.3100,269.2800,1.799538
_2213_,VPWR,li1,227.0100,269.2800,1.799549
_2212_,VPWR,li1,239.6600,263.8400,1.799377
_2211_,VPWR,li1,232.9900,269.2800,1.799520
_2210_,VPWR,li1,245.1800,263.8400,1.799348
_2209_,VPWR,li1,240.3500,269.2800,1.799485
_2208_,VPWR,li1,237.1300,269.2800,1.799499
_2207_,VPWR,li1,239.6600,285.6000,1.799463
_2206_,VPWR,li1,239.8900,285.6000,1.799463
_2205_,VPWR,li1,246.5600,291.0400,1.799220
_2204_,VPWR,li1,246.3300,280.1600,1.799316
_2203_,VPWR,li1,244.4900,285.6000,1.799444
_2202_,VPWR,li1,256.6800,291.0400,1.799179
_2201_,VPWR,li1,252.7700,291.0400,1.799191
_2200_,VPWR,li1,248.4000,285.6000,1.799431
_2199_,VPWR,li1,252.7700,280.1600,1.799291
_2198_,VPWR,li1,249.5500,280.1600,1.799308
_2197_,VPWR,li1,248.4000,274.7200,1.799106
_2196_,VPWR,li1,252.7700,274.7200,1.799093
_2195_,VPWR,li1,254.3800,269.2800,1.799434
_2194_,VPWR,li1,260.5900,263.8400,1.799284
_2193_,VPWR,li1,247.7100,269.2800,1.799452
_2192_,VPWR,li1,252.5400,258.4000,1.799206
_2191_,VPWR,li1,248.1700,258.4000,1.799230
_2190_,VPWR,li1,254.8400,263.8400,1.799304
_2189_,VPWR,li1,182.1600,280.1600,1.799692
_2188_,VPWR,li1,256.4500,258.4000,1.799187
_2187_,VPWR,li1,259.6700,263.8400,1.799284
_2186_,VPWR,li1,255.9900,274.7200,1.799085
_2185_,VPWR,li1,255.0700,280.1600,1.799282
_2184_,VPWR,li1,240.8100,280.1600,1.799339
_2183_,VPWR,li1,233.4500,269.2800,1.799520
_2182_,VPWR,li1,222.8700,274.7200,1.799287
_2181_,VPWR,li1,222.4100,274.7200,1.799287
_2180_,VPWR,li1,213.2100,252.9600,1.799459
_2179_,VPWR,li1,197.5700,263.8400,1.799672
_2178_,VPWR,li1,197.1100,280.1600,1.799543
_2177_,VPWR,li1,190.2100,269.2800,1.799769
_2176_,VPWR,li1,181.7000,280.1600,1.799692
_2175_,VPWR,li1,180.5500,269.2800,1.799854
_2174_,VPWR,li1,267.9500,269.2800,1.799390
_2173_,VPWR,li1,262.6600,269.2800,1.799408
_2172_,VPWR,li1,262.2000,263.8400,1.799273
_2171_,VPWR,li1,257.6000,274.7200,1.799076
_2170_,VPWR,li1,261.0500,274.7200,1.799065
_2169_,VPWR,li1,260.8200,274.7200,1.799065
_2168_,VPWR,li1,204.2400,274.7200,1.799472
_2167_,VPWR,li1,200.7900,280.1600,1.799523
_2166_,VPWR,li1,198.0300,269.2800,1.799721
_2165_,VPWR,li1,265.1900,269.2800,1.799397
_2164_,VPWR,li1,257.6000,269.2800,1.799420
_2163_,VPWR,li1,258.0600,280.1600,1.799273
_2162_,VPWR,li1,260.8200,285.6000,1.799391
_2161_,VPWR,li1,230.2300,280.1600,1.799383
_2160_,VPWR,li1,231.1500,280.1600,1.799383
_2159_,VPWR,li1,220.8000,285.6000,1.799540
_2158_,VPWR,li1,243.3400,280.1600,1.799328
_2157_,VPWR,li1,239.6600,280.1600,1.799346
_2156_,VPWR,li1,234.3700,280.1600,1.799366
_2155_,VPWR,li1,206.3100,274.7200,1.799442
_2154_,VPWR,li1,203.5500,280.1600,1.799511
_2153_,VPWR,li1,208.8400,274.7200,1.799414
_2152_,VPWR,li1,201.7100,269.2800,1.799695
_2151_,VPWR,li1,195.2700,269.2800,1.799735
_2150_,VPWR,li1,192.9700,269.2800,1.799755
_2149_,VPWR,li1,197.1100,291.0400,1.799498
_2148_,VPWR,li1,200.3300,291.0400,1.799487
_2147_,VPWR,li1,201.2500,285.6000,1.799625
_2146_,VPWR,li1,200.7900,274.7200,1.799503
_2145_,VPWR,li1,198.4900,291.0400,1.799498
_2144_,VPWR,li1,200.7900,280.1600,1.799523
_2143_,VPWR,li1,203.0900,280.1600,1.799511
_2142_,VPWR,li1,200.5600,301.9200,1.799656
_2141_,VPWR,li1,210.6800,258.4000,1.799476
_2140_,VPWR,li1,205.8500,269.2800,1.799665
_2139_,VPWR,li1,213.4400,263.8400,1.799547
_2138_,VPWR,li1,208.1500,263.8400,1.799588
_2137_,VPWR,li1,204.0100,269.2800,1.799682
_2136_,VPWR,li1,204.9300,263.8400,1.799624
_2135_,VPWR,li1,202.1700,263.8400,1.799646
_2134_,VPWR,li1,209.9900,291.0400,1.799421
_2133_,VPWR,li1,202.8600,296.4800,1.799595
_2132_,VPWR,li1,205.8500,291.0400,1.799445
_2131_,VPWR,li1,204.9300,252.9600,1.799532
_2130_,VPWR,li1,206.7700,291.0400,1.799445
_2129_,VPWR,li1,214.1300,296.4800,1.799538
_2128_,VPWR,li1,210.2200,301.9200,1.799607
_2127_,VPWR,li1,216.4300,301.9200,1.799580
_2126_,VPWR,li1,232.5300,274.7200,1.799197
_2125_,VPWR,li1,226.0900,280.1600,1.799401
_2124_,VPWR,li1,227.4700,285.6000,1.799516
_2123_,VPWR,li1,221.7200,280.1600,1.799426
_2122_,VPWR,li1,215.0500,291.0400,1.799391
_2121_,VPWR,li1,224.9400,285.6000,1.799523
_2120_,VPWR,li1,226.0900,280.1600,1.799401
_2119_,VPWR,li1,220.5700,296.4800,1.799512
_2118_,VPWR,li1,220.8000,285.6000,1.799540
_2117_,VPWR,li1,220.5700,291.0400,1.799360
_2116_,VPWR,li1,222.8700,291.0400,1.799347
_2115_,VPWR,li1,222.1800,296.4800,1.799503
_2114_,VPWR,li1,226.0900,291.0400,1.799336
_2113_,VPWR,li1,226.5500,285.6000,1.799516
_2112_,VPWR,li1,218.5000,291.0400,1.799378
_2111_,VPWR,li1,228.3900,291.0400,1.799324
_2110_,VPWR,li1,226.5500,296.4800,1.799485
_2109_,VPWR,li1,229.7700,285.6000,1.799502
_2108_,VPWR,li1,234.8300,280.1600,1.799366
_2107_,VPWR,li1,233.9100,274.7200,1.799197
_2106_,VPWR,li1,233.9100,285.6000,1.799492
_2105_,VPWR,li1,233.2200,285.6000,1.799492
_2104_,VPWR,li1,236.2100,285.6000,1.799476
_2103_,VPWR,li1,232.7600,291.0400,1.799299
_2102_,VPWR,li1,237.1300,280.1600,1.799355
_2101_,VPWR,li1,232.9900,296.4800,1.799459
_2100_,VPWR,li1,236.2100,285.6000,1.799476
_2099_,VPWR,li1,242.6500,285.6000,1.799453
_2098_,VPWR,li1,234.6000,291.0400,1.799288
_2097_,VPWR,li1,235.7500,291.0400,1.799275
_2096_,VPWR,li1,248.8600,291.0400,1.799210
_2095_,VPWR,li1,265.4200,274.7200,1.799050
_2094_,VPWR,li1,261.5100,269.2800,1.799408
_2093_,VPWR,li1,274.3900,269.2800,1.799369
_2092_,VPWR,li1,270.0200,280.1600,1.799236
_2091_,VPWR,li1,267.4900,280.1600,1.799244
_2090_,VPWR,li1,264.7300,285.6000,1.799380
_2089_,VPWR,li1,268.1800,285.6000,1.799373
_2088_,VPWR,li1,270.2500,285.6000,1.799366
_2087_,VPWR,li1,255.3000,301.9200,1.799432
_2086_,VPWR,li1,259.2100,291.0400,1.799162
_2085_,VPWR,li1,262.8900,280.1600,1.799261
_2084_,VPWR,li1,268.6400,280.1600,1.799244
_2083_,VPWR,li1,265.1900,263.8400,1.799261
_2082_,VPWR,li1,271.1700,269.2800,1.799381
_2081_,VPWR,li1,267.4900,269.2800,1.799390
_2080_,VPWR,li1,270.2500,269.2800,1.799381
_2079_,VPWR,li1,272.0900,269.2800,1.799376
_2078_,VPWR,li1,269.5600,274.7200,1.799036
_2077_,VPWR,li1,269.7900,274.7200,1.799036
_2076_,VPWR,li1,273.9300,274.7200,1.799023
_2075_,VPWR,li1,253.2300,296.4800,1.799384
_2074_,VPWR,li1,255.5300,291.0400,1.799179
_2073_,VPWR,li1,238.0500,296.4800,1.799441
_2072_,VPWR,li1,232.5300,296.4800,1.799467
_2071_,VPWR,li1,221.0300,291.0400,1.799360
_2070_,VPWR,li1,224.7100,291.0400,1.799336
_2069_,VPWR,li1,224.7100,296.4800,1.799496
_2068_,VPWR,li1,205.3900,296.4800,1.799577
_2067_,VPWR,li1,209.7600,296.4800,1.799562
_2066_,VPWR,li1,218.7300,301.9200,1.799570
_2065_,VPWR,li1,214.1300,296.4800,1.799538
_2064_,VPWR,li1,201.2500,296.4800,1.799595
_2063_,VPWR,li1,197.5700,296.4800,1.799616
_2062_,VPWR,li1,202.1700,291.0400,1.799467
_2061_,VPWR,li1,178.2500,274.7200,1.799797
_2060_,VPWR,li1,178.2500,269.2800,1.799870
