Instance,Terminal,Layer,X location,Y location,Voltage
FILLER_106_625,VGND,li1,293.4800,299.2000,0.000824
FILLER_106_617,VGND,li1,291.1800,299.2000,0.000824
FILLER_106_615,VGND,li1,288.6500,299.2000,0.000824
FILLER_106_607,VGND,li1,286.5800,299.2000,0.000824
FILLER_106_595,VGND,li1,281.9800,299.2000,0.000824
FILLER_106_587,VGND,li1,275.7700,299.2000,0.000824
FILLER_106_581,VGND,li1,274.1600,299.2000,0.000824
FILLER_106_561,VGND,li1,264.0400,299.2000,0.000801
FILLER_106_553,VGND,li1,260.5900,299.2000,0.000781
FILLER_106_539,VGND,li1,253.6900,299.2000,0.000752
FILLER_106_533,VGND,li1,251.1600,299.2000,0.000740
FILLER_106_531,VGND,li1,250.0100,299.2000,0.000731
FILLER_106_524,VGND,li1,247.4800,299.2000,0.000715
FILLER_106_517,VGND,li1,244.2600,299.2000,0.000698
FILLER_106_511,VGND,li1,241.2700,299.2000,0.000683
FILLER_106_505,VGND,li1,238.2800,299.2000,0.000672
FILLER_106_503,VGND,li1,237.1300,299.2000,0.000662
FILLER_106_496,VGND,li1,234.6000,299.2000,0.000648
FILLER_106_492,VGND,li1,232.0700,299.2000,0.000638
FILLER_106_470,VGND,li1,222.1800,299.2000,0.000580
FILLER_106_399,VGND,li1,189.2900,299.2000,0.000384
FILLER_106_386,VGND,li1,183.5400,299.2000,0.000317
FILLER_106_365,VGND,li1,173.6500,299.2000,0.000321
FILLER_106_363,VGND,li1,172.7300,299.2000,0.000321
FILLER_106_356,VGND,li1,170.2000,299.2000,0.000356
FILLER_106_349,VGND,li1,166.9800,299.2000,0.000400
FILLER_106_342,VGND,li1,163.7600,299.2000,0.000444
FILLER_106_337,VGND,li1,161.0000,299.2000,0.000482
FILLER_106_309,VGND,li1,148.1200,299.2000,0.000638
FILLER_106_301,VGND,li1,144.2100,299.2000,0.000679
FILLER_106_293,VGND,li1,141.2200,299.2000,0.000694
FILLER_106_286,VGND,li1,138.0000,299.2000,0.000721
FILLER_106_281,VGND,li1,135.2400,299.2000,0.000744
FILLER_106_272,VGND,li1,131.5600,299.2000,0.000772
FILLER_106_268,VGND,li1,129.0300,299.2000,0.000789
FILLER_106_244,VGND,li1,118.6800,299.2000,0.000848
FILLER_106_225,VGND,li1,109.9400,299.2000,0.000868
FILLER_106_223,VGND,li1,108.3300,299.2000,0.000871
FILLER_106_216,VGND,li1,105.8000,299.2000,0.000874
FILLER_106_212,VGND,li1,103.2700,299.2000,0.000876
FILLER_106_197,VGND,li1,96.6000,299.2000,0.000882
FILLER_106_141,VGND,li1,70.6100,299.2000,0.000776
FILLER_106_133,VGND,li1,67.3900,299.2000,0.000750
FILLER_106_128,VGND,li1,64.6300,299.2000,0.000731
FILLER_106_121,VGND,li1,61.4100,299.2000,0.000709
FILLER_106_113,VGND,li1,57.9600,299.2000,0.000658
FILLER_106_102,VGND,li1,52.6700,299.2000,0.000605
FILLER_106_89,VGND,li1,46.6900,299.2000,0.000527
FILLER_106_53,VGND,li1,30.5900,299.2000,0.000284
FILLER_106_41,VGND,li1,27.1400,299.2000,0.000220
FILLER_106_29,VGND,li1,21.6200,299.2000,0.000184
FILLER_106_27,VGND,li1,18.1700,299.2000,0.000184
FILLER_106_18,VGND,li1,15.1800,299.2000,0.000184
FILLER_106_6,VGND,li1,11.0400,299.2000,0.000184
FILLER_105_625,VGND,li1,293.4800,299.2000,0.000824
FILLER_105_617,VGND,li1,291.1800,299.2000,0.000824
FILLER_105_612,VGND,li1,287.9600,299.2000,0.000824
FILLER_105_600,VGND,li1,284.2800,299.2000,0.000824
FILLER_105_588,VGND,li1,278.7600,299.2000,0.000824
FILLER_105_556,VGND,li1,262.2000,299.2000,0.000794
FILLER_105_543,VGND,li1,256.2200,299.2000,0.000762
FILLER_105_533,VGND,li1,250.9300,299.2000,0.000740
FILLER_105_529,VGND,li1,249.7800,299.2000,0.000731
FILLER_105_517,VGND,li1,246.1000,299.2000,0.000715
FILLER_105_505,VGND,li1,240.5800,299.2000,0.000683
FILLER_105_502,VGND,li1,236.9000,299.2000,0.000662
FILLER_105_490,VGND,li1,231.1500,299.2000,0.000638
FILLER_105_482,VGND,li1,229.0800,299.2000,0.000623
FILLER_105_404,VGND,li1,191.5900,299.2000,0.000401
FILLER_105_391,VGND,li1,185.6100,299.2000,0.000343
FILLER_105_350,VGND,li1,167.9000,299.2000,0.000400
FILLER_105_334,VGND,li1,159.6200,299.2000,0.000506
FILLER_105_304,VGND,li1,147.2000,299.2000,0.000638
FILLER_105_268,VGND,li1,129.7200,299.2000,0.000789
FILLER_105_259,VGND,li1,124.8900,299.2000,0.000816
FILLER_105_247,VGND,li1,120.0600,299.2000,0.000838
FILLER_105_237,VGND,li1,114.7700,299.2000,0.000858
FILLER_105_225,VGND,li1,109.9400,299.2000,0.000868
FILLER_105_220,VGND,li1,106.9500,299.2000,0.000871
FILLER_105_207,VGND,li1,102.1200,299.2000,0.000879
FILLER_105_195,VGND,li1,95.4500,299.2000,0.000882
FILLER_105_142,VGND,li1,71.7600,299.2000,0.000795
FILLER_105_82,VGND,li1,43.7000,299.2000,0.000499
FILLER_105_57,VGND,li1,32.2000,299.2000,0.000284
FILLER_105_54,VGND,li1,30.8200,299.2000,0.000284
FILLER_105_42,VGND,li1,27.6000,299.2000,0.000220
FILLER_105_30,VGND,li1,22.0800,299.2000,0.000184
FILLER_105_18,VGND,li1,16.5600,299.2000,0.000184
FILLER_105_6,VGND,li1,11.0400,299.2000,0.000184
FILLER_104_625,VGND,li1,293.4800,293.7600,0.000736
FILLER_104_613,VGND,li1,290.2600,293.7600,0.000736
FILLER_104_601,VGND,li1,284.7400,293.7600,0.000736
FILLER_104_589,VGND,li1,279.2200,293.7600,0.000736
FILLER_104_584,VGND,li1,275.0800,293.7600,0.000736
FILLER_104_539,VGND,li1,253.9200,293.7600,0.000691
FILLER_104_525,VGND,li1,247.9400,293.7600,0.000668
FILLER_104_513,VGND,li1,244.2600,293.7600,0.000652
FILLER_104_487,VGND,li1,229.7700,293.7600,0.000588
FILLER_104_474,VGND,li1,224.0200,293.7600,0.000567
FILLER_104_397,VGND,li1,188.6000,293.7600,0.000390
FILLER_104_309,VGND,li1,147.8900,293.7600,0.000804
FILLER_104_298,VGND,li1,143.9800,293.7600,0.000825
FILLER_104_278,VGND,li1,133.6300,293.7600,0.000909
FILLER_104_249,VGND,li1,120.7500,293.7600,0.000983
FILLER_104_179,VGND,li1,88.0900,293.7600,0.000990
FILLER_104_157,VGND,li1,78.2000,293.7600,0.000942
FILLER_104_123,VGND,li1,62.3300,293.7600,0.000806
FILLER_104_101,VGND,li1,52.4400,293.7600,0.000689
FILLER_104_49,VGND,li1,28.7500,293.7600,0.000271
FILLER_104_41,VGND,li1,26.2200,293.7600,0.000199
FILLER_104_29,VGND,li1,21.6200,293.7600,0.000199
FILLER_104_26,VGND,li1,17.9400,293.7600,0.000199
FILLER_104_18,VGND,li1,15.6400,293.7600,0.000199
FILLER_104_6,VGND,li1,11.0400,293.7600,0.000199
FILLER_103_625,VGND,li1,293.4800,293.7600,0.000736
FILLER_103_617,VGND,li1,291.1800,293.7600,0.000736
FILLER_103_615,VGND,li1,288.6500,293.7600,0.000736
FILLER_103_611,VGND,li1,287.5000,293.7600,0.000736
FILLER_103_599,VGND,li1,283.8200,293.7600,0.000736
FILLER_103_587,VGND,li1,278.3000,293.7600,0.000736
FILLER_103_561,VGND,li1,264.0400,293.7600,0.000720
FILLER_103_558,VGND,li1,262.6600,293.7600,0.000720
FILLER_103_540,VGND,li1,254.3800,293.7600,0.000691
FILLER_103_517,VGND,li1,243.5700,293.7600,0.000645
FILLER_103_513,VGND,li1,242.4200,293.7600,0.000645
FILLER_103_509,VGND,li1,239.8900,293.7600,0.000635
FILLER_103_505,VGND,li1,238.7400,293.7600,0.000625
FILLER_103_483,VGND,li1,229.5400,293.7600,0.000588
FILLER_103_462,VGND,li1,218.5000,293.7600,0.000536
FILLER_103_447,VGND,li1,211.3700,293.7600,0.000503
FILLER_103_391,VGND,li1,185.6100,293.7600,0.000368
FILLER_103_334,VGND,li1,159.6200,293.7600,0.000642
FILLER_103_315,VGND,li1,151.1100,293.7600,0.000749
FILLER_103_301,VGND,li1,144.4400,293.7600,0.000825
FILLER_103_278,VGND,li1,133.8600,293.7600,0.000909
FILLER_103_198,VGND,li1,97.9800,293.7600,0.001016
FILLER_103_189,VGND,li1,92.6900,293.7600,0.001006
FILLER_103_169,VGND,li1,84.1800,293.7600,0.000976
FILLER_103_151,VGND,li1,75.2100,293.7600,0.000921
FILLER_103_113,VGND,li1,57.9600,293.7600,0.000752
FILLER_103_88,VGND,li1,46.9200,293.7600,0.000603
FILLER_103_57,VGND,li1,33.1200,293.7600,0.000358
FILLER_103_55,VGND,li1,31.0500,293.7600,0.000317
FILLER_103_51,VGND,li1,29.9000,293.7600,0.000271
FILLER_103_39,VGND,li1,26.2200,293.7600,0.000199
FILLER_103_27,VGND,li1,20.7000,293.7600,0.000199
FILLER_103_15,VGND,li1,15.1800,293.7600,0.000199
FILLER_103_3,VGND,li1,9.6600,293.7600,0.000199
FILLER_102_621,VGND,li1,291.4100,288.3200,0.000931
FILLER_102_613,VGND,li1,289.3400,288.3200,0.000927
FILLER_102_601,VGND,li1,284.7400,288.3200,0.000922
FILLER_102_589,VGND,li1,279.2200,288.3200,0.000914
FILLER_102_585,VGND,li1,275.3100,288.3200,0.000909
FILLER_102_577,VGND,li1,272.7800,288.3200,0.000905
FILLER_102_565,VGND,li1,265.6500,288.3200,0.000884
FILLER_102_553,VGND,li1,262.6600,288.3200,0.000874
FILLER_102_531,VGND,li1,250.0100,288.3200,0.000801
FILLER_102_495,VGND,li1,233.4500,288.3200,0.000697
FILLER_102_487,VGND,li1,231.3800,288.3200,0.000681
FILLER_102_475,VGND,li1,224.2500,288.3200,0.000632
FILLER_102_460,VGND,li1,217.3500,288.3200,0.000593
FILLER_102_456,VGND,li1,216.2000,288.3200,0.000576
FILLER_102_444,VGND,li1,212.5200,288.3200,0.000559
FILLER_102_429,VGND,li1,203.3200,288.3200,0.000486
FILLER_102_418,VGND,li1,198.2600,288.3200,0.000458
FILLER_102_412,VGND,li1,195.7300,288.3200,0.000429
FILLER_102_399,VGND,li1,189.5200,288.3200,0.000391
FILLER_102_365,VGND,li1,173.8800,288.3200,0.000389
FILLER_102_318,VGND,li1,152.2600,288.3200,0.000699
FILLER_102_309,VGND,li1,147.8900,288.3200,0.000757
FILLER_102_290,VGND,li1,139.1500,288.3200,0.000851
FILLER_102_253,VGND,li1,122.3600,288.3200,0.000965
FILLER_102_251,VGND,li1,121.2100,288.3200,0.000971
FILLER_102_230,VGND,li1,111.5500,288.3200,0.000997
FILLER_102_180,VGND,li1,88.5500,288.3200,0.000956
FILLER_102_169,VGND,li1,84.1800,288.3200,0.000922
FILLER_102_154,VGND,li1,76.5900,288.3200,0.000852
FILLER_102_141,VGND,li1,70.6100,288.3200,0.000802
FILLER_102_130,VGND,li1,66.0100,288.3200,0.000753
FILLER_102_93,VGND,li1,48.5300,288.3200,0.000520
FILLER_102_85,VGND,li1,46.4600,288.3200,0.000488
FILLER_102_83,VGND,li1,43.9300,288.3200,0.000424
FILLER_102_77,VGND,li1,42.3200,288.3200,0.000424
FILLER_102_65,VGND,li1,38.1800,288.3200,0.000359
FILLER_102_53,VGND,li1,32.6600,288.3200,0.000273
FILLER_102_41,VGND,li1,27.1400,288.3200,0.000187
FILLER_102_29,VGND,li1,21.6200,288.3200,0.000156
FILLER_102_26,VGND,li1,17.9400,288.3200,0.000156
FILLER_102_18,VGND,li1,15.6400,288.3200,0.000156
FILLER_102_6,VGND,li1,11.0400,288.3200,0.000156
FILLER_101_614,VGND,li1,288.4200,288.3200,0.000927
FILLER_101_602,VGND,li1,285.2000,288.3200,0.000922
FILLER_101_590,VGND,li1,279.6800,288.3200,0.000914
FILLER_101_578,VGND,li1,274.1600,288.3200,0.000905
FILLER_101_558,VGND,li1,262.6600,288.3200,0.000874
FILLER_101_492,VGND,li1,232.3000,288.3200,0.000697
FILLER_101_484,VGND,li1,230.0000,288.3200,0.000681
FILLER_101_472,VGND,li1,222.8700,288.3200,0.000632
FILLER_101_461,VGND,li1,218.2700,288.3200,0.000593
FILLER_101_449,VGND,li1,214.8200,288.3200,0.000576
FILLER_101_442,VGND,li1,210.2200,288.3200,0.000543
FILLER_101_430,VGND,li1,206.0800,288.3200,0.000514
FILLER_101_418,VGND,li1,200.5600,288.3200,0.000473
FILLER_101_399,VGND,li1,191.8200,288.3200,0.000410
FILLER_101_393,VGND,li1,186.9900,288.3200,0.000371
FILLER_101_370,VGND,li1,176.6400,288.3200,0.000330
FILLER_101_349,VGND,li1,166.2900,288.3200,0.000498
FILLER_101_332,VGND,li1,159.1600,288.3200,0.000623
FILLER_101_316,VGND,li1,151.1100,288.3200,0.000726
FILLER_101_290,VGND,li1,139.6100,288.3200,0.000851
FILLER_101_241,VGND,li1,116.8400,288.3200,0.000982
FILLER_101_232,VGND,li1,112.7000,288.3200,0.000997
FILLER_101_203,VGND,li1,99.8200,288.3200,0.001013
FILLER_101_182,VGND,li1,89.4700,288.3200,0.000968
FILLER_101_167,VGND,li1,82.5700,288.3200,0.000905
FILLER_101_154,VGND,li1,76.5900,288.3200,0.000852
FILLER_101_99,VGND,li1,51.2900,288.3200,0.000563
FILLER_101_93,VGND,li1,49.6800,288.3200,0.000520
FILLER_101_81,VGND,li1,45.5400,288.3200,0.000456
FILLER_101_69,VGND,li1,40.0200,288.3200,0.000388
FILLER_101_57,VGND,li1,34.5000,288.3200,0.000302
FILLER_101_54,VGND,li1,30.8200,288.3200,0.000244
FILLER_101_42,VGND,li1,27.6000,288.3200,0.000187
FILLER_101_30,VGND,li1,22.0800,288.3200,0.000156
FILLER_101_18,VGND,li1,16.5600,288.3200,0.000156
FILLER_101_6,VGND,li1,11.0400,288.3200,0.000156
FILLER_100_609,VGND,li1,286.1200,282.8800,0.000827
FILLER_100_601,VGND,li1,283.8200,282.8800,0.000821
FILLER_100_589,VGND,li1,279.2200,282.8800,0.000808
FILLER_100_576,VGND,li1,273.2400,282.8800,0.000792
FILLER_100_541,VGND,li1,255.0700,282.8800,0.000740
FILLER_100_533,VGND,li1,252.5400,282.8800,0.000731
FILLER_100_514,VGND,li1,242.1900,282.8800,0.000691
FILLER_100_477,VGND,li1,225.1700,282.8800,0.000608
FILLER_100_475,VGND,li1,224.2500,282.8800,0.000608
FILLER_100_471,VGND,li1,223.1000,282.8800,0.000596
FILLER_100_464,VGND,li1,219.1900,282.8800,0.000584
FILLER_100_460,VGND,li1,218.0400,282.8800,0.000571
FILLER_100_455,VGND,li1,215.2800,282.8800,0.000560
FILLER_100_450,VGND,li1,212.9800,282.8800,0.000548
FILLER_100_438,VGND,li1,209.7600,282.8800,0.000538
FILLER_100_427,VGND,li1,202.8600,282.8800,0.000503
FILLER_100_419,VGND,li1,198.4900,282.8800,0.000481
FILLER_100_376,VGND,li1,178.9400,282.8800,0.000269
FILLER_100_365,VGND,li1,174.1100,282.8800,0.000325
FILLER_100_363,VGND,li1,172.7300,282.8800,0.000348
FILLER_100_357,VGND,li1,171.1200,282.8800,0.000348
FILLER_100_330,VGND,li1,157.5500,282.8800,0.000491
FILLER_100_317,VGND,li1,151.5700,282.8800,0.000535
FILLER_100_309,VGND,li1,149.5000,282.8800,0.000547
FILLER_100_306,VGND,li1,146.7400,282.8800,0.000563
FILLER_100_298,VGND,li1,144.4400,282.8800,0.000584
FILLER_100_253,VGND,li1,122.1300,282.8800,0.000672
FILLER_100_251,VGND,li1,121.2100,282.8800,0.000672
FILLER_100_243,VGND,li1,119.1400,282.8800,0.000676
FILLER_100_212,VGND,li1,103.5000,282.8800,0.000680
FILLER_100_202,VGND,li1,98.6700,282.8800,0.000670
FILLER_100_194,VGND,li1,95.2200,282.8800,0.000665
FILLER_100_183,VGND,li1,90.6200,282.8800,0.000650
FILLER_100_116,VGND,li1,59.8000,282.8800,0.000438
FILLER_100_109,VGND,li1,56.5800,282.8800,0.000397
FILLER_100_97,VGND,li1,52.9000,282.8800,0.000375
FILLER_100_85,VGND,li1,47.3800,282.8800,0.000320
FILLER_100_83,VGND,li1,43.9300,282.8800,0.000270
FILLER_100_77,VGND,li1,42.3200,282.8800,0.000270
FILLER_100_65,VGND,li1,38.1800,282.8800,0.000229
FILLER_100_53,VGND,li1,32.6600,282.8800,0.000174
FILLER_100_41,VGND,li1,27.1400,282.8800,0.000119
FILLER_100_29,VGND,li1,21.6200,282.8800,0.000099
FILLER_100_26,VGND,li1,17.9400,282.8800,0.000099
FILLER_100_18,VGND,li1,15.6400,282.8800,0.000099
FILLER_100_6,VGND,li1,11.0400,282.8800,0.000099
FILLER_99_607,VGND,li1,284.9700,282.8800,0.000821
FILLER_99_595,VGND,li1,281.9800,282.8800,0.000816
FILLER_99_583,VGND,li1,276.4600,282.8800,0.000800
FILLER_99_559,VGND,li1,262.8900,282.8800,0.000763
FILLER_99_502,VGND,li1,236.9000,282.8800,0.000664
FILLER_99_484,VGND,li1,228.6200,282.8800,0.000629
FILLER_99_444,VGND,li1,210.6800,282.8800,0.000538
FILLER_99_432,VGND,li1,207.0000,282.8800,0.000516
FILLER_99_409,VGND,li1,194.1200,282.8800,0.000451
FILLER_99_399,VGND,li1,189.5200,282.8800,0.000410
FILLER_99_391,VGND,li1,185.6100,282.8800,0.000366
FILLER_99_369,VGND,li1,176.1800,282.8800,0.000291
FILLER_99_357,VGND,li1,172.5000,282.8800,0.000348
FILLER_99_345,VGND,li1,166.9800,282.8800,0.000395
FILLER_99_341,VGND,li1,162.6100,282.8800,0.000444
FILLER_99_337,VGND,li1,161.4600,282.8800,0.000466
FILLER_99_305,VGND,li1,147.6600,282.8800,0.000563
FILLER_99_293,VGND,li1,143.0600,282.8800,0.000584
FILLER_99_278,VGND,li1,133.8600,282.8800,0.000637
FILLER_99_262,VGND,li1,126.2700,282.8800,0.000661
FILLER_99_254,VGND,li1,124.2000,282.8800,0.000668
FILLER_99_242,VGND,li1,119.6000,282.8800,0.000676
FILLER_99_229,VGND,li1,111.0900,282.8800,0.000688
FILLER_99_225,VGND,li1,109.2500,282.8800,0.000687
FILLER_99_223,VGND,li1,108.3300,282.8800,0.000686
FILLER_99_219,VGND,li1,107.1800,282.8800,0.000686
FILLER_99_214,VGND,li1,104.1900,282.8800,0.000680
FILLER_99_210,VGND,li1,103.0400,282.8800,0.000680
FILLER_99_161,VGND,li1,79.8100,282.8800,0.000589
FILLER_99_155,VGND,li1,78.2000,282.8800,0.000589
FILLER_99_146,VGND,li1,74.0600,282.8800,0.000559
FILLER_99_121,VGND,li1,61.6400,282.8800,0.000461
FILLER_99_113,VGND,li1,59.3400,282.8800,0.000438
FILLER_99_111,VGND,li1,56.8100,282.8800,0.000397
FILLER_99_105,VGND,li1,55.2000,282.8800,0.000397
FILLER_99_93,VGND,li1,51.0600,282.8800,0.000356
FILLER_99_81,VGND,li1,45.5400,282.8800,0.000290
FILLER_99_69,VGND,li1,40.0200,282.8800,0.000247
FILLER_99_57,VGND,li1,34.5000,282.8800,0.000192
FILLER_99_54,VGND,li1,30.8200,282.8800,0.000156
FILLER_99_42,VGND,li1,27.6000,282.8800,0.000119
FILLER_99_30,VGND,li1,22.0800,282.8800,0.000099
FILLER_99_18,VGND,li1,16.5600,282.8800,0.000099
FILLER_99_6,VGND,li1,11.0400,282.8800,0.000099
FILLER_98_610,VGND,li1,286.3500,277.4400,0.000903
FILLER_98_597,VGND,li1,280.3700,277.4400,0.000887
FILLER_98_589,VGND,li1,278.3000,277.4400,0.000879
FILLER_98_580,VGND,li1,274.1600,277.4400,0.000861
FILLER_98_533,VGND,li1,251.1600,277.4400,0.000764
FILLER_98_526,VGND,li1,248.1700,277.4400,0.000754
FILLER_98_514,VGND,li1,244.7200,277.4400,0.000734
FILLER_98_506,VGND,li1,238.9700,277.4400,0.000713
FILLER_98_492,VGND,li1,232.3000,277.4400,0.000682
FILLER_98_441,VGND,li1,208.8400,277.4400,0.000514
FILLER_98_433,VGND,li1,206.5400,277.4400,0.000493
FILLER_98_419,VGND,li1,198.4900,277.4400,0.000406
FILLER_98_393,VGND,li1,186.5300,277.4400,0.000290
FILLER_98_389,VGND,li1,185.3800,277.4400,0.000290
FILLER_98_373,VGND,li1,178.0200,277.4400,0.000199
FILLER_98_357,VGND,li1,170.6600,277.4400,0.000236
FILLER_98_345,VGND,li1,166.9800,277.4400,0.000242
FILLER_98_333,VGND,li1,161.4600,277.4400,0.000260
FILLER_98_321,VGND,li1,155.9400,277.4400,0.000271
FILLER_98_309,VGND,li1,150.4200,277.4400,0.000285
FILLER_98_306,VGND,li1,146.7400,277.4400,0.000295
FILLER_98_294,VGND,li1,143.5200,277.4400,0.000304
FILLER_98_269,VGND,li1,129.4900,277.4400,0.000332
FILLER_98_265,VGND,li1,128.3400,277.4400,0.000332
FILLER_98_253,VGND,li1,124.6600,277.4400,0.000335
FILLER_98_251,VGND,li1,121.2100,277.4400,0.000339
FILLER_98_245,VGND,li1,119.6000,277.4400,0.000339
FILLER_98_212,VGND,li1,103.7300,277.4400,0.000324
FILLER_98_200,VGND,li1,100.2800,277.4400,0.000318
FILLER_98_173,VGND,li1,85.7900,277.4400,0.000275
FILLER_98_165,VGND,li1,83.2600,277.4400,0.000264
FILLER_98_153,VGND,li1,78.6600,277.4400,0.000247
FILLER_98_141,VGND,li1,73.1400,277.4400,0.000226
FILLER_98_138,VGND,li1,69.4600,277.4400,0.000207
FILLER_98_133,VGND,li1,67.1600,277.4400,0.000197
FILLER_98_121,VGND,li1,63.9400,277.4400,0.000190
FILLER_98_109,VGND,li1,58.4200,277.4400,0.000164
FILLER_98_97,VGND,li1,52.9000,277.4400,0.000147
FILLER_98_85,VGND,li1,47.3800,277.4400,0.000126
FILLER_98_83,VGND,li1,43.9300,277.4400,0.000106
FILLER_98_77,VGND,li1,42.3200,277.4400,0.000106
FILLER_98_65,VGND,li1,38.1800,277.4400,0.000090
FILLER_98_53,VGND,li1,32.6600,277.4400,0.000068
FILLER_98_41,VGND,li1,27.1400,277.4400,0.000047
FILLER_98_29,VGND,li1,21.6200,277.4400,0.000039
FILLER_98_27,VGND,li1,18.1700,277.4400,0.000039
FILLER_98_15,VGND,li1,15.1800,277.4400,0.000039
FILLER_98_3,VGND,li1,9.6600,277.4400,0.000039
FILLER_97_625,VGND,li1,293.2500,277.4400,0.000918
FILLER_97_588,VGND,li1,277.8400,277.4400,0.000870
FILLER_97_569,VGND,li1,267.4900,277.4400,0.000835
FILLER_97_559,VGND,li1,262.8900,277.4400,0.000816
FILLER_97_544,VGND,li1,255.9900,277.4400,0.000782
FILLER_97_540,VGND,li1,254.8400,277.4400,0.000782
FILLER_97_536,VGND,li1,252.3100,277.4400,0.000772
FILLER_97_532,VGND,li1,251.1600,277.4400,0.000764
FILLER_97_521,VGND,li1,245.8700,277.4400,0.000744
FILLER_97_513,VGND,li1,241.7300,277.4400,0.000722
FILLER_97_505,VGND,li1,239.6600,277.4400,0.000713
FILLER_97_498,VGND,li1,235.9800,277.4400,0.000692
FILLER_97_491,VGND,li1,231.6100,277.4400,0.000672
FILLER_97_487,VGND,li1,230.4600,277.4400,0.000672
FILLER_97_436,VGND,li1,207.0000,277.4400,0.000493
FILLER_97_402,VGND,li1,190.6700,277.4400,0.000347
FILLER_97_390,VGND,li1,185.3800,277.4400,0.000290
FILLER_97_378,VGND,li1,182.1600,277.4400,0.000248
FILLER_97_365,VGND,li1,173.8800,277.4400,0.000227
FILLER_97_349,VGND,li1,167.4400,277.4400,0.000242
FILLER_97_337,VGND,li1,163.3000,277.4400,0.000252
FILLER_97_335,VGND,li1,159.8500,277.4400,0.000265
FILLER_97_329,VGND,li1,158.2400,277.4400,0.000265
FILLER_97_317,VGND,li1,154.1000,277.4400,0.000276
FILLER_97_305,VGND,li1,148.5800,277.4400,0.000290
FILLER_97_293,VGND,li1,143.0600,277.4400,0.000304
FILLER_97_281,VGND,li1,137.5400,277.4400,0.000319
FILLER_97_277,VGND,li1,133.6300,277.4400,0.000329
FILLER_97_269,VGND,li1,131.1000,277.4400,0.000330
FILLER_97_257,VGND,li1,126.5000,277.4400,0.000334
FILLER_97_245,VGND,li1,120.9800,277.4400,0.000339
FILLER_97_223,VGND,li1,108.3300,277.4400,0.000334
FILLER_97_217,VGND,li1,106.7200,277.4400,0.000334
FILLER_97_205,VGND,li1,102.5800,277.4400,0.000324
FILLER_97_193,VGND,li1,97.0600,277.4400,0.000308
FILLER_97_181,VGND,li1,91.5400,277.4400,0.000296
FILLER_97_169,VGND,li1,86.0200,277.4400,0.000275
FILLER_97_167,VGND,li1,82.5700,277.4400,0.000256
FILLER_97_161,VGND,li1,80.9600,277.4400,0.000256
FILLER_97_149,VGND,li1,76.8200,277.4400,0.000240
FILLER_97_137,VGND,li1,71.3000,277.4400,0.000214
FILLER_97_125,VGND,li1,65.7800,277.4400,0.000197
FILLER_97_113,VGND,li1,60.2600,277.4400,0.000176
FILLER_97_111,VGND,li1,56.8100,277.4400,0.000156
FILLER_97_105,VGND,li1,55.2000,277.4400,0.000156
FILLER_97_93,VGND,li1,51.0600,277.4400,0.000140
FILLER_97_81,VGND,li1,45.5400,277.4400,0.000114
FILLER_97_69,VGND,li1,40.0200,277.4400,0.000097
FILLER_97_57,VGND,li1,34.5000,277.4400,0.000075
FILLER_97_55,VGND,li1,31.0500,277.4400,0.000058
FILLER_97_51,VGND,li1,29.9000,277.4400,0.000058
FILLER_97_39,VGND,li1,26.2200,277.4400,0.000039
FILLER_97_27,VGND,li1,20.7000,277.4400,0.000039
FILLER_97_15,VGND,li1,15.1800,277.4400,0.000039
FILLER_97_3,VGND,li1,9.6600,277.4400,0.000039
FILLER_96_625,VGND,li1,293.2500,272.0000,0.000840
FILLER_96_595,VGND,li1,279.4500,272.0000,0.000806
FILLER_96_589,VGND,li1,277.8400,272.0000,0.000806
FILLER_96_585,VGND,li1,275.3100,272.0000,0.000797
FILLER_96_562,VGND,li1,264.2700,272.0000,0.000756
FILLER_96_551,VGND,li1,259.2100,272.0000,0.000736
FILLER_96_547,VGND,li1,258.0600,272.0000,0.000736
FILLER_96_531,VGND,li1,250.0100,272.0000,0.000708
FILLER_96_525,VGND,li1,248.4000,272.0000,0.000700
FILLER_96_507,VGND,li1,238.9700,272.0000,0.000638
FILLER_96_501,VGND,li1,237.3600,272.0000,0.000638
FILLER_96_489,VGND,li1,233.2200,272.0000,0.000608
FILLER_96_477,VGND,li1,227.7000,272.0000,0.000567
FILLER_96_475,VGND,li1,224.2500,272.0000,0.000542
FILLER_96_468,VGND,li1,221.2600,272.0000,0.000520
FILLER_96_444,VGND,li1,211.1400,272.0000,0.000444
FILLER_96_385,VGND,li1,185.3800,272.0000,0.000207
FILLER_96_341,VGND,li1,163.0700,272.0000,0.000143
FILLER_96_333,VGND,li1,160.5400,272.0000,0.000141
FILLER_96_321,VGND,li1,155.9400,272.0000,0.000137
FILLER_96_309,VGND,li1,150.4200,272.0000,0.000133
FILLER_96_307,VGND,li1,146.9700,272.0000,0.000129
FILLER_96_301,VGND,li1,145.3600,272.0000,0.000129
FILLER_96_289,VGND,li1,141.2200,272.0000,0.000126
FILLER_96_277,VGND,li1,135.7000,272.0000,0.000120
FILLER_96_265,VGND,li1,130.1800,272.0000,0.000117
FILLER_96_253,VGND,li1,124.6600,272.0000,0.000113
FILLER_96_251,VGND,li1,121.2100,272.0000,0.000109
FILLER_96_245,VGND,li1,119.6000,272.0000,0.000109
FILLER_96_233,VGND,li1,115.4600,272.0000,0.000105
FILLER_96_221,VGND,li1,109.9400,272.0000,0.000100
FILLER_96_209,VGND,li1,104.4200,272.0000,0.000097
FILLER_96_197,VGND,li1,98.9000,272.0000,0.000092
FILLER_96_195,VGND,li1,95.4500,272.0000,0.000088
FILLER_96_189,VGND,li1,93.8400,272.0000,0.000088
FILLER_96_177,VGND,li1,89.7000,272.0000,0.000085
FILLER_96_165,VGND,li1,84.1800,272.0000,0.000079
FILLER_96_153,VGND,li1,78.6600,272.0000,0.000076
FILLER_96_141,VGND,li1,73.1400,272.0000,0.000072
FILLER_96_139,VGND,li1,69.6900,272.0000,0.000069
FILLER_96_133,VGND,li1,68.0800,272.0000,0.000066
FILLER_96_121,VGND,li1,63.9400,272.0000,0.000062
FILLER_96_109,VGND,li1,58.4200,272.0000,0.000053
FILLER_96_97,VGND,li1,52.9000,272.0000,0.000048
FILLER_96_85,VGND,li1,47.3800,272.0000,0.000041
FILLER_96_83,VGND,li1,43.9300,272.0000,0.000034
FILLER_96_77,VGND,li1,42.3200,272.0000,0.000034
FILLER_96_65,VGND,li1,38.1800,272.0000,0.000029
FILLER_96_53,VGND,li1,32.6600,272.0000,0.000022
FILLER_96_41,VGND,li1,27.1400,272.0000,0.000015
FILLER_96_29,VGND,li1,21.6200,272.0000,0.000013
FILLER_96_27,VGND,li1,18.1700,272.0000,0.000013
FILLER_96_15,VGND,li1,15.1800,272.0000,0.000013
FILLER_96_3,VGND,li1,9.6600,272.0000,0.000013
FILLER_95_614,VGND,li1,288.4200,272.0000,0.000833
FILLER_95_593,VGND,li1,280.1400,272.0000,0.000814
FILLER_95_581,VGND,li1,275.5400,272.0000,0.000797
FILLER_95_571,VGND,li1,268.6400,272.0000,0.000771
FILLER_95_551,VGND,li1,259.4400,272.0000,0.000742
FILLER_95_537,VGND,li1,253.0000,272.0000,0.000718
FILLER_95_516,VGND,li1,243.1100,272.0000,0.000680
FILLER_95_508,VGND,li1,241.0400,272.0000,0.000661
FILLER_95_498,VGND,li1,235.2900,272.0000,0.000623
FILLER_95_492,VGND,li1,232.0700,272.0000,0.000592
FILLER_95_482,VGND,li1,227.7000,272.0000,0.000567
FILLER_95_474,VGND,li1,225.4000,272.0000,0.000542
FILLER_95_461,VGND,li1,218.5000,272.0000,0.000500
FILLER_95_440,VGND,li1,209.7600,272.0000,0.000425
FILLER_95_428,VGND,li1,203.0900,272.0000,0.000377
FILLER_95_404,VGND,li1,191.8200,272.0000,0.000257
FILLER_95_393,VGND,li1,187.6800,272.0000,0.000231
FILLER_95_391,VGND,li1,185.6100,272.0000,0.000207
FILLER_95_383,VGND,li1,183.5400,272.0000,0.000188
FILLER_95_377,VGND,li1,179.1700,272.0000,0.000133
FILLER_95_353,VGND,li1,168.1300,272.0000,0.000146
FILLER_95_349,VGND,li1,166.9800,272.0000,0.000146
FILLER_95_337,VGND,li1,163.3000,272.0000,0.000143
FILLER_95_335,VGND,li1,159.8500,272.0000,0.000139
FILLER_95_329,VGND,li1,158.2400,272.0000,0.000139
FILLER_95_317,VGND,li1,154.1000,272.0000,0.000136
FILLER_95_305,VGND,li1,148.5800,272.0000,0.000131
FILLER_95_293,VGND,li1,143.0600,272.0000,0.000127
FILLER_95_281,VGND,li1,137.5400,272.0000,0.000123
FILLER_95_279,VGND,li1,134.0900,272.0000,0.000119
FILLER_95_273,VGND,li1,132.4800,272.0000,0.000119
FILLER_95_261,VGND,li1,128.3400,272.0000,0.000115
FILLER_95_249,VGND,li1,122.8200,272.0000,0.000110
FILLER_95_237,VGND,li1,117.3000,272.0000,0.000107
FILLER_95_225,VGND,li1,111.7800,272.0000,0.000102
FILLER_95_223,VGND,li1,108.3300,272.0000,0.000098
FILLER_95_217,VGND,li1,106.7200,272.0000,0.000098
FILLER_95_205,VGND,li1,102.5800,272.0000,0.000095
FILLER_95_193,VGND,li1,97.0600,272.0000,0.000090
FILLER_95_181,VGND,li1,91.5400,272.0000,0.000086
FILLER_95_169,VGND,li1,86.0200,272.0000,0.000082
FILLER_95_167,VGND,li1,82.5700,272.0000,0.000079
FILLER_95_159,VGND,li1,80.5000,272.0000,0.000078
FILLER_95_147,VGND,li1,75.9000,272.0000,0.000074
FILLER_95_133,VGND,li1,66.9300,272.0000,0.000066
FILLER_95_125,VGND,li1,64.8600,272.0000,0.000062
FILLER_95_113,VGND,li1,60.2600,272.0000,0.000057
FILLER_95_111,VGND,li1,56.8100,272.0000,0.000051
FILLER_95_105,VGND,li1,55.2000,272.0000,0.000051
FILLER_95_93,VGND,li1,51.0600,272.0000,0.000045
FILLER_95_81,VGND,li1,45.5400,272.0000,0.000037
FILLER_95_69,VGND,li1,40.0200,272.0000,0.000031
FILLER_95_57,VGND,li1,34.5000,272.0000,0.000025
FILLER_95_55,VGND,li1,31.0500,272.0000,0.000019
FILLER_95_51,VGND,li1,29.9000,272.0000,0.000019
FILLER_95_39,VGND,li1,26.2200,272.0000,0.000013
FILLER_95_27,VGND,li1,20.7000,272.0000,0.000013
FILLER_95_15,VGND,li1,15.1800,272.0000,0.000013
FILLER_95_3,VGND,li1,9.6600,272.0000,0.000013
FILLER_94_597,VGND,li1,281.9800,266.5600,0.000730
FILLER_94_593,VGND,li1,278.5300,266.5600,0.000722
FILLER_94_589,VGND,li1,277.3800,266.5600,0.000715
FILLER_94_549,VGND,li1,258.5200,266.5600,0.000651
FILLER_94_531,VGND,li1,250.0100,266.5600,0.000624
FILLER_94_521,VGND,li1,245.4100,266.5600,0.000603
FILLER_94_513,VGND,li1,243.3400,266.5600,0.000593
FILLER_94_489,VGND,li1,230.6900,266.5600,0.000521
FILLER_94_475,VGND,li1,224.2500,266.5600,0.000487
FILLER_94_461,VGND,li1,218.9600,266.5600,0.000451
FILLER_94_449,VGND,li1,214.8200,266.5600,0.000412
FILLER_94_437,VGND,li1,209.3000,266.5600,0.000374
FILLER_94_421,VGND,li1,201.0200,266.5600,0.000321
FILLER_94_419,VGND,li1,198.4900,266.5600,0.000293
FILLER_94_413,VGND,li1,196.8800,266.5600,0.000293
FILLER_94_404,VGND,li1,192.7400,266.5600,0.000263
FILLER_94_375,VGND,li1,178.2500,266.5600,0.000131
FILLER_94_361,VGND,li1,172.2700,266.5600,0.000138
FILLER_94_353,VGND,li1,168.3600,266.5600,0.000139
FILLER_94_345,VGND,li1,166.0600,266.5600,0.000139
FILLER_94_333,VGND,li1,161.4600,266.5600,0.000140
FILLER_94_321,VGND,li1,155.9400,266.5600,0.000141
FILLER_94_309,VGND,li1,150.4200,266.5600,0.000141
FILLER_94_307,VGND,li1,146.9700,266.5600,0.000142
FILLER_94_301,VGND,li1,145.3600,266.5600,0.000142
FILLER_94_289,VGND,li1,141.2200,266.5600,0.000143
FILLER_94_277,VGND,li1,135.7000,266.5600,0.000143
FILLER_94_265,VGND,li1,130.1800,266.5600,0.000144
FILLER_94_253,VGND,li1,124.6600,266.5600,0.000145
FILLER_94_251,VGND,li1,121.2100,266.5600,0.000146
FILLER_94_245,VGND,li1,119.6000,266.5600,0.000146
FILLER_94_233,VGND,li1,115.4600,266.5600,0.000146
FILLER_94_221,VGND,li1,109.9400,266.5600,0.000147
FILLER_94_209,VGND,li1,104.4200,266.5600,0.000148
FILLER_94_197,VGND,li1,98.9000,266.5600,0.000148
FILLER_94_188,VGND,li1,93.8400,266.5600,0.000149
FILLER_94_176,VGND,li1,89.2400,266.5600,0.000150
FILLER_94_164,VGND,li1,83.7200,266.5600,0.000150
FILLER_94_152,VGND,li1,78.2000,266.5600,0.000151
FILLER_94_139,VGND,li1,69.6900,266.5600,0.000139
FILLER_94_133,VGND,li1,68.0800,266.5600,0.000139
FILLER_94_121,VGND,li1,63.9400,266.5600,0.000128
FILLER_94_109,VGND,li1,58.4200,266.5600,0.000111
FILLER_94_97,VGND,li1,52.9000,266.5600,0.000099
FILLER_94_85,VGND,li1,47.3800,266.5600,0.000085
FILLER_94_83,VGND,li1,43.9300,266.5600,0.000071
FILLER_94_77,VGND,li1,42.3200,266.5600,0.000071
FILLER_94_65,VGND,li1,38.1800,266.5600,0.000061
FILLER_94_53,VGND,li1,32.6600,266.5600,0.000046
FILLER_94_41,VGND,li1,27.1400,266.5600,0.000032
FILLER_94_29,VGND,li1,21.6200,266.5600,0.000026
FILLER_94_27,VGND,li1,18.1700,266.5600,0.000026
FILLER_94_15,VGND,li1,15.1800,266.5600,0.000026
FILLER_94_3,VGND,li1,9.6600,266.5600,0.000026
FILLER_93_582,VGND,li1,273.7000,266.5600,0.000706
FILLER_93_574,VGND,li1,271.4000,266.5600,0.000698
FILLER_93_568,VGND,li1,267.0300,266.5600,0.000684
FILLER_93_557,VGND,li1,262.4300,266.5600,0.000668
FILLER_93_521,VGND,li1,245.6400,266.5600,0.000603
FILLER_93_513,VGND,li1,243.3400,266.5600,0.000593
FILLER_93_503,VGND,li1,237.1300,266.5600,0.000563
FILLER_93_461,VGND,li1,218.0400,266.5600,0.000433
FILLER_93_455,VGND,li1,215.0500,266.5600,0.000412
FILLER_93_447,VGND,li1,211.3700,266.5600,0.000390
FILLER_93_424,VGND,li1,200.7900,266.5600,0.000321
FILLER_93_418,VGND,li1,199.1800,266.5600,0.000308
FILLER_93_406,VGND,li1,195.0400,266.5600,0.000278
FILLER_93_377,VGND,li1,179.1700,266.5600,0.000152
FILLER_93_373,VGND,li1,178.0200,266.5600,0.000131
FILLER_93_349,VGND,li1,166.9800,266.5600,0.000139
FILLER_93_337,VGND,li1,163.3000,266.5600,0.000140
FILLER_93_335,VGND,li1,159.8500,266.5600,0.000140
FILLER_93_329,VGND,li1,158.2400,266.5600,0.000140
FILLER_93_317,VGND,li1,154.1000,266.5600,0.000141
FILLER_93_305,VGND,li1,148.5800,266.5600,0.000142
FILLER_93_293,VGND,li1,143.0600,266.5600,0.000142
FILLER_93_281,VGND,li1,137.5400,266.5600,0.000143
FILLER_93_279,VGND,li1,134.0900,266.5600,0.000144
FILLER_93_273,VGND,li1,132.4800,266.5600,0.000144
FILLER_93_261,VGND,li1,128.3400,266.5600,0.000144
FILLER_93_249,VGND,li1,122.8200,266.5600,0.000145
FILLER_93_237,VGND,li1,117.3000,266.5600,0.000146
FILLER_93_225,VGND,li1,111.7800,266.5600,0.000147
FILLER_93_223,VGND,li1,108.3300,266.5600,0.000147
FILLER_93_217,VGND,li1,106.7200,266.5600,0.000147
FILLER_93_205,VGND,li1,102.5800,266.5600,0.000148
FILLER_93_193,VGND,li1,97.0600,266.5600,0.000149
FILLER_93_181,VGND,li1,91.5400,266.5600,0.000149
FILLER_93_169,VGND,li1,86.0200,266.5600,0.000150
FILLER_93_167,VGND,li1,82.5700,266.5600,0.000151
FILLER_93_161,VGND,li1,80.9600,266.5600,0.000151
FILLER_93_149,VGND,li1,76.8200,266.5600,0.000151
FILLER_93_137,VGND,li1,71.3000,266.5600,0.000145
FILLER_93_125,VGND,li1,65.7800,266.5600,0.000133
FILLER_93_113,VGND,li1,60.2600,266.5600,0.000119
FILLER_93_111,VGND,li1,56.8100,266.5600,0.000105
FILLER_93_105,VGND,li1,55.2000,266.5600,0.000105
FILLER_93_93,VGND,li1,51.0600,266.5600,0.000094
FILLER_93_81,VGND,li1,45.5400,266.5600,0.000077
FILLER_93_69,VGND,li1,40.0200,266.5600,0.000065
FILLER_93_57,VGND,li1,34.5000,266.5600,0.000051
FILLER_93_55,VGND,li1,31.0500,266.5600,0.000039
FILLER_93_51,VGND,li1,29.9000,266.5600,0.000039
FILLER_93_39,VGND,li1,26.2200,266.5600,0.000026
FILLER_93_27,VGND,li1,20.7000,266.5600,0.000026
FILLER_93_15,VGND,li1,15.1800,266.5600,0.000026
FILLER_93_3,VGND,li1,9.6600,266.5600,0.000026
FILLER_92_597,VGND,li1,280.8300,261.1200,0.000801
FILLER_92_587,VGND,li1,275.7700,261.1200,0.000780
FILLER_92_575,VGND,li1,272.7800,261.1200,0.000773
FILLER_92_563,VGND,li1,267.2600,261.1200,0.000746
FILLER_92_555,VGND,li1,261.0500,261.1200,0.000729
FILLER_92_533,VGND,li1,250.9300,261.1200,0.000681
FILLER_92_511,VGND,li1,241.0400,261.1200,0.000637
FILLER_92_477,VGND,li1,225.4000,261.1200,0.000539
FILLER_92_474,VGND,li1,224.0200,261.1200,0.000527
FILLER_92_448,VGND,li1,211.8300,261.1200,0.000448
FILLER_92_430,VGND,li1,203.5500,261.1200,0.000382
FILLER_92_373,VGND,li1,177.5600,261.1200,0.000136
FILLER_92_365,VGND,li1,175.2600,261.1200,0.000142
FILLER_92_362,VGND,li1,172.5000,261.1200,0.000145
FILLER_92_350,VGND,li1,167.2100,261.1200,0.000154
FILLER_92_338,VGND,li1,163.7600,261.1200,0.000159
FILLER_92_326,VGND,li1,158.2400,261.1200,0.000166
FILLER_92_307,VGND,li1,146.9700,261.1200,0.000178
FILLER_92_301,VGND,li1,145.3600,261.1200,0.000178
FILLER_92_289,VGND,li1,141.2200,261.1200,0.000175
FILLER_92_277,VGND,li1,135.7000,261.1200,0.000170
FILLER_92_265,VGND,li1,130.1800,261.1200,0.000167
FILLER_92_253,VGND,li1,124.6600,261.1200,0.000163
FILLER_92_251,VGND,li1,121.2100,261.1200,0.000160
FILLER_92_245,VGND,li1,119.6000,261.1200,0.000160
FILLER_92_233,VGND,li1,115.4600,261.1200,0.000157
FILLER_92_221,VGND,li1,109.9400,261.1200,0.000152
FILLER_92_209,VGND,li1,104.4200,261.1200,0.000149
FILLER_92_197,VGND,li1,98.9000,261.1200,0.000145
FILLER_92_188,VGND,li1,93.8400,261.1200,0.000142
FILLER_92_176,VGND,li1,89.2400,261.1200,0.000138
FILLER_92_164,VGND,li1,83.7200,261.1200,0.000134
FILLER_92_152,VGND,li1,78.2000,261.1200,0.000130
FILLER_92_147,VGND,li1,73.3700,261.1200,0.000121
FILLER_92_141,VGND,li1,71.7600,261.1200,0.000121
FILLER_92_139,VGND,li1,69.6900,261.1200,0.000113
FILLER_92_133,VGND,li1,68.0800,261.1200,0.000113
FILLER_92_121,VGND,li1,63.9400,261.1200,0.000104
FILLER_92_109,VGND,li1,58.4200,261.1200,0.000090
FILLER_92_97,VGND,li1,52.9000,261.1200,0.000081
FILLER_92_85,VGND,li1,47.3800,261.1200,0.000069
FILLER_92_83,VGND,li1,43.9300,261.1200,0.000058
FILLER_92_77,VGND,li1,42.3200,261.1200,0.000058
FILLER_92_65,VGND,li1,38.1800,261.1200,0.000049
FILLER_92_53,VGND,li1,32.6600,261.1200,0.000037
FILLER_92_41,VGND,li1,27.1400,261.1200,0.000026
FILLER_92_29,VGND,li1,21.6200,261.1200,0.000021
FILLER_92_27,VGND,li1,18.1700,261.1200,0.000021
FILLER_92_15,VGND,li1,15.1800,261.1200,0.000021
FILLER_92_3,VGND,li1,9.6600,261.1200,0.000021
FILLER_91_615,VGND,li1,288.6500,261.1200,0.000821
FILLER_91_589,VGND,li1,276.9200,261.1200,0.000788
FILLER_91_581,VGND,li1,274.6200,261.1200,0.000780
FILLER_91_569,VGND,li1,270.0200,261.1200,0.000762
FILLER_91_565,VGND,li1,265.6500,261.1200,0.000746
FILLER_91_561,VGND,li1,263.8100,261.1200,0.000737
FILLER_91_556,VGND,li1,262.2000,261.1200,0.000729
FILLER_91_514,VGND,li1,243.3400,261.1200,0.000649
FILLER_91_505,VGND,li1,239.2000,261.1200,0.000619
FILLER_91_503,VGND,li1,237.1300,261.1200,0.000609
FILLER_91_480,VGND,li1,227.0100,261.1200,0.000554
FILLER_91_449,VGND,li1,212.2900,261.1200,0.000448
FILLER_91_418,VGND,li1,198.0300,261.1200,0.000326
FILLER_91_414,VGND,li1,196.8800,261.1200,0.000326
FILLER_91_405,VGND,li1,192.0500,261.1200,0.000270
FILLER_91_399,VGND,li1,190.4400,261.1200,0.000270
FILLER_91_377,VGND,li1,179.1700,261.1200,0.000136
FILLER_91_373,VGND,li1,178.0200,261.1200,0.000136
FILLER_91_361,VGND,li1,174.3400,261.1200,0.000142
FILLER_91_349,VGND,li1,168.8200,261.1200,0.000154
FILLER_91_337,VGND,li1,163.3000,261.1200,0.000159
FILLER_91_334,VGND,li1,159.6200,261.1200,0.000166
FILLER_91_322,VGND,li1,156.4000,261.1200,0.000169
FILLER_91_293,VGND,li1,141.2200,261.1200,0.000175
FILLER_91_281,VGND,li1,137.5400,261.1200,0.000172
FILLER_91_279,VGND,li1,134.0900,261.1200,0.000169
FILLER_91_273,VGND,li1,132.4800,261.1200,0.000169
FILLER_91_261,VGND,li1,128.3400,261.1200,0.000166
FILLER_91_249,VGND,li1,122.8200,261.1200,0.000161
FILLER_91_237,VGND,li1,117.3000,261.1200,0.000158
FILLER_91_225,VGND,li1,111.7800,261.1200,0.000154
FILLER_91_223,VGND,li1,108.3300,261.1200,0.000151
FILLER_91_217,VGND,li1,106.7200,261.1200,0.000151
FILLER_91_205,VGND,li1,102.5800,261.1200,0.000148
FILLER_91_193,VGND,li1,97.0600,261.1200,0.000143
FILLER_91_181,VGND,li1,91.5400,261.1200,0.000140
FILLER_91_169,VGND,li1,86.0200,261.1200,0.000136
FILLER_91_166,VGND,li1,82.3400,261.1200,0.000134
FILLER_91_158,VGND,li1,80.0400,261.1200,0.000132
FILLER_91_137,VGND,li1,69.9200,261.1200,0.000117
FILLER_91_125,VGND,li1,65.7800,261.1200,0.000108
FILLER_91_113,VGND,li1,60.2600,261.1200,0.000096
FILLER_91_111,VGND,li1,56.8100,261.1200,0.000085
FILLER_91_105,VGND,li1,55.2000,261.1200,0.000085
FILLER_91_93,VGND,li1,51.0600,261.1200,0.000077
FILLER_91_81,VGND,li1,45.5400,261.1200,0.000062
FILLER_91_69,VGND,li1,40.0200,261.1200,0.000053
FILLER_91_57,VGND,li1,34.5000,261.1200,0.000041
FILLER_91_55,VGND,li1,31.0500,261.1200,0.000032
FILLER_91_51,VGND,li1,29.9000,261.1200,0.000032
FILLER_91_39,VGND,li1,26.2200,261.1200,0.000021
FILLER_91_27,VGND,li1,20.7000,261.1200,0.000021
FILLER_91_15,VGND,li1,15.1800,261.1200,0.000021
FILLER_91_3,VGND,li1,9.6600,261.1200,0.000021
FILLER_90_628,VGND,li1,294.8600,255.6800,0.001306
FILLER_90_587,VGND,li1,275.7700,255.6800,0.001230
FILLER_90_579,VGND,li1,273.7000,255.6800,0.001213
FILLER_90_555,VGND,li1,261.2800,255.6800,0.001113
FILLER_90_519,VGND,li1,244.4900,255.6800,0.000955
FILLER_90_513,VGND,li1,242.8800,255.6800,0.000955
FILLER_90_501,VGND,li1,238.7400,255.6800,0.000918
FILLER_90_489,VGND,li1,233.2200,255.6800,0.000866
FILLER_90_477,VGND,li1,227.7000,255.6800,0.000817
FILLER_90_475,VGND,li1,224.2500,255.6800,0.000784
FILLER_90_467,VGND,li1,222.1800,255.6800,0.000767
FILLER_90_399,VGND,li1,189.2900,255.6800,0.000378
FILLER_90_377,VGND,li1,179.1700,255.6800,0.000226
FILLER_90_365,VGND,li1,176.1800,255.6800,0.000253
FILLER_90_363,VGND,li1,172.7300,255.6800,0.000268
FILLER_90_355,VGND,li1,170.6600,255.6800,0.000292
FILLER_90_307,VGND,li1,146.9700,255.6800,0.000366
FILLER_90_301,VGND,li1,145.3600,255.6800,0.000366
FILLER_90_289,VGND,li1,141.2200,255.6800,0.000369
FILLER_90_277,VGND,li1,135.7000,255.6800,0.000372
FILLER_90_265,VGND,li1,130.1800,255.6800,0.000375
FILLER_90_253,VGND,li1,124.6600,255.6800,0.000378
FILLER_90_240,VGND,li1,118.6800,255.6800,0.000382
FILLER_90_228,VGND,li1,113.1600,255.6800,0.000385
FILLER_90_197,VGND,li1,97.0600,255.6800,0.000378
FILLER_90_193,VGND,li1,94.9900,255.6800,0.000373
FILLER_90_181,VGND,li1,91.5400,255.6800,0.000365
FILLER_90_169,VGND,li1,86.0200,255.6800,0.000349
FILLER_90_157,VGND,li1,80.5000,255.6800,0.000332
FILLER_90_138,VGND,li1,69.4600,255.6800,0.000299
FILLER_90_130,VGND,li1,67.1600,255.6800,0.000289
FILLER_90_109,VGND,li1,57.5000,255.6800,0.000243
FILLER_90_97,VGND,li1,52.9000,255.6800,0.000218
FILLER_90_85,VGND,li1,47.3800,255.6800,0.000186
FILLER_90_83,VGND,li1,43.9300,255.6800,0.000157
FILLER_90_77,VGND,li1,42.3200,255.6800,0.000157
FILLER_90_65,VGND,li1,38.1800,255.6800,0.000133
FILLER_90_53,VGND,li1,32.6600,255.6800,0.000101
FILLER_90_41,VGND,li1,27.1400,255.6800,0.000069
FILLER_90_29,VGND,li1,21.6200,255.6800,0.000058
FILLER_90_27,VGND,li1,18.1700,255.6800,0.000058
FILLER_90_15,VGND,li1,15.1800,255.6800,0.000058
FILLER_90_3,VGND,li1,9.6600,255.6800,0.000058
FILLER_89_628,VGND,li1,294.8600,255.6800,0.001306
FILLER_89_614,VGND,li1,288.4200,255.6800,0.001300
FILLER_89_547,VGND,li1,257.3700,255.6800,0.001068
FILLER_89_541,VGND,li1,255.7600,255.6800,0.001068
FILLER_89_517,VGND,li1,244.2600,255.6800,0.000955
FILLER_89_505,VGND,li1,240.5800,255.6800,0.000935
FILLER_89_502,VGND,li1,236.9000,255.6800,0.000901
FILLER_89_493,VGND,li1,232.9900,255.6800,0.000866
FILLER_89_481,VGND,li1,229.5400,255.6800,0.000834
FILLER_89_469,VGND,li1,224.0200,255.6800,0.000784
FILLER_89_457,VGND,li1,218.5000,255.6800,0.000734
FILLER_89_422,VGND,li1,200.3300,255.6800,0.000513
FILLER_89_405,VGND,li1,193.2000,255.6800,0.000436
FILLER_89_393,VGND,li1,189.0600,255.6800,0.000378
FILLER_89_391,VGND,li1,185.6100,255.6800,0.000329
FILLER_89_386,VGND,li1,183.5400,255.6800,0.000300
FILLER_89_374,VGND,li1,180.3200,255.6800,0.000226
FILLER_89_362,VGND,li1,174.8000,255.6800,0.000253
FILLER_89_350,VGND,li1,169.2800,255.6800,0.000292
FILLER_89_341,VGND,li1,163.0700,255.6800,0.000329
FILLER_89_317,VGND,li1,152.0300,255.6800,0.000363
FILLER_89_305,VGND,li1,148.5800,255.6800,0.000365
FILLER_89_293,VGND,li1,143.0600,255.6800,0.000368
FILLER_89_281,VGND,li1,137.5400,255.6800,0.000371
FILLER_89_279,VGND,li1,134.0900,255.6800,0.000374
FILLER_89_273,VGND,li1,132.4800,255.6800,0.000374
FILLER_89_261,VGND,li1,128.3400,255.6800,0.000376
FILLER_89_249,VGND,li1,122.8200,255.6800,0.000380
FILLER_89_237,VGND,li1,117.3000,255.6800,0.000382
FILLER_89_225,VGND,li1,111.7800,255.6800,0.000385
FILLER_89_223,VGND,li1,108.3300,255.6800,0.000388
FILLER_89_219,VGND,li1,107.1800,255.6800,0.000388
FILLER_89_191,VGND,li1,96.1400,255.6800,0.000373
FILLER_89_181,VGND,li1,89.2400,255.6800,0.000358
FILLER_89_169,VGND,li1,86.0200,255.6800,0.000349
FILLER_89_167,VGND,li1,82.5700,255.6800,0.000340
FILLER_89_155,VGND,li1,79.5800,255.6800,0.000332
FILLER_89_143,VGND,li1,74.0600,255.6800,0.000316
FILLER_89_131,VGND,li1,66.7000,255.6800,0.000289
FILLER_89_113,VGND,li1,57.9600,255.6800,0.000243
FILLER_89_111,VGND,li1,56.8100,255.6800,0.000231
FILLER_89_105,VGND,li1,55.2000,255.6800,0.000231
FILLER_89_93,VGND,li1,51.0600,255.6800,0.000207
FILLER_89_81,VGND,li1,45.5400,255.6800,0.000169
FILLER_89_69,VGND,li1,40.0200,255.6800,0.000143
FILLER_89_57,VGND,li1,34.5000,255.6800,0.000112
FILLER_89_55,VGND,li1,31.0500,255.6800,0.000085
FILLER_89_51,VGND,li1,29.9000,255.6800,0.000085
FILLER_89_39,VGND,li1,26.2200,255.6800,0.000058
FILLER_89_27,VGND,li1,20.7000,255.6800,0.000058
FILLER_89_15,VGND,li1,15.1800,255.6800,0.000058
FILLER_89_3,VGND,li1,9.6600,255.6800,0.000058
FILLER_88_578,VGND,li1,271.6300,250.2400,0.001056
FILLER_88_563,VGND,li1,264.7300,250.2400,0.001013
FILLER_88_559,VGND,li1,262.8900,250.2400,0.001000
FILLER_88_553,VGND,li1,260.1300,250.2400,0.000980
FILLER_88_545,VGND,li1,258.0600,250.2400,0.000963
FILLER_88_533,VGND,li1,253.4600,250.2400,0.000930
FILLER_88_531,VGND,li1,250.0100,250.2400,0.000892
FILLER_88_525,VGND,li1,248.4000,250.2400,0.000892
FILLER_88_513,VGND,li1,244.2600,250.2400,0.000861
FILLER_88_489,VGND,li1,230.6900,250.2400,0.000741
FILLER_88_477,VGND,li1,227.7000,250.2400,0.000716
FILLER_88_470,VGND,li1,223.1000,250.2400,0.000656
FILLER_88_458,VGND,li1,218.9600,250.2400,0.000620
FILLER_88_446,VGND,li1,213.4400,250.2400,0.000560
FILLER_88_435,VGND,li1,206.5400,250.2400,0.000483
FILLER_88_429,VGND,li1,203.5500,250.2400,0.000449
FILLER_88_421,VGND,li1,201.0200,250.2400,0.000421
FILLER_88_419,VGND,li1,198.4900,250.2400,0.000392
FILLER_88_413,VGND,li1,196.8800,250.2400,0.000368
FILLER_88_401,VGND,li1,192.7400,250.2400,0.000324
FILLER_88_389,VGND,li1,187.2200,250.2400,0.000250
FILLER_88_377,VGND,li1,181.7000,250.2400,0.000200
FILLER_88_365,VGND,li1,176.1800,250.2400,0.000179
FILLER_88_363,VGND,li1,172.7300,250.2400,0.000204
FILLER_88_357,VGND,li1,171.1200,250.2400,0.000204
FILLER_88_345,VGND,li1,166.9800,250.2400,0.000225
FILLER_88_333,VGND,li1,161.4600,250.2400,0.000253
FILLER_88_315,VGND,li1,150.6500,250.2400,0.000302
FILLER_88_309,VGND,li1,149.0400,250.2400,0.000313
FILLER_88_302,VGND,li1,145.8200,250.2400,0.000322
FILLER_88_297,VGND,li1,142.3700,250.2400,0.000327
FILLER_88_289,VGND,li1,140.3000,250.2400,0.000333
FILLER_88_277,VGND,li1,135.7000,250.2400,0.000343
FILLER_88_265,VGND,li1,130.1800,250.2400,0.000353
FILLER_88_253,VGND,li1,124.6600,250.2400,0.000363
FILLER_88_249,VGND,li1,120.7500,250.2400,0.000367
FILLER_88_237,VGND,li1,117.3000,250.2400,0.000370
FILLER_88_225,VGND,li1,111.7800,250.2400,0.000373
FILLER_88_213,VGND,li1,106.2600,250.2400,0.000377
FILLER_88_193,VGND,li1,94.9900,250.2400,0.000379
FILLER_88_173,VGND,li1,85.7900,250.2400,0.000368
FILLER_88_165,VGND,li1,83.2600,250.2400,0.000360
FILLER_88_156,VGND,li1,77.9700,250.2400,0.000348
FILLER_88_147,VGND,li1,73.3700,250.2400,0.000326
FILLER_88_141,VGND,li1,71.7600,250.2400,0.000326
FILLER_88_139,VGND,li1,69.6900,250.2400,0.000318
FILLER_88_129,VGND,li1,65.0900,250.2400,0.000296
FILLER_88_121,VGND,li1,63.0200,250.2400,0.000286
FILLER_88_109,VGND,li1,58.4200,250.2400,0.000261
FILLER_88_97,VGND,li1,52.9000,250.2400,0.000232
FILLER_88_85,VGND,li1,47.3800,250.2400,0.000202
FILLER_88_80,VGND,li1,43.2400,250.2400,0.000177
FILLER_88_71,VGND,li1,38.4100,250.2400,0.000151
FILLER_88_65,VGND,li1,36.8000,250.2400,0.000134
FILLER_88_53,VGND,li1,32.6600,250.2400,0.000113
FILLER_88_41,VGND,li1,27.1400,250.2400,0.000078
FILLER_88_29,VGND,li1,21.6200,250.2400,0.000065
FILLER_88_27,VGND,li1,18.1700,250.2400,0.000065
FILLER_88_15,VGND,li1,15.1800,250.2400,0.000065
FILLER_88_3,VGND,li1,9.6600,250.2400,0.000065
FILLER_87_625,VGND,li1,293.2500,250.2400,0.001158
FILLER_87_611,VGND,li1,286.8100,250.2400,0.001146
FILLER_87_580,VGND,li1,274.1600,250.2400,0.001074
FILLER_87_541,VGND,li1,255.3000,250.2400,0.000944
FILLER_87_529,VGND,li1,251.6200,250.2400,0.000908
FILLER_87_517,VGND,li1,246.1000,250.2400,0.000875
FILLER_87_461,VGND,li1,219.4200,250.2400,0.000620
FILLER_87_449,VGND,li1,214.8200,250.2400,0.000560
FILLER_87_445,VGND,li1,210.9100,250.2400,0.000532
FILLER_87_433,VGND,li1,207.4600,250.2400,0.000483
FILLER_87_421,VGND,li1,201.9400,250.2400,0.000421
FILLER_87_409,VGND,li1,196.4200,250.2400,0.000368
FILLER_87_401,VGND,li1,190.6700,250.2400,0.000303
FILLER_87_393,VGND,li1,188.1400,250.2400,0.000274
FILLER_87_391,VGND,li1,185.6100,250.2400,0.000226
FILLER_87_385,VGND,li1,184.0000,250.2400,0.000226
FILLER_87_373,VGND,li1,179.8600,250.2400,0.000166
FILLER_87_361,VGND,li1,174.3400,250.2400,0.000194
FILLER_87_349,VGND,li1,168.8200,250.2400,0.000216
FILLER_87_337,VGND,li1,163.3000,250.2400,0.000244
FILLER_87_335,VGND,li1,159.8500,250.2400,0.000267
FILLER_87_331,VGND,li1,158.7000,250.2400,0.000267
FILLER_87_281,VGND,li1,135.2400,250.2400,0.000346
FILLER_87_277,VGND,li1,133.6300,250.2400,0.000346
FILLER_87_269,VGND,li1,131.1000,250.2400,0.000353
FILLER_87_260,VGND,li1,125.3500,250.2400,0.000363
FILLER_87_237,VGND,li1,115.2300,250.2400,0.000371
FILLER_87_225,VGND,li1,111.7800,250.2400,0.000373
FILLER_87_223,VGND,li1,108.3300,250.2400,0.000376
FILLER_87_217,VGND,li1,106.7200,250.2400,0.000377
FILLER_87_205,VGND,li1,102.5800,250.2400,0.000380
FILLER_87_195,VGND,li1,95.4500,250.2400,0.000379
FILLER_87_169,VGND,li1,83.4900,250.2400,0.000360
FILLER_87_167,VGND,li1,82.5700,250.2400,0.000360
FILLER_87_113,VGND,li1,58.4200,250.2400,0.000261
FILLER_87_109,VGND,li1,56.3500,250.2400,0.000250
FILLER_87_97,VGND,li1,52.9000,250.2400,0.000232
FILLER_87_85,VGND,li1,47.3800,250.2400,0.000202
FILLER_87_76,VGND,li1,40.7100,250.2400,0.000164
FILLER_87_65,VGND,li1,35.8800,250.2400,0.000134
FILLER_87_57,VGND,li1,33.5800,250.2400,0.000113
FILLER_87_55,VGND,li1,31.0500,250.2400,0.000096
FILLER_87_51,VGND,li1,29.9000,250.2400,0.000096
FILLER_87_39,VGND,li1,26.2200,250.2400,0.000065
FILLER_87_27,VGND,li1,20.7000,250.2400,0.000065
FILLER_87_15,VGND,li1,15.1800,250.2400,0.000065
FILLER_87_3,VGND,li1,9.6600,250.2400,0.000065
FILLER_86_589,VGND,li1,277.1500,244.8000,0.001155
FILLER_86_586,VGND,li1,275.5400,244.8000,0.001155
FILLER_86_578,VGND,li1,273.2400,244.8000,0.001150
FILLER_86_566,VGND,li1,268.6400,244.8000,0.001138
FILLER_86_545,VGND,li1,258.0600,244.8000,0.001072
FILLER_86_533,VGND,li1,253.4600,244.8000,0.001035
FILLER_86_530,VGND,li1,249.7800,244.8000,0.001006
FILLER_86_519,VGND,li1,246.1000,244.8000,0.000987
FILLER_86_492,VGND,li1,232.3000,244.8000,0.000860
FILLER_86_475,VGND,li1,224.2500,244.8000,0.000776
FILLER_86_460,VGND,li1,217.5800,244.8000,0.000700
FILLER_86_448,VGND,li1,214.3600,244.8000,0.000682
FILLER_86_432,VGND,li1,204.7000,244.8000,0.000585
FILLER_86_406,VGND,li1,193.2000,244.8000,0.000465
FILLER_86_389,VGND,li1,185.1500,244.8000,0.000351
FILLER_86_377,VGND,li1,181.7000,244.8000,0.000324
FILLER_86_365,VGND,li1,176.1800,244.8000,0.000305
FILLER_86_356,VGND,li1,171.1200,244.8000,0.000381
FILLER_86_344,VGND,li1,166.5200,244.8000,0.000451
FILLER_86_309,VGND,li1,148.1200,244.8000,0.000719
FILLER_86_306,VGND,li1,146.7400,244.8000,0.000719
FILLER_86_278,VGND,li1,134.3200,244.8000,0.000838
FILLER_86_269,VGND,li1,129.4900,244.8000,0.000856
FILLER_86_241,VGND,li1,116.8400,244.8000,0.000898
FILLER_86_229,VGND,li1,113.6200,244.8000,0.000906
FILLER_86_209,VGND,li1,104.4200,244.8000,0.000912
FILLER_86_197,VGND,li1,98.9000,244.8000,0.000909
FILLER_86_195,VGND,li1,95.4500,244.8000,0.000904
FILLER_86_189,VGND,li1,93.8400,244.8000,0.000904
FILLER_86_123,VGND,li1,62.3300,244.8000,0.000713
FILLER_86_114,VGND,li1,58.1900,244.8000,0.000648
FILLER_86_102,VGND,li1,55.2000,244.8000,0.000623
FILLER_86_83,VGND,li1,43.9300,244.8000,0.000472
FILLER_86_62,VGND,li1,34.5000,244.8000,0.000342
FILLER_86_41,VGND,li1,27.1400,244.8000,0.000216
FILLER_86_29,VGND,li1,21.6200,244.8000,0.000182
FILLER_86_27,VGND,li1,18.1700,244.8000,0.000182
FILLER_86_15,VGND,li1,15.1800,244.8000,0.000182
FILLER_86_3,VGND,li1,9.6600,244.8000,0.000183
FILLER_85_590,VGND,li1,278.3000,244.8000,0.001162
FILLER_85_578,VGND,li1,274.1600,244.8000,0.001150
FILLER_85_558,VGND,li1,262.6600,244.8000,0.001100
FILLER_85_536,VGND,li1,252.5400,244.8000,0.001035
FILLER_85_505,VGND,li1,238.2800,244.8000,0.000905
FILLER_85_502,VGND,li1,236.9000,244.8000,0.000905
FILLER_85_495,VGND,li1,233.4500,244.8000,0.000860
FILLER_85_483,VGND,li1,230.4600,244.8000,0.000840
FILLER_85_469,VGND,li1,221.7200,244.8000,0.000755
FILLER_85_452,VGND,li1,216.2000,244.8000,0.000700
FILLER_85_433,VGND,li1,205.1600,244.8000,0.000585
FILLER_85_413,VGND,li1,196.4200,244.8000,0.000493
FILLER_85_385,VGND,li1,182.8500,244.8000,0.000324
FILLER_85_381,VGND,li1,181.7000,244.8000,0.000324
FILLER_85_369,VGND,li1,178.0200,244.8000,0.000278
FILLER_85_357,VGND,li1,172.5000,244.8000,0.000381
FILLER_85_345,VGND,li1,166.9800,244.8000,0.000451
FILLER_85_297,VGND,li1,142.6000,244.8000,0.000765
FILLER_85_275,VGND,li1,132.2500,244.8000,0.000847
FILLER_85_223,VGND,li1,108.3300,244.8000,0.000912
FILLER_85_202,VGND,li1,99.3600,244.8000,0.000909
FILLER_85_169,VGND,li1,84.1800,244.8000,0.000881
FILLER_85_156,VGND,li1,77.5100,244.8000,0.000851
FILLER_85_113,VGND,li1,58.8800,244.8000,0.000673
FILLER_85_111,VGND,li1,56.8100,244.8000,0.000648
FILLER_85_47,VGND,li1,27.3700,244.8000,0.000216
FILLER_85_18,VGND,li1,16.5600,244.8000,0.000182
FILLER_85_6,VGND,li1,11.0400,244.8000,0.000183
FILLER_84_580,VGND,li1,274.1600,239.3600,0.000940
FILLER_84_551,VGND,li1,259.6700,239.3600,0.000860
FILLER_84_547,VGND,li1,257.3700,239.3600,0.000846
FILLER_84_539,VGND,li1,255.3000,239.3600,0.000833
FILLER_84_533,VGND,li1,251.3900,239.3600,0.000801
FILLER_84_529,VGND,li1,249.5500,239.3600,0.000787
FILLER_84_492,VGND,li1,233.6800,239.3600,0.000682
FILLER_84_480,VGND,li1,229.0800,239.3600,0.000647
FILLER_84_448,VGND,li1,213.4400,239.3600,0.000526
FILLER_84_385,VGND,li1,182.8500,239.3600,0.000251
FILLER_84_377,VGND,li1,180.7800,239.3600,0.000229
FILLER_84_365,VGND,li1,176.1800,239.3600,0.000238
FILLER_84_363,VGND,li1,172.7300,239.3600,0.000264
FILLER_84_359,VGND,li1,171.5800,239.3600,0.000284
FILLER_84_347,VGND,li1,167.9000,239.3600,0.000311
FILLER_84_335,VGND,li1,162.3800,239.3600,0.000372
FILLER_84_309,VGND,li1,147.8900,239.3600,0.000491
FILLER_84_307,VGND,li1,146.9700,239.3600,0.000491
FILLER_84_269,VGND,li1,129.4900,239.3600,0.000589
FILLER_84_251,VGND,li1,121.2100,239.3600,0.000612
FILLER_84_232,VGND,li1,112.9300,239.3600,0.000633
FILLER_84_197,VGND,li1,96.6000,239.3600,0.000644
FILLER_84_188,VGND,li1,93.8400,239.3600,0.000642
FILLER_84_150,VGND,li1,75.4400,239.3600,0.000593
FILLER_84_101,VGND,li1,53.3600,239.3600,0.000456
FILLER_84_66,VGND,li1,36.3400,239.3600,0.000316
FILLER_84_53,VGND,li1,30.8200,239.3600,0.000255
FILLER_84_26,VGND,li1,17.9400,239.3600,0.000206
FILLER_84_3,VGND,li1,7.5900,239.3600,0.000217
FILLER_83_614,VGND,li1,288.4200,239.3600,0.000996
FILLER_83_590,VGND,li1,277.1500,239.3600,0.000950
FILLER_83_586,VGND,li1,276.0000,239.3600,0.000950
FILLER_83_561,VGND,li1,264.0400,239.3600,0.000885
FILLER_83_553,VGND,li1,260.1300,239.3600,0.000860
FILLER_83_547,VGND,li1,258.5200,239.3600,0.000846
FILLER_83_530,VGND,li1,249.5500,239.3600,0.000787
FILLER_83_505,VGND,li1,238.0500,239.3600,0.000715
FILLER_83_498,VGND,li1,235.9800,239.3600,0.000699
FILLER_83_486,VGND,li1,231.8400,239.3600,0.000668
FILLER_83_474,VGND,li1,226.3200,239.3600,0.000614
FILLER_83_461,VGND,li1,218.2700,239.3600,0.000566
FILLER_83_449,VGND,li1,214.8200,239.3600,0.000526
FILLER_83_444,VGND,li1,210.6800,239.3600,0.000491
FILLER_83_432,VGND,li1,207.0000,239.3600,0.000466
FILLER_83_427,VGND,li1,202.4000,239.3600,0.000436
FILLER_83_415,VGND,li1,199.1800,239.3600,0.000408
FILLER_83_405,VGND,li1,192.0500,239.3600,0.000347
FILLER_83_393,VGND,li1,189.0600,239.3600,0.000304
FILLER_83_391,VGND,li1,185.6100,239.3600,0.000282
FILLER_83_385,VGND,li1,184.0000,239.3600,0.000251
FILLER_83_373,VGND,li1,179.8600,239.3600,0.000206
FILLER_83_369,VGND,li1,175.4900,239.3600,0.000238
FILLER_83_365,VGND,li1,174.3400,239.3600,0.000264
FILLER_83_353,VGND,li1,170.6600,239.3600,0.000284
FILLER_83_345,VGND,li1,164.4500,239.3600,0.000355
FILLER_83_341,VGND,li1,163.3000,239.3600,0.000355
FILLER_83_334,VGND,li1,159.6200,239.3600,0.000388
FILLER_83_328,VGND,li1,157.0900,239.3600,0.000410
FILLER_83_316,VGND,li1,153.6400,239.3600,0.000439
FILLER_83_281,VGND,li1,135.2400,239.3600,0.000564
FILLER_83_259,VGND,li1,125.5800,239.3600,0.000598
FILLER_83_240,VGND,li1,116.1500,239.3600,0.000627
FILLER_83_234,VGND,li1,114.5400,239.3600,0.000633
FILLER_83_169,VGND,li1,83.4900,239.3600,0.000622
FILLER_83_143,VGND,li1,71.5300,239.3600,0.000567
FILLER_83_95,VGND,li1,49.4500,239.3600,0.000415
FILLER_83_91,VGND,li1,48.3000,239.3600,0.000415
FILLER_83_79,VGND,li1,44.6200,239.3600,0.000384
FILLER_83_68,VGND,li1,37.2600,239.3600,0.000316
FILLER_83_18,VGND,li1,15.1800,239.3600,0.000213
FILLER_83_3,VGND,li1,8.2800,239.3600,0.000217
FILLER_82_585,VGND,li1,275.3100,233.9200,0.001129
FILLER_82_561,VGND,li1,263.8100,233.9200,0.001078
FILLER_82_557,VGND,li1,262.6600,233.9200,0.001078
FILLER_82_526,VGND,li1,247.7100,233.9200,0.000980
FILLER_82_514,VGND,li1,244.7200,233.9200,0.000963
FILLER_82_504,VGND,li1,238.7400,233.9200,0.000920
FILLER_82_492,VGND,li1,234.6000,233.9200,0.000879
FILLER_82_480,VGND,li1,229.0800,233.9200,0.000837
FILLER_82_475,VGND,li1,224.2500,233.9200,0.000796
FILLER_82_445,VGND,li1,212.9800,233.9200,0.000685
FILLER_82_433,VGND,li1,207.4600,233.9200,0.000638
FILLER_82_421,VGND,li1,201.9400,233.9200,0.000575
FILLER_82_418,VGND,li1,198.2600,233.9200,0.000544
FILLER_82_388,VGND,li1,184.2300,233.9200,0.000359
FILLER_82_363,VGND,li1,172.7300,233.9200,0.000361
FILLER_82_359,VGND,li1,171.5800,233.9200,0.000361
FILLER_82_321,VGND,li1,154.1000,233.9200,0.000526
FILLER_82_309,VGND,li1,150.4200,233.9200,0.000542
FILLER_82_307,VGND,li1,146.9700,233.9200,0.000565
FILLER_82_273,VGND,li1,131.3300,233.9200,0.000645
FILLER_82_261,VGND,li1,128.3400,233.9200,0.000662
FILLER_82_242,VGND,li1,117.3000,233.9200,0.000692
FILLER_82_205,VGND,li1,101.6600,233.9200,0.000706
FILLER_82_185,VGND,li1,91.0800,233.9200,0.000693
FILLER_82_150,VGND,li1,75.4400,233.9200,0.000640
FILLER_82_137,VGND,li1,69.2300,233.9200,0.000610
FILLER_82_83,VGND,li1,43.9300,233.9200,0.000414
FILLER_82_74,VGND,li1,39.7900,233.9200,0.000354
FILLER_82_70,VGND,li1,38.6400,233.9200,0.000354
FILLER_82_29,VGND,li1,19.5500,233.9200,0.000167
FILLER_82_27,VGND,li1,18.1700,233.9200,0.000167
FILLER_82_15,VGND,li1,15.1800,233.9200,0.000167
FILLER_82_3,VGND,li1,9.6600,233.9200,0.000167
FILLER_81_591,VGND,li1,277.8400,233.9200,0.001145
FILLER_81_553,VGND,li1,260.5900,233.9200,0.001068
FILLER_81_517,VGND,li1,244.2600,233.9200,0.000963
FILLER_81_505,VGND,li1,240.5800,233.9200,0.000936
FILLER_81_502,VGND,li1,236.9000,233.9200,0.000904
FILLER_81_496,VGND,li1,233.9100,233.9200,0.000879
FILLER_81_488,VGND,li1,231.8400,233.9200,0.000861
FILLER_81_462,VGND,li1,218.7300,233.9200,0.000746
FILLER_81_454,VGND,li1,216.2000,233.9200,0.000723
FILLER_81_449,VGND,li1,212.2900,233.9200,0.000685
FILLER_81_439,VGND,li1,208.3800,233.9200,0.000638
FILLER_81_393,VGND,li1,186.9900,233.9200,0.000386
FILLER_81_391,VGND,li1,185.6100,233.9200,0.000359
FILLER_81_387,VGND,li1,184.4600,233.9200,0.000359
FILLER_81_375,VGND,li1,180.7800,233.9200,0.000310
FILLER_81_298,VGND,li1,142.8300,233.9200,0.000590
FILLER_81_294,VGND,li1,141.6800,233.9200,0.000600
FILLER_81_281,VGND,li1,135.7000,233.9200,0.000633
FILLER_81_268,VGND,li1,131.5600,233.9200,0.000645
FILLER_81_241,VGND,li1,116.8400,233.9200,0.000692
FILLER_81_233,VGND,li1,114.5400,233.9200,0.000696
FILLER_81_220,VGND,li1,107.6400,233.9200,0.000705
FILLER_81_146,VGND,li1,72.9100,233.9200,0.000627
FILLER_81_102,VGND,li1,52.6700,233.9200,0.000480
FILLER_81_96,VGND,li1,51.0600,233.9200,0.000480
FILLER_81_57,VGND,li1,32.2000,233.9200,0.000266
FILLER_81_52,VGND,li1,30.3600,233.9200,0.000236
FILLER_81_40,VGND,li1,24.1500,233.9200,0.000163
FILLER_81_23,VGND,li1,16.3300,233.9200,0.000167
FILLER_81_15,VGND,li1,14.2600,233.9200,0.000167
FILLER_81_3,VGND,li1,9.6600,233.9200,0.000167
FILLER_80_598,VGND,li1,281.5200,228.4800,0.001885
FILLER_80_585,VGND,li1,275.3100,228.4800,0.001857
FILLER_80_561,VGND,li1,263.8100,228.4800,0.001813
FILLER_80_553,VGND,li1,261.7400,228.4800,0.001801
FILLER_80_530,VGND,li1,249.7800,228.4800,0.001714
FILLER_80_518,VGND,li1,246.5600,228.4800,0.001660
FILLER_80_493,VGND,li1,232.5300,228.4800,0.001403
FILLER_80_468,VGND,li1,222.6400,228.4800,0.001248
FILLER_80_416,VGND,li1,197.8000,228.4800,0.000774
FILLER_80_403,VGND,li1,191.1300,228.4800,0.000639
FILLER_80_395,VGND,li1,189.0600,228.4800,0.000568
FILLER_80_370,VGND,li1,176.1800,228.4800,0.000417
FILLER_80_343,VGND,li1,163.5300,228.4800,0.000610
FILLER_80_282,VGND,li1,135.7000,228.4800,0.000894
FILLER_80_274,VGND,li1,133.4000,228.4800,0.000908
FILLER_80_230,VGND,li1,112.2400,228.4800,0.001023
FILLER_80_194,VGND,li1,95.2200,228.4800,0.001008
FILLER_80_120,VGND,li1,61.4100,228.4800,0.000774
FILLER_80_108,VGND,li1,55.4300,228.4800,0.000695
FILLER_80_102,VGND,li1,53.8200,228.4800,0.000695
FILLER_80_48,VGND,li1,30.3600,228.4800,0.000301
FILLER_80_29,VGND,li1,19.3200,228.4800,0.000235
FILLER_80_3,VGND,li1,8.7400,228.4800,0.000243
FILLER_79_585,VGND,li1,277.3800,228.4800,0.001866
FILLER_79_573,VGND,li1,271.8600,228.4800,0.001849
FILLER_79_561,VGND,li1,264.5000,228.4800,0.001813
FILLER_79_554,VGND,li1,260.5900,228.4800,0.001786
FILLER_79_548,VGND,li1,258.9800,228.4800,0.001786
FILLER_79_447,VGND,li1,211.3700,228.4800,0.001039
FILLER_79_439,VGND,li1,207.6900,228.4800,0.000942
FILLER_79_393,VGND,li1,187.6800,228.4800,0.000568
FILLER_79_391,VGND,li1,185.6100,228.4800,0.000502
FILLER_79_387,VGND,li1,184.4600,228.4800,0.000502
FILLER_79_345,VGND,li1,164.4500,228.4800,0.000582
FILLER_79_329,VGND,li1,157.0900,228.4800,0.000678
FILLER_79_281,VGND,li1,135.2400,228.4800,0.000894
FILLER_79_277,VGND,li1,133.6300,228.4800,0.000908
FILLER_79_225,VGND,li1,110.4000,228.4800,0.001029
FILLER_79_223,VGND,li1,108.3300,228.4800,0.001035
FILLER_79_169,VGND,li1,84.1800,228.4800,0.000959
FILLER_79_113,VGND,li1,57.9600,228.4800,0.000742
FILLER_79_57,VGND,li1,31.9700,228.4800,0.000339
FILLER_79_3,VGND,li1,8.7400,228.4800,0.000243
FILLER_78_601,VGND,li1,283.3600,223.0400,0.001591
FILLER_78_589,VGND,li1,279.2200,223.0400,0.001576
FILLER_78_587,VGND,li1,275.7700,223.0400,0.001564
FILLER_78_575,VGND,li1,272.7800,223.0400,0.001549
FILLER_78_563,VGND,li1,267.2600,223.0400,0.001504
FILLER_78_546,VGND,li1,256.9100,223.0400,0.001422
FILLER_78_542,VGND,li1,255.7600,223.0400,0.001422
FILLER_78_537,VGND,li1,252.7700,223.0400,0.001396
FILLER_78_533,VGND,li1,251.6200,223.0400,0.001373
FILLER_78_468,VGND,li1,222.6400,223.0400,0.001047
FILLER_78_464,VGND,li1,219.1900,223.0400,0.001017
FILLER_78_452,VGND,li1,216.2000,223.0400,0.000981
FILLER_78_448,VGND,li1,211.8300,223.0400,0.000928
FILLER_78_419,VGND,li1,198.4900,223.0400,0.000764
FILLER_78_412,VGND,li1,195.7300,223.0400,0.000709
FILLER_78_408,VGND,li1,193.4300,223.0400,0.000657
FILLER_78_396,VGND,li1,190.4400,223.0400,0.000573
FILLER_78_384,VGND,li1,184.9200,223.0400,0.000466
FILLER_78_328,VGND,li1,156.6300,223.0400,0.000627
FILLER_78_322,VGND,li1,153.8700,223.0400,0.000655
FILLER_78_318,VGND,li1,152.7200,223.0400,0.000675
FILLER_78_306,VGND,li1,146.7400,223.0400,0.000722
FILLER_78_273,VGND,li1,131.3300,223.0400,0.000841
FILLER_78_269,VGND,li1,130.1800,223.0400,0.000841
FILLER_78_233,VGND,li1,113.3900,223.0400,0.000902
FILLER_78_162,VGND,li1,80.7300,223.0400,0.000834
FILLER_78_105,VGND,li1,54.0500,223.0400,0.000574
FILLER_78_101,VGND,li1,52.9000,223.0400,0.000574
FILLER_78_83,VGND,li1,43.9300,223.0400,0.000446
FILLER_78_79,VGND,li1,42.7800,223.0400,0.000446
FILLER_78_60,VGND,li1,33.3500,223.0400,0.000313
FILLER_78_54,VGND,li1,31.7400,223.0400,0.000286
FILLER_78_25,VGND,li1,17.7100,223.0400,0.000210
FILLER_78_3,VGND,li1,8.2800,223.0400,0.000218
FILLER_77_597,VGND,li1,281.0600,223.0400,0.001584
FILLER_77_573,VGND,li1,270.4800,223.0400,0.001533
FILLER_77_561,VGND,li1,266.3400,223.0400,0.001504
FILLER_77_557,VGND,li1,262.4300,223.0400,0.001467
FILLER_77_528,VGND,li1,248.6300,223.0400,0.001342
FILLER_77_524,VGND,li1,247.4800,223.0400,0.001342
FILLER_77_512,VGND,li1,243.8000,223.0400,0.001289
FILLER_77_502,VGND,li1,236.9000,223.0400,0.001209
FILLER_77_488,VGND,li1,231.3800,223.0400,0.001164
FILLER_77_476,VGND,li1,227.2400,223.0400,0.001114
FILLER_77_464,VGND,li1,221.7200,223.0400,0.001047
FILLER_77_452,VGND,li1,216.2000,223.0400,0.000981
FILLER_77_444,VGND,li1,210.6800,223.0400,0.000906
FILLER_77_432,VGND,li1,207.0000,223.0400,0.000870
FILLER_77_411,VGND,li1,194.8100,223.0400,0.000657
FILLER_77_405,VGND,li1,193.2000,223.0400,0.000657
FILLER_77_393,VGND,li1,189.0600,223.0400,0.000573
FILLER_77_390,VGND,li1,185.3800,223.0400,0.000466
FILLER_77_364,VGND,li1,173.1900,223.0400,0.000460
FILLER_77_328,VGND,li1,156.8600,223.0400,0.000627
FILLER_77_320,VGND,li1,154.5600,223.0400,0.000655
FILLER_77_314,VGND,li1,150.4200,223.0400,0.000695
FILLER_77_279,VGND,li1,134.0900,223.0400,0.000819
FILLER_77_271,VGND,li1,132.0200,223.0400,0.000831
FILLER_77_262,VGND,li1,126.2700,223.0400,0.000865
FILLER_77_242,VGND,li1,117.7600,223.0400,0.000893
FILLER_77_167,VGND,li1,82.5700,223.0400,0.000845
FILLER_77_163,VGND,li1,81.4200,223.0400,0.000834
FILLER_77_135,VGND,li1,68.5400,223.0400,0.000741
FILLER_77_113,VGND,li1,57.7300,223.0400,0.000624
FILLER_77_81,VGND,li1,44.1600,223.0400,0.000446
FILLER_77_63,VGND,li1,34.7300,223.0400,0.000313
FILLER_77_57,VGND,li1,33.1200,223.0400,0.000286
FILLER_77_47,VGND,li1,27.3700,223.0400,0.000225
FILLER_77_41,VGND,li1,25.7600,223.0400,0.000190
FILLER_77_7,VGND,li1,8.9700,223.0400,0.000218
FILLER_77_3,VGND,li1,7.8200,223.0400,0.000218
FILLER_76_593,VGND,li1,278.5300,217.6000,0.001396
FILLER_76_589,VGND,li1,277.3800,217.6000,0.001396
FILLER_76_561,VGND,li1,264.9600,217.6000,0.001321
FILLER_76_543,VGND,li1,255.7600,217.6000,0.001251
FILLER_76_528,VGND,li1,248.6300,217.6000,0.001175
FILLER_76_520,VGND,li1,246.5600,217.6000,0.001151
FILLER_76_508,VGND,li1,241.9600,217.6000,0.001079
FILLER_76_496,VGND,li1,236.4400,217.6000,0.001019
FILLER_76_489,VGND,li1,231.3800,217.6000,0.000970
FILLER_76_477,VGND,li1,227.7000,217.6000,0.000926
FILLER_76_472,VGND,li1,223.5600,217.6000,0.000876
FILLER_76_460,VGND,li1,219.8800,217.6000,0.000832
FILLER_76_448,VGND,li1,214.3600,217.6000,0.000766
FILLER_76_426,VGND,li1,201.9400,217.6000,0.000593
FILLER_76_419,VGND,li1,198.4900,217.6000,0.000570
FILLER_76_409,VGND,li1,194.3500,217.6000,0.000517
FILLER_76_397,VGND,li1,190.9000,217.6000,0.000473
FILLER_76_376,VGND,li1,178.7100,217.6000,0.000301
FILLER_76_360,VGND,li1,172.0400,217.6000,0.000377
FILLER_76_348,VGND,li1,168.3600,217.6000,0.000416
FILLER_76_333,VGND,li1,161.4600,217.6000,0.000497
FILLER_76_309,VGND,li1,148.3500,217.6000,0.000610
FILLER_76_281,VGND,li1,135.2400,217.6000,0.000696
FILLER_76_261,VGND,li1,126.2700,217.6000,0.000746
FILLER_76_257,VGND,li1,123.9700,217.6000,0.000756
FILLER_76_253,VGND,li1,122.8200,217.6000,0.000767
FILLER_76_251,VGND,li1,121.2100,217.6000,0.000767
FILLER_76_243,VGND,li1,119.1400,217.6000,0.000774
FILLER_76_234,VGND,li1,113.3900,217.6000,0.000794
FILLER_76_197,VGND,li1,96.8300,217.6000,0.000800
FILLER_76_170,VGND,li1,84.1800,217.6000,0.000768
FILLER_76_141,VGND,li1,71.0700,217.6000,0.000700
FILLER_76_137,VGND,li1,69.2300,217.6000,0.000690
FILLER_76_94,VGND,li1,49.2200,217.6000,0.000513
FILLER_76_78,VGND,li1,42.7800,217.6000,0.000442
FILLER_76_41,VGND,li1,24.8400,217.6000,0.000189
FILLER_76_29,VGND,li1,19.7800,217.6000,0.000208
FILLER_76_18,VGND,li1,14.2600,217.6000,0.000217
FILLER_76_6,VGND,li1,8.9700,217.6000,0.000221
FILLER_75_561,VGND,li1,264.2700,217.6000,0.001321
FILLER_75_517,VGND,li1,244.7200,217.6000,0.001129
FILLER_75_505,VGND,li1,240.5800,217.6000,0.001079
FILLER_75_503,VGND,li1,237.1300,217.6000,0.001019
FILLER_75_497,VGND,li1,235.5200,217.6000,0.001019
FILLER_75_485,VGND,li1,231.3800,217.6000,0.000970
FILLER_75_473,VGND,li1,225.8600,217.6000,0.000904
FILLER_75_461,VGND,li1,220.3400,217.6000,0.000832
FILLER_75_449,VGND,li1,214.8200,217.6000,0.000766
FILLER_75_447,VGND,li1,211.3700,217.6000,0.000730
FILLER_75_439,VGND,li1,209.3000,217.6000,0.000705
FILLER_75_427,VGND,li1,204.7000,217.6000,0.000648
FILLER_75_423,VGND,li1,200.3300,217.6000,0.000593
FILLER_75_417,VGND,li1,198.7200,217.6000,0.000570
FILLER_75_405,VGND,li1,194.5800,217.6000,0.000517
FILLER_75_393,VGND,li1,189.0600,217.6000,0.000428
FILLER_75_390,VGND,li1,185.3800,217.6000,0.000401
FILLER_75_370,VGND,li1,175.9500,217.6000,0.000353
FILLER_75_358,VGND,li1,172.9600,217.6000,0.000377
FILLER_75_349,VGND,li1,166.2900,217.6000,0.000452
FILLER_75_345,VGND,li1,165.1400,217.6000,0.000452
FILLER_75_289,VGND,li1,139.3800,217.6000,0.000680
FILLER_75_274,VGND,li1,132.9400,217.6000,0.000710
FILLER_75_241,VGND,li1,116.6100,217.6000,0.000784
FILLER_75_237,VGND,li1,115.4600,217.6000,0.000784
FILLER_75_225,VGND,li1,109.7100,217.6000,0.000802
FILLER_75_222,VGND,li1,108.1000,217.6000,0.000802
FILLER_75_129,VGND,li1,65.3200,217.6000,0.000663
FILLER_75_102,VGND,li1,52.9000,217.6000,0.000557
FILLER_75_53,VGND,li1,30.5900,217.6000,0.000277
FILLER_75_37,VGND,li1,22.7700,217.6000,0.000197
FILLER_75_25,VGND,li1,17.7100,217.6000,0.000215
FILLER_75_3,VGND,li1,7.3600,217.6000,0.000221
FILLER_74_609,VGND,li1,285.8900,212.1600,0.001034
FILLER_74_598,VGND,li1,280.8300,212.1600,0.001022
FILLER_74_589,VGND,li1,277.1500,212.1600,0.001008
FILLER_74_587,VGND,li1,275.7700,212.1600,0.001008
FILLER_74_564,VGND,li1,265.6500,212.1600,0.000972
FILLER_74_556,VGND,li1,263.1200,212.1600,0.000961
FILLER_74_525,VGND,li1,247.2500,212.1600,0.000857
FILLER_74_513,VGND,li1,244.2600,212.1600,0.000843
FILLER_74_501,VGND,li1,238.7400,212.1600,0.000793
FILLER_74_489,VGND,li1,233.2200,212.1600,0.000761
FILLER_74_477,VGND,li1,227.7000,212.1600,0.000719
FILLER_74_475,VGND,li1,224.2500,212.1600,0.000682
FILLER_74_469,VGND,li1,222.6400,212.1600,0.000682
FILLER_74_457,VGND,li1,218.5000,212.1600,0.000651
FILLER_74_445,VGND,li1,212.9800,212.1600,0.000601
FILLER_74_433,VGND,li1,207.4600,212.1600,0.000568
FILLER_74_421,VGND,li1,201.9400,212.1600,0.000527
FILLER_74_417,VGND,li1,198.0300,212.1600,0.000496
FILLER_74_405,VGND,li1,194.5800,212.1600,0.000472
FILLER_74_393,VGND,li1,189.0600,212.1600,0.000431
FILLER_74_381,VGND,li1,183.5400,212.1600,0.000389
FILLER_74_373,VGND,li1,177.3300,212.1600,0.000388
FILLER_74_369,VGND,li1,176.1800,212.1600,0.000388
FILLER_74_341,VGND,li1,162.8400,212.1600,0.000670
FILLER_74_329,VGND,li1,159.6200,212.1600,0.000750
FILLER_74_288,VGND,li1,138.9200,212.1600,0.001093
FILLER_74_242,VGND,li1,117.0700,212.1600,0.001323
FILLER_74_238,VGND,li1,115.9200,212.1600,0.001323
FILLER_74_197,VGND,li1,96.3700,212.1600,0.001391
FILLER_74_139,VGND,li1,69.6900,212.1600,0.001236
FILLER_74_91,VGND,li1,47.6100,212.1600,0.000836
FILLER_74_85,VGND,li1,46.0000,212.1600,0.000836
FILLER_74_81,VGND,li1,43.4700,212.1600,0.000778
FILLER_74_45,VGND,li1,27.1400,212.1600,0.000363
FILLER_74_27,VGND,li1,18.1700,212.1600,0.000336
FILLER_74_21,VGND,li1,16.5600,212.1600,0.000336
FILLER_74_3,VGND,li1,7.3600,212.1600,0.000348
FILLER_73_614,VGND,li1,288.4200,212.1600,0.001040
FILLER_73_610,VGND,li1,286.3500,212.1600,0.001034
FILLER_73_596,VGND,li1,280.1400,212.1600,0.001016
FILLER_73_584,VGND,li1,276.9200,212.1600,0.001008
FILLER_73_571,VGND,li1,268.8700,212.1600,0.000986
FILLER_73_561,VGND,li1,264.2700,212.1600,0.000961
FILLER_73_548,VGND,li1,260.3600,212.1600,0.000948
FILLER_73_529,VGND,li1,249.5500,212.1600,0.000872
FILLER_73_517,VGND,li1,246.1000,212.1600,0.000857
FILLER_73_505,VGND,li1,240.5800,212.1600,0.000816
FILLER_73_503,VGND,li1,237.1300,212.1600,0.000778
FILLER_73_497,VGND,li1,235.5200,212.1600,0.000778
FILLER_73_485,VGND,li1,231.3800,212.1600,0.000747
FILLER_73_473,VGND,li1,225.8600,212.1600,0.000697
FILLER_73_461,VGND,li1,220.3400,212.1600,0.000664
FILLER_73_449,VGND,li1,214.8200,212.1600,0.000623
FILLER_73_436,VGND,li1,208.8400,212.1600,0.000568
FILLER_73_424,VGND,li1,203.3200,212.1600,0.000527
FILLER_73_412,VGND,li1,197.8000,212.1600,0.000496
FILLER_73_400,VGND,li1,192.2800,212.1600,0.000455
FILLER_73_393,VGND,li1,187.2200,212.1600,0.000417
FILLER_73_390,VGND,li1,185.3800,212.1600,0.000403
FILLER_73_353,VGND,li1,168.3600,212.1600,0.000556
FILLER_73_330,VGND,li1,158.7000,212.1600,0.000750
FILLER_73_246,VGND,li1,119.6000,212.1600,0.001296
FILLER_73_221,VGND,li1,107.8700,212.1600,0.001378
FILLER_73_169,VGND,li1,83.7200,212.1600,0.001330
FILLER_73_145,VGND,li1,72.6800,212.1600,0.001250
FILLER_73_69,VGND,li1,37.9500,212.1600,0.000644
FILLER_73_57,VGND,li1,32.4300,212.1600,0.000486
FILLER_73_50,VGND,li1,29.9000,212.1600,0.000437
FILLER_73_3,VGND,li1,7.1300,212.1600,0.000348
FILLER_72_629,VGND,li1,295.0900,206.7200,0.001816
FILLER_72_589,VGND,li1,277.3800,206.7200,0.001744
FILLER_72_575,VGND,li1,270.7100,206.7200,0.001669
FILLER_72_562,VGND,li1,264.5000,206.7200,0.001585
FILLER_72_554,VGND,li1,262.2000,206.7200,0.001555
FILLER_72_542,VGND,li1,257.6000,206.7200,0.001510
FILLER_72_533,VGND,li1,251.3900,206.7200,0.001406
FILLER_72_531,VGND,li1,250.0100,206.7200,0.001375
FILLER_72_525,VGND,li1,248.4000,206.7200,0.001375
FILLER_72_513,VGND,li1,244.2600,206.7200,0.001313
FILLER_72_501,VGND,li1,238.7400,206.7200,0.001212
FILLER_72_489,VGND,li1,233.2200,206.7200,0.001146
FILLER_72_477,VGND,li1,227.7000,206.7200,0.001063
FILLER_72_475,VGND,li1,224.2500,206.7200,0.000987
FILLER_72_469,VGND,li1,222.6400,206.7200,0.000987
FILLER_72_457,VGND,li1,218.5000,206.7200,0.000925
FILLER_72_445,VGND,li1,212.9800,206.7200,0.000842
FILLER_72_433,VGND,li1,207.4600,206.7200,0.000759
FILLER_72_421,VGND,li1,201.9400,206.7200,0.000676
FILLER_72_419,VGND,li1,198.4900,206.7200,0.000624
FILLER_72_411,VGND,li1,196.4200,206.7200,0.000593
FILLER_72_369,VGND,li1,175.7200,206.7200,0.000367
FILLER_72_330,VGND,li1,158.0100,206.7200,0.000534
FILLER_72_321,VGND,li1,153.4100,206.7200,0.000574
FILLER_72_309,VGND,li1,148.1200,206.7200,0.000624
FILLER_72_306,VGND,li1,146.7400,206.7200,0.000624
FILLER_72_277,VGND,li1,135.7000,206.7200,0.000697
FILLER_72_249,VGND,li1,120.7500,206.7200,0.000774
FILLER_72_206,VGND,li1,100.7400,206.7200,0.000819
FILLER_72_162,VGND,li1,80.5000,206.7200,0.000797
FILLER_72_144,VGND,li1,72.2200,206.7200,0.000772
FILLER_72_131,VGND,li1,66.0100,206.7200,0.000737
FILLER_72_101,VGND,li1,52.4400,206.7200,0.000607
FILLER_72_81,VGND,li1,43.4700,206.7200,0.000500
FILLER_72_46,VGND,li1,26.9100,206.7200,0.000248
FILLER_71_582,VGND,li1,273.4700,206.7200,0.001697
FILLER_71_578,VGND,li1,272.3200,206.7200,0.001697
FILLER_71_561,VGND,li1,264.2700,206.7200,0.001585
FILLER_71_559,VGND,li1,262.8900,206.7200,0.001585
FILLER_71_551,VGND,li1,260.8200,206.7200,0.001555
FILLER_71_529,VGND,li1,250.7000,206.7200,0.001406
FILLER_71_517,VGND,li1,246.1000,206.7200,0.001340
FILLER_71_505,VGND,li1,240.5800,206.7200,0.001257
FILLER_71_503,VGND,li1,237.1300,206.7200,0.001181
FILLER_71_497,VGND,li1,235.5200,206.7200,0.001181
FILLER_71_485,VGND,li1,231.3800,206.7200,0.001119
FILLER_71_473,VGND,li1,225.8600,206.7200,0.001018
FILLER_71_461,VGND,li1,220.3400,206.7200,0.000953
FILLER_71_449,VGND,li1,214.8200,206.7200,0.000870
FILLER_71_446,VGND,li1,211.1400,206.7200,0.000814
FILLER_71_434,VGND,li1,207.9200,206.7200,0.000759
FILLER_71_422,VGND,li1,202.4000,206.7200,0.000676
FILLER_71_410,VGND,li1,196.8800,206.7200,0.000593
FILLER_71_398,VGND,li1,191.3600,206.7200,0.000496
FILLER_71_386,VGND,li1,184.4600,206.7200,0.000406
FILLER_71_380,VGND,li1,181.0100,206.7200,0.000345
FILLER_71_337,VGND,li1,161.0000,206.7200,0.000514
FILLER_71_333,VGND,li1,159.3900,206.7200,0.000534
FILLER_71_289,VGND,li1,138.9200,206.7200,0.000678
FILLER_71_281,VGND,li1,136.6200,206.7200,0.000697
FILLER_71_279,VGND,li1,134.0900,206.7200,0.000713
FILLER_71_275,VGND,li1,132.9400,206.7200,0.000713
FILLER_71_264,VGND,li1,127.6500,206.7200,0.000743
FILLER_71_252,VGND,li1,124.2000,206.7200,0.000760
FILLER_71_222,VGND,li1,108.1000,206.7200,0.000811
FILLER_71_211,VGND,li1,103.0400,206.7200,0.000817
FILLER_71_202,VGND,li1,98.6700,206.7200,0.000820
FILLER_71_177,VGND,li1,87.6300,206.7200,0.000814
FILLER_71_165,VGND,li1,82.1100,206.7200,0.000804
FILLER_71_133,VGND,li1,66.9300,206.7200,0.000737
FILLER_71_105,VGND,li1,54.0500,206.7200,0.000635
FILLER_71_57,VGND,li1,32.2000,206.7200,0.000323
FILLER_71_52,VGND,li1,30.3600,206.7200,0.000282
FILLER_71_3,VGND,li1,7.1300,206.7200,0.000247
FILLER_70_594,VGND,li1,278.9900,201.2800,0.001117
FILLER_70_589,VGND,li1,276.9200,201.2800,0.001108
FILLER_70_561,VGND,li1,263.8100,201.2800,0.001040
FILLER_70_553,VGND,li1,261.7400,201.2800,0.001027
FILLER_70_531,VGND,li1,250.0100,201.2800,0.000935
FILLER_70_525,VGND,li1,248.4000,201.2800,0.000935
FILLER_70_513,VGND,li1,244.2600,201.2800,0.000904
FILLER_70_501,VGND,li1,238.7400,201.2800,0.000862
FILLER_70_489,VGND,li1,233.2200,201.2800,0.000810
FILLER_70_477,VGND,li1,227.7000,201.2800,0.000778
FILLER_70_475,VGND,li1,224.2500,201.2800,0.000737
FILLER_70_469,VGND,li1,222.6400,201.2800,0.000737
FILLER_70_457,VGND,li1,218.5000,201.2800,0.000702
FILLER_70_445,VGND,li1,212.9800,201.2800,0.000654
FILLER_70_433,VGND,li1,207.4600,201.2800,0.000607
FILLER_70_421,VGND,li1,201.9400,201.2800,0.000560
FILLER_70_418,VGND,li1,198.2600,201.2800,0.000528
FILLER_70_410,VGND,li1,195.9600,201.2800,0.000508
FILLER_70_384,VGND,li1,183.5400,201.2800,0.000386
FILLER_70_360,VGND,li1,172.0400,201.2800,0.000463
FILLER_70_314,VGND,li1,150.1900,201.2800,0.000823
FILLER_70_309,VGND,li1,147.8900,201.2800,0.000862
FILLER_70_286,VGND,li1,137.5400,201.2800,0.000985
FILLER_70_276,VGND,li1,132.7100,201.2800,0.001022
FILLER_70_259,VGND,li1,124.8900,201.2800,0.001079
FILLER_70_194,VGND,li1,95.2200,201.2800,0.001196
FILLER_70_179,VGND,li1,88.7800,201.2800,0.001178
FILLER_70_131,VGND,li1,66.0100,201.2800,0.000992
FILLER_70_113,VGND,li1,57.7300,201.2800,0.000849
FILLER_70_109,VGND,li1,56.5800,201.2800,0.000849
FILLER_70_82,VGND,li1,43.7000,201.2800,0.000644
FILLER_70_65,VGND,li1,35.6500,201.2800,0.000493
FILLER_70_61,VGND,li1,34.5000,201.2800,0.000457
FILLER_70_3,VGND,li1,8.2800,201.2800,0.000322
FILLER_69_561,VGND,li1,263.8100,201.2800,0.001040
FILLER_69_559,VGND,li1,262.8900,201.2800,0.001027
FILLER_69_555,VGND,li1,261.7400,201.2800,0.001027
FILLER_69_543,VGND,li1,258.0600,201.2800,0.001004
FILLER_69_537,VGND,li1,253.2300,201.2800,0.000971
FILLER_69_529,VGND,li1,250.7000,201.2800,0.000950
FILLER_69_517,VGND,li1,246.1000,201.2800,0.000917
FILLER_69_505,VGND,li1,240.5800,201.2800,0.000876
FILLER_69_502,VGND,li1,236.9000,201.2800,0.000848
FILLER_69_494,VGND,li1,234.6000,201.2800,0.000831
FILLER_69_461,VGND,li1,220.3400,201.2800,0.000717
FILLER_69_449,VGND,li1,214.8200,201.2800,0.000670
FILLER_69_445,VGND,li1,210.9100,201.2800,0.000637
FILLER_69_433,VGND,li1,207.4600,201.2800,0.000607
FILLER_69_421,VGND,li1,201.9400,201.2800,0.000560
FILLER_69_387,VGND,li1,184.0000,201.2800,0.000386
FILLER_69_379,VGND,li1,181.7000,201.2800,0.000365
FILLER_69_367,VGND,li1,177.1000,201.2800,0.000392
FILLER_69_349,VGND,li1,166.2900,201.2800,0.000565
FILLER_69_337,VGND,li1,163.3000,201.2800,0.000623
FILLER_69_333,VGND,li1,159.3900,201.2800,0.000680
FILLER_69_260,VGND,li1,126.0400,201.2800,0.001079
FILLER_69_229,VGND,li1,111.0900,201.2800,0.001156
FILLER_69_225,VGND,li1,109.9400,201.2800,0.001167
FILLER_69_206,VGND,li1,100.7400,201.2800,0.001193
FILLER_69_165,VGND,li1,82.1100,201.2800,0.001143
FILLER_69_132,VGND,li1,67.1600,201.2800,0.000992
FILLER_69_113,VGND,li1,58.1900,201.2800,0.000881
FILLER_69_108,VGND,li1,56.1200,201.2800,0.000849
FILLER_69_91,VGND,li1,47.6100,201.2800,0.000713
FILLER_68_615,VGND,li1,288.6500,195.8400,0.001484
FILLER_68_589,VGND,li1,276.9200,195.8400,0.001455
FILLER_68_587,VGND,li1,275.7700,195.8400,0.001447
FILLER_68_575,VGND,li1,272.7800,195.8400,0.001435
FILLER_68_569,VGND,li1,267.9500,195.8400,0.001409
FILLER_68_557,VGND,li1,264.5000,195.8400,0.001390
FILLER_68_545,VGND,li1,258.9800,195.8400,0.001353
FILLER_68_533,VGND,li1,253.4600,195.8400,0.001325
FILLER_68_524,VGND,li1,248.4000,195.8400,0.001296
FILLER_68_512,VGND,li1,243.8000,195.8400,0.001263
FILLER_68_500,VGND,li1,238.2800,195.8400,0.001213
FILLER_68_464,VGND,li1,219.4200,195.8400,0.001015
FILLER_68_459,VGND,li1,217.1200,195.8400,0.000983
FILLER_68_451,VGND,li1,213.2100,195.8400,0.000897
FILLER_68_445,VGND,li1,211.6000,195.8400,0.000897
FILLER_68_433,VGND,li1,207.4600,195.8400,0.000832
FILLER_68_421,VGND,li1,201.9400,195.8400,0.000746
FILLER_68_419,VGND,li1,198.4900,195.8400,0.000688
FILLER_68_386,VGND,li1,183.7700,195.8400,0.000417
FILLER_68_374,VGND,li1,180.3200,195.8400,0.000320
FILLER_68_354,VGND,li1,168.5900,195.8400,0.000443
FILLER_68_350,VGND,li1,167.4400,195.8400,0.000443
FILLER_68_338,VGND,li1,163.7600,195.8400,0.000481
FILLER_68_326,VGND,li1,158.2400,195.8400,0.000538
FILLER_68_306,VGND,li1,146.7400,195.8400,0.000629
FILLER_68_253,VGND,li1,123.2800,195.8400,0.000765
FILLER_68_251,VGND,li1,121.2100,195.8400,0.000777
FILLER_68_247,VGND,li1,120.0600,195.8400,0.000777
FILLER_68_220,VGND,li1,107.1800,195.8400,0.000810
FILLER_68_189,VGND,li1,92.6900,195.8400,0.000802
FILLER_68_141,VGND,li1,71.3000,195.8400,0.000698
FILLER_68_137,VGND,li1,69.2300,195.8400,0.000684
FILLER_68_94,VGND,li1,49.2200,195.8400,0.000492
FILLER_68_82,VGND,li1,43.7000,195.8400,0.000427
FILLER_68_72,VGND,li1,39.1000,195.8400,0.000358
FILLER_68_60,VGND,li1,35.8800,195.8400,0.000324
FILLER_68_40,VGND,li1,24.6100,195.8400,0.000169
FILLER_68_29,VGND,li1,19.3200,195.8400,0.000182
FILLER_68_22,VGND,li1,17.0200,195.8400,0.000186
FILLER_68_3,VGND,li1,7.5900,195.8400,0.000192
FILLER_67_629,VGND,li1,295.0900,195.8400,0.001490
FILLER_67_569,VGND,li1,270.0200,195.8400,0.001420
FILLER_67_559,VGND,li1,262.8900,195.8400,0.001374
FILLER_67_555,VGND,li1,261.7400,195.8400,0.001374
FILLER_67_543,VGND,li1,258.0600,195.8400,0.001353
FILLER_67_520,VGND,li1,246.1000,195.8400,0.001280
FILLER_67_508,VGND,li1,241.9600,195.8400,0.001250
FILLER_67_449,VGND,li1,212.5200,195.8400,0.000897
FILLER_67_447,VGND,li1,211.3700,195.8400,0.000868
FILLER_67_441,VGND,li1,209.7600,195.8400,0.000868
FILLER_67_409,VGND,li1,193.8900,195.8400,0.000610
FILLER_67_391,VGND,li1,185.6100,195.8400,0.000457
FILLER_67_324,VGND,li1,157.3200,195.8400,0.000538
FILLER_67_306,VGND,li1,146.5100,195.8400,0.000629
FILLER_67_249,VGND,li1,121.4400,195.8400,0.000777
FILLER_67_216,VGND,li1,106.7200,195.8400,0.000810
FILLER_67_186,VGND,li1,91.5400,195.8400,0.000802
FILLER_67_178,VGND,li1,89.2400,195.8400,0.000793
FILLER_67_142,VGND,li1,71.0700,195.8400,0.000698
FILLER_67_103,VGND,li1,53.1300,195.8400,0.000521
FILLER_67_76,VGND,li1,40.9400,195.8400,0.000392
FILLER_67_65,VGND,li1,35.8800,195.8400,0.000324
FILLER_67_57,VGND,li1,33.5800,195.8400,0.000293
FILLER_67_54,VGND,li1,30.8200,195.8400,0.000256
FILLER_67_46,VGND,li1,28.5200,195.8400,0.000208
FILLER_67_26,VGND,li1,20.2400,195.8400,0.000182
FILLER_66_589,VGND,li1,276.6900,190.4000,0.001903
FILLER_66_585,VGND,li1,275.3100,190.4000,0.001903
FILLER_66_578,VGND,li1,272.3200,190.4000,0.001891
FILLER_66_545,VGND,li1,256.4500,190.4000,0.001780
FILLER_66_541,VGND,li1,255.3000,190.4000,0.001780
FILLER_66_531,VGND,li1,250.0100,190.4000,0.001734
FILLER_66_527,VGND,li1,248.8600,190.4000,0.001708
FILLER_66_503,VGND,li1,238.7400,190.4000,0.001618
FILLER_66_477,VGND,li1,225.1700,190.4000,0.001411
FILLER_66_472,VGND,li1,223.5600,190.4000,0.001411
FILLER_66_437,VGND,li1,207.9200,190.4000,0.001131
FILLER_66_427,VGND,li1,202.1700,190.4000,0.000991
FILLER_66_418,VGND,li1,198.2600,190.4000,0.000898
FILLER_66_346,VGND,li1,165.1400,190.4000,0.000533
FILLER_66_338,VGND,li1,162.8400,190.4000,0.000562
FILLER_66_296,VGND,li1,142.3700,190.4000,0.000709
FILLER_66_286,VGND,li1,137.5400,190.4000,0.000733
FILLER_66_253,VGND,li1,122.3600,190.4000,0.000782
FILLER_66_245,VGND,li1,118.4500,190.4000,0.000786
FILLER_66_239,VGND,li1,116.8400,190.4000,0.000786
FILLER_66_227,VGND,li1,112.7000,190.4000,0.000785
FILLER_66_216,VGND,li1,105.5700,190.4000,0.000779
FILLER_66_205,VGND,li1,100.5100,190.4000,0.000771
FILLER_66_197,VGND,li1,97.9800,190.4000,0.000761
FILLER_66_195,VGND,li1,95.4500,190.4000,0.000751
FILLER_66_191,VGND,li1,94.3000,190.4000,0.000751
FILLER_66_179,VGND,li1,90.6200,190.4000,0.000729
FILLER_66_141,VGND,li1,70.6100,190.4000,0.000629
FILLER_66_139,VGND,li1,69.6900,190.4000,0.000629
FILLER_66_133,VGND,li1,68.0800,190.4000,0.000616
FILLER_66_102,VGND,li1,53.8200,190.4000,0.000488
FILLER_66_85,VGND,li1,44.8500,190.4000,0.000407
FILLER_66_83,VGND,li1,43.9300,190.4000,0.000383
FILLER_66_77,VGND,li1,42.3200,190.4000,0.000383
FILLER_66_49,VGND,li1,28.9800,190.4000,0.000208
FILLER_66_37,VGND,li1,25.3000,190.4000,0.000163
FILLER_66_26,VGND,li1,17.9400,190.4000,0.000177
FILLER_66_18,VGND,li1,15.6400,190.4000,0.000180
FILLER_66_6,VGND,li1,8.9700,190.4000,0.000185
FILLER_65_570,VGND,li1,268.1800,190.4000,0.001869
FILLER_65_556,VGND,li1,262.2000,190.4000,0.001832
FILLER_65_538,VGND,li1,253.4600,190.4000,0.001757
FILLER_65_479,VGND,li1,226.0900,190.4000,0.001450
FILLER_65_459,VGND,li1,218.5000,190.4000,0.001327
FILLER_65_447,VGND,li1,211.3700,190.4000,0.001198
FILLER_65_439,VGND,li1,209.3000,190.4000,0.001131
FILLER_65_427,VGND,li1,202.1700,190.4000,0.000991
FILLER_65_391,VGND,li1,185.6100,190.4000,0.000617
FILLER_65_353,VGND,li1,168.1300,190.4000,0.000503
FILLER_65_345,VGND,li1,166.0600,190.4000,0.000533
FILLER_65_333,VGND,li1,159.3900,190.4000,0.000591
FILLER_65_290,VGND,li1,140.3000,190.4000,0.000722
FILLER_65_279,VGND,li1,134.0900,190.4000,0.000752
FILLER_65_275,VGND,li1,132.9400,190.4000,0.000752
FILLER_65_262,VGND,li1,126.9600,190.4000,0.000772
FILLER_65_253,VGND,li1,122.1300,190.4000,0.000782
FILLER_65_249,VGND,li1,120.9800,190.4000,0.000786
FILLER_65_233,VGND,li1,114.5400,190.4000,0.000785
FILLER_65_221,VGND,li1,107.8700,190.4000,0.000782
FILLER_65_207,VGND,li1,100.9700,190.4000,0.000771
FILLER_65_181,VGND,li1,89.0100,190.4000,0.000729
FILLER_65_169,VGND,li1,86.0200,190.4000,0.000717
FILLER_65_167,VGND,li1,82.5700,190.4000,0.000695
FILLER_65_161,VGND,li1,80.9600,190.4000,0.000695
FILLER_65_152,VGND,li1,75.6700,190.4000,0.000661
FILLER_65_148,VGND,li1,74.5200,190.4000,0.000661
FILLER_65_121,VGND,li1,62.1000,190.4000,0.000574
FILLER_65_113,VGND,li1,58.4200,190.4000,0.000545
FILLER_65_108,VGND,li1,56.1200,190.4000,0.000523
FILLER_65_96,VGND,li1,52.4400,190.4000,0.000488
FILLER_65_73,VGND,li1,39.5600,190.4000,0.000352
FILLER_65_54,VGND,li1,30.8200,190.4000,0.000242
FILLER_65_42,VGND,li1,25.5300,190.4000,0.000163
FILLER_65_3,VGND,li1,8.2800,190.4000,0.000185
FILLER_64_610,VGND,li1,286.3500,184.9600,0.001701
FILLER_64_601,VGND,li1,282.2100,184.9600,0.001688
FILLER_64_589,VGND,li1,277.1500,184.9600,0.001668
FILLER_64_542,VGND,li1,255.7600,184.9600,0.001536
FILLER_64_531,VGND,li1,250.0100,184.9600,0.001487
FILLER_64_470,VGND,li1,221.9500,184.9600,0.001154
FILLER_64_461,VGND,li1,217.8100,184.9600,0.001114
FILLER_64_457,VGND,li1,215.9700,184.9600,0.001087
FILLER_64_449,VGND,li1,213.9000,184.9600,0.001053
FILLER_64_437,VGND,li1,209.3000,184.9600,0.000980
FILLER_64_402,VGND,li1,190.6700,184.9600,0.000661
FILLER_64_381,VGND,li1,181.0100,184.9600,0.000467
FILLER_64_362,VGND,li1,172.5000,184.9600,0.000455
FILLER_64_351,VGND,li1,167.4400,184.9600,0.000530
FILLER_64_339,VGND,li1,164.2200,184.9600,0.000600
FILLER_64_309,VGND,li1,149.0400,184.9600,0.000802
FILLER_64_291,VGND,li1,139.6100,184.9600,0.000891
FILLER_64_269,VGND,li1,129.7200,184.9600,0.000964
FILLER_64_231,VGND,li1,112.2400,184.9600,0.001021
FILLER_64_193,VGND,li1,94.9900,184.9600,0.001021
FILLER_64_185,VGND,li1,92.4600,184.9600,0.001015
FILLER_64_157,VGND,li1,77.9700,184.9600,0.000944
FILLER_64_149,VGND,li1,75.9000,184.9600,0.000931
FILLER_64_136,VGND,li1,69.0000,184.9600,0.000891
FILLER_64_115,VGND,li1,58.8800,184.9600,0.000791
FILLER_64_101,VGND,li1,53.3600,184.9600,0.000725
FILLER_64_81,VGND,li1,43.4700,184.9600,0.000592
FILLER_64_3,VGND,li1,7.1300,184.9600,0.000259
FILLER_63_578,VGND,li1,271.8600,184.9600,0.001641
FILLER_63_570,VGND,li1,269.5600,184.9600,0.001629
FILLER_63_559,VGND,li1,262.8900,184.9600,0.001577
FILLER_63_553,VGND,li1,261.2800,184.9600,0.001577
FILLER_63_536,VGND,li1,252.3100,184.9600,0.001507
FILLER_63_530,VGND,li1,250.7000,184.9600,0.001487
FILLER_63_498,VGND,li1,235.9800,184.9600,0.001348
FILLER_63_490,VGND,li1,231.6100,184.9600,0.001298
FILLER_63_470,VGND,li1,222.6400,184.9600,0.001184
FILLER_63_402,VGND,li1,190.6700,184.9600,0.000661
FILLER_63_391,VGND,li1,185.6100,184.9600,0.000537
FILLER_63_380,VGND,li1,181.7000,184.9600,0.000467
FILLER_63_368,VGND,li1,177.5600,184.9600,0.000383
FILLER_63_357,VGND,li1,171.5800,184.9600,0.000492
FILLER_63_351,VGND,li1,167.6700,184.9600,0.000530
FILLER_63_341,VGND,li1,162.6100,184.9600,0.000600
FILLER_63_337,VGND,li1,161.4600,184.9600,0.000633
FILLER_63_324,VGND,li1,155.4800,184.9600,0.000700
FILLER_63_314,VGND,li1,150.1900,184.9600,0.000769
FILLER_63_304,VGND,li1,145.8200,184.9600,0.000835
FILLER_63_281,VGND,li1,135.0100,184.9600,0.000932
FILLER_63_270,VGND,li1,129.9500,184.9600,0.000964
FILLER_63_266,VGND,li1,128.8000,184.9600,0.000964
FILLER_63_225,VGND,li1,109.9400,184.9600,0.001026
FILLER_63_191,VGND,li1,93.6100,184.9600,0.001015
FILLER_63_185,VGND,li1,92.0000,184.9600,0.001015
FILLER_63_150,VGND,li1,74.7500,184.9600,0.000931
FILLER_63_113,VGND,li1,58.1900,184.9600,0.000764
FILLER_63_57,VGND,li1,31.9700,184.9600,0.000388
FILLER_63_39,VGND,li1,23.6900,184.9600,0.000235
FILLER_63_3,VGND,li1,8.2800,184.9600,0.000259
FILLER_62_628,VGND,li1,294.8600,179.5200,0.001692
FILLER_62_592,VGND,li1,278.5300,179.5200,0.001645
FILLER_62_580,VGND,li1,274.1600,179.5200,0.001615
FILLER_62_568,VGND,li1,269.5600,179.5200,0.001595
FILLER_62_541,VGND,li1,254.6100,179.5200,0.001498
FILLER_62_533,VGND,li1,252.5400,179.5200,0.001480
FILLER_62_531,VGND,li1,250.0100,179.5200,0.001458
FILLER_62_525,VGND,li1,248.4000,179.5200,0.001439
FILLER_62_503,VGND,li1,238.2800,179.5200,0.001305
FILLER_62_477,VGND,li1,225.6300,179.5200,0.001150
FILLER_62_472,VGND,li1,223.5600,179.5200,0.001119
FILLER_62_450,VGND,li1,212.7500,179.5200,0.000950
FILLER_62_446,VGND,li1,211.6000,179.5200,0.000910
FILLER_62_416,VGND,li1,197.8000,179.5200,0.000690
FILLER_62_381,VGND,li1,182.6200,179.5200,0.000428
FILLER_62_363,VGND,li1,172.7300,179.5200,0.000446
FILLER_62_319,VGND,li1,153.6400,179.5200,0.000669
FILLER_62_309,VGND,li1,148.1200,179.5200,0.000723
FILLER_62_307,VGND,li1,146.9700,179.5200,0.000723
FILLER_62_299,VGND,li1,144.9000,179.5200,0.000743
FILLER_62_275,VGND,li1,132.2500,179.5200,0.000835
FILLER_62_269,VGND,li1,130.6400,179.5200,0.000835
FILLER_62_251,VGND,li1,121.2100,179.5200,0.000883
FILLER_62_233,VGND,li1,113.1600,179.5200,0.000913
FILLER_62_197,VGND,li1,97.5200,179.5200,0.000930
FILLER_62_194,VGND,li1,95.2200,179.5200,0.000929
FILLER_62_144,VGND,li1,72.6800,179.5200,0.000811
FILLER_62_109,VGND,li1,57.0400,179.5200,0.000642
FILLER_62_85,VGND,li1,45.3100,179.5200,0.000501
FILLER_62_72,VGND,li1,39.3300,179.5200,0.000429
FILLER_62_29,VGND,li1,20.2400,179.5200,0.000218
FILLER_62_3,VGND,li1,7.1300,179.5200,0.000238
FILLER_61_595,VGND,li1,279.4500,179.5200,0.001645
FILLER_61_587,VGND,li1,277.3800,179.5200,0.001633
FILLER_61_575,VGND,li1,272.7800,179.5200,0.001615
FILLER_61_561,VGND,li1,263.8100,179.5200,0.001558
FILLER_61_558,VGND,li1,262.6600,179.5200,0.001558
FILLER_61_541,VGND,li1,254.6100,179.5200,0.001498
FILLER_61_535,VGND,li1,253.0000,179.5200,0.001480
FILLER_61_505,VGND,li1,238.7400,179.5200,0.001331
FILLER_61_501,VGND,li1,236.6700,179.5200,0.001305
FILLER_61_493,VGND,li1,232.5300,179.5200,0.001249
FILLER_61_483,VGND,li1,227.9300,179.5200,0.001184
FILLER_61_472,VGND,li1,223.5600,179.5200,0.001119
FILLER_61_447,VGND,li1,211.3700,179.5200,0.000910
FILLER_61_443,VGND,li1,210.2200,179.5200,0.000910
FILLER_61_415,VGND,li1,196.8800,179.5200,0.000690
FILLER_61_405,VGND,li1,192.0500,179.5200,0.000607
FILLER_61_393,VGND,li1,186.9900,179.5200,0.000516
FILLER_61_388,VGND,li1,184.9200,179.5200,0.000478
FILLER_61_351,VGND,li1,167.9000,179.5200,0.000512
FILLER_61_315,VGND,li1,150.6500,179.5200,0.000696
FILLER_61_297,VGND,li1,142.3700,179.5200,0.000766
FILLER_61_293,VGND,li1,141.2200,179.5200,0.000766
FILLER_61_281,VGND,li1,137.5400,179.5200,0.000796
FILLER_61_279,VGND,li1,134.0900,179.5200,0.000814
FILLER_61_259,VGND,li1,125.3500,179.5200,0.000865
FILLER_61_232,VGND,li1,112.4700,179.5200,0.000913
FILLER_61_222,VGND,li1,108.1000,179.5200,0.000923
FILLER_61_185,VGND,li1,91.0800,179.5200,0.000918
FILLER_61_151,VGND,li1,75.2100,179.5200,0.000831
FILLER_61_113,VGND,li1,57.7300,179.5200,0.000665
FILLER_61_111,VGND,li1,56.8100,179.5200,0.000642
FILLER_61_107,VGND,li1,55.6600,179.5200,0.000642
FILLER_61_73,VGND,li1,39.5600,179.5200,0.000429
FILLER_61_38,VGND,li1,23.2300,179.5200,0.000210
FILLER_61_32,VGND,li1,21.6200,179.5200,0.000218
FILLER_61_6,VGND,li1,8.5100,179.5200,0.000238
FILLER_60_627,VGND,li1,294.6300,174.0800,0.002313
FILLER_60_600,VGND,li1,281.9800,174.0800,0.002286
FILLER_60_587,VGND,li1,275.7700,174.0800,0.002248
FILLER_60_579,VGND,li1,273.7000,174.0800,0.002233
FILLER_60_531,VGND,li1,250.0100,174.0800,0.001951
FILLER_60_493,VGND,li1,232.5300,174.0800,0.001661
FILLER_60_474,VGND,li1,224.0200,174.0800,0.001504
FILLER_60_452,VGND,li1,214.8200,174.0800,0.001310
FILLER_60_421,VGND,li1,200.1000,174.0800,0.001020
FILLER_60_418,VGND,li1,198.2600,174.0800,0.000963
FILLER_60_381,VGND,li1,181.7000,174.0800,0.000554
FILLER_60_346,VGND,li1,165.1400,174.0800,0.000609
FILLER_60_334,VGND,li1,159.3900,174.0800,0.000675
FILLER_60_282,VGND,li1,135.4700,174.0800,0.000878
FILLER_60_274,VGND,li1,133.4000,174.0800,0.000894
FILLER_60_243,VGND,li1,117.5300,174.0800,0.000966
FILLER_60_205,VGND,li1,100.5100,174.0800,0.000963
FILLER_60_197,VGND,li1,97.9800,174.0800,0.000957
FILLER_60_195,VGND,li1,95.4500,174.0800,0.000947
FILLER_60_178,VGND,li1,87.6300,174.0800,0.000913
FILLER_60_149,VGND,li1,74.7500,174.0800,0.000839
FILLER_60_137,VGND,li1,69.2300,174.0800,0.000791
FILLER_60_120,VGND,li1,60.9500,174.0800,0.000728
FILLER_60_85,VGND,li1,45.3100,174.0800,0.000562
FILLER_60_63,VGND,li1,35.4200,174.0800,0.000447
FILLER_60_46,VGND,li1,26.9100,174.0800,0.000287
FILLER_60_40,VGND,li1,25.3000,174.0800,0.000249
FILLER_60_18,VGND,li1,14.2600,174.0800,0.000286
FILLER_60_3,VGND,li1,7.3600,174.0800,0.000296
FILLER_59_609,VGND,li1,285.8900,174.0800,0.002299
FILLER_59_590,VGND,li1,277.6100,174.0800,0.002269
FILLER_59_505,VGND,li1,238.2800,174.0800,0.001750
FILLER_59_499,VGND,li1,235.2900,174.0800,0.001710
FILLER_59_457,VGND,li1,217.1200,174.0800,0.001372
FILLER_59_445,VGND,li1,210.9100,174.0800,0.001252
FILLER_59_416,VGND,li1,197.8000,174.0800,0.000963
FILLER_59_393,VGND,li1,186.7600,174.0800,0.000669
FILLER_59_345,VGND,li1,164.4500,174.0800,0.000609
FILLER_59_285,VGND,li1,136.8500,174.0800,0.000878
FILLER_59_281,VGND,li1,135.7000,174.0800,0.000878
FILLER_59_279,VGND,li1,134.0900,174.0800,0.000894
FILLER_59_275,VGND,li1,132.9400,174.0800,0.000894
FILLER_59_256,VGND,li1,123.9700,174.0800,0.000942
FILLER_59_241,VGND,li1,117.7600,174.0800,0.000966
FILLER_59_223,VGND,li1,108.3300,174.0800,0.000982
FILLER_59_213,VGND,li1,103.7300,174.0800,0.000972
FILLER_59_186,VGND,li1,91.3100,174.0800,0.000924
FILLER_59_182,VGND,li1,90.1600,174.0800,0.000924
FILLER_59_173,VGND,li1,85.3300,174.0800,0.000902
FILLER_59_169,VGND,li1,84.1800,174.0800,0.000890
FILLER_59_159,VGND,li1,78.8900,174.0800,0.000866
FILLER_59_151,VGND,li1,76.8200,174.0800,0.000853
FILLER_59_139,VGND,li1,72.2200,174.0800,0.000823
FILLER_59_113,VGND,li1,57.7300,174.0800,0.000705
FILLER_59_83,VGND,li1,45.0800,174.0800,0.000562
FILLER_59_39,VGND,li1,23.6900,174.0800,0.000249
FILLER_59_21,VGND,li1,15.6400,174.0800,0.000286
FILLER_59_3,VGND,li1,7.3600,174.0800,0.000296
FILLER_58_629,VGND,li1,295.0900,168.6400,0.002037
FILLER_58_595,VGND,li1,279.4500,168.6400,0.002009
FILLER_58_529,VGND,li1,249.5500,168.6400,0.001818
FILLER_58_486,VGND,li1,229.7700,168.6400,0.001544
FILLER_58_477,VGND,li1,225.1700,168.6400,0.001464
FILLER_58_473,VGND,li1,223.7900,168.6400,0.001427
FILLER_58_464,VGND,li1,219.1900,168.6400,0.001331
FILLER_58_460,VGND,li1,218.0400,168.6400,0.001331
FILLER_58_419,VGND,li1,198.4900,168.6400,0.000924
FILLER_58_378,VGND,li1,179.6300,168.6400,0.000413
FILLER_58_374,VGND,li1,178.4800,168.6400,0.000413
FILLER_58_363,VGND,li1,172.7300,168.6400,0.000486
FILLER_58_343,VGND,li1,164.2200,168.6400,0.000564
FILLER_58_338,VGND,li1,161.4600,168.6400,0.000580
FILLER_58_312,VGND,li1,149.5000,168.6400,0.000678
FILLER_58_274,VGND,li1,132.9400,168.6400,0.000792
FILLER_58_234,VGND,li1,113.6200,168.6400,0.000854
FILLER_58_194,VGND,li1,95.2200,168.6400,0.000860
FILLER_58_173,VGND,li1,85.3300,168.6400,0.000838
FILLER_58_167,VGND,li1,83.7200,168.6400,0.000826
FILLER_58_149,VGND,li1,74.2900,168.6400,0.000794
FILLER_58_127,VGND,li1,64.8600,168.6400,0.000737
FILLER_58_96,VGND,li1,50.3700,168.6400,0.000583
FILLER_58_85,VGND,li1,45.0800,168.6400,0.000505
FILLER_58_54,VGND,li1,31.2800,168.6400,0.000304
FILLER_58_11,VGND,li1,10.8100,168.6400,0.000215
FILLER_58_3,VGND,li1,8.7400,168.6400,0.000215
FILLER_57_620,VGND,li1,291.1800,168.6400,0.002036
FILLER_57_577,VGND,li1,271.1700,168.6400,0.001974
FILLER_57_559,VGND,li1,262.8900,168.6400,0.001930
FILLER_57_547,VGND,li1,258.0600,168.6400,0.001881
FILLER_57_521,VGND,li1,245.6400,168.6400,0.001751
FILLER_57_503,VGND,li1,237.1300,168.6400,0.001656
FILLER_57_495,VGND,li1,235.0600,168.6400,0.001627
FILLER_57_459,VGND,li1,218.0400,168.6400,0.001331
FILLER_57_449,VGND,li1,212.5200,168.6400,0.001209
FILLER_57_415,VGND,li1,196.6500,168.6400,0.000881
FILLER_57_411,VGND,li1,195.5000,168.6400,0.000834
FILLER_57_390,VGND,li1,185.3800,168.6400,0.000616
FILLER_57_377,VGND,li1,179.4000,168.6400,0.000413
FILLER_57_365,VGND,li1,176.1800,168.6400,0.000445
FILLER_57_349,VGND,li1,167.9000,168.6400,0.000523
FILLER_57_337,VGND,li1,163.3000,168.6400,0.000564
FILLER_57_333,VGND,li1,159.3900,168.6400,0.000601
FILLER_57_321,VGND,li1,155.9400,168.6400,0.000628
FILLER_57_311,VGND,li1,148.8100,168.6400,0.000694
FILLER_57_305,VGND,li1,147.2000,168.6400,0.000694
FILLER_57_293,VGND,li1,143.0600,168.6400,0.000722
FILLER_57_281,VGND,li1,137.5400,168.6400,0.000759
FILLER_57_278,VGND,li1,133.8600,168.6400,0.000779
FILLER_57_252,VGND,li1,121.9000,168.6400,0.000833
FILLER_57_234,VGND,li1,113.6200,168.6400,0.000854
FILLER_57_196,VGND,li1,96.3700,168.6400,0.000863
FILLER_57_187,VGND,li1,91.7700,168.6400,0.000856
FILLER_57_165,VGND,li1,82.1100,168.6400,0.000826
FILLER_57_146,VGND,li1,73.3700,168.6400,0.000783
FILLER_57_113,VGND,li1,57.7300,168.6400,0.000653
FILLER_57_108,VGND,li1,56.1200,168.6400,0.000653
FILLER_57_66,VGND,li1,36.1100,168.6400,0.000383
FILLER_57_23,VGND,li1,16.7900,168.6400,0.000212
FILLER_57_15,VGND,li1,14.2600,168.6400,0.000215
FILLER_57_3,VGND,li1,9.6600,168.6400,0.000215
FILLER_56_628,VGND,li1,294.8600,163.2000,0.001862
FILLER_56_599,VGND,li1,281.2900,163.2000,0.001831
FILLER_56_577,VGND,li1,271.1700,163.2000,0.001783
FILLER_56_569,VGND,li1,269.1000,163.2000,0.001770
FILLER_56_557,VGND,li1,264.5000,163.2000,0.001741
FILLER_56_533,VGND,li1,252.5400,163.2000,0.001654
FILLER_56_531,VGND,li1,250.0100,163.2000,0.001616
FILLER_56_527,VGND,li1,248.8600,163.2000,0.001616
FILLER_56_507,VGND,li1,239.6600,163.2000,0.001494
FILLER_56_495,VGND,li1,235.9800,163.2000,0.001428
FILLER_56_447,VGND,li1,212.0600,163.2000,0.001042
FILLER_56_429,VGND,li1,203.3200,163.2000,0.000850
FILLER_56_421,VGND,li1,200.1000,163.2000,0.000814
FILLER_56_419,VGND,li1,198.4900,163.2000,0.000759
FILLER_56_415,VGND,li1,197.3400,163.2000,0.000759
FILLER_56_371,VGND,li1,178.9400,163.2000,0.000361
FILLER_56_363,VGND,li1,172.7300,163.2000,0.000434
FILLER_56_333,VGND,li1,158.9300,163.2000,0.000582
FILLER_56_329,VGND,li1,157.7800,163.2000,0.000582
FILLER_56_309,VGND,li1,148.3500,163.2000,0.000655
FILLER_56_307,VGND,li1,146.9700,163.2000,0.000672
FILLER_56_303,VGND,li1,145.8200,163.2000,0.000672
FILLER_56_291,VGND,li1,142.1400,163.2000,0.000696
FILLER_56_282,VGND,li1,135.4700,163.2000,0.000737
FILLER_56_278,VGND,li1,134.3200,163.2000,0.000747
FILLER_56_268,VGND,li1,129.2600,163.2000,0.000770
FILLER_56_253,VGND,li1,123.2800,163.2000,0.000798
FILLER_56_240,VGND,li1,116.6100,163.2000,0.000811
FILLER_56_232,VGND,li1,114.0800,163.2000,0.000818
FILLER_56_223,VGND,li1,108.3300,163.2000,0.000829
FILLER_56_205,VGND,li1,100.0500,163.2000,0.000836
FILLER_56_201,VGND,li1,98.9000,163.2000,0.000836
FILLER_56_188,VGND,li1,93.8400,163.2000,0.000835
FILLER_56_145,VGND,li1,72.6800,163.2000,0.000753
FILLER_56_137,VGND,li1,69.2300,163.2000,0.000739
FILLER_56_126,VGND,li1,63.7100,163.2000,0.000694
FILLER_56_80,VGND,li1,43.2400,163.2000,0.000462
FILLER_56_63,VGND,li1,34.7300,163.2000,0.000347
FILLER_56_57,VGND,li1,33.1200,163.2000,0.000317
FILLER_56_39,VGND,li1,23.9200,163.2000,0.000177
FILLER_56_29,VGND,li1,19.3200,163.2000,0.000184
FILLER_56_25,VGND,li1,17.7100,163.2000,0.000184
FILLER_56_14,VGND,li1,12.6500,163.2000,0.000187
FILLER_56_6,VGND,li1,10.1200,163.2000,0.000188
FILLER_55_601,VGND,li1,282.2100,163.2000,0.001831
FILLER_55_573,VGND,li1,270.0200,163.2000,0.001770
FILLER_55_561,VGND,li1,266.3400,163.2000,0.001752
FILLER_55_557,VGND,li1,262.4300,163.2000,0.001728
FILLER_55_549,VGND,li1,259.9000,163.2000,0.001712
FILLER_55_534,VGND,li1,251.6200,163.2000,0.001634
FILLER_55_522,VGND,li1,245.8700,163.2000,0.001580
FILLER_55_503,VGND,li1,237.1300,163.2000,0.001458
FILLER_55_449,VGND,li1,212.2900,163.2000,0.001042
FILLER_55_436,VGND,li1,208.8400,163.2000,0.000959
FILLER_55_424,VGND,li1,203.3200,163.2000,0.000850
FILLER_55_399,VGND,li1,189.2900,163.2000,0.000561
FILLER_55_393,VGND,li1,187.6800,163.2000,0.000561
FILLER_55_337,VGND,li1,161.2300,163.2000,0.000564
FILLER_55_335,VGND,li1,159.8500,163.2000,0.000564
FILLER_55_329,VGND,li1,158.2400,163.2000,0.000582
FILLER_55_290,VGND,li1,140.3000,163.2000,0.000708
FILLER_55_277,VGND,li1,133.6300,163.2000,0.000747
FILLER_55_242,VGND,li1,118.6800,163.2000,0.000806
FILLER_55_223,VGND,li1,108.3300,163.2000,0.000829
FILLER_55_219,VGND,li1,107.1800,163.2000,0.000832
FILLER_55_151,VGND,li1,75.2100,163.2000,0.000776
FILLER_55_113,VGND,li1,57.7300,163.2000,0.000625
FILLER_55_110,VGND,li1,56.5800,163.2000,0.000625
FILLER_55_76,VGND,li1,40.7100,163.2000,0.000431
FILLER_55_70,VGND,li1,39.1000,163.2000,0.000403
FILLER_55_57,VGND,li1,32.6600,163.2000,0.000317
FILLER_55_53,VGND,li1,30.5900,163.2000,0.000286
FILLER_55_43,VGND,li1,25.5300,163.2000,0.000210
FILLER_55_35,VGND,li1,23.4600,163.2000,0.000177
FILLER_55_3,VGND,li1,8.2800,163.2000,0.000188
FILLER_54_561,VGND,li1,264.9600,157.7600,0.001986
FILLER_54_539,VGND,li1,253.9200,157.7600,0.001899
FILLER_54_527,VGND,li1,248.1700,157.7600,0.001837
FILLER_54_515,VGND,li1,245.1800,157.7600,0.001798
FILLER_54_477,VGND,li1,226.3200,157.7600,0.001483
FILLER_54_472,VGND,li1,223.5600,157.7600,0.001446
FILLER_54_451,VGND,li1,213.2100,157.7600,0.001269
FILLER_54_433,VGND,li1,204.9300,157.7600,0.001072
FILLER_54_429,VGND,li1,203.7800,157.7600,0.001072
FILLER_54_419,VGND,li1,198.4900,157.7600,0.000931
FILLER_54_415,VGND,li1,197.3400,157.7600,0.000931
FILLER_54_358,VGND,li1,171.5800,157.7600,0.000590
FILLER_54_309,VGND,li1,149.0400,157.7600,0.001008
FILLER_54_289,VGND,li1,139.1500,157.7600,0.001062
FILLER_54_253,VGND,li1,123.2800,157.7600,0.001077
FILLER_54_251,VGND,li1,121.2100,157.7600,0.001075
FILLER_54_243,VGND,li1,119.1400,157.7600,0.001071
FILLER_54_209,VGND,li1,101.8900,157.7600,0.001018
FILLER_54_197,VGND,li1,96.8300,157.7600,0.000987
FILLER_54_192,VGND,li1,94.7600,157.7600,0.000976
FILLER_54_180,VGND,li1,91.0800,157.7600,0.000958
FILLER_54_158,VGND,li1,78.4300,157.7600,0.000860
FILLER_54_150,VGND,li1,76.3600,157.7600,0.000834
FILLER_54_112,VGND,li1,57.2700,157.7600,0.000648
FILLER_54_100,VGND,li1,54.2800,157.7600,0.000619
FILLER_54_85,VGND,li1,46.0000,157.7600,0.000516
FILLER_54_83,VGND,li1,43.9300,157.7600,0.000473
FILLER_54_79,VGND,li1,42.7800,157.7600,0.000473
FILLER_54_53,VGND,li1,30.1300,157.7600,0.000287
FILLER_54_45,VGND,li1,28.0600,157.7600,0.000254
FILLER_54_27,VGND,li1,18.1700,157.7600,0.000234
FILLER_54_21,VGND,li1,16.5600,157.7600,0.000234
FILLER_54_3,VGND,li1,7.3600,157.7600,0.000246
FILLER_53_604,VGND,li1,283.5900,157.7600,0.002071
FILLER_53_590,VGND,li1,278.7600,157.7600,0.002053
FILLER_53_579,VGND,li1,272.3200,157.7600,0.002024
FILLER_53_567,VGND,li1,269.1000,157.7600,0.002011
FILLER_53_558,VGND,li1,262.6600,157.7600,0.001971
FILLER_53_521,VGND,li1,246.1000,157.7600,0.001798
FILLER_53_337,VGND,li1,162.3800,157.7600,0.000798
FILLER_53_330,VGND,li1,158.7000,157.7600,0.000847
FILLER_53_292,VGND,li1,140.3000,157.7600,0.001062
FILLER_53_223,VGND,li1,108.3300,157.7600,0.001041
FILLER_53_219,VGND,li1,107.1800,157.7600,0.001041
FILLER_53_191,VGND,li1,94.0700,157.7600,0.000976
FILLER_53_183,VGND,li1,91.5400,157.7600,0.000958
FILLER_53_169,VGND,li1,85.1000,157.7600,0.000916
FILLER_53_166,VGND,li1,82.3400,157.7600,0.000894
FILLER_53_158,VGND,li1,80.0400,157.7600,0.000860
FILLER_53_146,VGND,li1,75.4400,157.7600,0.000834
FILLER_53_132,VGND,li1,67.6200,157.7600,0.000751
FILLER_53_113,VGND,li1,57.9600,157.7600,0.000648
FILLER_53_111,VGND,li1,56.8100,157.7600,0.000648
FILLER_53_53,VGND,li1,30.5900,157.7600,0.000287
FILLER_53_6,VGND,li1,8.7400,157.7600,0.000246
FILLER_52_629,VGND,li1,295.0900,152.3200,0.001461
FILLER_52_608,VGND,li1,285.4300,152.3200,0.001448
FILLER_52_604,VGND,li1,284.2800,152.3200,0.001440
FILLER_52_589,VGND,li1,277.8400,152.3200,0.001417
FILLER_52_587,VGND,li1,275.7700,152.3200,0.001405
FILLER_52_583,VGND,li1,274.6200,152.3200,0.001405
FILLER_52_571,VGND,li1,270.9400,152.3200,0.001383
FILLER_52_559,VGND,li1,265.4200,152.3200,0.001355
FILLER_52_526,VGND,li1,247.7100,152.3200,0.001229
FILLER_52_522,VGND,li1,246.5600,152.3200,0.001229
FILLER_52_477,VGND,li1,225.6300,152.3200,0.001009
FILLER_52_475,VGND,li1,224.2500,152.3200,0.001009
FILLER_52_469,VGND,li1,222.6400,152.3200,0.000985
FILLER_52_421,VGND,li1,199.6400,152.3200,0.000670
FILLER_52_419,VGND,li1,198.4900,152.3200,0.000670
FILLER_52_362,VGND,li1,172.5000,152.3200,0.000444
FILLER_52_350,VGND,li1,167.2100,152.3200,0.000522
FILLER_52_342,VGND,li1,163.3000,152.3200,0.000577
FILLER_52_304,VGND,li1,146.2800,152.3200,0.000791
FILLER_52_270,VGND,li1,129.9500,152.3200,0.000903
FILLER_52_253,VGND,li1,122.1300,152.3200,0.000946
FILLER_52_213,VGND,li1,103.7300,152.3200,0.000986
FILLER_52_177,VGND,li1,87.6300,152.3200,0.000940
FILLER_52_167,VGND,li1,82.5700,152.3200,0.000910
FILLER_52_157,VGND,li1,78.2000,152.3200,0.000879
FILLER_52_139,VGND,li1,69.6900,152.3200,0.000805
FILLER_52_105,VGND,li1,54.0500,152.3200,0.000634
FILLER_52_99,VGND,li1,52.4400,152.3200,0.000608
FILLER_52_89,VGND,li1,46.6900,152.3200,0.000539
FILLER_52_85,VGND,li1,45.5400,152.3200,0.000507
FILLER_52_41,VGND,li1,24.8400,152.3200,0.000203
FILLER_52_29,VGND,li1,19.5500,152.3200,0.000219
FILLER_52_27,VGND,li1,18.1700,152.3200,0.000223
FILLER_52_3,VGND,li1,8.7400,152.3200,0.000231
FILLER_51_617,VGND,li1,289.5700,152.3200,0.001460
FILLER_51_608,VGND,li1,285.6600,152.3200,0.001448
FILLER_51_579,VGND,li1,272.0900,152.3200,0.001383
FILLER_51_573,VGND,li1,270.4800,152.3200,0.001383
FILLER_51_561,VGND,li1,266.3400,152.3200,0.001355
FILLER_51_557,VGND,li1,262.4300,152.3200,0.001337
FILLER_51_550,VGND,li1,259.4400,152.3200,0.001323
FILLER_51_534,VGND,li1,251.3900,152.3200,0.001268
FILLER_51_526,VGND,li1,249.3200,152.3200,0.001250
FILLER_51_514,VGND,li1,244.7200,152.3200,0.001206
FILLER_51_502,VGND,li1,236.9000,152.3200,0.001145
FILLER_51_477,VGND,li1,226.3200,152.3200,0.001033
FILLER_51_465,VGND,li1,222.1800,152.3200,0.000985
FILLER_51_444,VGND,li1,210.6800,152.3200,0.000845
FILLER_51_427,VGND,li1,202.1700,152.3200,0.000701
FILLER_51_421,VGND,li1,200.5600,152.3200,0.000701
FILLER_51_393,VGND,li1,187.2200,152.3200,0.000493
FILLER_51_390,VGND,li1,185.3800,152.3200,0.000463
FILLER_51_320,VGND,li1,153.6400,152.3200,0.000700
FILLER_51_306,VGND,li1,147.6600,152.3200,0.000769
FILLER_51_279,VGND,li1,134.0900,152.3200,0.000885
FILLER_51_275,VGND,li1,132.9400,152.3200,0.000885
FILLER_51_264,VGND,li1,127.4200,152.3200,0.000925
FILLER_51_247,VGND,li1,119.3700,152.3200,0.000959
FILLER_51_241,VGND,li1,117.7600,152.3200,0.000959
FILLER_51_218,VGND,li1,107.1800,152.3200,0.000983
FILLER_51_167,VGND,li1,82.5700,152.3200,0.000910
FILLER_51_149,VGND,li1,74.5200,152.3200,0.000849
FILLER_51_113,VGND,li1,57.9600,152.3200,0.000682
FILLER_51_99,VGND,li1,51.9800,152.3200,0.000608
FILLER_51_81,VGND,li1,43.0100,152.3200,0.000472
FILLER_51_77,VGND,li1,41.8600,152.3200,0.000472
FILLER_51_68,VGND,li1,37.0300,152.3200,0.000401
FILLER_51_57,VGND,li1,32.4300,152.3200,0.000303
FILLER_51_54,VGND,li1,30.8200,152.3200,0.000303
FILLER_51_42,VGND,li1,27.6000,152.3200,0.000251
FILLER_51_24,VGND,li1,16.7900,152.3200,0.000223
FILLER_51_6,VGND,li1,8.7400,152.3200,0.000231
FILLER_50_592,VGND,li1,278.5300,146.8800,0.001574
FILLER_50_585,VGND,li1,275.3100,146.8800,0.001569
FILLER_50_573,VGND,li1,271.8600,146.8800,0.001558
FILLER_50_549,VGND,li1,258.2900,146.8800,0.001481
FILLER_50_541,VGND,li1,256.2200,146.8800,0.001462
FILLER_50_529,VGND,li1,249.5500,146.8800,0.001409
FILLER_50_520,VGND,li1,244.9500,146.8800,0.001357
FILLER_50_508,VGND,li1,241.9600,146.8800,0.001334
FILLER_50_477,VGND,li1,227.7000,146.8800,0.001180
FILLER_50_475,VGND,li1,224.2500,146.8800,0.001138
FILLER_50_463,VGND,li1,221.2600,146.8800,0.001101
FILLER_50_445,VGND,li1,210.4500,146.8800,0.000961
FILLER_50_439,VGND,li1,208.8400,146.8800,0.000932
FILLER_50_421,VGND,li1,199.4100,146.8800,0.000789
FILLER_50_414,VGND,li1,197.3400,146.8800,0.000752
FILLER_50_405,VGND,li1,192.0500,146.8800,0.000632
FILLER_50_401,VGND,li1,190.9000,146.8800,0.000632
FILLER_50_389,VGND,li1,187.2200,146.8800,0.000532
FILLER_50_358,VGND,li1,171.5800,146.8800,0.000526
FILLER_50_348,VGND,li1,166.0600,146.8800,0.000623
FILLER_50_334,VGND,li1,159.6200,146.8800,0.000719
FILLER_50_322,VGND,li1,156.4000,146.8800,0.000747
FILLER_50_307,VGND,li1,146.9700,146.8800,0.000875
FILLER_50_257,VGND,li1,123.9700,146.8800,0.000972
FILLER_50_253,VGND,li1,122.8200,146.8800,0.000978
FILLER_50_197,VGND,li1,96.3700,146.8800,0.000961
FILLER_50_194,VGND,li1,95.2200,146.8800,0.000953
FILLER_50_147,VGND,li1,73.3700,146.8800,0.000821
FILLER_50_141,VGND,li1,71.7600,146.8800,0.000821
FILLER_50_123,VGND,li1,62.3300,146.8800,0.000727
FILLER_50_99,VGND,li1,51.2900,146.8800,0.000607
FILLER_50_95,VGND,li1,50.1400,146.8800,0.000607
FILLER_50_85,VGND,li1,44.8500,146.8800,0.000540
FILLER_50_70,VGND,li1,38.4100,146.8800,0.000464
FILLER_50_59,VGND,li1,33.1200,146.8800,0.000387
FILLER_50_49,VGND,li1,28.5200,146.8800,0.000316
FILLER_50_41,VGND,li1,24.6100,146.8800,0.000226
FILLER_50_37,VGND,li1,23.4600,146.8800,0.000226
FILLER_50_3,VGND,li1,7.5900,146.8800,0.000253
FILLER_49_629,VGND,li1,295.0900,146.8800,0.001599
FILLER_49_591,VGND,li1,277.6100,146.8800,0.001574
FILLER_49_585,VGND,li1,276.0000,146.8800,0.001569
FILLER_49_548,VGND,li1,258.2900,146.8800,0.001481
FILLER_49_513,VGND,li1,241.7300,146.8800,0.001334
FILLER_49_503,VGND,li1,237.1300,146.8800,0.001275
FILLER_49_499,VGND,li1,235.9800,146.8800,0.001275
FILLER_49_472,VGND,li1,222.8700,146.8800,0.001101
FILLER_49_466,VGND,li1,221.2600,146.8800,0.001101
FILLER_49_445,VGND,li1,210.9100,146.8800,0.000961
FILLER_49_409,VGND,li1,193.8900,146.8800,0.000666
FILLER_49_405,VGND,li1,192.7400,146.8800,0.000666
FILLER_49_393,VGND,li1,189.0600,146.8800,0.000597
FILLER_49_391,VGND,li1,185.6100,146.8800,0.000532
FILLER_49_383,VGND,li1,183.5400,146.8800,0.000468
FILLER_49_371,VGND,li1,178.9400,146.8800,0.000400
FILLER_49_341,VGND,li1,163.0700,146.8800,0.000652
FILLER_49_337,VGND,li1,160.7700,146.8800,0.000690
FILLER_49_335,VGND,li1,159.8500,146.8800,0.000719
FILLER_49_329,VGND,li1,158.2400,146.8800,0.000719
FILLER_49_281,VGND,li1,135.0100,146.8800,0.000940
FILLER_49_276,VGND,li1,133.4000,146.8800,0.000940
FILLER_49_241,VGND,li1,117.0700,146.8800,0.000984
FILLER_49_209,VGND,li1,103.0400,146.8800,0.000977
FILLER_49_190,VGND,li1,93.6100,146.8800,0.000953
FILLER_49_149,VGND,li1,74.7500,146.8800,0.000844
FILLER_49_113,VGND,li1,58.8800,146.8800,0.000702
FILLER_49_109,VGND,li1,56.3500,146.8800,0.000674
FILLER_49_97,VGND,li1,52.9000,146.8800,0.000638
FILLER_49_53,VGND,li1,30.5900,146.8800,0.000349
FILLER_49_38,VGND,li1,23.9200,146.8800,0.000226
FILLER_49_3,VGND,li1,7.5900,146.8800,0.000253
FILLER_48_620,VGND,li1,291.1800,141.4400,0.001954
FILLER_48_597,VGND,li1,280.3700,141.4400,0.001929
FILLER_48_583,VGND,li1,274.1600,141.4400,0.001900
FILLER_48_536,VGND,li1,252.3100,141.4400,0.001723
FILLER_48_528,VGND,li1,249.3200,141.4400,0.001675
FILLER_48_502,VGND,li1,236.6700,141.4400,0.001518
FILLER_48_473,VGND,li1,223.7900,141.4400,0.001312
FILLER_48_439,VGND,li1,207.9200,141.4400,0.001012
FILLER_48_418,VGND,li1,198.2600,141.4400,0.000814
FILLER_48_398,VGND,li1,189.5200,141.4400,0.000624
FILLER_48_386,VGND,li1,185.8400,141.4400,0.000535
FILLER_48_377,VGND,li1,179.4000,141.4400,0.000358
FILLER_48_365,VGND,li1,175.2600,141.4400,0.000387
FILLER_48_363,VGND,li1,172.7300,141.4400,0.000414
FILLER_48_355,VGND,li1,170.6600,141.4400,0.000441
FILLER_48_349,VGND,li1,166.2900,141.4400,0.000479
FILLER_48_341,VGND,li1,164.2200,141.4400,0.000500
FILLER_48_329,VGND,li1,159.6200,141.4400,0.000536
FILLER_48_271,VGND,li1,132.9400,141.4400,0.000671
FILLER_48_253,VGND,li1,122.3600,141.4400,0.000687
FILLER_48_242,VGND,li1,117.0700,141.4400,0.000690
FILLER_48_236,VGND,li1,115.4600,141.4400,0.000690
FILLER_48_226,VGND,li1,109.7100,141.4400,0.000690
FILLER_48_222,VGND,li1,108.5600,141.4400,0.000690
FILLER_48_213,VGND,li1,103.7300,141.4400,0.000688
FILLER_48_207,VGND,li1,102.1200,141.4400,0.000688
FILLER_48_197,VGND,li1,96.3700,141.4400,0.000684
FILLER_48_188,VGND,li1,93.8400,141.4400,0.000681
FILLER_48_170,VGND,li1,83.9500,141.4400,0.000662
FILLER_48_158,VGND,li1,78.8900,141.4400,0.000648
FILLER_48_146,VGND,li1,75.4400,141.4400,0.000636
FILLER_48_134,VGND,li1,67.3900,141.4400,0.000610
FILLER_48_117,VGND,li1,59.5700,141.4400,0.000573
FILLER_48_109,VGND,li1,57.5000,141.4400,0.000557
FILLER_48_85,VGND,li1,46.0000,141.4400,0.000461
FILLER_48_29,VGND,li1,20.2400,141.4400,0.000188
FILLER_48_27,VGND,li1,18.1700,141.4400,0.000193
FILLER_48_21,VGND,li1,16.5600,141.4400,0.000193
FILLER_48_3,VGND,li1,7.3600,141.4400,0.000201
FILLER_47_577,VGND,li1,272.3200,141.4400,0.001886
FILLER_47_480,VGND,li1,227.0100,141.4400,0.001367
FILLER_47_449,VGND,li1,212.2900,141.4400,0.001091
FILLER_47_447,VGND,li1,211.3700,141.4400,0.001050
FILLER_47_441,VGND,li1,209.7600,141.4400,0.001050
FILLER_47_393,VGND,li1,186.7600,141.4400,0.000535
FILLER_47_391,VGND,li1,185.6100,141.4400,0.000535
FILLER_47_360,VGND,li1,172.9600,141.4400,0.000414
FILLER_47_350,VGND,li1,166.7500,141.4400,0.000479
FILLER_47_344,VGND,li1,163.9900,141.4400,0.000500
FILLER_47_332,VGND,li1,159.1600,141.4400,0.000536
FILLER_47_321,VGND,li1,154.5600,141.4400,0.000568
FILLER_47_309,VGND,li1,150.4200,141.4400,0.000593
FILLER_47_303,VGND,li1,145.5900,141.4400,0.000620
FILLER_47_279,VGND,li1,134.0900,141.4400,0.000666
FILLER_47_271,VGND,li1,132.0200,141.4400,0.000671
FILLER_47_245,VGND,li1,118.4500,141.4400,0.000689
FILLER_47_237,VGND,li1,116.3800,141.4400,0.000690
FILLER_47_225,VGND,li1,111.7800,141.4400,0.000690
FILLER_47_223,VGND,li1,108.3300,141.4400,0.000690
FILLER_47_217,VGND,li1,106.7200,141.4400,0.000690
FILLER_47_205,VGND,li1,102.5800,141.4400,0.000688
FILLER_47_193,VGND,li1,97.0600,141.4400,0.000684
FILLER_47_184,VGND,li1,90.3900,141.4400,0.000678
FILLER_47_169,VGND,li1,84.6400,141.4400,0.000662
FILLER_47_154,VGND,li1,77.7400,141.4400,0.000648
FILLER_47_148,VGND,li1,73.8300,141.4400,0.000636
FILLER_47_142,VGND,li1,72.2200,141.4400,0.000628
FILLER_47_121,VGND,li1,61.8700,141.4400,0.000588
FILLER_47_113,VGND,li1,59.3400,141.4400,0.000573
FILLER_47_111,VGND,li1,56.8100,141.4400,0.000557
FILLER_47_61,VGND,li1,33.8100,141.4400,0.000305
FILLER_47_57,VGND,li1,32.6600,141.4400,0.000305
FILLER_47_54,VGND,li1,30.8200,141.4400,0.000280
FILLER_47_28,VGND,li1,18.6300,141.4400,0.000188
FILLER_46_629,VGND,li1,295.0900,136.0000,0.002101
FILLER_46_585,VGND,li1,275.3100,136.0000,0.002061
FILLER_46_475,VGND,li1,224.2500,136.0000,0.001516
FILLER_46_471,VGND,li1,223.1000,136.0000,0.001516
FILLER_46_438,VGND,li1,207.2300,136.0000,0.001186
FILLER_46_414,VGND,li1,197.3400,136.0000,0.000948
FILLER_46_362,VGND,li1,172.5000,136.0000,0.000595
FILLER_46_350,VGND,li1,166.9800,136.0000,0.000678
FILLER_46_330,VGND,li1,158.2400,136.0000,0.000824
FILLER_46_321,VGND,li1,153.4100,136.0000,0.000872
FILLER_46_309,VGND,li1,150.4200,136.0000,0.000897
FILLER_46_293,VGND,li1,140.7600,136.0000,0.000978
FILLER_46_269,VGND,li1,129.4900,136.0000,0.001020
FILLER_46_265,VGND,li1,128.3400,136.0000,0.001025
FILLER_46_253,VGND,li1,124.6600,136.0000,0.001035
FILLER_46_251,VGND,li1,121.2100,136.0000,0.001039
FILLER_46_245,VGND,li1,119.6000,136.0000,0.001042
FILLER_46_237,VGND,li1,114.7700,136.0000,0.001047
FILLER_46_231,VGND,li1,113.1600,136.0000,0.001047
FILLER_46_219,VGND,li1,109.0200,136.0000,0.001046
FILLER_46_204,VGND,li1,100.7400,136.0000,0.001038
FILLER_46_193,VGND,li1,94.9900,136.0000,0.001011
FILLER_46_167,VGND,li1,83.0300,136.0000,0.000940
FILLER_46_159,VGND,li1,78.8900,136.0000,0.000892
FILLER_46_153,VGND,li1,77.2800,136.0000,0.000892
FILLER_46_141,VGND,li1,71.7600,136.0000,0.000843
FILLER_46_133,VGND,li1,66.9300,136.0000,0.000785
FILLER_46_129,VGND,li1,65.7800,136.0000,0.000785
FILLER_46_69,VGND,li1,38.6400,136.0000,0.000454
FILLER_46_29,VGND,li1,19.5500,136.0000,0.000224
FILLER_45_629,VGND,li1,295.0900,136.0000,0.002101
FILLER_45_606,VGND,li1,284.7400,136.0000,0.002091
FILLER_45_587,VGND,li1,276.9200,136.0000,0.002061
FILLER_45_575,VGND,li1,272.7800,136.0000,0.002051
FILLER_45_565,VGND,li1,265.6500,136.0000,0.002006
FILLER_45_557,VGND,li1,262.4300,136.0000,0.001988
FILLER_45_545,VGND,li1,258.9800,136.0000,0.001961
FILLER_45_540,VGND,li1,254.3800,136.0000,0.001920
FILLER_45_532,VGND,li1,252.0800,136.0000,0.001898
FILLER_45_513,VGND,li1,242.1900,136.0000,0.001792
FILLER_45_503,VGND,li1,237.1300,136.0000,0.001707
FILLER_45_497,VGND,li1,235.5200,136.0000,0.001707
FILLER_45_478,VGND,li1,226.0900,136.0000,0.001546
FILLER_45_453,VGND,li1,214.1300,136.0000,0.001340
FILLER_45_449,VGND,li1,212.9800,136.0000,0.001291
FILLER_45_437,VGND,li1,207.0000,136.0000,0.001186
FILLER_45_423,VGND,li1,201.4800,136.0000,0.001057
FILLER_45_404,VGND,li1,192.0500,136.0000,0.000845
FILLER_45_396,VGND,li1,189.5200,136.0000,0.000785
FILLER_45_389,VGND,li1,185.1500,136.0000,0.000641
FILLER_45_367,VGND,li1,174.8000,136.0000,0.000559
FILLER_45_355,VGND,li1,171.5800,136.0000,0.000595
FILLER_45_337,VGND,li1,161.9200,136.0000,0.000751
FILLER_45_335,VGND,li1,159.8500,136.0000,0.000780
FILLER_45_327,VGND,li1,157.7800,136.0000,0.000824
FILLER_45_316,VGND,li1,151.1100,136.0000,0.000897
FILLER_45_306,VGND,li1,147.2000,136.0000,0.000927
FILLER_45_286,VGND,li1,138.0000,136.0000,0.000987
FILLER_45_278,VGND,li1,133.8600,136.0000,0.001005
FILLER_45_270,VGND,li1,131.5600,136.0000,0.001012
FILLER_45_261,VGND,li1,126.9600,136.0000,0.001025
FILLER_45_254,VGND,li1,122.5900,136.0000,0.001039
FILLER_45_248,VGND,li1,120.9800,136.0000,0.001039
FILLER_45_231,VGND,li1,112.0100,136.0000,0.001047
FILLER_45_225,VGND,li1,110.4000,136.0000,0.001047
FILLER_45_220,VGND,li1,107.6400,136.0000,0.001046
FILLER_45_201,VGND,li1,100.7400,136.0000,0.001038
FILLER_45_177,VGND,li1,87.4000,136.0000,0.000974
FILLER_45_169,VGND,li1,85.1000,136.0000,0.000956
FILLER_45_164,VGND,li1,81.8800,136.0000,0.000922
FILLER_45_152,VGND,li1,78.2000,136.0000,0.000892
FILLER_45_130,VGND,li1,66.2400,136.0000,0.000785
FILLER_45_73,VGND,li1,39.5600,136.0000,0.000454
FILLER_45_39,VGND,li1,23.6900,136.0000,0.000211
FILLER_45_3,VGND,li1,8.2800,136.0000,0.000232
FILLER_44_621,VGND,li1,291.4100,130.5600,0.001961
FILLER_44_611,VGND,li1,287.0400,130.5600,0.001954
FILLER_44_595,VGND,li1,279.6800,130.5600,0.001929
FILLER_44_583,VGND,li1,274.1600,130.5600,0.001901
FILLER_44_557,VGND,li1,263.5800,130.5600,0.001811
FILLER_44_545,VGND,li1,258.9800,130.5600,0.001763
FILLER_44_533,VGND,li1,253.4600,130.5600,0.001720
FILLER_44_524,VGND,li1,248.4000,130.5600,0.001657
FILLER_44_512,VGND,li1,243.8000,130.5600,0.001619
FILLER_44_497,VGND,li1,235.0600,130.5600,0.001518
FILLER_44_485,VGND,li1,231.3800,130.5600,0.001468
FILLER_44_436,VGND,li1,207.9200,130.5600,0.001060
FILLER_44_427,VGND,li1,202.1700,130.5600,0.000947
FILLER_44_421,VGND,li1,200.5600,130.5600,0.000947
FILLER_44_418,VGND,li1,198.2600,130.5600,0.000895
FILLER_44_409,VGND,li1,193.8900,130.5600,0.000784
FILLER_44_405,VGND,li1,192.7400,130.5600,0.000784
FILLER_44_393,VGND,li1,189.0600,130.5600,0.000701
FILLER_44_381,VGND,li1,183.5400,130.5600,0.000608
FILLER_44_365,VGND,li1,173.6500,130.5600,0.000557
FILLER_44_363,VGND,li1,172.7300,130.5600,0.000601
FILLER_44_357,VGND,li1,171.1200,130.5600,0.000601
FILLER_44_353,VGND,li1,168.1300,130.5600,0.000665
FILLER_44_345,VGND,li1,166.0600,130.5600,0.000722
FILLER_44_333,VGND,li1,161.4600,130.5600,0.000833
FILLER_44_321,VGND,li1,155.9400,130.5600,0.000912
FILLER_44_309,VGND,li1,150.4200,130.5600,0.001043
FILLER_44_306,VGND,li1,146.7400,130.5600,0.001091
FILLER_44_298,VGND,li1,144.4400,130.5600,0.001141
FILLER_44_283,VGND,li1,136.3900,130.5600,0.001268
FILLER_44_271,VGND,li1,130.4100,130.5600,0.001352
FILLER_44_259,VGND,li1,124.8900,130.5600,0.001402
FILLER_44_245,VGND,li1,118.6800,130.5600,0.001414
FILLER_44_210,VGND,li1,102.8100,130.5600,0.001400
FILLER_44_192,VGND,li1,94.0700,130.5600,0.001367
FILLER_44_183,VGND,li1,89.9300,130.5600,0.001338
FILLER_44_159,VGND,li1,81.4200,130.5600,0.001264
FILLER_44_137,VGND,li1,69.2300,130.5600,0.001097
FILLER_44_123,VGND,li1,62.7900,130.5600,0.001005
FILLER_44_111,VGND,li1,57.2700,130.5600,0.000900
FILLER_44_85,VGND,li1,44.8500,130.5600,0.000668
FILLER_44_83,VGND,li1,43.9300,130.5600,0.000668
FILLER_44_75,VGND,li1,41.8600,130.5600,0.000625
FILLER_44_63,VGND,li1,35.4200,130.5600,0.000457
FILLER_44_44,VGND,li1,25.9900,130.5600,0.000256
FILLER_44_38,VGND,li1,24.3800,130.5600,0.000261
FILLER_44_27,VGND,li1,18.1700,130.5600,0.000273
FILLER_44_23,VGND,li1,17.0200,130.5600,0.000273
FILLER_44_3,VGND,li1,7.8200,130.5600,0.000279
FILLER_43_629,VGND,li1,295.0900,130.5600,0.001962
FILLER_43_617,VGND,li1,289.5700,130.5600,0.001959
FILLER_43_615,VGND,li1,288.6500,130.5600,0.001957
FILLER_43_610,VGND,li1,286.5800,130.5600,0.001954
FILLER_43_598,VGND,li1,281.0600,130.5600,0.001939
FILLER_43_565,VGND,li1,265.6500,130.5600,0.001832
FILLER_43_561,VGND,li1,264.5000,130.5600,0.001811
FILLER_43_559,VGND,li1,262.8900,130.5600,0.001792
FILLER_43_553,VGND,li1,261.2800,130.5600,0.001792
FILLER_43_533,VGND,li1,251.3900,130.5600,0.001700
FILLER_43_529,VGND,li1,249.0900,130.5600,0.001678
FILLER_43_521,VGND,li1,247.0200,130.5600,0.001657
FILLER_43_503,VGND,li1,237.1300,130.5600,0.001551
FILLER_43_491,VGND,li1,232.0700,130.5600,0.001468
FILLER_43_483,VGND,li1,229.5400,130.5600,0.001441
FILLER_43_439,VGND,li1,207.6900,130.5600,0.001060
FILLER_43_435,VGND,li1,206.5400,130.5600,0.001060
FILLER_43_401,VGND,li1,190.2100,130.5600,0.000743
FILLER_43_393,VGND,li1,188.1400,130.5600,0.000701
FILLER_43_390,VGND,li1,185.3800,130.5600,0.000645
FILLER_43_374,VGND,li1,178.2500,130.5600,0.000468
FILLER_43_369,VGND,li1,175.4900,130.5600,0.000518
FILLER_43_359,VGND,li1,171.1200,130.5600,0.000601
FILLER_43_337,VGND,li1,162.3800,130.5600,0.000782
FILLER_43_335,VGND,li1,159.8500,130.5600,0.000833
FILLER_43_327,VGND,li1,157.7800,130.5600,0.000875
FILLER_43_322,VGND,li1,153.8700,130.5600,0.000954
FILLER_43_314,VGND,li1,151.8000,130.5600,0.001007
FILLER_43_298,VGND,li1,143.9800,130.5600,0.001141
FILLER_43_286,VGND,li1,137.5400,130.5600,0.001268
FILLER_43_279,VGND,li1,134.0900,130.5600,0.001292
FILLER_43_271,VGND,li1,132.0200,130.5600,0.001321
FILLER_43_262,VGND,li1,127.4200,130.5600,0.001375
FILLER_43_245,VGND,li1,118.9100,130.5600,0.001414
FILLER_43_228,VGND,li1,110.8600,130.5600,0.001417
FILLER_43_222,VGND,li1,108.1000,130.5600,0.001413
FILLER_43_214,VGND,li1,104.4200,130.5600,0.001406
FILLER_43_206,VGND,li1,102.1200,130.5600,0.001400
FILLER_43_158,VGND,li1,79.1200,130.5600,0.001242
FILLER_43_133,VGND,li1,66.9300,130.5600,0.001057
FILLER_43_108,VGND,li1,56.1200,130.5600,0.000900
FILLER_43_66,VGND,li1,36.3400,130.5600,0.000507
FILLER_43_57,VGND,li1,31.9700,130.5600,0.000401
FILLER_43_42,VGND,li1,26.2200,130.5600,0.000256
FILLER_43_31,VGND,li1,20.4700,130.5600,0.000266
FILLER_43_3,VGND,li1,9.6600,130.5600,0.000279
FILLER_42_624,VGND,li1,293.0200,125.1200,0.002018
FILLER_42_613,VGND,li1,287.9600,125.1200,0.002011
FILLER_42_586,VGND,li1,275.5400,125.1200,0.001968
FILLER_42_522,VGND,li1,245.8700,125.1200,0.001695
FILLER_42_516,VGND,li1,244.2600,125.1200,0.001695
FILLER_42_477,VGND,li1,225.8600,125.1200,0.001435
FILLER_42_474,VGND,li1,224.0200,125.1200,0.001404
FILLER_42_442,VGND,li1,209.3000,125.1200,0.001136
FILLER_42_394,VGND,li1,186.9900,125.1200,0.000647
FILLER_42_358,VGND,li1,171.5800,125.1200,0.000603
FILLER_42_301,VGND,li1,144.4400,125.1200,0.000958
FILLER_42_282,VGND,li1,137.0800,125.1200,0.001010
FILLER_42_268,VGND,li1,130.1800,125.1200,0.001048
FILLER_42_256,VGND,li1,126.0400,125.1200,0.001071
FILLER_42_251,VGND,li1,121.2100,125.1200,0.001106
FILLER_42_243,VGND,li1,117.7600,125.1200,0.001115
FILLER_42_235,VGND,li1,115.4600,125.1200,0.001125
FILLER_42_214,VGND,li1,104.1900,125.1200,0.001171
FILLER_42_186,VGND,li1,91.7700,125.1200,0.001161
FILLER_42_179,VGND,li1,88.0900,125.1200,0.001134
FILLER_42_175,VGND,li1,86.9400,125.1200,0.001134
FILLER_42_157,VGND,li1,78.2000,125.1200,0.001064
FILLER_42_125,VGND,li1,63.7100,125.1200,0.000917
FILLER_42_119,VGND,li1,60.9500,125.1200,0.000880
FILLER_42_111,VGND,li1,58.4200,125.1200,0.000844
FILLER_42_99,VGND,li1,53.8200,125.1200,0.000777
FILLER_42_85,VGND,li1,46.0000,125.1200,0.000662
FILLER_42_78,VGND,li1,42.7800,125.1200,0.000587
FILLER_42_11,VGND,li1,10.8100,125.1200,0.000322
FILLER_42_3,VGND,li1,8.7400,125.1200,0.000322
FILLER_41_593,VGND,li1,278.9900,125.1200,0.001981
FILLER_41_501,VGND,li1,236.6700,125.1200,0.001579
FILLER_41_480,VGND,li1,226.5500,125.1200,0.001435
FILLER_41_474,VGND,li1,224.9400,125.1200,0.001404
FILLER_41_438,VGND,li1,207.2300,125.1200,0.001096
FILLER_41_402,VGND,li1,191.3600,125.1200,0.000766
FILLER_41_356,VGND,li1,169.5100,125.1200,0.000664
FILLER_41_350,VGND,li1,167.9000,125.1200,0.000664
FILLER_41_340,VGND,li1,162.1500,125.1200,0.000768
FILLER_41_321,VGND,li1,155.9400,125.1200,0.000842
FILLER_41_317,VGND,li1,151.5700,125.1200,0.000895
FILLER_41_301,VGND,li1,145.3600,125.1200,0.000958
FILLER_41_289,VGND,li1,141.2200,125.1200,0.000990
FILLER_41_276,VGND,li1,133.4000,125.1200,0.001029
FILLER_41_263,VGND,li1,127.4200,125.1200,0.001071
FILLER_41_251,VGND,li1,123.7400,125.1200,0.001084
FILLER_41_242,VGND,li1,117.0700,125.1200,0.001125
FILLER_41_231,VGND,li1,112.2400,125.1200,0.001138
FILLER_41_222,VGND,li1,108.1000,125.1200,0.001156
FILLER_41_197,VGND,li1,96.3700,125.1200,0.001175
FILLER_41_180,VGND,li1,89.0100,125.1200,0.001151
FILLER_41_169,VGND,li1,83.9500,125.1200,0.001111
FILLER_41_151,VGND,li1,75.6700,125.1200,0.001040
FILLER_41_111,VGND,li1,56.8100,125.1200,0.000804
FILLER_41_107,VGND,li1,55.6600,125.1200,0.000804
FILLER_41_95,VGND,li1,51.9800,125.1200,0.000750
FILLER_41_77,VGND,li1,41.1700,125.1200,0.000587
FILLER_41_57,VGND,li1,31.9700,125.1200,0.000424
FILLER_41_47,VGND,li1,27.3700,125.1200,0.000345
FILLER_41_25,VGND,li1,17.4800,125.1200,0.000317
FILLER_41_3,VGND,li1,8.2800,125.1200,0.000322
FILLER_40_589,VGND,li1,278.3000,119.6800,0.001715
FILLER_40_587,VGND,li1,275.7700,119.6800,0.001705
FILLER_40_557,VGND,li1,262.6600,119.6800,0.001623
FILLER_40_512,VGND,li1,241.9600,119.6800,0.001443
FILLER_40_481,VGND,li1,227.0100,119.6800,0.001253
FILLER_40_477,VGND,li1,225.8600,119.6800,0.001221
FILLER_40_446,VGND,li1,211.1400,119.6800,0.000974
FILLER_40_419,VGND,li1,198.4900,119.6800,0.000773
FILLER_40_409,VGND,li1,193.8900,119.6800,0.000687
FILLER_40_401,VGND,li1,191.8200,119.6800,0.000648
FILLER_40_365,VGND,li1,173.8800,119.6800,0.000458
FILLER_40_363,VGND,li1,172.7300,119.6800,0.000487
FILLER_40_330,VGND,li1,158.0100,119.6800,0.000661
FILLER_40_318,VGND,li1,154.5600,119.6800,0.000686
FILLER_40_300,VGND,li1,145.3600,119.6800,0.000764
FILLER_40_236,VGND,li1,114.5400,119.6800,0.000879
FILLER_40_224,VGND,li1,109.2500,119.6800,0.000878
FILLER_40_197,VGND,li1,96.6000,119.6800,0.000852
FILLER_40_195,VGND,li1,95.4500,119.6800,0.000852
FILLER_40_152,VGND,li1,75.9000,119.6800,0.000752
FILLER_40_144,VGND,li1,73.6000,119.6800,0.000731
FILLER_40_139,VGND,li1,69.6900,119.6800,0.000694
FILLER_40_133,VGND,li1,66.9300,119.6800,0.000674
FILLER_40_98,VGND,li1,53.3600,119.6800,0.000550
FILLER_40_85,VGND,li1,45.5400,119.6800,0.000452
FILLER_40_50,VGND,li1,29.4400,119.6800,0.000263
FILLER_39_591,VGND,li1,278.0700,119.6800,0.001715
FILLER_39_564,VGND,li1,265.1900,119.6800,0.001649
FILLER_39_558,VGND,li1,262.6600,119.6800,0.001623
FILLER_39_503,VGND,li1,237.1300,119.6800,0.001372
FILLER_39_499,VGND,li1,235.9800,119.6800,0.001372
FILLER_39_484,VGND,li1,229.5400,119.6800,0.001284
FILLER_39_449,VGND,li1,212.5200,119.6800,0.001014
FILLER_39_438,VGND,li1,207.2300,119.6800,0.000933
FILLER_39_425,VGND,li1,201.9400,119.6800,0.000824
FILLER_39_399,VGND,li1,189.5200,119.6800,0.000582
FILLER_39_337,VGND,li1,161.2300,119.6800,0.000612
FILLER_39_330,VGND,li1,158.7000,119.6800,0.000640
FILLER_39_156,VGND,li1,77.9700,119.6800,0.000767
FILLER_39_144,VGND,li1,73.1400,119.6800,0.000731
FILLER_39_111,VGND,li1,56.8100,119.6800,0.000569
FILLER_39_105,VGND,li1,55.2000,119.6800,0.000569
FILLER_39_93,VGND,li1,51.0600,119.6800,0.000525
FILLER_39_67,VGND,li1,36.5700,119.6800,0.000359
FILLER_39_57,VGND,li1,31.9700,119.6800,0.000291
FILLER_39_21,VGND,li1,15.8700,119.6800,0.000210
FILLER_39_3,VGND,li1,7.3600,119.6800,0.000214
FILLER_38_586,VGND,li1,275.5400,114.2400,0.002694
FILLER_38_557,VGND,li1,262.4300,114.2400,0.002588
FILLER_38_548,VGND,li1,257.8300,114.2400,0.002542
FILLER_38_544,VGND,li1,256.6800,114.2400,0.002515
FILLER_38_491,VGND,li1,231.6100,114.2400,0.002106
FILLER_38_485,VGND,li1,230.0000,114.2400,0.002067
FILLER_38_473,VGND,li1,223.7900,114.2400,0.001916
FILLER_38_436,VGND,li1,206.3100,114.2400,0.001426
FILLER_38_430,VGND,li1,204.7000,114.2400,0.001426
FILLER_38_419,VGND,li1,198.4900,114.2400,0.001232
FILLER_38_415,VGND,li1,197.3400,114.2400,0.001174
FILLER_38_398,VGND,li1,188.8300,114.2400,0.000884
FILLER_38_394,VGND,li1,187.6800,114.2400,0.000884
FILLER_38_373,VGND,li1,177.3300,114.2400,0.000536
FILLER_38_365,VGND,li1,175.2600,114.2400,0.000571
FILLER_38_336,VGND,li1,160.5400,114.2400,0.000794
FILLER_38_318,VGND,li1,154.5600,114.2400,0.000863
FILLER_38_306,VGND,li1,146.7400,114.2400,0.000946
FILLER_38_294,VGND,li1,143.5200,114.2400,0.000983
FILLER_38_261,VGND,li1,127.4200,114.2400,0.001057
FILLER_38_251,VGND,li1,121.2100,114.2400,0.001070
FILLER_38_227,VGND,li1,110.8600,114.2400,0.001074
FILLER_38_190,VGND,li1,94.3000,114.2400,0.001026
FILLER_38_137,VGND,li1,69.2300,114.2400,0.000850
FILLER_38_106,VGND,li1,54.7400,114.2400,0.000696
FILLER_38_85,VGND,li1,46.0000,114.2400,0.000549
FILLER_38_75,VGND,li1,40.2500,114.2400,0.000458
FILLER_38_69,VGND,li1,38.6400,114.2400,0.000458
FILLER_38_52,VGND,li1,29.6700,114.2400,0.000307
FILLER_38_38,VGND,li1,24.3800,114.2400,0.000235
FILLER_38_25,VGND,li1,17.7100,114.2400,0.000252
FILLER_38_11,VGND,li1,10.8100,114.2400,0.000267
FILLER_38_3,VGND,li1,8.7400,114.2400,0.000267
FILLER_37_629,VGND,li1,295.0900,114.2400,0.002749
FILLER_37_589,VGND,li1,276.6900,114.2400,0.002694
FILLER_37_571,VGND,li1,268.6400,114.2400,0.002643
FILLER_37_548,VGND,li1,258.2900,114.2400,0.002542
FILLER_37_518,VGND,li1,244.0300,114.2400,0.002333
FILLER_37_514,VGND,li1,242.8800,114.2400,0.002333
FILLER_37_487,VGND,li1,229.7700,114.2400,0.002067
FILLER_37_447,VGND,li1,211.3700,114.2400,0.001619
FILLER_37_443,VGND,li1,210.2200,114.2400,0.001557
FILLER_37_393,VGND,li1,186.7600,114.2400,0.000800
FILLER_37_389,VGND,li1,185.1500,114.2400,0.000800
FILLER_37_380,VGND,li1,181.0100,114.2400,0.000662
FILLER_37_371,VGND,li1,176.8700,114.2400,0.000571
FILLER_37_337,VGND,li1,160.7700,114.2400,0.000794
FILLER_37_301,VGND,li1,144.6700,114.2400,0.000963
FILLER_37_281,VGND,li1,135.2400,114.2400,0.001038
FILLER_37_277,VGND,li1,133.6300,114.2400,0.001038
FILLER_37_258,VGND,li1,124.8900,114.2400,0.001066
FILLER_37_250,VGND,li1,122.3600,114.2400,0.001070
FILLER_37_239,VGND,li1,115.9200,114.2400,0.001079
FILLER_37_220,VGND,li1,107.6400,114.2400,0.001069
FILLER_37_185,VGND,li1,91.3100,114.2400,0.001010
FILLER_37_175,VGND,li1,86.2500,114.2400,0.000981
FILLER_37_169,VGND,li1,84.6400,114.2400,0.000963
FILLER_37_117,VGND,li1,59.5700,114.2400,0.000752
FILLER_37_113,VGND,li1,58.4200,114.2400,0.000726
FILLER_37_109,VGND,li1,56.3500,114.2400,0.000696
FILLER_37_72,VGND,li1,39.5600,114.2400,0.000458
FILLER_37_63,VGND,li1,34.7300,114.2400,0.000375
FILLER_37_57,VGND,li1,33.1200,114.2400,0.000339
FILLER_37_54,VGND,li1,30.8200,114.2400,0.000307
FILLER_37_37,VGND,li1,22.7700,114.2400,0.000235
FILLER_37_3,VGND,li1,7.3600,114.2400,0.000267
FILLER_36_629,VGND,li1,295.0900,108.8000,0.002018
FILLER_36_586,VGND,li1,275.5400,108.8000,0.001974
FILLER_36_543,VGND,li1,256.6800,108.8000,0.001858
FILLER_36_531,VGND,li1,250.0100,108.8000,0.001800
FILLER_36_521,VGND,li1,245.4100,108.8000,0.001753
FILLER_36_477,VGND,li1,225.6300,108.8000,0.001502
FILLER_36_441,VGND,li1,208.6100,108.8000,0.001221
FILLER_36_382,VGND,li1,181.4700,108.8000,0.000532
FILLER_36_315,VGND,li1,150.6500,108.8000,0.000775
FILLER_36_309,VGND,li1,149.0400,108.8000,0.000798
FILLER_36_299,VGND,li1,143.2900,108.8000,0.000826
FILLER_36_278,VGND,li1,134.3200,108.8000,0.000874
FILLER_36_269,VGND,li1,129.4900,108.8000,0.000900
FILLER_36_265,VGND,li1,128.3400,108.8000,0.000900
FILLER_36_253,VGND,li1,122.5900,108.8000,0.000924
FILLER_36_250,VGND,li1,120.9800,108.8000,0.000924
FILLER_36_242,VGND,li1,118.6800,108.8000,0.000931
FILLER_36_229,VGND,li1,111.0900,108.8000,0.000951
FILLER_36_225,VGND,li1,109.9400,108.8000,0.000951
FILLER_36_197,VGND,li1,97.0600,108.8000,0.000960
FILLER_36_195,VGND,li1,95.4500,108.8000,0.000959
FILLER_36_191,VGND,li1,94.3000,108.8000,0.000959
FILLER_36_181,VGND,li1,89.2400,108.8000,0.000951
FILLER_36_67,VGND,li1,36.5700,108.8000,0.000403
FILLER_36_61,VGND,li1,34.9600,108.8000,0.000358
FILLER_36_29,VGND,li1,19.3200,108.8000,0.000230
FILLER_36_18,VGND,li1,14.0300,108.8000,0.000237
FILLER_36_6,VGND,li1,8.9700,108.8000,0.000241
FILLER_35_621,VGND,li1,291.4100,108.8000,0.002017
FILLER_35_609,VGND,li1,285.8900,108.8000,0.002007
FILLER_35_559,VGND,li1,262.8900,108.8000,0.001898
FILLER_35_555,VGND,li1,261.7400,108.8000,0.001898
FILLER_35_470,VGND,li1,223.1000,108.8000,0.001463
FILLER_35_453,VGND,li1,214.1300,108.8000,0.001318
FILLER_35_449,VGND,li1,212.9800,108.8000,0.001279
FILLER_35_409,VGND,li1,194.1200,108.8000,0.000876
FILLER_35_391,VGND,li1,185.6100,108.8000,0.000644
FILLER_35_356,VGND,li1,169.7400,108.8000,0.000592
FILLER_35_309,VGND,li1,148.1200,108.8000,0.000798
FILLER_35_285,VGND,li1,136.8500,108.8000,0.000862
FILLER_35_281,VGND,li1,135.7000,108.8000,0.000874
FILLER_35_244,VGND,li1,118.4500,108.8000,0.000931
FILLER_35_233,VGND,li1,113.3900,108.8000,0.000946
FILLER_35_221,VGND,li1,107.8700,108.8000,0.000955
FILLER_35_202,VGND,li1,99.1300,108.8000,0.000960
FILLER_35_167,VGND,li1,82.5700,108.8000,0.000923
FILLER_35_131,VGND,li1,66.7000,108.8000,0.000793
FILLER_35_122,VGND,li1,61.8700,108.8000,0.000742
FILLER_35_111,VGND,li1,56.8100,108.8000,0.000682
FILLER_35_103,VGND,li1,54.7400,108.8000,0.000657
FILLER_35_70,VGND,li1,37.9500,108.8000,0.000403
FILLER_35_66,VGND,li1,36.8000,108.8000,0.000403
FILLER_35_21,VGND,li1,15.8700,108.8000,0.000234
FILLER_35_3,VGND,li1,7.3600,108.8000,0.000241
FILLER_34_628,VGND,li1,294.8600,103.3600,0.002084
FILLER_34_607,VGND,li1,284.9700,103.3600,0.002071
FILLER_34_549,VGND,li1,258.5200,103.3600,0.001913
FILLER_34_510,VGND,li1,241.5000,103.3600,0.001710
FILLER_34_477,VGND,li1,225.1700,103.3600,0.001445
FILLER_34_475,VGND,li1,224.2500,103.3600,0.001405
FILLER_34_471,VGND,li1,223.1000,103.3600,0.001405
FILLER_34_419,VGND,li1,198.4900,103.3600,0.000903
FILLER_34_415,VGND,li1,197.3400,103.3600,0.000846
FILLER_34_345,VGND,li1,164.9100,103.3600,0.000586
FILLER_34_312,VGND,li1,149.7300,103.3600,0.000735
FILLER_34_287,VGND,li1,137.7700,103.3600,0.000833
FILLER_34_281,VGND,li1,136.1600,103.3600,0.000833
FILLER_34_256,VGND,li1,124.2000,103.3600,0.000887
FILLER_34_226,VGND,li1,109.7100,103.3600,0.000910
FILLER_34_155,VGND,li1,77.5100,103.3600,0.000817
FILLER_34_145,VGND,li1,72.4500,103.3600,0.000786
FILLER_34_141,VGND,li1,71.3000,103.3600,0.000769
FILLER_34_139,VGND,li1,69.6900,103.3600,0.000769
FILLER_34_131,VGND,li1,67.6200,103.3600,0.000756
FILLER_34_104,VGND,li1,54.2800,103.3600,0.000647
FILLER_34_85,VGND,li1,45.5400,103.3600,0.000524
FILLER_34_73,VGND,li1,39.5600,103.3600,0.000451
FILLER_34_62,VGND,li1,34.7300,103.3600,0.000381
FILLER_34_29,VGND,li1,20.7000,103.3600,0.000204
FILLER_34_26,VGND,li1,17.9400,103.3600,0.000208
FILLER_34_6,VGND,li1,8.9700,103.3600,0.000211
FILLER_33_621,VGND,li1,291.4100,103.3600,0.002084
FILLER_33_561,VGND,li1,263.8100,103.3600,0.001959
FILLER_33_559,VGND,li1,262.8900,103.3600,0.001943
FILLER_33_521,VGND,li1,245.6400,103.3600,0.001766
FILLER_33_513,VGND,li1,243.3400,103.3600,0.001735
FILLER_33_480,VGND,li1,226.5500,103.3600,0.001481
FILLER_33_476,VGND,li1,225.4000,103.3600,0.001445
FILLER_33_465,VGND,li1,220.1100,103.3600,0.001356
FILLER_33_457,VGND,li1,217.5800,103.3600,0.001273
FILLER_33_442,VGND,li1,210.2200,103.3600,0.001157
FILLER_33_432,VGND,li1,204.4700,103.3600,0.001034
FILLER_33_422,VGND,li1,199.8700,103.3600,0.000903
FILLER_33_418,VGND,li1,198.7200,103.3600,0.000903
FILLER_33_408,VGND,li1,193.6600,103.3600,0.000794
FILLER_33_399,VGND,li1,189.2900,103.3600,0.000658
FILLER_33_393,VGND,li1,187.6800,103.3600,0.000658
FILLER_33_384,VGND,li1,182.6200,103.3600,0.000535
FILLER_33_335,VGND,li1,159.8500,103.3600,0.000652
FILLER_33_331,VGND,li1,158.7000,103.3600,0.000652
FILLER_33_314,VGND,li1,150.1900,103.3600,0.000735
FILLER_33_296,VGND,li1,141.9100,103.3600,0.000798
FILLER_33_279,VGND,li1,134.0900,103.3600,0.000844
FILLER_33_223,VGND,li1,108.3300,103.3600,0.000909
FILLER_33_219,VGND,li1,107.1800,103.3600,0.000909
FILLER_33_193,VGND,li1,94.5300,103.3600,0.000885
FILLER_33_189,VGND,li1,93.3800,103.3600,0.000885
FILLER_33_165,VGND,li1,82.1100,103.3600,0.000841
FILLER_33_109,VGND,li1,56.3500,103.3600,0.000666
FILLER_33_73,VGND,li1,39.3300,103.3600,0.000451
FILLER_33_42,VGND,li1,26.2200,103.3600,0.000238
FILLER_33_11,VGND,li1,11.0400,103.3600,0.000211
FILLER_33_3,VGND,li1,8.7400,103.3600,0.000211
FILLER_32_628,VGND,li1,294.8600,97.9200,0.002147
FILLER_32_607,VGND,li1,284.9700,97.9200,0.002129
FILLER_32_592,VGND,li1,279.2200,97.9200,0.002103
FILLER_32_575,VGND,li1,270.4800,97.9200,0.002028
FILLER_32_533,VGND,li1,252.5400,97.9200,0.001828
FILLER_32_529,VGND,li1,249.5500,97.9200,0.001758
FILLER_32_517,VGND,li1,246.1000,97.9200,0.001725
FILLER_32_513,VGND,li1,241.7300,97.9200,0.001658
FILLER_32_507,VGND,li1,240.1200,97.9200,0.001628
FILLER_32_500,VGND,li1,236.4400,97.9200,0.001562
FILLER_32_488,VGND,li1,232.7600,97.9200,0.001483
FILLER_32_483,VGND,li1,228.1600,97.9200,0.001424
FILLER_32_474,VGND,li1,224.0200,97.9200,0.001346
FILLER_32_466,VGND,li1,221.7200,97.9200,0.001302
FILLER_32_448,VGND,li1,212.0600,97.9200,0.001099
FILLER_32_440,VGND,li1,209.7600,97.9200,0.001058
FILLER_32_421,VGND,li1,199.8700,97.9200,0.000836
FILLER_32_419,VGND,li1,198.4900,97.9200,0.000836
FILLER_32_413,VGND,li1,196.8800,97.9200,0.000797
FILLER_32_395,VGND,li1,187.6800,97.9200,0.000571
FILLER_32_362,VGND,li1,172.5000,97.9200,0.000513
FILLER_32_352,VGND,li1,167.6700,97.9200,0.000591
FILLER_32_337,VGND,li1,161.0000,97.9200,0.000702
FILLER_32_321,VGND,li1,153.6400,97.9200,0.000789
FILLER_32_309,VGND,li1,150.4200,97.9200,0.000828
FILLER_32_306,VGND,li1,146.7400,97.9200,0.000871
FILLER_32_298,VGND,li1,144.4400,97.9200,0.000908
FILLER_32_280,VGND,li1,135.7000,97.9200,0.001002
FILLER_32_250,VGND,li1,120.9800,97.9200,0.001063
FILLER_32_197,VGND,li1,96.8300,97.9200,0.001059
FILLER_32_176,VGND,li1,87.4000,97.9200,0.001014
FILLER_32_141,VGND,li1,70.8400,97.9200,0.000886
FILLER_32_136,VGND,li1,69.0000,97.9200,0.000869
FILLER_32_123,VGND,li1,63.0200,97.9200,0.000805
FILLER_32_102,VGND,li1,52.6700,97.9200,0.000679
FILLER_32_83,VGND,li1,43.9300,97.9200,0.000547
FILLER_32_79,VGND,li1,42.7800,97.9200,0.000547
FILLER_32_38,VGND,li1,23.2300,97.9200,0.000256
FILLER_32_27,VGND,li1,18.1700,97.9200,0.000275
FILLER_32_21,VGND,li1,16.5600,97.9200,0.000275
FILLER_32_3,VGND,li1,7.3600,97.9200,0.000287
FILLER_31_629,VGND,li1,295.0900,97.9200,0.002147
FILLER_31_593,VGND,li1,280.1400,97.9200,0.002103
FILLER_31_572,VGND,li1,269.1000,97.9200,0.002028
FILLER_31_559,VGND,li1,262.8900,97.9200,0.001964
FILLER_31_545,VGND,li1,256.6800,97.9200,0.001869
FILLER_31_540,VGND,li1,254.1500,97.9200,0.001828
FILLER_31_531,VGND,li1,250.4700,97.9200,0.001797
FILLER_31_522,VGND,li1,245.8700,97.9200,0.001725
FILLER_31_503,VGND,li1,237.1300,97.9200,0.001562
FILLER_31_499,VGND,li1,235.9800,97.9200,0.001562
FILLER_31_484,VGND,li1,228.8500,97.9200,0.001424
FILLER_31_447,VGND,li1,211.3700,97.9200,0.001099
FILLER_31_436,VGND,li1,206.7700,97.9200,0.000993
FILLER_31_428,VGND,li1,204.2400,97.9200,0.000955
FILLER_31_383,VGND,li1,181.9300,97.9200,0.000478
FILLER_31_349,VGND,li1,167.9000,97.9200,0.000591
FILLER_31_337,VGND,li1,163.3000,97.9200,0.000668
FILLER_31_302,VGND,li1,144.6700,97.9200,0.000908
FILLER_31_298,VGND,li1,143.5200,97.9200,0.000908
FILLER_31_279,VGND,li1,134.0900,97.9200,0.001002
FILLER_31_265,VGND,li1,128.1100,97.9200,0.001037
FILLER_31_225,VGND,li1,109.4800,97.9200,0.001089
FILLER_31_207,VGND,li1,102.1200,97.9200,0.001081
FILLER_31_177,VGND,li1,88.3200,97.9200,0.001014
FILLER_31_164,VGND,li1,81.8800,97.9200,0.000969
FILLER_31_129,VGND,li1,65.5500,97.9200,0.000832
FILLER_31_101,VGND,li1,52.4400,97.9200,0.000679
FILLER_31_70,VGND,li1,38.1800,97.9200,0.000477
FILLER_31_57,VGND,li1,32.6600,97.9200,0.000386
FILLER_31_52,VGND,li1,30.3600,97.9200,0.000348
FILLER_31_3,VGND,li1,7.1300,97.9200,0.000287
FILLER_30_598,VGND,li1,281.2900,92.4800,0.002176
FILLER_30_494,VGND,li1,232.9900,92.4800,0.001603
FILLER_30_475,VGND,li1,224.2500,92.4800,0.001417
FILLER_30_469,VGND,li1,222.6400,92.4800,0.001417
FILLER_30_419,VGND,li1,198.4900,92.4800,0.000920
FILLER_30_377,VGND,li1,179.1700,92.4800,0.000434
FILLER_30_345,VGND,li1,164.4500,92.4800,0.000650
FILLER_30_341,VGND,li1,163.3000,92.4800,0.000676
FILLER_30_309,VGND,li1,147.8900,92.4800,0.000873
FILLER_30_299,VGND,li1,143.2900,92.4800,0.000933
FILLER_30_295,VGND,li1,142.1400,92.4800,0.000933
FILLER_30_224,VGND,li1,109.4800,92.4800,0.001184
FILLER_30_174,VGND,li1,86.9400,92.4800,0.001148
FILLER_30_91,VGND,li1,47.6100,92.4800,0.000703
FILLER_30_85,VGND,li1,46.0000,92.4800,0.000658
FILLER_30_11,VGND,li1,10.8100,92.4800,0.000271
FILLER_30_3,VGND,li1,8.7400,92.4800,0.000271
FILLER_29_617,VGND,li1,289.5700,92.4800,0.002210
FILLER_29_570,VGND,li1,267.9500,92.4800,0.002085
FILLER_29_556,VGND,li1,261.5100,92.4800,0.001999
FILLER_29_486,VGND,li1,229.5400,92.4800,0.001543
FILLER_29_445,VGND,li1,210.9100,92.4800,0.001172
FILLER_29_393,VGND,li1,186.5300,92.4800,0.000631
FILLER_29_375,VGND,li1,178.2500,92.4800,0.000434
FILLER_29_335,VGND,li1,159.8500,92.4800,0.000715
FILLER_29_302,VGND,li1,145.1300,92.4800,0.000899
FILLER_29_253,VGND,li1,122.5900,92.4800,0.001112
FILLER_29_225,VGND,li1,110.4000,92.4800,0.001184
FILLER_29_178,VGND,li1,87.6300,92.4800,0.001159
FILLER_29_137,VGND,li1,68.7700,92.4800,0.001028
FILLER_29_113,VGND,li1,58.1900,92.4800,0.000897
FILLER_29_94,VGND,li1,49.2200,92.4800,0.000752
FILLER_29_81,VGND,li1,43.7000,92.4800,0.000614
FILLER_29_57,VGND,li1,32.6600,92.4800,0.000393
FILLER_29_47,VGND,li1,27.3700,92.4800,0.000302
FILLER_29_38,VGND,li1,23.2300,92.4800,0.000260
FILLER_29_34,VGND,li1,22.0800,92.4800,0.000260
FILLER_29_24,VGND,li1,16.7900,92.4800,0.000268
FILLER_29_14,VGND,li1,12.1900,92.4800,0.000271
FILLER_29_6,VGND,li1,10.1200,92.4800,0.000271
FILLER_28_628,VGND,li1,294.8600,87.0400,0.002187
FILLER_28_601,VGND,li1,282.2100,87.0400,0.002164
FILLER_28_589,VGND,li1,279.2200,87.0400,0.002155
FILLER_28_533,VGND,li1,251.1600,87.0400,0.001985
FILLER_28_531,VGND,li1,250.0100,87.0400,0.001985
FILLER_28_475,VGND,li1,224.2500,87.0400,0.001597
FILLER_28_469,VGND,li1,222.6400,87.0400,0.001541
FILLER_28_414,VGND,li1,197.3400,87.0400,0.000977
FILLER_28_381,VGND,li1,181.0100,87.0400,0.000543
FILLER_28_338,VGND,li1,161.4600,87.0400,0.000654
FILLER_28_298,VGND,li1,143.9800,87.0400,0.000803
FILLER_28_257,VGND,li1,123.9700,87.0400,0.000891
FILLER_28_253,VGND,li1,122.8200,87.0400,0.000891
FILLER_28_249,VGND,li1,120.7500,87.0400,0.000897
FILLER_28_218,VGND,li1,106.2600,87.0400,0.000895
FILLER_28_168,VGND,li1,83.7200,87.0400,0.000807
FILLER_28_141,VGND,li1,71.7600,87.0400,0.000726
FILLER_28_136,VGND,li1,69.0000,87.0400,0.000706
FILLER_28_94,VGND,li1,49.2200,87.0400,0.000525
FILLER_28_82,VGND,li1,43.7000,87.0400,0.000462
FILLER_28_65,VGND,li1,35.6500,87.0400,0.000334
FILLER_28_59,VGND,li1,34.0400,87.0400,0.000334
FILLER_28_33,VGND,li1,20.9300,87.0400,0.000216
FILLER_28_29,VGND,li1,19.7800,87.0400,0.000216
FILLER_28_25,VGND,li1,17.7100,87.0400,0.000226
FILLER_28_3,VGND,li1,7.3600,87.0400,0.000232
FILLER_27_617,VGND,li1,289.5700,87.0400,0.002185
FILLER_27_605,VGND,li1,284.5100,87.0400,0.002172
FILLER_27_597,VGND,li1,281.9800,87.0400,0.002164
FILLER_27_585,VGND,li1,277.3800,87.0400,0.002145
FILLER_27_554,VGND,li1,261.7400,87.0400,0.002074
FILLER_27_535,VGND,li1,252.3100,87.0400,0.002005
FILLER_27_458,VGND,li1,216.8900,87.0400,0.001455
FILLER_27_447,VGND,li1,211.3700,87.0400,0.001342
FILLER_27_437,VGND,li1,206.7700,87.0400,0.001211
FILLER_27_418,VGND,li1,198.2600,87.0400,0.001045
FILLER_27_384,VGND,li1,184.0000,87.0400,0.000651
FILLER_27_343,VGND,li1,163.5300,87.0400,0.000620
FILLER_27_337,VGND,li1,161.9200,87.0400,0.000654
FILLER_27_326,VGND,li1,155.9400,87.0400,0.000698
FILLER_27_304,VGND,li1,145.8200,87.0400,0.000786
FILLER_27_296,VGND,li1,143.5200,87.0400,0.000803
FILLER_27_279,VGND,li1,134.0900,87.0400,0.000857
FILLER_27_267,VGND,li1,129.0300,87.0400,0.000879
FILLER_27_255,VGND,li1,125.5800,87.0400,0.000884
FILLER_27_225,VGND,li1,109.9400,87.0400,0.000898
FILLER_27_223,VGND,li1,108.3300,87.0400,0.000898
FILLER_27_217,VGND,li1,106.7200,87.0400,0.000895
FILLER_27_169,VGND,li1,85.1000,87.0400,0.000807
FILLER_27_162,VGND,li1,81.4200,87.0400,0.000793
FILLER_27_152,VGND,li1,75.6700,87.0400,0.000743
FILLER_27_146,VGND,li1,74.0600,87.0400,0.000743
FILLER_27_134,VGND,li1,69.9200,87.0400,0.000706
FILLER_27_113,VGND,li1,58.4200,87.0400,0.000609
FILLER_27_57,VGND,li1,31.9700,87.0400,0.000284
FILLER_27_18,VGND,li1,14.0300,87.0400,0.000229
FILLER_27_3,VGND,li1,8.2800,87.0400,0.000232
FILLER_26_629,VGND,li1,295.0900,81.6000,0.000720
FILLER_26_601,VGND,li1,283.8200,81.6000,0.000715
FILLER_26_589,VGND,li1,279.2200,81.6000,0.000710
FILLER_26_586,VGND,li1,275.5400,81.6000,0.000705
FILLER_26_574,VGND,li1,272.3200,81.6000,0.000703
FILLER_26_562,VGND,li1,264.7300,81.6000,0.000692
FILLER_26_553,VGND,li1,260.1300,81.6000,0.000682
FILLER_26_545,VGND,li1,258.0600,81.6000,0.000676
FILLER_26_533,VGND,li1,253.4600,81.6000,0.000662
FILLER_26_530,VGND,li1,249.7800,81.6000,0.000652
FILLER_26_522,VGND,li1,247.4800,81.6000,0.000645
FILLER_26_510,VGND,li1,242.8800,81.6000,0.000632
FILLER_26_498,VGND,li1,237.3600,81.6000,0.000612
FILLER_26_486,VGND,li1,231.8400,81.6000,0.000591
FILLER_26_473,VGND,li1,223.7900,81.6000,0.000565
FILLER_26_456,VGND,li1,215.5100,81.6000,0.000524
FILLER_26_439,VGND,li1,207.6900,81.6000,0.000476
FILLER_26_430,VGND,li1,203.5500,81.6000,0.000446
FILLER_26_414,VGND,li1,197.3400,81.6000,0.000400
FILLER_26_394,VGND,li1,187.4500,81.6000,0.000306
FILLER_26_382,VGND,li1,184.0000,81.6000,0.000288
FILLER_26_350,VGND,li1,167.9000,81.6000,0.000368
FILLER_26_338,VGND,li1,163.7600,81.6000,0.000431
FILLER_26_326,VGND,li1,158.2400,81.6000,0.000484
FILLER_26_317,VGND,li1,152.0300,81.6000,0.000542
FILLER_26_309,VGND,li1,149.5000,81.6000,0.000567
FILLER_26_307,VGND,li1,146.9700,81.6000,0.000588
FILLER_26_301,VGND,li1,145.3600,81.6000,0.000612
FILLER_26_276,VGND,li1,132.7100,81.6000,0.000672
FILLER_26_266,VGND,li1,128.1100,81.6000,0.000694
FILLER_26_262,VGND,li1,126.9600,81.6000,0.000694
FILLER_26_250,VGND,li1,120.9800,81.6000,0.000712
FILLER_26_210,VGND,li1,102.3500,81.6000,0.000709
FILLER_26_206,VGND,li1,101.2000,81.6000,0.000709
FILLER_26_184,VGND,li1,91.0800,81.6000,0.000684
FILLER_26_172,VGND,li1,87.4000,81.6000,0.000673
FILLER_26_141,VGND,li1,71.7600,81.6000,0.000610
FILLER_26_136,VGND,li1,69.0000,81.6000,0.000595
FILLER_26_117,VGND,li1,59.8000,81.6000,0.000540
FILLER_26_109,VGND,li1,57.5000,81.6000,0.000523
FILLER_26_67,VGND,li1,36.5700,81.6000,0.000312
FILLER_26_63,VGND,li1,35.4200,81.6000,0.000286
FILLER_26_29,VGND,li1,19.0900,81.6000,0.000178
FILLER_26_11,VGND,li1,10.8100,81.6000,0.000185
FILLER_26_3,VGND,li1,8.7400,81.6000,0.000185
FILLER_25_629,VGND,li1,295.0900,81.6000,0.000720
FILLER_25_621,VGND,li1,293.0200,81.6000,0.000720
FILLER_25_617,VGND,li1,289.5700,81.6000,0.000720
FILLER_25_615,VGND,li1,288.6500,81.6000,0.000720
FILLER_25_603,VGND,li1,285.6600,81.6000,0.000717
FILLER_25_591,VGND,li1,280.1400,81.6000,0.000710
FILLER_25_579,VGND,li1,274.6200,81.6000,0.000705
FILLER_25_570,VGND,li1,267.9500,81.6000,0.000696
FILLER_25_558,VGND,li1,262.6600,81.6000,0.000687
FILLER_25_549,VGND,li1,258.2900,81.6000,0.000676
FILLER_25_537,VGND,li1,255.3000,81.6000,0.000668
FILLER_25_525,VGND,li1,249.7800,81.6000,0.000652
FILLER_25_513,VGND,li1,244.2600,81.6000,0.000632
FILLER_25_501,VGND,li1,236.6700,81.6000,0.000612
FILLER_25_491,VGND,li1,231.6100,81.6000,0.000591
FILLER_25_487,VGND,li1,230.4600,81.6000,0.000591
FILLER_25_461,VGND,li1,217.8100,81.6000,0.000537
FILLER_25_449,VGND,li1,212.9800,81.6000,0.000502
FILLER_25_446,VGND,li1,211.1400,81.6000,0.000489
FILLER_25_430,VGND,li1,205.1600,81.6000,0.000446
FILLER_25_412,VGND,li1,195.5000,81.6000,0.000385
FILLER_25_401,VGND,li1,190.6700,81.6000,0.000341
FILLER_25_393,VGND,li1,188.1400,81.6000,0.000323
FILLER_25_391,VGND,li1,185.6100,81.6000,0.000288
FILLER_25_387,VGND,li1,184.4600,81.6000,0.000288
FILLER_25_375,VGND,li1,179.4000,81.6000,0.000236
FILLER_25_365,VGND,li1,173.6500,81.6000,0.000319
FILLER_25_353,VGND,li1,170.6600,81.6000,0.000340
FILLER_25_335,VGND,li1,159.8500,81.6000,0.000459
FILLER_25_277,VGND,li1,133.6300,81.6000,0.000672
FILLER_25_252,VGND,li1,121.6700,81.6000,0.000712
FILLER_25_231,VGND,li1,112.0100,81.6000,0.000718
FILLER_25_225,VGND,li1,110.4000,81.6000,0.000718
FILLER_25_199,VGND,li1,97.2900,81.6000,0.000698
FILLER_25_173,VGND,li1,85.3300,81.6000,0.000662
FILLER_25_169,VGND,li1,84.1800,81.6000,0.000662
FILLER_25_165,VGND,li1,82.1100,81.6000,0.000656
FILLER_25_138,VGND,li1,69.4600,81.6000,0.000595
FILLER_25_106,VGND,li1,55.6600,81.6000,0.000509
FILLER_25_89,VGND,li1,47.1500,81.6000,0.000434
FILLER_25_69,VGND,li1,37.9500,81.6000,0.000312
FILLER_25_57,VGND,li1,34.5000,81.6000,0.000286
FILLER_25_50,VGND,li1,29.9000,81.6000,0.000227
FILLER_25_35,VGND,li1,23.0000,81.6000,0.000173
FILLER_25_18,VGND,li1,14.0300,81.6000,0.000185
FILLER_25_3,VGND,li1,8.2800,81.6000,0.000185
FILLER_24_629,VGND,li1,295.0900,76.1600,0.001354
FILLER_24_625,VGND,li1,293.9400,76.1600,0.001354
FILLER_24_613,VGND,li1,290.2600,76.1600,0.001354
FILLER_24_601,VGND,li1,284.7400,76.1600,0.001354
FILLER_24_589,VGND,li1,279.2200,76.1600,0.001354
FILLER_24_587,VGND,li1,275.7700,76.1600,0.001354
FILLER_24_566,VGND,li1,266.1100,76.1600,0.001340
FILLER_24_560,VGND,li1,264.5000,76.1600,0.001327
FILLER_24_542,VGND,li1,255.0700,76.1600,0.001285
FILLER_24_528,VGND,li1,249.3200,76.1600,0.001249
FILLER_24_519,VGND,li1,244.4900,76.1600,0.001215
FILLER_24_485,VGND,li1,228.8500,76.1600,0.001084
FILLER_24_475,VGND,li1,224.2500,76.1600,0.001026
FILLER_24_471,VGND,li1,223.1000,76.1600,0.001026
FILLER_24_461,VGND,li1,217.8100,76.1600,0.000947
FILLER_24_455,VGND,li1,216.2000,76.1600,0.000947
FILLER_24_418,VGND,li1,198.2600,76.1600,0.000715
FILLER_24_397,VGND,li1,190.9000,76.1600,0.000600
FILLER_24_353,VGND,li1,168.3600,76.1600,0.000542
FILLER_24_309,VGND,li1,148.5800,76.1600,0.000853
FILLER_24_306,VGND,li1,146.7400,76.1600,0.000878
FILLER_24_294,VGND,li1,141.4500,76.1600,0.000961
FILLER_24_242,VGND,li1,117.3000,76.1600,0.001135
FILLER_24_186,VGND,li1,91.3100,76.1600,0.001110
FILLER_24_180,VGND,li1,89.7000,76.1600,0.001110
FILLER_24_139,VGND,li1,69.6900,76.1600,0.000984
FILLER_24_81,VGND,li1,43.4700,76.1600,0.000663
FILLER_24_56,VGND,li1,31.7400,76.1600,0.000406
FILLER_24_48,VGND,li1,29.4400,76.1600,0.000349
FILLER_24_29,VGND,li1,19.5500,76.1600,0.000279
FILLER_24_27,VGND,li1,18.1700,76.1600,0.000282
FILLER_24_21,VGND,li1,16.5600,76.1600,0.000282
FILLER_24_3,VGND,li1,7.3600,76.1600,0.000291
FILLER_23_629,VGND,li1,295.0900,76.1600,0.001354
FILLER_23_617,VGND,li1,292.1000,76.1600,0.001354
FILLER_23_614,VGND,li1,288.4200,76.1600,0.001354
FILLER_23_602,VGND,li1,285.2000,76.1600,0.001354
FILLER_23_590,VGND,li1,279.6800,76.1600,0.001354
FILLER_23_556,VGND,li1,262.2000,76.1600,0.001316
FILLER_23_523,VGND,li1,246.7900,76.1600,0.001230
FILLER_23_502,VGND,li1,236.9000,76.1600,0.001156
FILLER_23_453,VGND,li1,214.1300,76.1600,0.000905
FILLER_23_449,VGND,li1,212.9800,76.1600,0.000905
FILLER_23_447,VGND,li1,211.3700,76.1600,0.000874
FILLER_23_443,VGND,li1,210.2200,76.1600,0.000874
FILLER_23_401,VGND,li1,190.6700,76.1600,0.000600
FILLER_23_388,VGND,li1,184.9200,76.1600,0.000510
FILLER_23_310,VGND,li1,148.3500,76.1600,0.000878
FILLER_23_243,VGND,li1,117.5300,76.1600,0.001135
FILLER_23_237,VGND,li1,115.9200,76.1600,0.001135
FILLER_23_225,VGND,li1,109.7100,76.1600,0.001154
FILLER_23_177,VGND,li1,87.8600,76.1600,0.001101
FILLER_23_102,VGND,li1,52.6700,76.1600,0.000802
FILLER_23_98,VGND,li1,51.5200,76.1600,0.000774
FILLER_23_77,VGND,li1,41.1700,76.1600,0.000616
FILLER_23_57,VGND,li1,32.6600,76.1600,0.000452
FILLER_23_53,VGND,li1,30.5900,76.1600,0.000406
FILLER_23_45,VGND,li1,28.0600,76.1600,0.000349
FILLER_23_9,VGND,li1,10.1200,76.1600,0.000291
FILLER_22_629,VGND,li1,295.0900,70.7200,0.001682
FILLER_22_625,VGND,li1,293.9400,70.7200,0.001682
FILLER_22_613,VGND,li1,290.2600,70.7200,0.001682
FILLER_22_601,VGND,li1,284.7400,70.7200,0.001682
FILLER_22_589,VGND,li1,279.2200,70.7200,0.001682
FILLER_22_530,VGND,li1,249.7800,70.7200,0.001604
FILLER_22_475,VGND,li1,224.2500,70.7200,0.001335
FILLER_22_430,VGND,li1,204.2400,70.7200,0.000989
FILLER_22_365,VGND,li1,173.8800,70.7200,0.000485
FILLER_22_361,VGND,li1,172.2700,70.7200,0.000520
FILLER_22_347,VGND,li1,165.3700,70.7200,0.000602
FILLER_22_341,VGND,li1,163.7600,70.7200,0.000622
FILLER_22_330,VGND,li1,157.7800,70.7200,0.000697
FILLER_22_286,VGND,li1,138.4600,70.7200,0.000839
FILLER_22_250,VGND,li1,120.9800,70.7200,0.000927
FILLER_22_238,VGND,li1,117.7600,70.7200,0.000944
FILLER_22_213,VGND,li1,103.7300,70.7200,0.000963
FILLER_22_177,VGND,li1,87.6300,70.7200,0.000915
FILLER_22_169,VGND,li1,85.1000,70.7200,0.000903
FILLER_22_141,VGND,li1,71.3000,70.7200,0.000794
FILLER_22_57,VGND,li1,31.9700,70.7200,0.000351
FILLER_22_53,VGND,li1,30.8200,70.7200,0.000317
FILLER_22_29,VGND,li1,19.5500,70.7200,0.000269
FILLER_21_625,VGND,li1,293.4800,70.7200,0.001682
FILLER_21_617,VGND,li1,291.1800,70.7200,0.001682
FILLER_21_615,VGND,li1,288.6500,70.7200,0.001682
FILLER_21_609,VGND,li1,287.0400,70.7200,0.001682
FILLER_21_597,VGND,li1,282.9000,70.7200,0.001682
FILLER_21_585,VGND,li1,277.3800,70.7200,0.001682
FILLER_21_559,VGND,li1,262.8900,70.7200,0.001659
FILLER_21_553,VGND,li1,261.2800,70.7200,0.001659
FILLER_21_449,VGND,li1,212.5200,70.7200,0.001138
FILLER_21_447,VGND,li1,211.3700,70.7200,0.001104
FILLER_21_393,VGND,li1,187.6800,70.7200,0.000623
FILLER_21_389,VGND,li1,185.1500,70.7200,0.000563
FILLER_21_363,VGND,li1,172.7300,70.7200,0.000520
FILLER_21_359,VGND,li1,171.5800,70.7200,0.000520
FILLER_21_337,VGND,li1,161.0000,70.7200,0.000656
FILLER_21_316,VGND,li1,151.8000,70.7200,0.000747
FILLER_21_281,VGND,li1,135.4700,70.7200,0.000855
FILLER_21_276,VGND,li1,133.4000,70.7200,0.000866
FILLER_21_264,VGND,li1,129.7200,70.7200,0.000886
FILLER_21_250,VGND,li1,121.9000,70.7200,0.000927
FILLER_21_233,VGND,li1,112.9300,70.7200,0.000956
FILLER_21_222,VGND,li1,108.1000,70.7200,0.000969
FILLER_21_183,VGND,li1,90.6200,70.7200,0.000929
FILLER_21_147,VGND,li1,74.0600,70.7200,0.000827
FILLER_21_135,VGND,li1,70.3800,70.7200,0.000794
FILLER_21_123,VGND,li1,64.8600,70.7200,0.000741
FILLER_21_113,VGND,li1,57.9600,70.7200,0.000672
FILLER_21_111,VGND,li1,56.8100,70.7200,0.000672
FILLER_21_103,VGND,li1,54.7400,70.7200,0.000636
FILLER_21_55,VGND,li1,31.0500,70.7200,0.000317
FILLER_21_51,VGND,li1,29.9000,70.7200,0.000317
FILLER_21_32,VGND,li1,20.9300,70.7200,0.000269
FILLER_21_3,VGND,li1,7.3600,70.7200,0.000291
FILLER_20_629,VGND,li1,295.0900,65.2800,0.000834
FILLER_20_625,VGND,li1,293.9400,65.2800,0.000834
FILLER_20_613,VGND,li1,290.2600,65.2800,0.000834
FILLER_20_601,VGND,li1,284.7400,65.2800,0.000834
FILLER_20_589,VGND,li1,279.2200,65.2800,0.000834
FILLER_20_585,VGND,li1,275.3100,65.2800,0.000834
FILLER_20_577,VGND,li1,272.7800,65.2800,0.000834
FILLER_20_533,VGND,li1,251.6200,65.2800,0.000806
FILLER_20_529,VGND,li1,249.5500,65.2800,0.000800
FILLER_20_521,VGND,li1,247.0200,65.2800,0.000789
FILLER_20_509,VGND,li1,242.4200,65.2800,0.000779
FILLER_20_492,VGND,li1,232.0700,65.2800,0.000741
FILLER_20_488,VGND,li1,230.9200,65.2800,0.000741
FILLER_20_475,VGND,li1,224.2500,65.2800,0.000702
FILLER_20_469,VGND,li1,222.6400,65.2800,0.000688
FILLER_20_459,VGND,li1,216.8900,65.2800,0.000644
FILLER_20_453,VGND,li1,215.2800,65.2800,0.000627
FILLER_20_409,VGND,li1,194.3500,65.2800,0.000432
FILLER_20_401,VGND,li1,191.8200,65.2800,0.000404
FILLER_20_365,VGND,li1,174.1100,65.2800,0.000312
FILLER_20_346,VGND,li1,165.1400,65.2800,0.000404
FILLER_20_338,VGND,li1,162.8400,65.2800,0.000427
FILLER_20_326,VGND,li1,158.2400,65.2800,0.000477
FILLER_20_270,VGND,li1,131.1000,65.2800,0.000695
FILLER_20_235,VGND,li1,113.8500,65.2800,0.000782
FILLER_20_229,VGND,li1,112.2400,65.2800,0.000782
FILLER_20_203,VGND,li1,99.1300,65.2800,0.000801
FILLER_20_197,VGND,li1,97.5200,65.2800,0.000801
FILLER_20_185,VGND,li1,91.3100,65.2800,0.000795
FILLER_20_141,VGND,li1,70.8400,65.2800,0.000713
FILLER_20_137,VGND,li1,69.2300,65.2800,0.000696
FILLER_20_126,VGND,li1,64.1700,65.2800,0.000656
FILLER_20_108,VGND,li1,55.4300,65.2800,0.000553
FILLER_20_102,VGND,li1,53.8200,65.2800,0.000553
FILLER_20_55,VGND,li1,31.5100,65.2800,0.000252
FILLER_20_29,VGND,li1,19.0900,65.2800,0.000194
FILLER_20_26,VGND,li1,17.9400,65.2800,0.000197
FILLER_20_3,VGND,li1,8.2800,65.2800,0.000203
FILLER_19_629,VGND,li1,295.0900,65.2800,0.000834
FILLER_19_617,VGND,li1,292.1000,65.2800,0.000834
FILLER_19_613,VGND,li1,288.1900,65.2800,0.000834
FILLER_19_605,VGND,li1,285.6600,65.2800,0.000834
FILLER_19_593,VGND,li1,281.0600,65.2800,0.000834
FILLER_19_581,VGND,li1,275.5400,65.2800,0.000834
FILLER_19_569,VGND,li1,270.0200,65.2800,0.000834
FILLER_19_559,VGND,li1,262.8900,65.2800,0.000827
FILLER_19_555,VGND,li1,261.7400,65.2800,0.000827
FILLER_19_542,VGND,li1,255.7600,65.2800,0.000817
FILLER_19_529,VGND,li1,249.7800,65.2800,0.000800
FILLER_19_517,VGND,li1,246.1000,65.2800,0.000789
FILLER_19_505,VGND,li1,240.5800,65.2800,0.000773
FILLER_19_502,VGND,li1,236.9000,65.2800,0.000762
FILLER_19_494,VGND,li1,234.6000,65.2800,0.000755
FILLER_19_476,VGND,li1,224.7100,65.2800,0.000702
FILLER_19_461,VGND,li1,218.9600,65.2800,0.000661
FILLER_19_449,VGND,li1,214.8200,65.2800,0.000627
FILLER_19_445,VGND,li1,210.9100,65.2800,0.000590
FILLER_19_425,VGND,li1,201.4800,65.2800,0.000508
FILLER_19_413,VGND,li1,198.2600,65.2800,0.000460
FILLER_19_401,VGND,li1,192.7400,65.2800,0.000404
FILLER_19_345,VGND,li1,164.6800,65.2800,0.000404
FILLER_19_337,VGND,li1,162.3800,65.2800,0.000427
FILLER_19_334,VGND,li1,159.6200,65.2800,0.000455
FILLER_19_326,VGND,li1,157.3200,65.2800,0.000477
FILLER_19_314,VGND,li1,152.7200,65.2800,0.000538
FILLER_19_305,VGND,li1,146.0500,65.2800,0.000585
FILLER_19_279,VGND,li1,134.0900,65.2800,0.000677
FILLER_19_273,VGND,li1,132.4800,65.2800,0.000695
FILLER_19_225,VGND,li1,109.4800,65.2800,0.000790
FILLER_19_190,VGND,li1,93.3800,65.2800,0.000798
FILLER_19_150,VGND,li1,74.9800,65.2800,0.000747
FILLER_19_142,VGND,li1,72.6800,65.2800,0.000728
FILLER_19_113,VGND,li1,58.4200,65.2800,0.000589
FILLER_19_94,VGND,li1,48.9900,65.2800,0.000501
FILLER_19_90,VGND,li1,47.8400,65.2800,0.000474
FILLER_19_55,VGND,li1,31.0500,65.2800,0.000252
FILLER_19_51,VGND,li1,29.9000,65.2800,0.000252
FILLER_19_23,VGND,li1,16.7900,65.2800,0.000197
FILLER_19_3,VGND,li1,7.5900,65.2800,0.000203
FILLER_18_629,VGND,li1,295.0900,59.8400,0.000299
FILLER_18_625,VGND,li1,293.9400,59.8400,0.000299
FILLER_18_613,VGND,li1,290.2600,59.8400,0.000299
FILLER_18_601,VGND,li1,284.7400,59.8400,0.000299
FILLER_18_589,VGND,li1,279.2200,59.8400,0.000299
FILLER_18_586,VGND,li1,275.5400,59.8400,0.000299
FILLER_18_574,VGND,li1,272.3200,59.8400,0.000299
FILLER_18_562,VGND,li1,266.8000,59.8400,0.000299
FILLER_18_550,VGND,li1,261.2800,59.8400,0.000299
FILLER_18_529,VGND,li1,249.5500,59.8400,0.000295
FILLER_18_521,VGND,li1,247.0200,59.8400,0.000293
FILLER_18_509,VGND,li1,242.4200,59.8400,0.000291
FILLER_18_497,VGND,li1,236.9000,59.8400,0.000286
FILLER_18_485,VGND,li1,231.3800,59.8400,0.000283
FILLER_18_475,VGND,li1,224.2500,59.8400,0.000278
FILLER_18_459,VGND,li1,218.5000,59.8400,0.000270
FILLER_18_447,VGND,li1,213.9000,59.8400,0.000263
FILLER_18_435,VGND,li1,206.5400,59.8400,0.000249
FILLER_18_421,VGND,li1,200.5600,59.8400,0.000237
FILLER_18_418,VGND,li1,198.2600,59.8400,0.000233
FILLER_18_410,VGND,li1,195.9600,59.8400,0.000224
FILLER_18_398,VGND,li1,191.3600,59.8400,0.000216
FILLER_18_386,VGND,li1,185.8400,59.8400,0.000203
FILLER_18_374,VGND,li1,180.3200,59.8400,0.000187
FILLER_18_362,VGND,li1,172.5000,59.8400,0.000288
FILLER_18_322,VGND,li1,154.5600,59.8400,0.000534
FILLER_18_309,VGND,li1,148.5800,59.8400,0.000619
FILLER_18_307,VGND,li1,146.9700,59.8400,0.000619
FILLER_18_301,VGND,li1,145.3600,59.8400,0.000639
FILLER_18_287,VGND,li1,138.2300,59.8400,0.000698
FILLER_18_269,VGND,li1,129.7200,59.8400,0.000747
FILLER_18_233,VGND,li1,112.9300,59.8400,0.000791
FILLER_18_227,VGND,li1,111.3200,59.8400,0.000794
FILLER_18_147,VGND,li1,73.3700,59.8400,0.000706
FILLER_18_141,VGND,li1,71.7600,59.8400,0.000706
FILLER_18_137,VGND,li1,69.2300,59.8400,0.000690
FILLER_18_94,VGND,li1,50.1400,59.8400,0.000515
FILLER_18_46,VGND,li1,26.9100,59.8400,0.000233
FILLER_18_26,VGND,li1,17.9400,59.8400,0.000230
FILLER_18_21,VGND,li1,15.4100,59.8400,0.000238
FILLER_18_3,VGND,li1,7.3600,59.8400,0.000248
FILLER_17_629,VGND,li1,295.0900,59.8400,0.000299
FILLER_17_617,VGND,li1,292.1000,59.8400,0.000299
FILLER_17_615,VGND,li1,288.6500,59.8400,0.000299
FILLER_17_609,VGND,li1,287.0400,59.8400,0.000299
FILLER_17_597,VGND,li1,282.9000,59.8400,0.000299
FILLER_17_585,VGND,li1,277.3800,59.8400,0.000299
FILLER_17_573,VGND,li1,271.8600,59.8400,0.000299
FILLER_17_561,VGND,li1,266.3400,59.8400,0.000299
FILLER_17_559,VGND,li1,262.8900,59.8400,0.000299
FILLER_17_553,VGND,li1,261.2800,59.8400,0.000299
FILLER_17_541,VGND,li1,257.1400,59.8400,0.000299
FILLER_17_529,VGND,li1,251.6200,59.8400,0.000297
FILLER_17_517,VGND,li1,246.1000,59.8400,0.000293
FILLER_17_505,VGND,li1,240.5800,59.8400,0.000289
FILLER_17_503,VGND,li1,237.1300,59.8400,0.000286
FILLER_17_497,VGND,li1,235.5200,59.8400,0.000286
FILLER_17_485,VGND,li1,231.3800,59.8400,0.000283
FILLER_17_473,VGND,li1,225.8600,59.8400,0.000278
FILLER_17_461,VGND,li1,220.3400,59.8400,0.000273
FILLER_17_449,VGND,li1,214.8200,59.8400,0.000263
FILLER_17_447,VGND,li1,211.3700,59.8400,0.000259
FILLER_17_441,VGND,li1,209.7600,59.8400,0.000256
FILLER_17_429,VGND,li1,205.6200,59.8400,0.000249
FILLER_17_417,VGND,li1,200.1000,59.8400,0.000237
FILLER_17_405,VGND,li1,194.5800,59.8400,0.000224
FILLER_17_393,VGND,li1,189.0600,59.8400,0.000211
FILLER_17_391,VGND,li1,185.6100,59.8400,0.000203
FILLER_17_383,VGND,li1,183.5400,59.8400,0.000198
FILLER_17_371,VGND,li1,178.9400,59.8400,0.000187
FILLER_17_337,VGND,li1,160.7700,59.8400,0.000474
FILLER_17_333,VGND,li1,159.3900,59.8400,0.000474
FILLER_17_297,VGND,li1,142.6000,59.8400,0.000677
FILLER_17_265,VGND,li1,128.8000,59.8400,0.000747
FILLER_17_250,VGND,li1,121.9000,59.8400,0.000772
FILLER_17_233,VGND,li1,114.5400,59.8400,0.000791
FILLER_17_222,VGND,li1,108.1000,59.8400,0.000798
FILLER_17_196,VGND,li1,96.1400,59.8400,0.000796
FILLER_17_184,VGND,li1,92.9200,59.8400,0.000792
FILLER_17_178,VGND,li1,87.8600,59.8400,0.000783
FILLER_17_150,VGND,li1,74.7500,59.8400,0.000724
FILLER_17_144,VGND,li1,73.1400,59.8400,0.000706
FILLER_17_119,VGND,li1,60.4900,59.8400,0.000626
FILLER_17_113,VGND,li1,58.8800,59.8400,0.000599
FILLER_17_92,VGND,li1,48.7600,59.8400,0.000515
FILLER_17_73,VGND,li1,39.7900,59.8400,0.000407
FILLER_17_55,VGND,li1,31.0500,59.8400,0.000271
FILLER_17_49,VGND,li1,29.4400,59.8400,0.000271
FILLER_16_629,VGND,li1,295.0900,54.4000,0.000157
FILLER_16_625,VGND,li1,293.9400,54.4000,0.000157
FILLER_16_613,VGND,li1,290.2600,54.4000,0.000157
FILLER_16_601,VGND,li1,284.7400,54.4000,0.000157
FILLER_16_589,VGND,li1,279.2200,54.4000,0.000157
FILLER_16_587,VGND,li1,275.7700,54.4000,0.000157
FILLER_16_581,VGND,li1,274.1600,54.4000,0.000157
FILLER_16_569,VGND,li1,270.0200,54.4000,0.000157
FILLER_16_557,VGND,li1,264.5000,54.4000,0.000157
FILLER_16_545,VGND,li1,258.9800,54.4000,0.000157
FILLER_16_533,VGND,li1,253.4600,54.4000,0.000157
FILLER_16_531,VGND,li1,250.0100,54.4000,0.000157
FILLER_16_525,VGND,li1,248.4000,54.4000,0.000157
FILLER_16_513,VGND,li1,244.2600,54.4000,0.000157
FILLER_16_501,VGND,li1,238.7400,54.4000,0.000157
FILLER_16_489,VGND,li1,233.2200,54.4000,0.000157
FILLER_16_477,VGND,li1,227.7000,54.4000,0.000157
FILLER_16_475,VGND,li1,224.2500,54.4000,0.000157
FILLER_16_469,VGND,li1,222.6400,54.4000,0.000157
FILLER_16_457,VGND,li1,218.5000,54.4000,0.000157
FILLER_16_445,VGND,li1,212.9800,54.4000,0.000157
FILLER_16_433,VGND,li1,207.4600,54.4000,0.000157
FILLER_16_421,VGND,li1,201.9400,54.4000,0.000157
FILLER_16_419,VGND,li1,198.4900,54.4000,0.000157
FILLER_16_407,VGND,li1,195.5000,54.4000,0.000157
FILLER_16_395,VGND,li1,189.9800,54.4000,0.000157
FILLER_16_383,VGND,li1,184.4600,54.4000,0.000155
FILLER_16_365,VGND,li1,173.6500,54.4000,0.000242
FILLER_16_360,VGND,li1,172.0400,54.4000,0.000242
FILLER_16_351,VGND,li1,167.2100,54.4000,0.000312
FILLER_16_347,VGND,li1,166.0600,54.4000,0.000337
FILLER_16_300,VGND,li1,145.3600,54.4000,0.000545
FILLER_16_253,VGND,li1,122.3600,54.4000,0.000701
FILLER_16_249,VGND,li1,120.7500,54.4000,0.000701
FILLER_16_232,VGND,li1,112.4700,54.4000,0.000739
FILLER_16_226,VGND,li1,110.8600,54.4000,0.000739
FILLER_16_187,VGND,li1,91.7700,54.4000,0.000747
FILLER_16_183,VGND,li1,90.6200,54.4000,0.000747
FILLER_16_165,VGND,li1,81.6500,54.4000,0.000714
FILLER_16_153,VGND,li1,76.5900,54.4000,0.000682
FILLER_16_105,VGND,li1,55.6600,54.4000,0.000517
FILLER_16_93,VGND,li1,51.0600,54.4000,0.000477
FILLER_16_81,VGND,li1,43.4700,54.4000,0.000396
FILLER_16_70,VGND,li1,38.1800,54.4000,0.000336
FILLER_16_60,VGND,li1,33.3500,54.4000,0.000276
FILLER_16_54,VGND,li1,31.7400,54.4000,0.000251
FILLER_16_22,VGND,li1,17.0200,54.4000,0.000176
FILLER_16_3,VGND,li1,7.5900,54.4000,0.000184
FILLER_15_629,VGND,li1,295.0900,54.4000,0.000157
FILLER_15_617,VGND,li1,292.1000,54.4000,0.000157
FILLER_15_615,VGND,li1,288.6500,54.4000,0.000157
FILLER_15_609,VGND,li1,287.0400,54.4000,0.000157
FILLER_15_597,VGND,li1,282.9000,54.4000,0.000157
FILLER_15_585,VGND,li1,277.3800,54.4000,0.000157
FILLER_15_573,VGND,li1,271.8600,54.4000,0.000157
FILLER_15_561,VGND,li1,266.3400,54.4000,0.000157
FILLER_15_559,VGND,li1,262.8900,54.4000,0.000157
FILLER_15_553,VGND,li1,261.2800,54.4000,0.000157
FILLER_15_541,VGND,li1,257.1400,54.4000,0.000157
FILLER_15_529,VGND,li1,251.6200,54.4000,0.000157
FILLER_15_517,VGND,li1,246.1000,54.4000,0.000157
FILLER_15_505,VGND,li1,240.5800,54.4000,0.000157
FILLER_15_503,VGND,li1,237.1300,54.4000,0.000157
FILLER_15_497,VGND,li1,235.5200,54.4000,0.000157
FILLER_15_485,VGND,li1,231.3800,54.4000,0.000157
FILLER_15_473,VGND,li1,225.8600,54.4000,0.000157
FILLER_15_461,VGND,li1,220.3400,54.4000,0.000157
FILLER_15_449,VGND,li1,214.8200,54.4000,0.000157
FILLER_15_445,VGND,li1,210.9100,54.4000,0.000157
FILLER_15_437,VGND,li1,208.3800,54.4000,0.000157
FILLER_15_425,VGND,li1,203.7800,54.4000,0.000157
FILLER_15_413,VGND,li1,198.2600,54.4000,0.000157
FILLER_15_401,VGND,li1,192.7400,54.4000,0.000157
FILLER_15_388,VGND,li1,184.9200,54.4000,0.000155
FILLER_15_345,VGND,li1,164.4500,54.4000,0.000337
FILLER_15_337,VGND,li1,162.3800,54.4000,0.000361
FILLER_15_335,VGND,li1,159.8500,54.4000,0.000390
FILLER_15_326,VGND,li1,155.7100,54.4000,0.000436
FILLER_15_290,VGND,li1,139.8400,54.4000,0.000591
FILLER_15_261,VGND,li1,125.8100,54.4000,0.000675
FILLER_15_249,VGND,li1,120.7500,54.4000,0.000701
FILLER_15_225,VGND,li1,110.8600,54.4000,0.000739
FILLER_15_214,VGND,li1,104.1900,54.4000,0.000759
FILLER_15_210,VGND,li1,103.0400,54.4000,0.000759
FILLER_15_189,VGND,li1,92.6900,54.4000,0.000753
FILLER_15_169,VGND,li1,83.9500,54.4000,0.000724
FILLER_15_141,VGND,li1,70.6100,54.4000,0.000650
FILLER_15_113,VGND,li1,58.1900,54.4000,0.000541
FILLER_15_99,VGND,li1,51.9800,54.4000,0.000477
FILLER_15_87,VGND,li1,46.4600,54.4000,0.000428
FILLER_15_78,VGND,li1,41.6300,54.4000,0.000357
FILLER_15_72,VGND,li1,40.0200,54.4000,0.000357
FILLER_15_63,VGND,li1,34.7300,54.4000,0.000276
FILLER_15_57,VGND,li1,33.1200,54.4000,0.000276
FILLER_15_55,VGND,li1,31.0500,54.4000,0.000251
FILLER_15_49,VGND,li1,29.4400,54.4000,0.000220
FILLER_15_39,VGND,li1,23.6900,54.4000,0.000159
FILLER_15_35,VGND,li1,22.5400,54.4000,0.000166
FILLER_15_3,VGND,li1,8.7400,54.4000,0.000184
FILLER_14_629,VGND,li1,295.0900,48.9600,0.000159
FILLER_14_625,VGND,li1,293.9400,48.9600,0.000159
FILLER_14_613,VGND,li1,290.2600,48.9600,0.000159
FILLER_14_601,VGND,li1,284.7400,48.9600,0.000159
FILLER_14_589,VGND,li1,279.2200,48.9600,0.000159
FILLER_14_587,VGND,li1,275.7700,48.9600,0.000159
FILLER_14_581,VGND,li1,274.1600,48.9600,0.000159
FILLER_14_569,VGND,li1,270.0200,48.9600,0.000159
FILLER_14_557,VGND,li1,264.5000,48.9600,0.000159
FILLER_14_545,VGND,li1,258.9800,48.9600,0.000159
FILLER_14_533,VGND,li1,253.4600,48.9600,0.000159
FILLER_14_531,VGND,li1,250.0100,48.9600,0.000159
FILLER_14_525,VGND,li1,248.4000,48.9600,0.000159
FILLER_14_513,VGND,li1,244.2600,48.9600,0.000159
FILLER_14_501,VGND,li1,238.7400,48.9600,0.000159
FILLER_14_489,VGND,li1,233.2200,48.9600,0.000159
FILLER_14_477,VGND,li1,227.7000,48.9600,0.000159
FILLER_14_475,VGND,li1,224.2500,48.9600,0.000159
FILLER_14_469,VGND,li1,222.6400,48.9600,0.000159
FILLER_14_457,VGND,li1,218.5000,48.9600,0.000159
FILLER_14_445,VGND,li1,212.9800,48.9600,0.000159
FILLER_14_433,VGND,li1,207.4600,48.9600,0.000159
FILLER_14_421,VGND,li1,201.9400,48.9600,0.000159
FILLER_14_418,VGND,li1,198.2600,48.9600,0.000159
FILLER_14_410,VGND,li1,195.9600,48.9600,0.000159
FILLER_14_398,VGND,li1,191.3600,48.9600,0.000159
FILLER_14_386,VGND,li1,185.8400,48.9600,0.000159
FILLER_14_347,VGND,li1,165.3700,48.9600,0.000344
FILLER_14_343,VGND,li1,164.2200,48.9600,0.000344
FILLER_14_333,VGND,li1,158.9300,48.9600,0.000404
FILLER_14_325,VGND,li1,156.8600,48.9600,0.000427
FILLER_14_272,VGND,li1,131.3300,48.9600,0.000650
FILLER_14_226,VGND,li1,109.7100,48.9600,0.000738
FILLER_14_215,VGND,li1,104.8800,48.9600,0.000743
FILLER_14_197,VGND,li1,96.6000,48.9600,0.000736
FILLER_14_141,VGND,li1,71.0700,48.9600,0.000625
FILLER_14_138,VGND,li1,69.4600,48.9600,0.000625
FILLER_14_100,VGND,li1,51.7500,48.9600,0.000458
FILLER_14_94,VGND,li1,50.1400,48.9600,0.000458
FILLER_14_83,VGND,li1,43.9300,48.9600,0.000375
FILLER_14_77,VGND,li1,42.3200,48.9600,0.000375
FILLER_14_60,VGND,li1,33.3500,48.9600,0.000268
FILLER_14_54,VGND,li1,31.7400,48.9600,0.000245
FILLER_14_3,VGND,li1,8.7400,48.9600,0.000182
FILLER_13_629,VGND,li1,295.0900,48.9600,0.000159
FILLER_13_617,VGND,li1,292.1000,48.9600,0.000159
FILLER_13_615,VGND,li1,288.6500,48.9600,0.000159
FILLER_13_609,VGND,li1,287.0400,48.9600,0.000159
FILLER_13_597,VGND,li1,282.9000,48.9600,0.000159
FILLER_13_585,VGND,li1,277.3800,48.9600,0.000159
FILLER_13_573,VGND,li1,271.8600,48.9600,0.000159
FILLER_13_561,VGND,li1,266.3400,48.9600,0.000159
FILLER_13_559,VGND,li1,262.8900,48.9600,0.000159
FILLER_13_553,VGND,li1,261.2800,48.9600,0.000159
FILLER_13_541,VGND,li1,257.1400,48.9600,0.000159
FILLER_13_529,VGND,li1,251.6200,48.9600,0.000159
FILLER_13_517,VGND,li1,246.1000,48.9600,0.000159
FILLER_13_505,VGND,li1,240.5800,48.9600,0.000159
FILLER_13_503,VGND,li1,237.1300,48.9600,0.000159
FILLER_13_497,VGND,li1,235.5200,48.9600,0.000159
FILLER_13_485,VGND,li1,231.3800,48.9600,0.000159
FILLER_13_473,VGND,li1,225.8600,48.9600,0.000159
FILLER_13_461,VGND,li1,220.3400,48.9600,0.000159
FILLER_13_449,VGND,li1,214.8200,48.9600,0.000159
FILLER_13_447,VGND,li1,211.3700,48.9600,0.000159
FILLER_13_441,VGND,li1,209.7600,48.9600,0.000159
FILLER_13_429,VGND,li1,205.6200,48.9600,0.000159
FILLER_13_417,VGND,li1,200.1000,48.9600,0.000159
FILLER_13_405,VGND,li1,194.5800,48.9600,0.000159
FILLER_13_393,VGND,li1,189.0600,48.9600,0.000159
FILLER_13_386,VGND,li1,184.4600,48.9600,0.000159
FILLER_13_322,VGND,li1,155.0200,48.9600,0.000447
FILLER_13_293,VGND,li1,141.2200,48.9600,0.000577
FILLER_13_281,VGND,li1,137.5400,48.9600,0.000605
FILLER_13_272,VGND,li1,132.4800,48.9600,0.000650
FILLER_13_225,VGND,li1,109.4800,48.9600,0.000738
FILLER_13_223,VGND,li1,108.3300,48.9600,0.000741
FILLER_13_185,VGND,li1,90.8500,48.9600,0.000724
FILLER_13_166,VGND,li1,82.3400,48.9600,0.000697
FILLER_13_146,VGND,li1,73.6000,48.9600,0.000651
FILLER_13_102,VGND,li1,52.6700,48.9600,0.000483
FILLER_13_57,VGND,li1,33.1200,48.9600,0.000245
FILLER_13_15,VGND,li1,13.3400,48.9600,0.000182
FILLER_13_3,VGND,li1,9.6600,48.9600,0.000182
FILLER_12_629,VGND,li1,295.0900,43.5200,0.000143
FILLER_12_625,VGND,li1,293.9400,43.5200,0.000143
FILLER_12_613,VGND,li1,290.2600,43.5200,0.000143
FILLER_12_601,VGND,li1,284.7400,43.5200,0.000143
FILLER_12_589,VGND,li1,279.2200,43.5200,0.000143
FILLER_12_587,VGND,li1,275.7700,43.5200,0.000143
FILLER_12_581,VGND,li1,274.1600,43.5200,0.000143
FILLER_12_569,VGND,li1,270.0200,43.5200,0.000143
FILLER_12_557,VGND,li1,264.5000,43.5200,0.000143
FILLER_12_545,VGND,li1,258.9800,43.5200,0.000143
FILLER_12_533,VGND,li1,253.4600,43.5200,0.000143
FILLER_12_531,VGND,li1,250.0100,43.5200,0.000143
FILLER_12_525,VGND,li1,248.4000,43.5200,0.000143
FILLER_12_513,VGND,li1,244.2600,43.5200,0.000143
FILLER_12_501,VGND,li1,238.7400,43.5200,0.000143
FILLER_12_489,VGND,li1,233.2200,43.5200,0.000143
FILLER_12_477,VGND,li1,227.7000,43.5200,0.000143
FILLER_12_475,VGND,li1,224.2500,43.5200,0.000143
FILLER_12_469,VGND,li1,222.6400,43.5200,0.000143
FILLER_12_457,VGND,li1,218.5000,43.5200,0.000143
FILLER_12_445,VGND,li1,212.9800,43.5200,0.000143
FILLER_12_433,VGND,li1,207.4600,43.5200,0.000143
FILLER_12_421,VGND,li1,201.9400,43.5200,0.000143
FILLER_12_418,VGND,li1,198.2600,43.5200,0.000143
FILLER_12_406,VGND,li1,195.0400,43.5200,0.000143
FILLER_12_394,VGND,li1,189.5200,43.5200,0.000143
FILLER_12_382,VGND,li1,184.0000,43.5200,0.000143
FILLER_12_363,VGND,li1,172.7300,43.5200,0.000226
FILLER_12_305,VGND,li1,146.5100,43.5200,0.000484
FILLER_12_296,VGND,li1,141.9100,43.5200,0.000521
FILLER_12_292,VGND,li1,140.7600,43.5200,0.000521
FILLER_12_280,VGND,li1,137.0800,43.5200,0.000546
FILLER_12_253,VGND,li1,122.3600,43.5200,0.000608
FILLER_12_249,VGND,li1,120.7500,43.5200,0.000615
FILLER_12_228,VGND,li1,111.3200,43.5200,0.000635
FILLER_12_203,VGND,li1,99.1300,43.5200,0.000650
FILLER_12_197,VGND,li1,97.5200,43.5200,0.000651
FILLER_12_178,VGND,li1,87.6300,43.5200,0.000643
FILLER_12_174,VGND,li1,86.4800,43.5200,0.000638
FILLER_12_157,VGND,li1,77.9700,43.5200,0.000614
FILLER_12_153,VGND,li1,76.8200,43.5200,0.000614
FILLER_12_141,VGND,li1,73.1400,43.5200,0.000596
FILLER_12_136,VGND,li1,69.0000,43.5200,0.000582
FILLER_12_126,VGND,li1,63.7100,43.5200,0.000560
FILLER_12_101,VGND,li1,52.2100,43.5200,0.000487
FILLER_12_49,VGND,li1,28.7500,43.5200,0.000248
FILLER_12_29,VGND,li1,19.7800,43.5200,0.000202
FILLER_12_11,VGND,li1,10.8100,43.5200,0.000208
FILLER_12_3,VGND,li1,8.7400,43.5200,0.000208
FILLER_11_629,VGND,li1,295.0900,43.5200,0.000143
FILLER_11_617,VGND,li1,292.1000,43.5200,0.000143
FILLER_11_615,VGND,li1,288.6500,43.5200,0.000143
FILLER_11_609,VGND,li1,287.0400,43.5200,0.000143
FILLER_11_597,VGND,li1,282.9000,43.5200,0.000143
FILLER_11_585,VGND,li1,277.3800,43.5200,0.000143
FILLER_11_573,VGND,li1,271.8600,43.5200,0.000143
FILLER_11_561,VGND,li1,266.3400,43.5200,0.000143
FILLER_11_559,VGND,li1,262.8900,43.5200,0.000143
FILLER_11_553,VGND,li1,261.2800,43.5200,0.000143
FILLER_11_541,VGND,li1,257.1400,43.5200,0.000143
FILLER_11_529,VGND,li1,251.6200,43.5200,0.000143
FILLER_11_517,VGND,li1,246.1000,43.5200,0.000143
FILLER_11_505,VGND,li1,240.5800,43.5200,0.000143
FILLER_11_503,VGND,li1,237.1300,43.5200,0.000143
FILLER_11_497,VGND,li1,235.5200,43.5200,0.000143
FILLER_11_485,VGND,li1,231.3800,43.5200,0.000143
FILLER_11_473,VGND,li1,225.8600,43.5200,0.000143
FILLER_11_461,VGND,li1,220.3400,43.5200,0.000143
FILLER_11_449,VGND,li1,214.8200,43.5200,0.000143
FILLER_11_447,VGND,li1,211.3700,43.5200,0.000143
FILLER_11_441,VGND,li1,209.7600,43.5200,0.000143
FILLER_11_429,VGND,li1,205.6200,43.5200,0.000143
FILLER_11_417,VGND,li1,200.1000,43.5200,0.000143
FILLER_11_405,VGND,li1,194.5800,43.5200,0.000143
FILLER_11_393,VGND,li1,189.0600,43.5200,0.000143
FILLER_11_391,VGND,li1,185.6100,43.5200,0.000143
FILLER_11_383,VGND,li1,183.5400,43.5200,0.000143
FILLER_11_371,VGND,li1,178.9400,43.5200,0.000143
FILLER_11_308,VGND,li1,148.1200,43.5200,0.000484
FILLER_11_289,VGND,li1,138.6900,43.5200,0.000533
FILLER_11_278,VGND,li1,133.8600,43.5200,0.000568
FILLER_11_260,VGND,li1,125.5800,43.5200,0.000602
FILLER_11_247,VGND,li1,120.0600,43.5200,0.000615
FILLER_11_237,VGND,li1,114.7700,43.5200,0.000630
FILLER_11_225,VGND,li1,111.7800,43.5200,0.000635
FILLER_11_223,VGND,li1,108.3300,43.5200,0.000643
FILLER_11_219,VGND,li1,107.1800,43.5200,0.000643
FILLER_11_206,VGND,li1,101.2000,43.5200,0.000650
FILLER_11_186,VGND,li1,92.0000,43.5200,0.000648
FILLER_11_159,VGND,li1,78.8900,43.5200,0.000622
FILLER_11_148,VGND,li1,74.0600,43.5200,0.000604
FILLER_11_121,VGND,li1,61.8700,43.5200,0.000550
FILLER_11_72,VGND,li1,39.3300,43.5200,0.000375
FILLER_11_57,VGND,li1,33.1200,43.5200,0.000284
FILLER_11_50,VGND,li1,29.9000,43.5200,0.000248
FILLER_11_38,VGND,li1,23.2300,43.5200,0.000197
FILLER_11_34,VGND,li1,22.0800,43.5200,0.000197
FILLER_11_18,VGND,li1,15.6400,43.5200,0.000207
FILLER_11_3,VGND,li1,8.2800,43.5200,0.000208
FILLER_10_625,VGND,li1,293.4800,38.0800,0.000206
FILLER_10_613,VGND,li1,290.2600,38.0800,0.000206
FILLER_10_601,VGND,li1,284.7400,38.0800,0.000206
FILLER_10_589,VGND,li1,279.2200,38.0800,0.000206
FILLER_10_587,VGND,li1,275.7700,38.0800,0.000206
FILLER_10_581,VGND,li1,274.1600,38.0800,0.000206
FILLER_10_569,VGND,li1,270.0200,38.0800,0.000206
FILLER_10_557,VGND,li1,264.5000,38.0800,0.000206
FILLER_10_545,VGND,li1,258.9800,38.0800,0.000206
FILLER_10_533,VGND,li1,253.4600,38.0800,0.000206
FILLER_10_531,VGND,li1,250.0100,38.0800,0.000206
FILLER_10_525,VGND,li1,248.4000,38.0800,0.000206
FILLER_10_513,VGND,li1,244.2600,38.0800,0.000206
FILLER_10_501,VGND,li1,238.7400,38.0800,0.000206
FILLER_10_489,VGND,li1,233.2200,38.0800,0.000206
FILLER_10_477,VGND,li1,227.7000,38.0800,0.000206
FILLER_10_475,VGND,li1,224.2500,38.0800,0.000206
FILLER_10_469,VGND,li1,222.6400,38.0800,0.000206
FILLER_10_457,VGND,li1,218.5000,38.0800,0.000206
FILLER_10_445,VGND,li1,212.9800,38.0800,0.000206
FILLER_10_433,VGND,li1,207.4600,38.0800,0.000206
FILLER_10_421,VGND,li1,201.9400,38.0800,0.000206
FILLER_10_414,VGND,li1,197.3400,38.0800,0.000206
FILLER_10_402,VGND,li1,193.2000,38.0800,0.000206
FILLER_10_390,VGND,li1,187.6800,38.0800,0.000206
FILLER_10_379,VGND,li1,180.5500,38.0800,0.000205
FILLER_10_365,VGND,li1,173.6500,38.0800,0.000293
FILLER_10_363,VGND,li1,172.7300,38.0800,0.000293
FILLER_10_355,VGND,li1,170.6600,38.0800,0.000327
FILLER_10_307,VGND,li1,146.9700,38.0800,0.000608
FILLER_10_303,VGND,li1,145.8200,38.0800,0.000608
FILLER_10_253,VGND,li1,122.8200,38.0800,0.000749
FILLER_10_250,VGND,li1,120.9800,38.0800,0.000757
FILLER_10_242,VGND,li1,118.6800,38.0800,0.000770
FILLER_10_230,VGND,li1,114.0800,38.0800,0.000781
FILLER_10_192,VGND,li1,94.7600,38.0800,0.000805
FILLER_10_158,VGND,li1,78.4300,38.0800,0.000782
FILLER_10_152,VGND,li1,76.8200,38.0800,0.000770
FILLER_10_134,VGND,li1,68.5400,38.0800,0.000730
FILLER_10_80,VGND,li1,43.2400,38.0800,0.000481
FILLER_10_54,VGND,li1,30.8200,38.0800,0.000310
FILLER_10_25,VGND,li1,17.7100,38.0800,0.000219
FILLER_10_3,VGND,li1,7.3600,38.0800,0.000227
FILLER_9_629,VGND,li1,295.0900,38.0800,0.000206
FILLER_9_617,VGND,li1,292.1000,38.0800,0.000206
FILLER_9_615,VGND,li1,288.6500,38.0800,0.000206
FILLER_9_609,VGND,li1,287.0400,38.0800,0.000206
FILLER_9_597,VGND,li1,282.9000,38.0800,0.000206
FILLER_9_585,VGND,li1,277.3800,38.0800,0.000206
FILLER_9_573,VGND,li1,271.8600,38.0800,0.000206
FILLER_9_561,VGND,li1,266.3400,38.0800,0.000206
FILLER_9_559,VGND,li1,262.8900,38.0800,0.000206
FILLER_9_553,VGND,li1,261.2800,38.0800,0.000206
FILLER_9_541,VGND,li1,257.1400,38.0800,0.000206
FILLER_9_529,VGND,li1,251.6200,38.0800,0.000206
FILLER_9_517,VGND,li1,246.1000,38.0800,0.000206
FILLER_9_505,VGND,li1,240.5800,38.0800,0.000206
FILLER_9_503,VGND,li1,237.1300,38.0800,0.000206
FILLER_9_497,VGND,li1,235.5200,38.0800,0.000206
FILLER_9_485,VGND,li1,231.3800,38.0800,0.000206
FILLER_9_473,VGND,li1,225.8600,38.0800,0.000206
FILLER_9_461,VGND,li1,220.3400,38.0800,0.000206
FILLER_9_449,VGND,li1,214.8200,38.0800,0.000206
FILLER_9_447,VGND,li1,211.3700,38.0800,0.000206
FILLER_9_441,VGND,li1,209.7600,38.0800,0.000206
FILLER_9_429,VGND,li1,205.6200,38.0800,0.000206
FILLER_9_417,VGND,li1,200.1000,38.0800,0.000206
FILLER_9_405,VGND,li1,194.5800,38.0800,0.000206
FILLER_9_393,VGND,li1,189.0600,38.0800,0.000206
FILLER_9_390,VGND,li1,185.3800,38.0800,0.000206
FILLER_9_345,VGND,li1,164.6800,38.0800,0.000415
FILLER_9_337,VGND,li1,162.3800,38.0800,0.000454
FILLER_9_333,VGND,li1,159.3900,38.0800,0.000477
FILLER_9_281,VGND,li1,136.1600,38.0800,0.000689
FILLER_9_260,VGND,li1,126.0400,38.0800,0.000735
FILLER_9_242,VGND,li1,117.3000,38.0800,0.000770
FILLER_9_190,VGND,li1,93.8400,38.0800,0.000805
FILLER_9_151,VGND,li1,75.2100,38.0800,0.000770
FILLER_9_147,VGND,li1,74.0600,38.0800,0.000762
FILLER_9_113,VGND,li1,58.4200,38.0800,0.000633
FILLER_9_90,VGND,li1,47.8400,38.0800,0.000521
FILLER_9_63,VGND,li1,34.7300,38.0800,0.000344
FILLER_9_57,VGND,li1,33.1200,38.0800,0.000344
FILLER_9_3,VGND,li1,7.3600,38.0800,0.000227
FILLER_8_629,VGND,li1,295.0900,32.6400,0.000147
FILLER_8_625,VGND,li1,293.9400,32.6400,0.000147
FILLER_8_613,VGND,li1,290.2600,32.6400,0.000147
FILLER_8_601,VGND,li1,284.7400,32.6400,0.000147
FILLER_8_589,VGND,li1,279.2200,32.6400,0.000147
FILLER_8_587,VGND,li1,275.7700,32.6400,0.000147
FILLER_8_581,VGND,li1,274.1600,32.6400,0.000147
FILLER_8_569,VGND,li1,270.0200,32.6400,0.000147
FILLER_8_557,VGND,li1,264.5000,32.6400,0.000147
FILLER_8_545,VGND,li1,258.9800,32.6400,0.000147
FILLER_8_533,VGND,li1,253.4600,32.6400,0.000147
FILLER_8_531,VGND,li1,250.0100,32.6400,0.000147
FILLER_8_525,VGND,li1,248.4000,32.6400,0.000147
FILLER_8_513,VGND,li1,244.2600,32.6400,0.000147
FILLER_8_501,VGND,li1,238.7400,32.6400,0.000147
FILLER_8_489,VGND,li1,233.2200,32.6400,0.000147
FILLER_8_477,VGND,li1,227.7000,32.6400,0.000147
FILLER_8_475,VGND,li1,224.2500,32.6400,0.000147
FILLER_8_469,VGND,li1,222.6400,32.6400,0.000147
FILLER_8_457,VGND,li1,218.5000,32.6400,0.000147
FILLER_8_445,VGND,li1,212.9800,32.6400,0.000147
FILLER_8_433,VGND,li1,207.4600,32.6400,0.000147
FILLER_8_421,VGND,li1,201.9400,32.6400,0.000147
FILLER_8_419,VGND,li1,198.4900,32.6400,0.000147
FILLER_8_415,VGND,li1,197.3400,32.6400,0.000147
FILLER_8_403,VGND,li1,193.6600,32.6400,0.000147
FILLER_8_358,VGND,li1,171.5800,32.6400,0.000208
FILLER_8_346,VGND,li1,165.3700,32.6400,0.000267
FILLER_8_338,VGND,li1,162.8400,32.6400,0.000291
FILLER_8_326,VGND,li1,158.2400,32.6400,0.000328
FILLER_8_288,VGND,li1,138.9200,32.6400,0.000474
FILLER_8_276,VGND,li1,135.2400,32.6400,0.000493
FILLER_8_266,VGND,li1,128.1100,32.6400,0.000537
FILLER_8_262,VGND,li1,126.9600,32.6400,0.000537
FILLER_8_233,VGND,li1,113.3900,32.6400,0.000592
FILLER_8_206,VGND,li1,100.7400,32.6400,0.000620
FILLER_8_178,VGND,li1,87.8600,32.6400,0.000615
FILLER_8_145,VGND,li1,72.4500,32.6400,0.000563
FILLER_8_141,VGND,li1,71.3000,32.6400,0.000563
FILLER_8_137,VGND,li1,69.2300,32.6400,0.000554
FILLER_8_101,VGND,li1,52.9000,32.6400,0.000456
FILLER_8_55,VGND,li1,31.7400,32.6400,0.000234
FILLER_8_33,VGND,li1,20.9300,32.6400,0.000173
FILLER_8_29,VGND,li1,19.7800,32.6400,0.000178
FILLER_8_6,VGND,li1,9.6600,32.6400,0.000184
FILLER_7_629,VGND,li1,295.0900,32.6400,0.000147
FILLER_7_617,VGND,li1,292.1000,32.6400,0.000147
FILLER_7_615,VGND,li1,288.6500,32.6400,0.000147
FILLER_7_609,VGND,li1,287.0400,32.6400,0.000147
FILLER_7_597,VGND,li1,282.9000,32.6400,0.000147
FILLER_7_585,VGND,li1,277.3800,32.6400,0.000147
FILLER_7_573,VGND,li1,271.8600,32.6400,0.000147
FILLER_7_561,VGND,li1,266.3400,32.6400,0.000147
FILLER_7_559,VGND,li1,262.8900,32.6400,0.000147
FILLER_7_553,VGND,li1,261.2800,32.6400,0.000147
FILLER_7_541,VGND,li1,257.1400,32.6400,0.000147
FILLER_7_529,VGND,li1,251.6200,32.6400,0.000147
FILLER_7_517,VGND,li1,246.1000,32.6400,0.000147
FILLER_7_505,VGND,li1,240.5800,32.6400,0.000147
FILLER_7_503,VGND,li1,237.1300,32.6400,0.000147
FILLER_7_497,VGND,li1,235.5200,32.6400,0.000147
FILLER_7_485,VGND,li1,231.3800,32.6400,0.000147
FILLER_7_473,VGND,li1,225.8600,32.6400,0.000147
FILLER_7_461,VGND,li1,220.3400,32.6400,0.000147
FILLER_7_449,VGND,li1,214.8200,32.6400,0.000147
FILLER_7_445,VGND,li1,210.9100,32.6400,0.000147
FILLER_7_437,VGND,li1,208.3800,32.6400,0.000147
FILLER_7_425,VGND,li1,203.7800,32.6400,0.000147
FILLER_7_413,VGND,li1,198.2600,32.6400,0.000147
FILLER_7_401,VGND,li1,192.7400,32.6400,0.000147
FILLER_7_386,VGND,li1,184.4600,32.6400,0.000144
FILLER_7_324,VGND,li1,155.4800,32.6400,0.000352
FILLER_7_312,VGND,li1,151.8000,32.6400,0.000382
FILLER_7_300,VGND,li1,146.2800,32.6400,0.000424
FILLER_7_281,VGND,li1,135.4700,32.6400,0.000493
FILLER_7_279,VGND,li1,134.0900,32.6400,0.000506
FILLER_7_275,VGND,li1,132.9400,32.6400,0.000506
FILLER_7_263,VGND,li1,129.2600,32.6400,0.000525
FILLER_7_245,VGND,li1,118.6800,32.6400,0.000579
FILLER_7_233,VGND,li1,115.4600,32.6400,0.000586
FILLER_7_223,VGND,li1,108.3300,32.6400,0.000610
FILLER_7_217,VGND,li1,106.7200,32.6400,0.000610
FILLER_7_192,VGND,li1,94.0700,32.6400,0.000621
FILLER_7_186,VGND,li1,92.4600,32.6400,0.000620
FILLER_7_155,VGND,li1,77.7400,32.6400,0.000585
FILLER_7_143,VGND,li1,74.0600,32.6400,0.000575
FILLER_7_122,VGND,li1,62.5600,32.6400,0.000521
FILLER_7_113,VGND,li1,57.7300,32.6400,0.000485
FILLER_7_111,VGND,li1,56.8100,32.6400,0.000485
FILLER_7_103,VGND,li1,53.1300,32.6400,0.000456
FILLER_7_57,VGND,li1,31.9700,32.6400,0.000234
FILLER_7_54,VGND,li1,30.8200,32.6400,0.000234
FILLER_7_36,VGND,li1,22.5400,32.6400,0.000173
FILLER_7_19,VGND,li1,14.4900,32.6400,0.000183
FILLER_7_15,VGND,li1,13.3400,32.6400,0.000183
FILLER_7_3,VGND,li1,9.6600,32.6400,0.000184
FILLER_6_629,VGND,li1,295.0900,27.2000,0.000137
FILLER_6_625,VGND,li1,293.9400,27.2000,0.000137
FILLER_6_613,VGND,li1,290.2600,27.2000,0.000137
FILLER_6_601,VGND,li1,284.7400,27.2000,0.000137
FILLER_6_589,VGND,li1,279.2200,27.2000,0.000137
FILLER_6_587,VGND,li1,275.7700,27.2000,0.000137
FILLER_6_581,VGND,li1,274.1600,27.2000,0.000137
FILLER_6_569,VGND,li1,270.0200,27.2000,0.000137
FILLER_6_557,VGND,li1,264.5000,27.2000,0.000137
FILLER_6_545,VGND,li1,258.9800,27.2000,0.000137
FILLER_6_533,VGND,li1,253.4600,27.2000,0.000137
FILLER_6_531,VGND,li1,250.0100,27.2000,0.000137
FILLER_6_525,VGND,li1,248.4000,27.2000,0.000137
FILLER_6_513,VGND,li1,244.2600,27.2000,0.000137
FILLER_6_501,VGND,li1,238.7400,27.2000,0.000137
FILLER_6_489,VGND,li1,233.2200,27.2000,0.000137
FILLER_6_477,VGND,li1,227.7000,27.2000,0.000137
FILLER_6_475,VGND,li1,224.2500,27.2000,0.000137
FILLER_6_469,VGND,li1,222.6400,27.2000,0.000137
FILLER_6_457,VGND,li1,218.5000,27.2000,0.000137
FILLER_6_445,VGND,li1,212.9800,27.2000,0.000137
FILLER_6_433,VGND,li1,207.4600,27.2000,0.000137
FILLER_6_421,VGND,li1,201.9400,27.2000,0.000137
FILLER_6_418,VGND,li1,198.2600,27.2000,0.000137
FILLER_6_406,VGND,li1,195.0400,27.2000,0.000137
FILLER_6_394,VGND,li1,189.5200,27.2000,0.000137
FILLER_6_382,VGND,li1,184.0000,27.2000,0.000137
FILLER_6_349,VGND,li1,167.4400,27.2000,0.000279
FILLER_6_321,VGND,li1,153.8700,27.2000,0.000434
FILLER_6_309,VGND,li1,150.4200,27.2000,0.000452
FILLER_6_305,VGND,li1,146.5100,27.2000,0.000487
FILLER_6_294,VGND,li1,141.4500,27.2000,0.000534
FILLER_6_282,VGND,li1,138.0000,27.2000,0.000561
FILLER_6_235,VGND,li1,115.4600,27.2000,0.000620
FILLER_6_223,VGND,li1,110.8600,27.2000,0.000622
FILLER_6_211,VGND,li1,105.3400,27.2000,0.000623
FILLER_6_197,VGND,li1,96.8300,27.2000,0.000617
FILLER_6_194,VGND,li1,95.2200,27.2000,0.000617
FILLER_6_182,VGND,li1,92.0000,27.2000,0.000612
FILLER_6_164,VGND,li1,81.4200,27.2000,0.000589
FILLER_6_153,VGND,li1,76.3600,27.2000,0.000573
FILLER_6_141,VGND,li1,73.1400,27.2000,0.000560
FILLER_6_134,VGND,li1,68.5400,27.2000,0.000539
FILLER_6_124,VGND,li1,63.0200,27.2000,0.000511
FILLER_6_102,VGND,li1,52.9000,27.2000,0.000441
FILLER_6_94,VGND,li1,50.6000,27.2000,0.000417
FILLER_6_66,VGND,li1,36.1100,27.2000,0.000260
FILLER_6_54,VGND,li1,33.1200,27.2000,0.000226
FILLER_6_29,VGND,li1,20.7000,27.2000,0.000124
FILLER_6_27,VGND,li1,18.1700,27.2000,0.000124
FILLER_6_15,VGND,li1,15.1800,27.2000,0.000124
FILLER_6_3,VGND,li1,9.6600,27.2000,0.000124
FILLER_5_629,VGND,li1,295.0900,27.2000,0.000137
FILLER_5_617,VGND,li1,292.1000,27.2000,0.000137
FILLER_5_615,VGND,li1,288.6500,27.2000,0.000137
FILLER_5_609,VGND,li1,287.0400,27.2000,0.000137
FILLER_5_597,VGND,li1,282.9000,27.2000,0.000137
FILLER_5_585,VGND,li1,277.3800,27.2000,0.000137
FILLER_5_573,VGND,li1,271.8600,27.2000,0.000137
FILLER_5_561,VGND,li1,266.3400,27.2000,0.000137
FILLER_5_559,VGND,li1,262.8900,27.2000,0.000137
FILLER_5_553,VGND,li1,261.2800,27.2000,0.000137
FILLER_5_541,VGND,li1,257.1400,27.2000,0.000137
FILLER_5_529,VGND,li1,251.6200,27.2000,0.000137
FILLER_5_517,VGND,li1,246.1000,27.2000,0.000137
FILLER_5_505,VGND,li1,240.5800,27.2000,0.000137
FILLER_5_503,VGND,li1,237.1300,27.2000,0.000137
FILLER_5_497,VGND,li1,235.5200,27.2000,0.000137
FILLER_5_485,VGND,li1,231.3800,27.2000,0.000137
FILLER_5_473,VGND,li1,225.8600,27.2000,0.000137
FILLER_5_461,VGND,li1,220.3400,27.2000,0.000137
FILLER_5_449,VGND,li1,214.8200,27.2000,0.000137
FILLER_5_447,VGND,li1,211.3700,27.2000,0.000137
FILLER_5_441,VGND,li1,209.7600,27.2000,0.000137
FILLER_5_429,VGND,li1,205.6200,27.2000,0.000137
FILLER_5_417,VGND,li1,200.1000,27.2000,0.000137
FILLER_5_405,VGND,li1,194.5800,27.2000,0.000137
FILLER_5_393,VGND,li1,189.0600,27.2000,0.000137
FILLER_5_391,VGND,li1,185.6100,27.2000,0.000137
FILLER_5_387,VGND,li1,184.4600,27.2000,0.000137
FILLER_5_375,VGND,li1,180.7800,27.2000,0.000137
FILLER_5_319,VGND,li1,152.4900,27.2000,0.000434
FILLER_5_313,VGND,li1,150.8800,27.2000,0.000452
FILLER_5_292,VGND,li1,140.7600,27.2000,0.000534
FILLER_5_279,VGND,li1,134.0900,27.2000,0.000579
FILLER_5_275,VGND,li1,132.9400,27.2000,0.000579
FILLER_5_253,VGND,li1,123.2800,27.2000,0.000612
FILLER_5_233,VGND,li1,113.6200,27.2000,0.000621
FILLER_5_221,VGND,li1,107.8700,27.2000,0.000623
FILLER_5_211,VGND,li1,102.8100,27.2000,0.000623
FILLER_5_190,VGND,li1,93.1500,27.2000,0.000612
FILLER_5_186,VGND,li1,92.0000,27.2000,0.000612
FILLER_5_165,VGND,li1,82.1100,27.2000,0.000589
FILLER_5_146,VGND,li1,73.3700,27.2000,0.000560
FILLER_5_93,VGND,li1,48.7600,27.2000,0.000398
FILLER_5_81,VGND,li1,45.5400,27.2000,0.000352
FILLER_5_69,VGND,li1,40.0200,27.2000,0.000286
FILLER_5_57,VGND,li1,34.5000,27.2000,0.000226
FILLER_5_52,VGND,li1,30.3600,27.2000,0.000195
FILLER_5_43,VGND,li1,25.5300,27.2000,0.000124
FILLER_5_39,VGND,li1,24.3800,27.2000,0.000124
FILLER_5_27,VGND,li1,20.7000,27.2000,0.000124
FILLER_5_15,VGND,li1,15.1800,27.2000,0.000124
FILLER_5_3,VGND,li1,9.6600,27.2000,0.000124
FILLER_4_625,VGND,li1,293.4800,21.7600,0.000137
FILLER_4_613,VGND,li1,290.2600,21.7600,0.000137
FILLER_4_601,VGND,li1,284.7400,21.7600,0.000137
FILLER_4_589,VGND,li1,279.2200,21.7600,0.000137
FILLER_4_587,VGND,li1,275.7700,21.7600,0.000137
FILLER_4_581,VGND,li1,274.1600,21.7600,0.000137
FILLER_4_569,VGND,li1,270.0200,21.7600,0.000137
FILLER_4_557,VGND,li1,264.5000,21.7600,0.000137
FILLER_4_545,VGND,li1,258.9800,21.7600,0.000137
FILLER_4_533,VGND,li1,253.4600,21.7600,0.000137
FILLER_4_531,VGND,li1,250.0100,21.7600,0.000137
FILLER_4_525,VGND,li1,248.4000,21.7600,0.000137
FILLER_4_513,VGND,li1,244.2600,21.7600,0.000137
FILLER_4_501,VGND,li1,238.7400,21.7600,0.000137
FILLER_4_489,VGND,li1,233.2200,21.7600,0.000137
FILLER_4_477,VGND,li1,227.7000,21.7600,0.000137
FILLER_4_475,VGND,li1,224.2500,21.7600,0.000137
FILLER_4_469,VGND,li1,222.6400,21.7600,0.000137
FILLER_4_457,VGND,li1,218.5000,21.7600,0.000137
FILLER_4_445,VGND,li1,212.9800,21.7600,0.000137
FILLER_4_433,VGND,li1,207.4600,21.7600,0.000137
FILLER_4_421,VGND,li1,201.9400,21.7600,0.000137
FILLER_4_419,VGND,li1,198.4900,21.7600,0.000137
FILLER_4_413,VGND,li1,196.8800,21.7600,0.000137
FILLER_4_401,VGND,li1,192.7400,21.7600,0.000137
FILLER_4_389,VGND,li1,187.2200,21.7600,0.000137
FILLER_4_377,VGND,li1,181.7000,21.7600,0.000137
FILLER_4_365,VGND,li1,176.1800,21.7600,0.000162
FILLER_4_363,VGND,li1,172.7300,21.7600,0.000231
FILLER_4_357,VGND,li1,171.1200,21.7600,0.000231
FILLER_4_286,VGND,li1,138.0000,21.7600,0.000548
FILLER_4_251,VGND,li1,121.2100,21.7600,0.000633
FILLER_4_141,VGND,li1,70.6100,21.7600,0.000564
FILLER_4_139,VGND,li1,69.6900,21.7600,0.000550
FILLER_4_135,VGND,li1,68.5400,21.7600,0.000550
FILLER_4_97,VGND,li1,50.3700,21.7600,0.000391
FILLER_4_85,VGND,li1,47.3800,21.7600,0.000358
FILLER_4_83,VGND,li1,43.9300,21.7600,0.000302
FILLER_4_77,VGND,li1,42.3200,21.7600,0.000302
FILLER_4_65,VGND,li1,38.1800,21.7600,0.000256
FILLER_4_53,VGND,li1,32.6600,21.7600,0.000195
FILLER_4_41,VGND,li1,27.1400,21.7600,0.000133
FILLER_4_29,VGND,li1,21.6200,21.7600,0.000111
FILLER_4_27,VGND,li1,18.1700,21.7600,0.000111
FILLER_4_15,VGND,li1,15.1800,21.7600,0.000111
FILLER_4_3,VGND,li1,9.6600,21.7600,0.000111
FILLER_3_629,VGND,li1,295.0900,21.7600,0.000137
FILLER_3_617,VGND,li1,292.1000,21.7600,0.000137
FILLER_3_615,VGND,li1,288.6500,21.7600,0.000137
FILLER_3_609,VGND,li1,287.0400,21.7600,0.000137
FILLER_3_597,VGND,li1,282.9000,21.7600,0.000137
FILLER_3_585,VGND,li1,277.3800,21.7600,0.000137
FILLER_3_573,VGND,li1,271.8600,21.7600,0.000137
FILLER_3_561,VGND,li1,266.3400,21.7600,0.000137
FILLER_3_559,VGND,li1,262.8900,21.7600,0.000137
FILLER_3_553,VGND,li1,261.2800,21.7600,0.000137
FILLER_3_541,VGND,li1,257.1400,21.7600,0.000137
FILLER_3_529,VGND,li1,251.6200,21.7600,0.000137
FILLER_3_517,VGND,li1,246.1000,21.7600,0.000137
FILLER_3_505,VGND,li1,240.5800,21.7600,0.000137
FILLER_3_503,VGND,li1,237.1300,21.7600,0.000137
FILLER_3_497,VGND,li1,235.5200,21.7600,0.000137
FILLER_3_485,VGND,li1,231.3800,21.7600,0.000137
FILLER_3_473,VGND,li1,225.8600,21.7600,0.000137
FILLER_3_461,VGND,li1,220.3400,21.7600,0.000137
FILLER_3_449,VGND,li1,214.8200,21.7600,0.000137
FILLER_3_447,VGND,li1,211.3700,21.7600,0.000137
FILLER_3_441,VGND,li1,209.7600,21.7600,0.000137
FILLER_3_429,VGND,li1,205.6200,21.7600,0.000137
FILLER_3_417,VGND,li1,200.1000,21.7600,0.000137
FILLER_3_405,VGND,li1,194.5800,21.7600,0.000137
FILLER_3_393,VGND,li1,189.0600,21.7600,0.000137
FILLER_3_389,VGND,li1,185.1500,21.7600,0.000137
FILLER_3_381,VGND,li1,182.6200,21.7600,0.000137
FILLER_3_369,VGND,li1,178.0200,21.7600,0.000137
FILLER_3_346,VGND,li1,164.9100,21.7600,0.000310
FILLER_3_335,VGND,li1,159.8500,21.7600,0.000381
FILLER_3_329,VGND,li1,158.2400,21.7600,0.000381
FILLER_3_281,VGND,li1,135.2400,21.7600,0.000574
FILLER_3_277,VGND,li1,133.6300,21.7600,0.000574
FILLER_3_258,VGND,li1,124.4300,21.7600,0.000621
FILLER_3_233,VGND,li1,114.5400,21.7600,0.000652
FILLER_3_223,VGND,li1,108.3300,21.7600,0.000664
FILLER_3_182,VGND,li1,89.4700,21.7600,0.000646
FILLER_3_178,VGND,li1,88.3200,21.7600,0.000646
FILLER_3_142,VGND,li1,71.0700,21.7600,0.000564
FILLER_3_117,VGND,li1,59.5700,21.7600,0.000481
FILLER_3_113,VGND,li1,58.4200,21.7600,0.000460
FILLER_3_93,VGND,li1,48.9900,21.7600,0.000358
FILLER_3_81,VGND,li1,45.5400,21.7600,0.000325
FILLER_3_69,VGND,li1,40.0200,21.7600,0.000276
FILLER_3_57,VGND,li1,34.5000,21.7600,0.000215
FILLER_3_55,VGND,li1,31.0500,21.7600,0.000164
FILLER_3_51,VGND,li1,29.9000,21.7600,0.000164
FILLER_3_39,VGND,li1,26.2200,21.7600,0.000111
FILLER_3_27,VGND,li1,20.7000,21.7600,0.000111
FILLER_3_15,VGND,li1,15.1800,21.7600,0.000111
FILLER_3_3,VGND,li1,9.6600,21.7600,0.000111
FILLER_2_625,VGND,li1,293.4800,16.3200,0.000146
FILLER_2_613,VGND,li1,290.2600,16.3200,0.000146
FILLER_2_601,VGND,li1,284.7400,16.3200,0.000146
FILLER_2_589,VGND,li1,279.2200,16.3200,0.000146
FILLER_2_587,VGND,li1,275.7700,16.3200,0.000146
FILLER_2_581,VGND,li1,274.1600,16.3200,0.000146
FILLER_2_569,VGND,li1,270.0200,16.3200,0.000146
FILLER_2_557,VGND,li1,264.5000,16.3200,0.000146
FILLER_2_545,VGND,li1,258.9800,16.3200,0.000146
FILLER_2_533,VGND,li1,253.4600,16.3200,0.000146
FILLER_2_531,VGND,li1,250.0100,16.3200,0.000146
FILLER_2_525,VGND,li1,248.4000,16.3200,0.000146
FILLER_2_513,VGND,li1,244.2600,16.3200,0.000146
FILLER_2_501,VGND,li1,238.7400,16.3200,0.000146
FILLER_2_489,VGND,li1,233.2200,16.3200,0.000146
FILLER_2_477,VGND,li1,227.7000,16.3200,0.000146
FILLER_2_475,VGND,li1,224.2500,16.3200,0.000146
FILLER_2_469,VGND,li1,222.6400,16.3200,0.000146
FILLER_2_457,VGND,li1,218.5000,16.3200,0.000146
FILLER_2_445,VGND,li1,212.9800,16.3200,0.000146
FILLER_2_433,VGND,li1,207.4600,16.3200,0.000146
FILLER_2_421,VGND,li1,201.9400,16.3200,0.000146
FILLER_2_418,VGND,li1,198.2600,16.3200,0.000146
FILLER_2_406,VGND,li1,195.0400,16.3200,0.000146
FILLER_2_394,VGND,li1,189.5200,16.3200,0.000146
FILLER_2_382,VGND,li1,184.0000,16.3200,0.000146
FILLER_2_363,VGND,li1,172.7300,16.3200,0.000254
FILLER_2_357,VGND,li1,171.1200,16.3200,0.000254
FILLER_2_309,VGND,li1,148.3500,16.3200,0.000517
FILLER_2_306,VGND,li1,146.7400,16.3200,0.000537
FILLER_2_278,VGND,li1,134.0900,16.3200,0.000636
FILLER_2_218,VGND,li1,108.5600,16.3200,0.000687
FILLER_2_201,VGND,li1,98.2100,16.3200,0.000683
FILLER_2_179,VGND,li1,88.0900,16.3200,0.000646
FILLER_2_175,VGND,li1,86.9400,16.3200,0.000646
FILLER_2_157,VGND,li1,78.2000,16.3200,0.000601
FILLER_2_139,VGND,li1,69.6900,16.3200,0.000540
FILLER_2_127,VGND,li1,66.7000,16.3200,0.000508
FILLER_2_117,VGND,li1,59.5700,16.3200,0.000457
FILLER_2_111,VGND,li1,57.9600,16.3200,0.000434
FILLER_2_85,VGND,li1,46.0000,16.3200,0.000311
FILLER_2_83,VGND,li1,43.9300,16.3200,0.000289
FILLER_2_77,VGND,li1,42.3200,16.3200,0.000289
FILLER_2_65,VGND,li1,38.1800,16.3200,0.000245
FILLER_2_53,VGND,li1,32.6600,16.3200,0.000186
FILLER_2_41,VGND,li1,27.1400,16.3200,0.000128
FILLER_2_29,VGND,li1,21.6200,16.3200,0.000106
FILLER_2_27,VGND,li1,18.1700,16.3200,0.000106
FILLER_2_15,VGND,li1,15.1800,16.3200,0.000106
FILLER_2_3,VGND,li1,9.6600,16.3200,0.000106
FILLER_1_629,VGND,li1,295.0900,16.3200,0.000146
FILLER_1_617,VGND,li1,292.1000,16.3200,0.000146
FILLER_1_615,VGND,li1,288.6500,16.3200,0.000146
FILLER_1_609,VGND,li1,287.0400,16.3200,0.000146
FILLER_1_597,VGND,li1,282.9000,16.3200,0.000146
FILLER_1_585,VGND,li1,277.3800,16.3200,0.000146
FILLER_1_573,VGND,li1,271.8600,16.3200,0.000146
FILLER_1_561,VGND,li1,266.3400,16.3200,0.000146
FILLER_1_559,VGND,li1,262.8900,16.3200,0.000146
FILLER_1_553,VGND,li1,261.2800,16.3200,0.000146
FILLER_1_541,VGND,li1,257.1400,16.3200,0.000146
FILLER_1_529,VGND,li1,251.6200,16.3200,0.000146
FILLER_1_517,VGND,li1,246.1000,16.3200,0.000146
FILLER_1_505,VGND,li1,240.5800,16.3200,0.000146
FILLER_1_503,VGND,li1,237.1300,16.3200,0.000146
FILLER_1_497,VGND,li1,235.5200,16.3200,0.000146
FILLER_1_485,VGND,li1,231.3800,16.3200,0.000146
FILLER_1_473,VGND,li1,225.8600,16.3200,0.000146
FILLER_1_461,VGND,li1,220.3400,16.3200,0.000146
FILLER_1_449,VGND,li1,214.8200,16.3200,0.000146
FILLER_1_447,VGND,li1,211.3700,16.3200,0.000146
FILLER_1_441,VGND,li1,209.7600,16.3200,0.000146
FILLER_1_429,VGND,li1,205.6200,16.3200,0.000146
FILLER_1_417,VGND,li1,200.1000,16.3200,0.000146
FILLER_1_405,VGND,li1,194.5800,16.3200,0.000146
FILLER_1_393,VGND,li1,189.0600,16.3200,0.000146
FILLER_1_391,VGND,li1,185.6100,16.3200,0.000146
FILLER_1_385,VGND,li1,184.0000,16.3200,0.000146
FILLER_1_373,VGND,li1,179.8600,16.3200,0.000146
FILLER_1_361,VGND,li1,174.3400,16.3200,0.000225
FILLER_1_337,VGND,li1,162.3800,16.3200,0.000365
FILLER_1_334,VGND,li1,159.6200,16.3200,0.000397
FILLER_1_314,VGND,li1,150.6500,16.3200,0.000494
FILLER_1_281,VGND,li1,135.0100,16.3200,0.000623
FILLER_1_279,VGND,li1,134.0900,16.3200,0.000636
FILLER_1_258,VGND,li1,124.4300,16.3200,0.000672
FILLER_1_254,VGND,li1,123.2800,16.3200,0.000672
FILLER_1_225,VGND,li1,111.7800,16.3200,0.000687
FILLER_1_220,VGND,li1,107.6400,16.3200,0.000687
FILLER_1_208,VGND,li1,103.9600,16.3200,0.000687
FILLER_1_177,VGND,li1,88.3200,16.3200,0.000646
FILLER_1_156,VGND,li1,80.0400,16.3200,0.000611
FILLER_1_137,VGND,li1,69.9200,16.3200,0.000540
FILLER_1_125,VGND,li1,65.7800,16.3200,0.000508
FILLER_1_113,VGND,li1,60.2600,16.3200,0.000457
FILLER_1_111,VGND,li1,56.8100,16.3200,0.000434
FILLER_1_103,VGND,li1,54.7400,16.3200,0.000416
FILLER_1_93,VGND,li1,48.5300,16.3200,0.000355
FILLER_1_81,VGND,li1,45.5400,16.3200,0.000311
FILLER_1_69,VGND,li1,40.0200,16.3200,0.000265
FILLER_1_57,VGND,li1,34.5000,16.3200,0.000206
FILLER_1_55,VGND,li1,31.0500,16.3200,0.000157
FILLER_1_51,VGND,li1,29.9000,16.3200,0.000157
FILLER_1_39,VGND,li1,26.2200,16.3200,0.000106
FILLER_1_27,VGND,li1,20.7000,16.3200,0.000106
FILLER_1_15,VGND,li1,15.1800,16.3200,0.000106
FILLER_1_3,VGND,li1,9.6600,16.3200,0.000106
FILLER_0_629,VGND,li1,295.0900,10.8800,0.000008
FILLER_0_617,VGND,li1,292.1000,10.8800,0.000008
FILLER_0_613,VGND,li1,288.1900,10.8800,0.000008
FILLER_0_601,VGND,li1,284.7400,10.8800,0.000008
FILLER_0_594,VGND,li1,279.6800,10.8800,0.000008
FILLER_0_589,VGND,li1,276.9200,10.8800,0.000008
FILLER_0_587,VGND,li1,275.7700,10.8800,0.000008
FILLER_0_581,VGND,li1,273.4700,10.8800,0.000008
FILLER_0_573,VGND,li1,270.9400,10.8800,0.000008
FILLER_0_561,VGND,li1,266.3400,10.8800,0.000008
FILLER_0_552,VGND,li1,261.2800,10.8800,0.000008
FILLER_0_545,VGND,li1,257.1400,10.8800,0.000008
FILLER_0_538,VGND,li1,253.9200,10.8800,0.000008
FILLER_0_533,VGND,li1,251.1600,10.8800,0.000008
FILLER_0_529,VGND,li1,249.5500,10.8800,0.000008
FILLER_0_517,VGND,li1,246.1000,10.8800,0.000008
FILLER_0_505,VGND,li1,240.5800,10.8800,0.000008
FILLER_0_501,VGND,li1,236.6700,10.8800,0.000008
FILLER_0_489,VGND,li1,233.2200,10.8800,0.000008
FILLER_0_477,VGND,li1,227.7000,10.8800,0.000008
FILLER_0_473,VGND,li1,223.7900,10.8800,0.000008
FILLER_0_461,VGND,li1,220.3400,10.8800,0.000008
FILLER_0_449,VGND,li1,214.8200,10.8800,0.000008
FILLER_0_445,VGND,li1,210.9100,10.8800,0.000008
FILLER_0_433,VGND,li1,207.4600,10.8800,0.000008
FILLER_0_421,VGND,li1,201.9400,10.8800,0.000008
FILLER_0_417,VGND,li1,198.0300,10.8800,0.000008
FILLER_0_405,VGND,li1,194.5800,10.8800,0.000008
FILLER_0_393,VGND,li1,189.0600,10.8800,0.000008
FILLER_0_389,VGND,li1,185.1500,10.8800,0.000008
FILLER_0_377,VGND,li1,181.7000,10.8800,0.000008
FILLER_0_365,VGND,li1,176.1800,10.8800,0.000010
FILLER_0_356,VGND,li1,171.1200,10.8800,0.000014
FILLER_0_349,VGND,li1,166.9800,10.8800,0.000017
FILLER_0_345,VGND,li1,164.4500,10.8800,0.000019
FILLER_0_337,VGND,li1,162.3800,10.8800,0.000021
FILLER_0_328,VGND,li1,158.2400,10.8800,0.000024
FILLER_0_317,VGND,li1,153.1800,10.8800,0.000027
FILLER_0_300,VGND,li1,145.3600,10.8800,0.000031
FILLER_0_281,VGND,li1,136.6200,10.8800,0.000031
FILLER_0_279,VGND,li1,134.0900,10.8800,0.000031
FILLER_0_273,VGND,li1,131.7900,10.8800,0.000030
FILLER_0_265,VGND,li1,129.2600,10.8800,0.000030
FILLER_0_261,VGND,li1,125.8100,10.8800,0.000029
FILLER_0_253,VGND,li1,123.7400,10.8800,0.000029
FILLER_0_251,VGND,li1,121.2100,10.8800,0.000028
FILLER_0_245,VGND,li1,118.9100,10.8800,0.000028
FILLER_0_237,VGND,li1,116.3800,10.8800,0.000027
FILLER_0_225,VGND,li1,111.7800,10.8800,0.000026
FILLER_0_221,VGND,li1,107.8700,10.8800,0.000025
FILLER_0_209,VGND,li1,104.4200,10.8800,0.000024
FILLER_0_197,VGND,li1,98.9000,10.8800,0.000023
FILLER_0_195,VGND,li1,95.4500,10.8800,0.000022
FILLER_0_189,VGND,li1,93.1500,10.8800,0.000021
FILLER_0_181,VGND,li1,90.6200,10.8800,0.000021
FILLER_0_169,VGND,li1,86.0200,10.8800,0.000020
FILLER_0_166,VGND,li1,82.3400,10.8800,0.000019
FILLER_0_158,VGND,li1,80.0400,10.8800,0.000018
FILLER_0_146,VGND,li1,75.4400,10.8800,0.000017
FILLER_0_141,VGND,li1,70.8400,10.8800,0.000015
FILLER_0_137,VGND,li1,69.2300,10.8800,0.000015
FILLER_0_125,VGND,li1,65.7800,10.8800,0.000014
FILLER_0_113,VGND,li1,60.2600,10.8800,0.000013
FILLER_0_109,VGND,li1,56.3500,10.8800,0.000012
FILLER_0_97,VGND,li1,52.9000,10.8800,0.000011
FILLER_0_93,VGND,li1,48.5300,10.8800,0.000010
FILLER_0_85,VGND,li1,46.4600,10.8800,0.000009
FILLER_0_81,VGND,li1,43.4700,10.8800,0.000008
FILLER_0_69,VGND,li1,40.0200,10.8800,0.000007
FILLER_0_57,VGND,li1,34.5000,10.8800,0.000006
FILLER_0_53,VGND,li1,30.5900,10.8800,0.000004
FILLER_0_41,VGND,li1,27.1400,10.8800,0.000003
FILLER_0_29,VGND,li1,21.6200,10.8800,0.000003
FILLER_0_27,VGND,li1,18.1700,10.8800,0.000003
FILLER_0_15,VGND,li1,15.1800,10.8800,0.000003
FILLER_0_3,VGND,li1,9.6600,10.8800,0.000003
ANTENNA_9,VGND,li1,85.1000,87.0400,0.000807
ANTENNA_8,VGND,li1,99.3600,233.9200,0.000704
ANTENNA_7,VGND,li1,255.3000,114.2400,0.002515
ANTENNA_6,VGND,li1,264.0400,299.2000,0.000801
ANTENNA_5,VGND,li1,269.5600,293.7600,0.000733
ANTENNA_4,VGND,li1,38.6400,299.2000,0.000412
ANTENNA_3,VGND,li1,83.7200,233.9200,0.000674
ANTENNA_2,VGND,li1,74.5200,114.2400,0.000897
ANTENNA_1,VGND,li1,112.2400,92.4800,0.001166
hold846,VGND,li1,280.1400,174.0800,0.002279
hold845,VGND,li1,281.5200,168.6400,0.002020
hold844,VGND,li1,220.3400,277.4400,0.000609
hold843,VGND,li1,289.3400,130.5600,0.001957
hold842,VGND,li1,179.4000,16.3200,0.000146
hold841,VGND,li1,283.3600,163.2000,0.001839
hold840,VGND,li1,54.7400,206.7200,0.000635
hold839,VGND,li1,275.5400,206.7200,0.001726
hold838,VGND,li1,196.4200,282.8800,0.000470
hold837,VGND,li1,141.6800,10.8800,0.000032
hold836,VGND,li1,145.3600,168.6400,0.000707
hold835,VGND,li1,157.7800,288.3200,0.000623
hold834,VGND,li1,256.2200,255.6800,0.001068
hold833,VGND,li1,281.0600,250.2400,0.001121
hold832,VGND,li1,50.1400,212.1600,0.000931
hold831,VGND,li1,291.1800,277.4400,0.000916
hold830,VGND,li1,194.1200,261.1200,0.000302
hold829,VGND,li1,287.0400,201.2800,0.001151
hold828,VGND,li1,284.2800,184.9600,0.001695
hold827,VGND,li1,139.8400,190.4000,0.000722
hold826,VGND,li1,195.9600,195.8400,0.000646
hold825,VGND,li1,220.8000,190.4000,0.001367
hold824,VGND,li1,11.5000,201.2800,0.000322
hold823,VGND,li1,254.3800,206.7200,0.001451
hold822,VGND,li1,292.5600,255.6800,0.001306
hold821,VGND,li1,168.3600,146.8800,0.000593
hold820,VGND,li1,196.8800,239.3600,0.000379
hold819,VGND,li1,85.5600,103.3600,0.000858
hold818,VGND,li1,93.8400,168.6400,0.000860
hold817,VGND,li1,284.7400,233.9200,0.001163
hold816,VGND,li1,191.8200,288.3200,0.000410
hold815,VGND,li1,142.1400,184.9600,0.000865
hold814,VGND,li1,287.0400,223.0400,0.001597
hold813,VGND,li1,287.0400,136.0000,0.002095
hold812,VGND,li1,108.5600,255.6800,0.000388
hold811,VGND,li1,12.8800,81.6000,0.000185
hold810,VGND,li1,197.3400,201.2800,0.000508
hold809,VGND,li1,279.6800,217.6000,0.001407
hold808,VGND,li1,188.1400,299.2000,0.000364
hold807,VGND,li1,183.5400,293.7600,0.000352
hold806,VGND,li1,184.0000,125.1200,0.000599
hold805,VGND,li1,59.8000,174.0800,0.000728
hold804,VGND,li1,145.3600,108.8000,0.000813
hold803,VGND,li1,164.2200,125.1200,0.000724
hold802,VGND,li1,100.7400,206.7200,0.000819
hold801,VGND,li1,68.5400,103.3600,0.000756
hold800,VGND,li1,63.4800,119.6800,0.000641
hold799,VGND,li1,68.5400,125.1200,0.000977
hold798,VGND,li1,154.1000,119.6800,0.000686
hold797,VGND,li1,100.7400,201.2800,0.001193
hold796,VGND,li1,68.5400,119.6800,0.000694
hold795,VGND,li1,148.1200,103.3600,0.000755
hold794,VGND,li1,123.7400,114.2400,0.001066
hold793,VGND,li1,65.3200,130.5600,0.001057
hold792,VGND,li1,56.1200,152.3200,0.000660
hold791,VGND,li1,63.9400,108.8000,0.000765
hold790,VGND,li1,92.4600,141.4400,0.000681
hold789,VGND,li1,158.2400,184.9600,0.000663
hold788,VGND,li1,116.8400,119.6800,0.000878
hold787,VGND,li1,92.0000,130.5600,0.001354
hold786,VGND,li1,140.7600,141.4400,0.000651
hold785,VGND,li1,15.6400,103.3600,0.000209
hold784,VGND,li1,120.5200,16.3200,0.000680
hold783,VGND,li1,279.6800,255.6800,0.001250
hold782,VGND,li1,15.1800,163.2000,0.000187
hold781,VGND,li1,153.6400,261.1200,0.000172
hold780,VGND,li1,287.0400,87.0400,0.002180
hold779,VGND,li1,287.0400,103.3600,0.002077
hold778,VGND,li1,293.4800,87.0400,0.002187
hold777,VGND,li1,293.4800,168.6400,0.002037
hold776,VGND,li1,293.4800,103.3600,0.002084
hold775,VGND,li1,293.4800,141.4400,0.001957
hold774,VGND,li1,293.4800,108.8000,0.002018
hold773,VGND,li1,293.4800,92.4800,0.002212
hold772,VGND,li1,293.4800,146.8800,0.001599
hold771,VGND,li1,285.2000,266.5600,0.000735
hold770,VGND,li1,287.0400,163.2000,0.001850
hold769,VGND,li1,188.1400,76.1600,0.000561
hold768,VGND,li1,208.8400,119.6800,0.000933
hold767,VGND,li1,188.1400,65.2800,0.000364
hold766,VGND,li1,226.3200,97.9200,0.001389
hold765,VGND,li1,204.7000,136.0000,0.001135
hold764,VGND,li1,162.8400,114.2400,0.000761
hold763,VGND,li1,176.1800,27.2000,0.000180
hold762,VGND,li1,25.3000,92.4800,0.000253
hold761,VGND,li1,192.2800,130.5600,0.000784
hold760,VGND,li1,126.9600,233.9200,0.000662
hold759,VGND,li1,68.0800,239.3600,0.000557
hold758,VGND,li1,215.7400,81.6000,0.000524
hold757,VGND,li1,201.4800,81.6000,0.000430
hold756,VGND,li1,148.5800,233.9200,0.000565
hold755,VGND,li1,166.9800,38.0800,0.000388
hold754,VGND,li1,66.2400,87.0400,0.000679
hold753,VGND,li1,50.6000,38.0800,0.000565
hold752,VGND,li1,206.0800,97.9200,0.000993
hold751,VGND,li1,79.5800,114.2400,0.000936
hold750,VGND,li1,120.5200,141.4400,0.000689
hold749,VGND,li1,163.3000,54.4000,0.000361
hold748,VGND,li1,28.5200,54.4000,0.000220
hold747,VGND,li1,255.3000,103.3600,0.001871
hold746,VGND,li1,49.6800,81.6000,0.000459
hold745,VGND,li1,222.6400,119.6800,0.001193
hold744,VGND,li1,119.6000,152.3200,0.000953
hold743,VGND,li1,211.1400,157.7600,0.001227
hold742,VGND,li1,49.2200,54.4000,0.000458
hold741,VGND,li1,283.8200,174.0800,0.002293
hold740,VGND,li1,287.0400,184.9600,0.001701
hold739,VGND,li1,108.5600,217.6000,0.000802
hold738,VGND,li1,166.5200,48.9600,0.000317
hold737,VGND,li1,132.4800,43.5200,0.000568
hold736,VGND,li1,27.6000,27.2000,0.000164
hold735,VGND,li1,209.7600,130.5600,0.001121
hold734,VGND,li1,193.6600,97.9200,0.000710
hold733,VGND,li1,110.8600,21.7600,0.000660
hold732,VGND,li1,247.9400,97.9200,0.001758
hold731,VGND,li1,205.1600,136.0000,0.001135
hold730,VGND,li1,24.3800,38.0800,0.000198
hold729,VGND,li1,284.7400,119.6800,0.001741
hold728,VGND,li1,291.6400,130.5600,0.001961
hold727,VGND,li1,162.3800,81.6000,0.000431
hold726,VGND,li1,50.6000,65.2800,0.000501
hold725,VGND,li1,247.4800,70.7200,0.001591
hold724,VGND,li1,85.1000,97.9200,0.001000
hold723,VGND,li1,58.8800,174.0800,0.000705
hold722,VGND,li1,90.1600,217.6000,0.000788
hold721,VGND,li1,205.6200,81.6000,0.000461
hold720,VGND,li1,137.5400,163.2000,0.000725
hold719,VGND,li1,287.0400,190.4000,0.001940
hold718,VGND,li1,144.9000,233.9200,0.000578
hold717,VGND,li1,68.0800,92.4800,0.001028
hold716,VGND,li1,158.2400,97.9200,0.000730
hold715,VGND,li1,73.6000,239.3600,0.000579
hold714,VGND,li1,103.9600,108.8000,0.000959
hold713,VGND,li1,222.6400,157.7600,0.001446
hold712,VGND,li1,124.2000,190.4000,0.000779
hold711,VGND,li1,27.6000,114.2400,0.000270
hold710,VGND,li1,189.9800,97.9200,0.000621
hold709,VGND,li1,226.7800,130.5600,0.001400
hold708,VGND,li1,252.5400,174.0800,0.001986
hold707,VGND,li1,209.7600,81.6000,0.000489
hold706,VGND,li1,29.4400,92.4800,0.000348
hold705,VGND,li1,272.7800,136.0000,0.002051
hold704,VGND,li1,80.9600,174.0800,0.000878
hold703,VGND,li1,43.7000,54.4000,0.000396
hold702,VGND,li1,290.7200,195.8400,0.001487
hold701,VGND,li1,155.4800,206.7200,0.000557
hold700,VGND,li1,75.4400,250.2400,0.000340
hold699,VGND,li1,90.1600,152.3200,0.000958
hold698,VGND,li1,136.6200,125.1200,0.001010
hold697,VGND,li1,80.9600,70.7200,0.000879
hold696,VGND,li1,218.9600,119.6800,0.001135
hold695,VGND,li1,92.0000,38.0800,0.000804
hold694,VGND,li1,127.4200,250.2400,0.000358
hold693,VGND,li1,93.8400,217.6000,0.000797
hold692,VGND,li1,149.5000,43.5200,0.000463
hold691,VGND,li1,63.4800,136.0000,0.000762
hold690,VGND,li1,270.0200,81.6000,0.000700
hold689,VGND,li1,72.2200,168.6400,0.000783
hold688,VGND,li1,287.0400,195.8400,0.001484
hold687,VGND,li1,179.4000,81.6000,0.000236
hold686,VGND,li1,149.5000,10.8800,0.000030
hold685,VGND,li1,243.3400,130.5600,0.001619
hold684,VGND,li1,144.4400,195.8400,0.000645
hold683,VGND,li1,252.5400,146.8800,0.001432
hold682,VGND,li1,89.2400,43.5200,0.000643
hold681,VGND,li1,69.9200,59.8400,0.000690
hold680,VGND,li1,68.0800,206.7200,0.000752
hold679,VGND,li1,155.0200,217.6000,0.000547
hold678,VGND,li1,159.6200,184.9600,0.000663
hold677,VGND,li1,230.9200,65.2800,0.000741
hold676,VGND,li1,107.6400,103.3600,0.000909
hold675,VGND,li1,53.8200,114.2400,0.000675
hold674,VGND,li1,24.8400,59.8400,0.000201
hold673,VGND,li1,69.0000,21.7600,0.000550
hold672,VGND,li1,115.0000,38.0800,0.000781
hold671,VGND,li1,139.8400,146.8800,0.000910
hold670,VGND,li1,80.9600,228.4800,0.000948
hold669,VGND,li1,89.2400,27.2000,0.000608
hold668,VGND,li1,265.8800,179.5200,0.001573
hold667,VGND,li1,203.7800,59.8400,0.000245
hold666,VGND,li1,127.8800,65.2800,0.000715
hold665,VGND,li1,24.8400,54.4000,0.000159
hold664,VGND,li1,50.6000,97.9200,0.000649
hold663,VGND,li1,239.6600,136.0000,0.001761
hold662,VGND,li1,158.2400,87.0400,0.000676
hold661,VGND,li1,50.1400,97.9200,0.000649
hold660,VGND,li1,87.8600,70.7200,0.000915
hold659,VGND,li1,16.5600,125.1200,0.000317
hold658,VGND,li1,89.7000,174.0800,0.000924
hold657,VGND,li1,87.4000,174.0800,0.000913
hold656,VGND,li1,222.6400,130.5600,0.001320
hold655,VGND,li1,284.7400,250.2400,0.001138
hold654,VGND,li1,291.1800,250.2400,0.001155
hold653,VGND,li1,29.4400,244.8000,0.000256
hold652,VGND,li1,196.8800,65.2800,0.000460
hold651,VGND,li1,275.0800,76.1600,0.001354
hold650,VGND,li1,136.6200,103.3600,0.000833
hold649,VGND,li1,179.4000,108.8000,0.000453
hold648,VGND,li1,258.0600,97.9200,0.001907
hold647,VGND,li1,87.8600,223.0400,0.000874
hold646,VGND,li1,179.8600,54.4000,0.000152
hold645,VGND,li1,159.1600,168.6400,0.000601
hold644,VGND,li1,200.5600,97.9200,0.000879
hold643,VGND,li1,25.7600,119.6800,0.000213
hold642,VGND,li1,110.4000,163.2000,0.000825
hold641,VGND,li1,201.4800,146.8800,0.000827
hold640,VGND,li1,265.4200,195.8400,0.001390
hold639,VGND,li1,22.0800,76.1600,0.000269
hold638,VGND,li1,143.9800,48.9600,0.000555
hold637,VGND,li1,194.1200,146.8800,0.000666
hold636,VGND,li1,46.4600,233.9200,0.000438
hold635,VGND,li1,134.3200,65.2800,0.000677
hold634,VGND,li1,55.2000,87.0400,0.000589
hold633,VGND,li1,257.1400,76.1600,0.001297
hold632,VGND,li1,10.1200,65.2800,0.000203
hold631,VGND,li1,194.1200,81.6000,0.000367
hold630,VGND,li1,61.6400,43.5200,0.000550
hold629,VGND,li1,272.7800,70.7200,0.001682
hold628,VGND,li1,109.0200,244.8000,0.000912
hold627,VGND,li1,197.3400,152.3200,0.000635
hold626,VGND,li1,103.0400,190.4000,0.000776
hold625,VGND,li1,115.4600,174.0800,0.000973
hold624,VGND,li1,226.7800,76.1600,0.001051
hold623,VGND,li1,166.5200,32.6400,0.000267
hold622,VGND,li1,182.6200,76.1600,0.000461
hold621,VGND,li1,91.0800,81.6000,0.000684
hold620,VGND,li1,140.3000,65.2800,0.000633
hold619,VGND,li1,226.7800,59.8400,0.000280
hold618,VGND,li1,19.3200,43.5200,0.000202
hold617,VGND,li1,262.2000,81.6000,0.000687
hold616,VGND,li1,227.7000,81.6000,0.000579
hold615,VGND,li1,68.0800,70.7200,0.000776
hold614,VGND,li1,132.9400,217.6000,0.000710
hold613,VGND,li1,91.5400,255.6800,0.000365
hold612,VGND,li1,193.2000,81.6000,0.000367
hold611,VGND,li1,252.5400,92.4800,0.001901
hold610,VGND,li1,91.5400,108.8000,0.000955
hold609,VGND,li1,93.8400,81.6000,0.000693
hold608,VGND,li1,150.8800,43.5200,0.000463
hold607,VGND,li1,67.6200,174.0800,0.000791
hold606,VGND,li1,107.6400,54.4000,0.000751
hold605,VGND,li1,145.3600,228.4800,0.000809
hold604,VGND,li1,158.2400,48.9600,0.000427
hold603,VGND,li1,189.0600,32.6400,0.000147
hold602,VGND,li1,150.8800,152.3200,0.000744
hold601,VGND,li1,222.6400,103.3600,0.001405
hold600,VGND,li1,49.6800,141.4400,0.000497
hold599,VGND,li1,149.0400,239.3600,0.000476
hold598,VGND,li1,93.8400,152.3200,0.000972
hold597,VGND,li1,86.0200,201.2800,0.001161
hold596,VGND,li1,60.7200,157.7600,0.000688
hold595,VGND,li1,188.1400,32.6400,0.000147
hold594,VGND,li1,86.4800,125.1200,0.001134
hold593,VGND,li1,272.7800,146.8800,0.001558
hold592,VGND,li1,153.6400,32.6400,0.000367
hold591,VGND,li1,40.9400,146.8800,0.000497
hold590,VGND,li1,28.9800,206.7200,0.000282
hold589,VGND,li1,251.1600,190.4000,0.001734
hold588,VGND,li1,99.3600,81.6000,0.000704
hold587,VGND,li1,54.7400,157.7600,0.000619
hold586,VGND,li1,91.5400,21.7600,0.000654
hold585,VGND,li1,259.9000,119.6800,0.001604
hold584,VGND,li1,209.3000,97.9200,0.001058
hold583,VGND,li1,140.7600,81.6000,0.000632
hold582,VGND,li1,128.3400,141.4400,0.000680
hold581,VGND,li1,118.2200,87.0400,0.000900
hold580,VGND,li1,37.2600,103.3600,0.000420
hold579,VGND,li1,107.6400,76.1600,0.001160
hold578,VGND,li1,40.9400,76.1600,0.000616
hold577,VGND,li1,270.9400,119.6800,0.001676
hold576,VGND,li1,41.4000,201.2800,0.000603
hold575,VGND,li1,131.5600,168.6400,0.000792
hold574,VGND,li1,50.6000,244.8000,0.000572
hold573,VGND,li1,96.6000,244.8000,0.000907
hold572,VGND,li1,72.2200,152.3200,0.000827
hold571,VGND,li1,218.0400,146.8800,0.001044
hold570,VGND,li1,140.7600,250.2400,0.000333
hold569,VGND,li1,98.4400,212.1600,0.001399
hold568,VGND,li1,42.3200,65.2800,0.000421
hold567,VGND,li1,187.6800,179.5200,0.000516
hold566,VGND,li1,51.0600,65.2800,0.000524
hold565,VGND,li1,125.5800,97.9200,0.001053
hold564,VGND,li1,21.1600,146.8800,0.000236
hold563,VGND,li1,114.0800,43.5200,0.000630
hold562,VGND,li1,199.1800,119.6800,0.000773
hold561,VGND,li1,123.7400,92.4800,0.001098
hold560,VGND,li1,23.4600,65.2800,0.000188
hold559,VGND,li1,198.7200,163.2000,0.000759
hold558,VGND,li1,130.1800,206.7200,0.000730
hold557,VGND,li1,115.0000,163.2000,0.000818
hold556,VGND,li1,252.0800,146.8800,0.001432
hold555,VGND,li1,273.7000,119.6800,0.001696
hold554,VGND,li1,202.4000,97.9200,0.000918
hold553,VGND,li1,17.9400,130.5600,0.000273
hold552,VGND,li1,230.9200,152.3200,0.001077
hold551,VGND,li1,9.6600,38.0800,0.000227
hold550,VGND,li1,19.7800,163.2000,0.000182
hold549,VGND,li1,93.3800,70.7200,0.000938
hold548,VGND,li1,12.8800,125.1200,0.000322
hold547,VGND,li1,20.7000,239.3600,0.000201
hold546,VGND,li1,69.4600,255.6800,0.000299
hold545,VGND,li1,81.8800,217.6000,0.000756
hold544,VGND,li1,231.3800,163.2000,0.001369
hold543,VGND,li1,204.2400,130.5600,0.001004
hold542,VGND,li1,22.5400,217.6000,0.000197
hold541,VGND,li1,208.3800,146.8800,0.000932
hold540,VGND,li1,155.9400,97.9200,0.000760
hold539,VGND,li1,36.8000,54.4000,0.000307
hold538,VGND,li1,108.1000,190.4000,0.000782
hold537,VGND,li1,178.9400,179.5200,0.000354
hold536,VGND,li1,135.2400,190.4000,0.000744
hold535,VGND,li1,162.3800,108.8000,0.000678
hold534,VGND,li1,183.5400,195.8400,0.000417
hold533,VGND,li1,25.7600,174.0800,0.000287
hold532,VGND,li1,88.3200,239.3600,0.000634
hold531,VGND,li1,119.1400,233.9200,0.000687
hold530,VGND,li1,68.0800,201.2800,0.001021
hold529,VGND,li1,36.8000,223.0400,0.000347
hold528,VGND,li1,234.1400,87.0400,0.001771
hold527,VGND,li1,119.6000,201.2800,0.001113
hold526,VGND,li1,135.2400,21.7600,0.000574
hold525,VGND,li1,224.9400,146.8800,0.001138
hold524,VGND,li1,50.6000,76.1600,0.000774
hold523,VGND,li1,161.9200,244.8000,0.000543
hold522,VGND,li1,60.2600,228.4800,0.000774
hold521,VGND,li1,28.5200,27.2000,0.000164
hold520,VGND,li1,188.1400,65.2800,0.000364
hold519,VGND,li1,25.7600,228.4800,0.000221
hold518,VGND,li1,66.2400,81.6000,0.000580
hold517,VGND,li1,38.6400,130.5600,0.000547
hold516,VGND,li1,143.5200,163.2000,0.000696
hold515,VGND,li1,214.3600,97.9200,0.001154
hold514,VGND,li1,93.8400,59.8400,0.000792
hold513,VGND,li1,271.4000,92.4800,0.002116
hold512,VGND,li1,133.4000,125.1200,0.001029
hold511,VGND,li1,114.5400,206.7200,0.000796
hold510,VGND,li1,195.9600,103.3600,0.000846
hold509,VGND,li1,265.8800,190.4000,0.001854
hold508,VGND,li1,143.9800,65.2800,0.000603
hold507,VGND,li1,17.4800,146.8800,0.000243
hold506,VGND,li1,60.2600,244.8000,0.000673
hold505,VGND,li1,173.4200,97.9200,0.000513
hold504,VGND,li1,20.7000,38.0800,0.000207
hold503,VGND,li1,153.6400,81.6000,0.000542
hold502,VGND,li1,52.4400,174.0800,0.000656
hold501,VGND,li1,71.7600,190.4000,0.000643
hold500,VGND,li1,106.7200,174.0800,0.000978
hold499,VGND,li1,156.8600,250.2400,0.000276
hold498,VGND,li1,29.4400,119.6800,0.000263
hold497,VGND,li1,54.7400,97.9200,0.000708
hold496,VGND,li1,91.5400,97.9200,0.001039
hold495,VGND,li1,78.6600,223.0400,0.000821
hold494,VGND,li1,166.0600,81.6000,0.000389
hold493,VGND,li1,123.7400,70.7200,0.000916
hold492,VGND,li1,118.2200,206.7200,0.000784
hold491,VGND,li1,211.6000,174.0800,0.001252
hold490,VGND,li1,239.6600,130.5600,0.001579
hold489,VGND,li1,80.5000,152.3200,0.000896
hold488,VGND,li1,140.7600,152.3200,0.000839
hold487,VGND,li1,242.4200,76.1600,0.001200
hold486,VGND,li1,88.7800,299.2000,0.000873
hold485,VGND,li1,93.3800,299.2000,0.000881
hold484,VGND,li1,92.0000,239.3600,0.000640
hold483,VGND,li1,252.5400,190.4000,0.001757
hold482,VGND,li1,95.2200,223.0400,0.000900
hold481,VGND,li1,195.5000,119.6800,0.000687
hold480,VGND,li1,60.2600,70.7200,0.000705
hold479,VGND,li1,283.3600,184.9600,0.001688
hold478,VGND,li1,293.0200,195.8400,0.001490
hold477,VGND,li1,91.5400,223.0400,0.000887
hold476,VGND,li1,79.1200,233.9200,0.000654
hold475,VGND,li1,258.5200,119.6800,0.001604
hold474,VGND,li1,110.8600,70.7200,0.000962
hold473,VGND,li1,235.5200,103.3600,0.001621
hold472,VGND,li1,14.2600,130.5600,0.000277
hold471,VGND,li1,68.0800,54.4000,0.000636
hold470,VGND,li1,148.1200,65.2800,0.000566
hold469,VGND,li1,23.0000,152.3200,0.000210
hold468,VGND,li1,33.1200,38.0800,0.000344
hold467,VGND,li1,80.9600,43.5200,0.000629
hold466,VGND,li1,141.2200,206.7200,0.000663
hold465,VGND,li1,141.6800,217.6000,0.000657
hold464,VGND,li1,55.2000,195.8400,0.000559
hold463,VGND,li1,191.3600,103.3600,0.000716
hold462,VGND,li1,125.1200,92.4800,0.001098
hold461,VGND,li1,191.8200,119.6800,0.000648
hold460,VGND,li1,33.5800,65.2800,0.000305
hold459,VGND,li1,284.7400,239.3600,0.000984
hold458,VGND,li1,281.0600,239.3600,0.000974
hold457,VGND,li1,290.7200,250.2400,0.001151
hold456,VGND,li1,282.9000,244.8000,0.001172
hold455,VGND,li1,291.1800,266.5600,0.000744
hold454,VGND,li1,284.7400,261.1200,0.000814
hold453,VGND,li1,179.4000,27.2000,0.000137
hold452,VGND,li1,157.3200,59.8400,0.000509
hold451,VGND,li1,128.3400,223.0400,0.000851
hold450,VGND,li1,140.3000,206.7200,0.000678
hold449,VGND,li1,68.5400,43.5200,0.000582
hold448,VGND,li1,74.9800,81.6000,0.000627
hold447,VGND,li1,148.1200,184.9600,0.000802
hold446,VGND,li1,82.8000,81.6000,0.000656
hold445,VGND,li1,66.7000,65.2800,0.000679
hold444,VGND,li1,132.0200,179.5200,0.000835
hold443,VGND,li1,51.0600,223.0400,0.000553
hold442,VGND,li1,163.7600,163.2000,0.000531
hold441,VGND,li1,145.3600,92.4800,0.000899
hold440,VGND,li1,102.1200,244.8000,0.000911
hold439,VGND,li1,90.1600,92.4800,0.001171
hold438,VGND,li1,60.2600,157.7600,0.000688
hold437,VGND,li1,12.8800,206.7200,0.000244
hold436,VGND,li1,247.9400,174.0800,0.001920
hold435,VGND,li1,144.4400,179.5200,0.000743
hold434,VGND,li1,120.9800,157.7600,0.001075
hold433,VGND,li1,147.6600,27.2000,0.000487
hold432,VGND,li1,20.7000,146.8800,0.000236
hold431,VGND,li1,75.9000,152.3200,0.000849
hold430,VGND,li1,287.0400,168.6400,0.002032
hold429,VGND,li1,281.0600,179.5200,0.001658
hold428,VGND,li1,265.4200,65.2800,0.000832
hold427,VGND,li1,85.1000,76.1600,0.001088
hold426,VGND,li1,128.3400,239.3600,0.000589
hold425,VGND,li1,97.9800,21.7600,0.000665
hold424,VGND,li1,23.4600,141.4400,0.000176
hold423,VGND,li1,123.7400,212.1600,0.001261
hold422,VGND,li1,213.4400,81.6000,0.000502
hold421,VGND,li1,23.0000,130.5600,0.000261
hold420,VGND,li1,213.9000,103.3600,0.001232
hold419,VGND,li1,110.8600,233.9200,0.000702
hold418,VGND,li1,183.0800,38.0800,0.000206
hold417,VGND,li1,29.4400,125.1200,0.000385
hold416,VGND,li1,24.8400,184.9600,0.000235
hold415,VGND,li1,61.6400,65.2800,0.000634
hold414,VGND,li1,275.0800,130.5600,0.001901
hold413,VGND,li1,227.2400,168.6400,0.001501
hold412,VGND,li1,44.6200,81.6000,0.000404
hold411,VGND,li1,123.7400,119.6800,0.000867
hold410,VGND,li1,209.3000,59.8400,0.000256
hold409,VGND,li1,171.1200,108.8000,0.000592
hold408,VGND,li1,177.1000,97.9200,0.000463
hold407,VGND,li1,256.6800,59.8400,0.000299
hold406,VGND,li1,46.4600,54.4000,0.000428
hold405,VGND,li1,224.0200,81.6000,0.000565
hold404,VGND,li1,70.8400,157.7600,0.000788
hold403,VGND,li1,83.7200,54.4000,0.000724
hold402,VGND,li1,65.3200,87.0400,0.000679
hold401,VGND,li1,34.9600,152.3200,0.000371
hold400,VGND,li1,208.8400,81.6000,0.000476
hold399,VGND,li1,80.9600,299.2000,0.000847
hold398,VGND,li1,29.4400,130.5600,0.000329
hold397,VGND,li1,103.5000,87.0400,0.000890
hold396,VGND,li1,35.4200,92.4800,0.000476
hold395,VGND,li1,72.6800,54.4000,0.000667
hold394,VGND,li1,55.2000,174.0800,0.000685
hold393,VGND,li1,252.5400,168.6400,0.001843
hold392,VGND,li1,180.3200,87.0400,0.000543
hold391,VGND,li1,103.0400,174.0800,0.000972
hold390,VGND,li1,70.8400,27.2000,0.000550
hold389,VGND,li1,90.1600,141.4400,0.000678
hold388,VGND,li1,21.1600,103.3600,0.000204
hold387,VGND,li1,94.7600,293.7600,0.001012
hold386,VGND,li1,98.9000,299.2000,0.000882
hold385,VGND,li1,83.7200,92.4800,0.001135
hold384,VGND,li1,51.0600,27.2000,0.000417
hold383,VGND,li1,36.8000,38.0800,0.000397
hold382,VGND,li1,72.2200,103.3600,0.000786
hold381,VGND,li1,239.6600,146.8800,0.001302
hold380,VGND,li1,166.5200,54.4000,0.000312
hold379,VGND,li1,114.5400,54.4000,0.000728
hold378,VGND,li1,55.2000,43.5200,0.000513
hold377,VGND,li1,27.1400,65.2800,0.000211
hold376,VGND,li1,34.0400,168.6400,0.000346
hold375,VGND,li1,72.2200,114.2400,0.000878
hold374,VGND,li1,49.2200,152.3200,0.000570
hold373,VGND,li1,253.4600,195.8400,0.001325
hold372,VGND,li1,171.5800,21.7600,0.000231
hold371,VGND,li1,158.2400,114.2400,0.000822
hold370,VGND,li1,179.4000,43.5200,0.000143
hold369,VGND,li1,226.3200,119.6800,0.001221
hold368,VGND,li1,86.4800,217.6000,0.000777
hold367,VGND,li1,115.4600,146.8800,0.000984
hold366,VGND,li1,166.0600,76.1600,0.000596
hold365,VGND,li1,120.9800,108.8000,0.000924
hold364,VGND,li1,93.8400,92.4800,0.001189
hold363,VGND,li1,179.4000,97.9200,0.000406
hold362,VGND,li1,144.4400,250.2400,0.000322
hold361,VGND,li1,93.3800,233.9200,0.000698
hold360,VGND,li1,83.7200,27.2000,0.000596
hold359,VGND,li1,151.8000,48.9600,0.000490
hold358,VGND,li1,15.6400,65.2800,0.000200
hold357,VGND,li1,293.4800,212.1600,0.001047
hold356,VGND,li1,278.3000,141.4400,0.001922
hold355,VGND,li1,197.8000,81.6000,0.000400
hold354,VGND,li1,101.6600,108.8000,0.000960
hold353,VGND,li1,188.1400,54.4000,0.000157
hold352,VGND,li1,36.8000,114.2400,0.000429
hold351,VGND,li1,80.9600,239.3600,0.000615
hold350,VGND,li1,284.7400,201.2800,0.001142
hold349,VGND,li1,281.0600,201.2800,0.001131
hold348,VGND,li1,158.2400,32.6400,0.000328
hold347,VGND,li1,125.1200,70.7200,0.000916
hold346,VGND,li1,150.4200,179.5200,0.000696
hold345,VGND,li1,152.7200,195.8400,0.000593
hold344,VGND,li1,59.3400,195.8400,0.000601
hold343,VGND,li1,161.0000,152.3200,0.000629
hold342,VGND,li1,65.3200,27.2000,0.000524
hold341,VGND,li1,258.9800,103.3600,0.001913
hold340,VGND,li1,92.4600,250.2400,0.000377
hold339,VGND,li1,80.5000,97.9200,0.000969
hold338,VGND,li1,29.4400,103.3600,0.000275
hold337,VGND,li1,293.4800,288.3200,0.000934
hold336,VGND,li1,53.8200,81.6000,0.000489
hold335,VGND,li1,216.6600,146.8800,0.001044
hold334,VGND,li1,112.7000,299.2000,0.000862
hold333,VGND,li1,179.8600,157.7600,0.000535
hold332,VGND,li1,162.3800,299.2000,0.000482
hold331,VGND,li1,156.4000,299.2000,0.000539
hold330,VGND,li1,9.2000,206.7200,0.000247
hold329,VGND,li1,12.4200,54.4000,0.000184
hold328,VGND,li1,124.6600,32.6400,0.000552
hold327,VGND,li1,228.6200,168.6400,0.001501
hold326,VGND,li1,287.0400,233.9200,0.001170
hold325,VGND,li1,284.2800,228.4800,0.001893
hold324,VGND,li1,136.6200,217.6000,0.000696
hold323,VGND,li1,59.8000,201.2800,0.000881
hold322,VGND,li1,140.7600,97.9200,0.000939
hold321,VGND,li1,122.3600,21.7600,0.000633
hold320,VGND,li1,90.1600,59.8400,0.000787
hold319,VGND,li1,93.8400,65.2800,0.000798
hold318,VGND,li1,183.5400,190.4000,0.000569
hold317,VGND,li1,41.8600,233.9200,0.000391
hold316,VGND,li1,110.4000,239.3600,0.000640
hold315,VGND,li1,25.3000,97.9200,0.000250
hold314,VGND,li1,106.2600,163.2000,0.000832
hold313,VGND,li1,81.4200,70.7200,0.000879
hold312,VGND,li1,184.0000,65.2800,0.000316
hold311,VGND,li1,243.8000,152.3200,0.001206
hold310,VGND,li1,96.1400,32.6400,0.000621
hold309,VGND,li1,70.8400,48.9600,0.000625
hold308,VGND,li1,281.0600,233.9200,0.001153
hold307,VGND,li1,283.3600,233.9200,0.001163
hold306,VGND,li1,174.3400,59.8400,0.000259
hold305,VGND,li1,122.8200,299.2000,0.000827
hold304,VGND,li1,126.9600,299.2000,0.000803
hold303,VGND,li1,205.1600,119.6800,0.000892
hold302,VGND,li1,61.1800,250.2400,0.000276
hold301,VGND,li1,42.3200,146.8800,0.000497
hold300,VGND,li1,104.4200,163.2000,0.000834
hold299,VGND,li1,76.3600,168.6400,0.000805
hold298,VGND,li1,150.8800,163.2000,0.000637
hold297,VGND,li1,243.8000,97.9200,0.001692
hold296,VGND,li1,131.5600,163.2000,0.000758
hold295,VGND,li1,143.5200,152.3200,0.000808
hold294,VGND,li1,93.8400,54.4000,0.000753
hold293,VGND,li1,222.1800,59.8400,0.000275
hold292,VGND,li1,91.5400,125.1200,0.001161
hold291,VGND,li1,171.1200,87.0400,0.000530
hold290,VGND,li1,153.6400,195.8400,0.000571
hold289,VGND,li1,211.6000,130.5600,0.001154
hold288,VGND,li1,51.5200,43.5200,0.000487
hold287,VGND,li1,17.4800,103.3600,0.000208
hold286,VGND,li1,213.9000,174.0800,0.001310
hold285,VGND,li1,132.4800,299.2000,0.000772
hold284,VGND,li1,24.8400,206.7200,0.000214
hold283,VGND,li1,281.9800,114.2400,0.002730
hold282,VGND,li1,29.4400,223.0400,0.000256
hold281,VGND,li1,287.0400,157.7600,0.002078
hold280,VGND,li1,293.4800,152.3200,0.001461
hold279,VGND,li1,115.0000,223.0400,0.000902
hold278,VGND,li1,184.0000,97.9200,0.000525
hold277,VGND,li1,134.7800,81.6000,0.000664
hold276,VGND,li1,144.4400,195.8400,0.000645
hold275,VGND,li1,131.5600,108.8000,0.000887
hold274,VGND,li1,32.2000,103.3600,0.000329
hold273,VGND,li1,186.3000,76.1600,0.000510
hold272,VGND,li1,23.0000,190.4000,0.000168
hold271,VGND,li1,119.6000,76.1600,0.001122
hold270,VGND,li1,115.4600,217.6000,0.000784
hold269,VGND,li1,124.6600,43.5200,0.000602
hold268,VGND,li1,214.8200,168.6400,0.001269
hold267,VGND,li1,117.3000,92.4800,0.001139
hold266,VGND,li1,39.1000,152.3200,0.000432
hold265,VGND,li1,128.8000,48.9600,0.000667
hold264,VGND,li1,104.4200,201.2800,0.001182
hold263,VGND,li1,195.9600,130.5600,0.000858
hold262,VGND,li1,192.7400,184.9600,0.000699
hold261,VGND,li1,180.3200,201.2800,0.000332
hold260,VGND,li1,47.3800,125.1200,0.000662
hold259,VGND,li1,75.9000,103.3600,0.000802
hold258,VGND,li1,42.3200,27.2000,0.000330
hold257,VGND,li1,110.8600,32.6400,0.000600
hold256,VGND,li1,244.7200,114.2400,0.002369
hold255,VGND,li1,53.3600,201.2800,0.000807
hold254,VGND,li1,157.7800,54.4000,0.000414
hold253,VGND,li1,287.0400,282.8800,0.000827
hold252,VGND,li1,76.8200,59.8400,0.000737
hold251,VGND,li1,143.5200,299.2000,0.000679
hold250,VGND,li1,105.8000,179.5200,0.000926
hold249,VGND,li1,287.0400,228.4800,0.001902
hold248,VGND,li1,110.8600,190.4000,0.000784
hold247,VGND,li1,48.7600,103.3600,0.000581
hold246,VGND,li1,260.3600,81.6000,0.000682
hold245,VGND,li1,25.3000,179.5200,0.000205
hold244,VGND,li1,124.6600,54.4000,0.000688
hold243,VGND,li1,162.3800,217.6000,0.000478
hold242,VGND,li1,122.3600,163.2000,0.000798
hold241,VGND,li1,60.2600,108.8000,0.000716
hold240,VGND,li1,51.0600,32.6400,0.000442
hold239,VGND,li1,123.7400,299.2000,0.000827
hold238,VGND,li1,183.5400,108.8000,0.000592
hold237,VGND,li1,16.5600,81.6000,0.000183
hold236,VGND,li1,291.1800,114.2400,0.002749
hold235,VGND,li1,287.0400,114.2400,0.002744
hold234,VGND,li1,79.5800,103.3600,0.000829
hold233,VGND,li1,59.8000,32.6400,0.000504
hold232,VGND,li1,287.0400,217.6000,0.001431
hold231,VGND,li1,289.8000,212.1600,0.001040
hold230,VGND,li1,89.7000,43.5200,0.000646
hold229,VGND,li1,280.6000,103.3600,0.002056
hold228,VGND,li1,85.1000,16.3200,0.000638
hold227,VGND,li1,120.5200,250.2400,0.000367
hold226,VGND,li1,34.0400,130.5600,0.000457
hold225,VGND,li1,241.5000,179.5200,0.001367
hold224,VGND,li1,261.7400,65.2800,0.000827
hold223,VGND,li1,293.4800,130.5600,0.001962
hold222,VGND,li1,12.4200,48.9600,0.000182
hold221,VGND,li1,103.9600,157.7600,0.001028
hold220,VGND,li1,131.1000,206.7200,0.000730
hold219,VGND,li1,89.7000,21.7600,0.000646
hold218,VGND,li1,278.3000,114.2400,0.002709
hold217,VGND,li1,278.7600,130.5600,0.001929
hold216,VGND,li1,42.3200,114.2400,0.000517
hold215,VGND,li1,145.3600,217.6000,0.000635
hold214,VGND,li1,123.7400,81.6000,0.000704
hold213,VGND,li1,174.8000,212.1600,0.000453
hold212,VGND,li1,182.1600,163.2000,0.000440
hold211,VGND,li1,33.5800,217.6000,0.000315
hold210,VGND,li1,118.2200,195.8400,0.000784
hold209,VGND,li1,28.0600,157.7600,0.000254
hold208,VGND,li1,80.9600,125.1200,0.001097
hold207,VGND,li1,123.7400,233.9200,0.000674
hold206,VGND,li1,110.8600,108.8000,0.000951
hold205,VGND,li1,77.2800,239.3600,0.000601
hold204,VGND,li1,24.3800,103.3600,0.000198
hold203,VGND,li1,80.9600,141.4400,0.000658
hold202,VGND,li1,90.6200,54.4000,0.000747
hold201,VGND,li1,72.2200,184.9600,0.000914
hold200,VGND,li1,271.4000,97.9200,0.002051
hold199,VGND,li1,175.2600,293.7600,0.000380
hold198,VGND,li1,177.1000,299.2000,0.000259
hold197,VGND,li1,49.2200,125.1200,0.000710
hold196,VGND,li1,267.2600,174.0800,0.002161
hold195,VGND,li1,115.0000,233.9200,0.000696
hold194,VGND,li1,267.2600,119.6800,0.001662
hold193,VGND,li1,209.7600,184.9600,0.000980
hold192,VGND,li1,232.3000,146.8800,0.001234
hold191,VGND,li1,40.4800,38.0800,0.000446
hold190,VGND,li1,131.5600,244.8000,0.000847
hold189,VGND,li1,38.1800,130.5600,0.000547
hold188,VGND,li1,246.5600,92.4800,0.001815
hold187,VGND,li1,220.8000,119.6800,0.001164
hold186,VGND,li1,110.8600,27.2000,0.000622
hold185,VGND,li1,61.1800,184.9600,0.000815
hold184,VGND,li1,282.4400,108.8000,0.002001
hold183,VGND,li1,87.4000,81.6000,0.000673
hold182,VGND,li1,162.3800,174.0800,0.000636
hold181,VGND,li1,136.6200,65.2800,0.000661
hold180,VGND,li1,235.9800,146.8800,0.001275
hold179,VGND,li1,162.3800,190.4000,0.000562
hold178,VGND,li1,266.8000,97.9200,0.002005
hold177,VGND,li1,221.2600,168.6400,0.001392
hold176,VGND,li1,230.9200,92.4800,0.001543
hold175,VGND,li1,59.3400,43.5200,0.000537
hold174,VGND,li1,42.7800,250.2400,0.000177
hold173,VGND,li1,66.7000,141.4400,0.000610
hold172,VGND,li1,155.4800,212.1600,0.000813
hold171,VGND,li1,147.2000,81.6000,0.000588
hold170,VGND,li1,89.2400,163.2000,0.000827
hold169,VGND,li1,141.2200,48.9600,0.000577
hold168,VGND,li1,119.6000,174.0800,0.000960
hold167,VGND,li1,60.2600,136.0000,0.000721
hold166,VGND,li1,16.5600,217.6000,0.000215
hold165,VGND,li1,72.2200,174.0800,0.000823
hold164,VGND,li1,119.6000,233.9200,0.000687
hold163,VGND,li1,81.8800,233.9200,0.000668
hold162,VGND,li1,273.7000,293.7600,0.000736
hold161,VGND,li1,80.5000,250.2400,0.000354
hold160,VGND,li1,105.3400,108.8000,0.000959
hold159,VGND,li1,169.2800,54.4000,0.000278
hold158,VGND,li1,239.6600,81.6000,0.000622
hold157,VGND,li1,42.3200,299.2000,0.000462
hold156,VGND,li1,226.7800,114.2400,0.002003
hold155,VGND,li1,35.4200,299.2000,0.000370
hold154,VGND,li1,110.8600,59.8400,0.000794
hold153,VGND,li1,29.4400,174.0800,0.000351
hold152,VGND,li1,243.8000,119.6800,0.001465
hold151,VGND,li1,197.3400,190.4000,0.000898
hold150,VGND,li1,93.3800,174.0800,0.000939
hold149,VGND,li1,195.9600,174.0800,0.000918
hold148,VGND,li1,85.1000,299.2000,0.000863
hold147,VGND,li1,50.6000,228.4800,0.000650
hold146,VGND,li1,260.8200,168.6400,0.001915
hold145,VGND,li1,21.6200,163.2000,0.000180
hold144,VGND,li1,40.4800,250.2400,0.000164
hold143,VGND,li1,138.9200,119.6800,0.000809
hold142,VGND,li1,38.6400,184.9600,0.000488
hold141,VGND,li1,69.4600,32.6400,0.000554
hold140,VGND,li1,190.9000,163.2000,0.000628
hold139,VGND,li1,69.0000,299.2000,0.000776
hold138,VGND,li1,241.0400,114.2400,0.002276
hold137,VGND,li1,153.6400,65.2800,0.000514
hold136,VGND,li1,120.9800,32.6400,0.000566
hold135,VGND,li1,30.8200,146.8800,0.000349
hold134,VGND,li1,9.2000,184.9600,0.000259
hold133,VGND,li1,16.5600,174.0800,0.000281
hold132,VGND,li1,119.6000,92.4800,0.001125
hold131,VGND,li1,148.1200,223.0400,0.000722
hold130,VGND,li1,133.4000,27.2000,0.000579
hold129,VGND,li1,272.7800,87.0400,0.002132
hold128,VGND,li1,136.6200,43.5200,0.000546
hold127,VGND,li1,143.9800,43.5200,0.000501
hold126,VGND,li1,105.8000,141.4400,0.000690
hold125,VGND,li1,52.9000,168.6400,0.000615
hold124,VGND,li1,32.6600,81.6000,0.000263
hold123,VGND,li1,24.8400,195.8400,0.000169
hold122,VGND,li1,37.7200,168.6400,0.000383
hold121,VGND,li1,140.7600,195.8400,0.000673
hold120,VGND,li1,87.4000,27.2000,0.000605
hold119,VGND,li1,175.2600,179.5200,0.000402
hold118,VGND,li1,193.2000,299.2000,0.000401
hold117,VGND,li1,196.8800,299.2000,0.000435
hold116,VGND,li1,118.2200,54.4000,0.000713
hold115,VGND,li1,143.9800,27.2000,0.000510
hold114,VGND,li1,85.1000,206.7200,0.000811
hold113,VGND,li1,172.5000,201.2800,0.000463
hold112,VGND,li1,11.0400,223.0400,0.000218
hold111,VGND,li1,88.7800,195.8400,0.000793
hold110,VGND,li1,114.5400,179.5200,0.000907
hold109,VGND,li1,89.2400,32.6400,0.000615
hold108,VGND,li1,105.8000,59.8400,0.000801
hold107,VGND,li1,207.4600,179.5200,0.000867
hold106,VGND,li1,118.2200,190.4000,0.000786
hold105,VGND,li1,56.5800,184.9600,0.000764
hold104,VGND,li1,35.8800,233.9200,0.000322
hold103,VGND,li1,170.6600,163.2000,0.000474
hold102,VGND,li1,115.9200,108.8000,0.000940
hold101,VGND,li1,38.1800,174.0800,0.000484
hold100,VGND,li1,157.3200,16.3200,0.000423
hold99,VGND,li1,41.4000,195.8400,0.000392
hold98,VGND,li1,260.3600,146.8800,0.001496
hold97,VGND,li1,46.0000,299.2000,0.000527
hold96,VGND,li1,109.4800,38.0800,0.000795
hold95,VGND,li1,73.1400,293.7600,0.000906
hold94,VGND,li1,110.8600,114.2400,0.001074
hold93,VGND,li1,274.1600,299.2000,0.000824
hold92,VGND,li1,274.1600,168.6400,0.001994
hold91,VGND,li1,66.7000,233.9200,0.000597
hold90,VGND,li1,25.7600,76.1600,0.000262
hold89,VGND,li1,270.4800,299.2000,0.000820
hold88,VGND,li1,55.2000,228.4800,0.000695
hold87,VGND,li1,269.1000,114.2400,0.002643
hold86,VGND,li1,243.8000,163.2000,0.001553
hold85,VGND,li1,162.3800,244.8000,0.000513
hold84,VGND,li1,34.9600,228.4800,0.000402
hold83,VGND,li1,55.2000,217.6000,0.000579
hold82,VGND,li1,31.2800,195.8400,0.000256
hold81,VGND,li1,77.2800,299.2000,0.000832
hold80,VGND,li1,63.9400,228.4800,0.000812
hold79,VGND,li1,264.0400,92.4800,0.002026
hold78,VGND,li1,179.8600,190.4000,0.000472
hold77,VGND,li1,140.7600,87.0400,0.000826
hold76,VGND,li1,25.3000,244.8000,0.000181
hold75,VGND,li1,105.8000,125.1200,0.001163
hold74,VGND,li1,40.9400,184.9600,0.000555
hold73,VGND,li1,168.3600,217.6000,0.000416
hold72,VGND,li1,269.5600,190.4000,0.001869
hold71,VGND,li1,29.4400,228.4800,0.000301
hold70,VGND,li1,235.0600,163.2000,0.001428
hold69,VGND,li1,108.5600,43.5200,0.000643
hold68,VGND,li1,49.6800,201.2800,0.000747
hold67,VGND,li1,77.7400,190.4000,0.000678
hold66,VGND,li1,48.7600,299.2000,0.000570
hold65,VGND,li1,53.8200,299.2000,0.000631
hold64,VGND,li1,142.1400,81.6000,0.000632
hold63,VGND,li1,194.5800,163.2000,0.000676
hold62,VGND,li1,171.5800,168.6400,0.000486
hold61,VGND,li1,218.0400,97.9200,0.001231
hold60,VGND,li1,54.7400,244.8000,0.000623
hold59,VGND,li1,254.8400,119.6800,0.001572
hold58,VGND,li1,9.2000,179.5200,0.000238
hold57,VGND,li1,37.7200,201.2800,0.000534
hold56,VGND,li1,233.6800,114.2400,0.002150
hold55,VGND,li1,258.0600,130.5600,0.001763
hold54,VGND,li1,20.7000,190.4000,0.000173
hold53,VGND,li1,31.7400,190.4000,0.000242
hold52,VGND,li1,264.9600,179.5200,0.001573
hold51,VGND,li1,246.5600,76.1600,0.001230
hold50,VGND,li1,54.2800,163.2000,0.000600
hold49,VGND,li1,182.1600,179.5200,0.000428
hold48,VGND,li1,234.1400,184.9600,0.001319
hold47,VGND,li1,138.4600,81.6000,0.000653
hold46,VGND,li1,12.4200,228.4800,0.000243
hold45,VGND,li1,53.8200,201.2800,0.000807
hold44,VGND,li1,77.2800,174.0800,0.000853
hold43,VGND,li1,76.8200,184.9600,0.000944
hold42,VGND,li1,47.3800,223.0400,0.000508
hold41,VGND,li1,247.0200,146.8800,0.001386
hold40,VGND,li1,248.4000,114.2400,0.002438
hold39,VGND,li1,256.6800,136.0000,0.001941
hold38,VGND,li1,201.0200,157.7600,0.001012
hold37,VGND,li1,207.9200,174.0800,0.001192
hold36,VGND,li1,32.6600,206.7200,0.000323
hold35,VGND,li1,169.2800,212.1600,0.000556
hold34,VGND,li1,78.2000,233.9200,0.000654
hold33,VGND,li1,237.3600,114.2400,0.002225
hold32,VGND,li1,188.1400,195.8400,0.000507
hold31,VGND,li1,191.8200,190.4000,0.000753
clone15,VGND,li1,205.8500,272.0000,0.000401
rebuffer13,VGND,li1,199.6400,299.2000,0.000450
clone12,VGND,li1,188.3700,277.4400,0.000324
clone11,VGND,li1,229.7700,266.5600,0.000521
clone10,VGND,li1,200.1000,272.0000,0.000351
clone9,VGND,li1,155.2500,282.8800,0.000517
clone8,VGND,li1,103.5000,288.3200,0.001015
rebuffer7,VGND,li1,208.6100,299.2000,0.000508
rebuffer6,VGND,li1,205.3900,282.8800,0.000516
rebuffer5,VGND,li1,205.3900,299.2000,0.000489
rebuffer4,VGND,li1,217.8100,299.2000,0.000555
rebuffer3,VGND,li1,213.6700,299.2000,0.000539
clone2,VGND,li1,240.5800,272.0000,0.000661
rebuffer1,VGND,li1,252.0800,293.7600,0.000678
clkload85,VGND,li1,230.6900,190.4000,0.001518
clkload84,VGND,li1,234.3700,179.5200,0.001275
clkload83,VGND,li1,282.2100,206.7200,0.001779
clkload82,VGND,li1,266.5700,212.1600,0.000972
clkload81,VGND,li1,246.5600,233.9200,0.000980
clkload80,VGND,li1,291.8700,255.6800,0.001306
clkload79,VGND,li1,267.4900,288.3200,0.000897
clkload78,VGND,li1,243.5700,277.4400,0.000734
clkload77,VGND,li1,233.9100,250.2400,0.000779
clkload76,VGND,li1,185.3800,168.6400,0.000616
clkload75,VGND,li1,201.9400,163.2000,0.000850
clkload74,VGND,li1,204.4700,190.4000,0.001064
clkload73,VGND,li1,209.0700,250.2400,0.000512
clkload72,VGND,li1,196.1900,288.3200,0.000443
clkload71,VGND,li1,166.7500,293.7600,0.000547
clkload70,VGND,li1,165.1400,255.6800,0.000321
clkload69,VGND,li1,189.9800,233.9200,0.000419
clkload68,VGND,li1,163.3000,174.0800,0.000636
clkload67,VGND,li1,230.4600,70.7200,0.001442
clkload66,VGND,li1,274.3900,70.7200,0.001682
clkload65,VGND,li1,247.7100,87.0400,0.001964
clkload64,VGND,li1,277.3800,97.9200,0.002087
clkload63,VGND,li1,280.1400,119.6800,0.001723
clkload62,VGND,li1,283.1300,130.5600,0.001951
clkload61,VGND,li1,264.5000,136.0000,0.002006
clkload60,VGND,li1,228.1600,103.3600,0.001481
clkload59,VGND,li1,251.6200,168.6400,0.001843
clkload58,VGND,li1,178.4800,125.1200,0.000463
clkload57,VGND,li1,165.8300,97.9200,0.000621
clkload56,VGND,li1,184.2300,97.9200,0.000525
clkload55,VGND,li1,205.1600,87.0400,0.001211
clkload54,VGND,li1,168.5900,70.7200,0.000572
clkload53,VGND,li1,211.8300,108.8000,0.001279
clkload52,VGND,li1,217.3500,136.0000,0.001408
clkload51,VGND,li1,201.2500,141.4400,0.000876
clkload50,VGND,li1,172.7300,152.3200,0.000444
clkload49,VGND,li1,124.4300,190.4000,0.000779
clkload48,VGND,li1,137.3100,250.2400,0.000343
clkload47,VGND,li1,136.8500,288.3200,0.000880
clkload46,VGND,li1,101.8900,293.7600,0.001020
clkload45,VGND,li1,80.0400,250.2400,0.000354
clkload44,VGND,li1,89.0100,201.2800,0.001178
clkload43,VGND,li1,93.1500,174.0800,0.000939
clkload42,VGND,li1,110.6300,179.5200,0.000917
clkload41,VGND,li1,117.7600,157.7600,0.001071
clkload40,VGND,li1,70.1500,272.0000,0.000069
clkload39,VGND,li1,54.2800,299.2000,0.000631
clkload38,VGND,li1,26.9100,233.9200,0.000204
clkload37,VGND,li1,61.1800,233.9200,0.000560
clkload36,VGND,li1,50.3700,212.1600,0.000931
clkload35,VGND,li1,23.9200,217.6000,0.000197
clkload34,VGND,li1,15.8700,201.2800,0.000319
clkload33,VGND,li1,33.1200,174.0800,0.000385
clkload32,VGND,li1,55.6600,174.0800,0.000685
clkload31,VGND,li1,64.4000,190.4000,0.000592
clkload30,VGND,li1,75.9000,201.2800,0.001100
clkload29,VGND,li1,94.3000,48.9600,0.000733
clkload28,VGND,li1,100.0500,27.2000,0.000623
clkload27,VGND,li1,137.5400,65.2800,0.000661
clkload26,VGND,li1,127.6500,70.7200,0.000897
clkload25,VGND,li1,109.4800,70.7200,0.000969
clkload24,VGND,li1,107.4100,108.8000,0.000955
clkload23,VGND,li1,132.2500,97.9200,0.001023
clkload22,VGND,li1,142.3700,114.2400,0.000983
clkload21,VGND,li1,144.2100,136.0000,0.000958
clkload20,VGND,li1,98.6700,141.4400,0.000686
clkload19,VGND,li1,94.0700,125.1200,0.001171
clkload18,VGND,li1,89.7000,108.8000,0.000951
clkload17,VGND,li1,54.9700,32.6400,0.000472
clkload16,VGND,li1,71.9900,43.5200,0.000596
clkload15,VGND,li1,72.6800,65.2800,0.000728
clkload14,VGND,li1,70.1500,136.0000,0.000813
clkload13,VGND,li1,53.5900,141.4400,0.000538
clkload12,VGND,li1,26.4500,146.8800,0.000284
clkload11,VGND,li1,24.3800,125.1200,0.000288
clkload10,VGND,li1,23.9200,103.3600,0.000198
clkload9,VGND,li1,51.9800,103.3600,0.000625
clkload8,VGND,li1,53.3600,70.7200,0.000636
clkload7,VGND,li1,12.6500,76.1600,0.000291
clkload6,VGND,li1,248.6300,223.0400,0.001342
clkload5,VGND,li1,196.6500,217.6000,0.000547
clkload4,VGND,li1,274.3900,119.6800,0.001696
clkload3,VGND,li1,200.3300,114.2400,0.001290
clkload2,VGND,li1,97.0600,206.7200,0.000820
clkload1,VGND,li1,54.5100,212.1600,0.001024
clkload0,VGND,li1,54.5100,92.4800,0.000831
clkbuf_3_7__f_clk,VGND,li1,251.6200,228.4800,0.001744
clkbuf_3_6__f_clk,VGND,li1,199.6400,223.0400,0.000764
clkbuf_3_5__f_clk,VGND,li1,248.8600,114.2400,0.002438
clkbuf_3_4__f_clk,VGND,li1,203.7800,108.8000,0.001133
clkbuf_3_3__f_clk,VGND,li1,102.5800,212.1600,0.001410
clkbuf_3_2__f_clk,VGND,li1,62.1000,212.1600,0.001170
clkbuf_3_1__f_clk,VGND,li1,103.9600,92.4800,0.001217
clkbuf_3_0__f_clk,VGND,li1,61.6400,92.4800,0.000970
clkbuf_0_clk,VGND,li1,152.7200,157.7600,0.000980
clkbuf_leaf_87_clk,VGND,li1,25.9900,43.5200,0.000193
clkbuf_leaf_86_clk,VGND,li1,55.8900,27.2000,0.000461
clkbuf_leaf_85_clk,VGND,li1,72.9100,38.0800,0.000762
clkbuf_leaf_84_clk,VGND,li1,76.5900,65.2800,0.000747
clkbuf_leaf_83_clk,VGND,li1,99.5900,54.4000,0.000765
clkbuf_leaf_82_clk,VGND,li1,100.0500,27.2000,0.000623
clkbuf_leaf_81_clk,VGND,li1,137.3100,27.2000,0.000561
clkbuf_leaf_80_clk,VGND,li1,141.4500,59.8400,0.000677
clkbuf_leaf_79_clk,VGND,li1,124.4300,76.1600,0.001103
clkbuf_leaf_78_clk,VGND,li1,106.0300,76.1600,0.001160
clkbuf_leaf_77_clk,VGND,li1,106.0300,97.9200,0.001092
clkbuf_leaf_76_clk,VGND,li1,131.3300,97.9200,0.001023
clkbuf_leaf_75_clk,VGND,li1,138.2300,114.2400,0.001020
clkbuf_leaf_74_clk,VGND,li1,143.7500,136.0000,0.000958
clkbuf_leaf_73_clk,VGND,li1,172.2700,125.1200,0.000603
clkbuf_leaf_72_clk,VGND,li1,166.7500,108.8000,0.000634
clkbuf_leaf_71_clk,VGND,li1,185.6100,103.3600,0.000584
clkbuf_leaf_70_clk,VGND,li1,201.2500,87.0400,0.001125
clkbuf_leaf_69_clk,VGND,li1,168.1300,70.7200,0.000572
clkbuf_leaf_68_clk,VGND,li1,167.6700,38.0800,0.000388
clkbuf_leaf_67_clk,VGND,li1,227.4700,65.2800,0.000723
clkbuf_leaf_66_clk,VGND,li1,268.8700,76.1600,0.001350
clkbuf_leaf_65_clk,VGND,li1,245.8700,87.0400,0.001945
clkbuf_leaf_64_clk,VGND,li1,273.4700,97.9200,0.002070
clkbuf_leaf_63_clk,VGND,li1,281.2900,114.2400,0.002730
clkbuf_leaf_62_clk,VGND,li1,284.0500,130.5600,0.001951
clkbuf_leaf_61_clk,VGND,li1,268.4100,136.0000,0.002031
clkbuf_leaf_60_clk,VGND,li1,238.5100,130.5600,0.001551
clkbuf_leaf_59_clk,VGND,li1,227.9300,103.3600,0.001481
clkbuf_leaf_58_clk,VGND,li1,209.0700,114.2400,0.001557
clkbuf_leaf_57_clk,VGND,li1,222.8700,136.0000,0.001516
clkbuf_leaf_56_clk,VGND,li1,204.0100,146.8800,0.000872
clkbuf_leaf_55_clk,VGND,li1,175.9500,146.8800,0.000472
clkbuf_leaf_54_clk,VGND,li1,182.3900,168.6400,0.000533
clkbuf_leaf_53_clk,VGND,li1,203.5500,174.0800,0.001077
clkbuf_leaf_52_clk,VGND,li1,204.9300,190.4000,0.001064
clkbuf_leaf_51_clk,VGND,li1,231.1500,195.8400,0.001161
clkbuf_leaf_50_clk,VGND,li1,235.2900,174.0800,0.001710
clkbuf_leaf_49_clk,VGND,li1,248.6300,163.2000,0.001616
clkbuf_leaf_48_clk,VGND,li1,278.9900,174.0800,0.002269
clkbuf_leaf_47_clk,VGND,li1,286.3500,206.7200,0.001802
clkbuf_leaf_46_clk,VGND,li1,267.4900,206.7200,0.001634
clkbuf_leaf_45_clk,VGND,li1,253.2300,228.4800,0.001744
clkbuf_leaf_44_clk,VGND,li1,285.4300,255.6800,0.001295
clkbuf_leaf_43_clk,VGND,li1,268.4100,288.3200,0.000897
clkbuf_leaf_42_clk,VGND,li1,244.4900,272.0000,0.000680
clkbuf_leaf_41_clk,VGND,li1,233.4500,250.2400,0.000779
clkbuf_leaf_40_clk,VGND,li1,209.0700,255.6800,0.000644
clkbuf_leaf_39_clk,VGND,li1,197.1100,282.8800,0.000470
clkbuf_leaf_38_clk,VGND,li1,166.2900,293.7600,0.000547
clkbuf_leaf_37_clk,VGND,li1,166.2900,255.6800,0.000321
clkbuf_leaf_36_clk,VGND,li1,195.7300,233.9200,0.000518
clkbuf_leaf_35_clk,VGND,li1,175.9500,201.2800,0.000392
clkbuf_leaf_34_clk,VGND,li1,164.4500,179.5200,0.000572
clkbuf_leaf_33_clk,VGND,li1,137.7700,184.9600,0.000910
clkbuf_leaf_32_clk,VGND,li1,135.4700,212.1600,0.001157
clkbuf_leaf_31_clk,VGND,li1,108.7900,228.4800,0.001035
clkbuf_leaf_30_clk,VGND,li1,139.6100,244.8000,0.000810
clkbuf_leaf_29_clk,VGND,li1,136.3900,288.3200,0.000880
clkbuf_leaf_28_clk,VGND,li1,98.6700,288.3200,0.001013
clkbuf_leaf_27_clk,VGND,li1,80.2700,244.8000,0.000872
clkbuf_leaf_26_clk,VGND,li1,72.9100,266.5600,0.000152
clkbuf_leaf_25_clk,VGND,li1,55.4300,293.7600,0.000732
clkbuf_leaf_24_clk,VGND,li1,34.2700,239.3600,0.000292
clkbuf_leaf_23_clk,VGND,li1,58.1900,228.4800,0.000742
clkbuf_leaf_22_clk,VGND,li1,62.7900,212.1600,0.001170
clkbuf_leaf_21_clk,VGND,li1,27.3700,217.6000,0.000228
clkbuf_leaf_20_clk,VGND,li1,21.3900,201.2800,0.000302
clkbuf_leaf_19_clk,VGND,li1,21.3900,174.0800,0.000265
clkbuf_leaf_18_clk,VGND,li1,37.0300,174.0800,0.000447
clkbuf_leaf_17_clk,VGND,li1,61.4100,168.6400,0.000713
clkbuf_leaf_16_clk,VGND,li1,65.5500,184.9600,0.000866
clkbuf_leaf_15_clk,VGND,li1,70.6100,201.2800,0.001048
clkbuf_leaf_14_clk,VGND,li1,92.2300,201.2800,0.001194
clkbuf_leaf_13_clk,VGND,li1,94.0700,179.5200,0.000929
clkbuf_leaf_12_clk,VGND,li1,111.0900,174.0800,0.000986
clkbuf_leaf_11_clk,VGND,li1,137.3100,157.7600,0.001073
clkbuf_leaf_10_clk,VGND,li1,99.1300,152.3200,0.000990
clkbuf_leaf_9_clk,VGND,li1,98.6700,125.1200,0.001180
clkbuf_leaf_8_clk,VGND,li1,85.7900,108.8000,0.000943
clkbuf_leaf_7_clk,VGND,li1,72.9100,130.5600,0.001175
clkbuf_leaf_6_clk,VGND,li1,54.0500,141.4400,0.000538
clkbuf_leaf_5_clk,VGND,li1,27.3700,146.8800,0.000284
clkbuf_leaf_4_clk,VGND,li1,20.4700,125.1200,0.000309
clkbuf_leaf_3_clk,VGND,li1,26.9100,97.9200,0.000287
clkbuf_leaf_2_clk,VGND,li1,53.1300,103.3600,0.000625
clkbuf_leaf_1_clk,VGND,li1,48.0700,76.1600,0.000720
clkbuf_leaf_0_clk,VGND,li1,17.7100,70.7200,0.000279
lsu_wrapper_447,VGND,li1,294.6300,16.3200,0.000146
fanout446,VGND,li1,285.2000,114.2400,0.002739
fanout445,VGND,li1,277.8400,114.2400,0.002709
fanout444,VGND,li1,287.9600,266.5600,0.000739
fanout443,VGND,li1,259.4400,255.6800,0.001093
fanout442,VGND,li1,278.3000,195.8400,0.001455
fanout441,VGND,li1,293.9400,195.8400,0.001490
fanout440,VGND,li1,257.6000,206.7200,0.001510
fanout439,VGND,li1,231.8400,201.2800,0.000810
fanout438,VGND,li1,218.9600,255.6800,0.000734
fanout437,VGND,li1,187.2200,244.8000,0.000380
fanout436,VGND,li1,229.5400,201.2800,0.000793
fanout435,VGND,li1,195.0400,190.4000,0.000850
fanout434,VGND,li1,290.2600,108.8000,0.002017
fanout433,VGND,li1,293.9400,114.2400,0.002749
fanout432,VGND,li1,283.8200,163.2000,0.001839
fanout431,VGND,li1,293.4800,97.9200,0.002147
fanout430,VGND,li1,184.4600,119.6800,0.000505
fanout429,VGND,li1,165.6000,239.3600,0.000333
fanout428,VGND,li1,170.2000,266.5600,0.000139
fanout427,VGND,li1,94.3000,195.8400,0.000808
fanout426,VGND,li1,115.4600,277.4400,0.000342
fanout425,VGND,li1,172.5000,146.8800,0.000526
fanout424,VGND,li1,171.1200,119.6800,0.000487
fanout423,VGND,li1,115.4600,125.1200,0.001125
fanout422,VGND,li1,120.0600,119.6800,0.000875
max_cap421,VGND,li1,210.9100,299.2000,0.000522
fanout420,VGND,li1,221.2600,190.4000,0.001367
fanout419,VGND,li1,169.7400,233.9200,0.000381
fanout418,VGND,li1,161.4600,239.3600,0.000372
fanout417,VGND,li1,166.0600,223.0400,0.000534
fanout416,VGND,li1,161.4600,233.9200,0.000470
fanout415,VGND,li1,267.7200,146.8800,0.001543
fanout414,VGND,li1,261.7400,141.4400,0.001821
fanout413,VGND,li1,277.8400,92.4800,0.002165
fanout412,VGND,li1,274.6200,92.4800,0.002143
fanout411,VGND,li1,226.3200,97.9200,0.001389
fanout410,VGND,li1,260.8200,157.7600,0.001960
fanout409,VGND,li1,231.8400,168.6400,0.001578
fanout408,VGND,li1,277.3800,125.1200,0.001981
fanout407,VGND,li1,277.8400,130.5600,0.001916
fanout406,VGND,li1,228.1600,114.2400,0.002003
fanout405,VGND,li1,255.3000,163.2000,0.001680
fanout404,VGND,li1,257.1400,163.2000,0.001695
fanout403,VGND,li1,261.7400,103.3600,0.001943
fanout402,VGND,li1,249.3200,157.7600,0.001837
fanout401,VGND,li1,252.0800,157.7600,0.001864
fanout400,VGND,li1,255.3000,97.9200,0.001869
fanout399,VGND,li1,183.5400,217.6000,0.000377
fanout398,VGND,li1,178.4800,212.1600,0.000342
fanout397,VGND,li1,171.5800,206.7200,0.000401
fanout396,VGND,li1,177.5600,217.6000,0.000326
fanout395,VGND,li1,120.0600,190.4000,0.000786
fanout394,VGND,li1,94.3000,223.0400,0.000900
fanout393,VGND,li1,55.6600,206.7200,0.000635
fanout392,VGND,li1,89.2400,184.9600,0.001009
fanout391,VGND,li1,41.8600,184.9600,0.000555
fanout390,VGND,li1,175.2600,114.2400,0.000571
fanout389,VGND,li1,178.9400,114.2400,0.000536
fanout388,VGND,li1,182.1600,81.6000,0.000272
fanout387,VGND,li1,140.3000,87.0400,0.000826
fanout386,VGND,li1,96.1400,130.5600,0.001381
fanout385,VGND,li1,89.7000,125.1200,0.001151
fanout384,VGND,li1,84.6400,70.7200,0.000892
fanout383,VGND,li1,33.5800,76.1600,0.000452
fanout382,VGND,li1,143.5200,152.3200,0.000808
fanout381,VGND,li1,151.3400,146.8800,0.000822
fanout380,VGND,li1,160.0800,190.4000,0.000591
fanout379,VGND,li1,140.3000,201.2800,0.000965
fanout378,VGND,li1,139.3800,141.4400,0.000651
fanout377,VGND,li1,91.5400,195.8400,0.000802
fanout376,VGND,li1,68.5400,206.7200,0.000752
fanout375,VGND,li1,91.5400,152.3200,0.000958
fanout374,VGND,li1,63.4800,136.0000,0.000762
fanout373,VGND,li1,139.8400,114.2400,0.001020
fanout372,VGND,li1,142.1400,119.6800,0.000797
fanout371,VGND,li1,150.4200,81.6000,0.000567
fanout370,VGND,li1,143.9800,81.6000,0.000612
fanout369,VGND,li1,97.9800,130.5600,0.001390
fanout368,VGND,li1,94.7600,125.1200,0.001171
fanout367,VGND,li1,89.2400,59.8400,0.000783
fanout366,VGND,li1,52.9000,81.6000,0.000489
fanout365,VGND,li1,145.3600,152.3200,0.000791
fanout364,VGND,li1,88.3200,157.7600,0.000941
fanout363,VGND,li1,145.3600,146.8800,0.000875
fanout362,VGND,li1,172.9600,114.2400,0.000611
fanout361,VGND,li1,162.8400,97.9200,0.000668
fanout360,VGND,li1,52.9000,114.2400,0.000675
fanout359,VGND,li1,161.4600,157.7600,0.000798
fanout358,VGND,li1,149.0400,146.8800,0.000857
fanout357,VGND,li1,158.7000,114.2400,0.000822
fanout356,VGND,li1,138.4600,97.9200,0.000980
fanout355,VGND,li1,150.8800,206.7200,0.000595
fanout354,VGND,li1,149.0400,201.2800,0.000862
fanout353,VGND,li1,120.5200,87.0400,0.000897
fanout352,VGND,li1,120.5200,81.6000,0.000712
fanout351,VGND,li1,39.1000,217.6000,0.000398
fanout350,VGND,li1,16.1000,217.6000,0.000215
fanout349,VGND,li1,44.6200,38.0800,0.000481
fanout348,VGND,li1,16.1000,38.0800,0.000219
fanout347,VGND,li1,41.8600,168.6400,0.000471
fanout346,VGND,li1,8.7400,174.0800,0.000296
fanout345,VGND,li1,39.7900,146.8800,0.000464
fanout344,VGND,li1,17.4800,146.8800,0.000243
fanout343,VGND,li1,34.5000,70.7200,0.000392
fanout342,VGND,li1,16.5600,59.8400,0.000238
fanout341,VGND,li1,124.8900,217.6000,0.000756
fanout340,VGND,li1,105.8000,217.6000,0.000806
fanout339,VGND,li1,174.1100,184.9600,0.000455
fanout338,VGND,li1,159.1600,174.0800,0.000675
fanout337,VGND,li1,96.8300,54.4000,0.000762
fanout336,VGND,li1,97.0600,16.3200,0.000680
fanout335,VGND,li1,43.0100,244.8000,0.000472
fanout334,VGND,li1,16.5600,239.3600,0.000213
fanout333,VGND,li1,59.8000,54.4000,0.000566
fanout332,VGND,li1,55.6600,16.3200,0.000416
fanout331,VGND,li1,34.5000,184.9600,0.000444
fanout330,VGND,li1,16.5600,195.8400,0.000186
fanout329,VGND,li1,32.8900,125.1200,0.000424
fanout328,VGND,li1,11.9600,114.2400,0.000267
fanout327,VGND,li1,42.0900,92.4800,0.000614
fanout326,VGND,li1,16.1000,87.0400,0.000226
fanout325,VGND,li1,124.8900,163.2000,0.000787
fanout324,VGND,li1,97.0600,163.2000,0.000837
fanout323,VGND,li1,100.2800,255.6800,0.000385
fanout322,VGND,li1,109.9400,244.8000,0.000912
fanout321,VGND,li1,171.3500,59.8400,0.000320
fanout320,VGND,li1,147.2000,76.1600,0.000878
fanout319,VGND,li1,67.3900,76.1600,0.000964
fanout318,VGND,li1,58.4200,76.1600,0.000860
fanout317,VGND,li1,72.6800,108.8000,0.000852
fanout316,VGND,li1,84.1800,119.6800,0.000801
fanout315,VGND,li1,75.2100,54.4000,0.000682
fanout314,VGND,li1,76.3600,16.3200,0.000590
fanout313,VGND,li1,74.5200,261.1200,0.000127
fanout312,VGND,li1,81.8800,233.9200,0.000668
fanout311,VGND,li1,178.2500,92.4800,0.000434
fanout310,VGND,li1,177.1000,92.4800,0.000482
fanout309,VGND,li1,157.3200,16.3200,0.000423
fanout308,VGND,li1,152.7200,38.0800,0.000548
fanout307,VGND,li1,161.4600,255.6800,0.000339
fanout306,VGND,li1,136.1600,244.8000,0.000824
fanout305,VGND,li1,167.4400,21.7600,0.000279
fanout304,VGND,li1,174.8000,38.0800,0.000256
fanout303,VGND,li1,66.2400,163.2000,0.000716
fanout302,VGND,li1,71.3000,163.2000,0.000753
fanout301,VGND,li1,129.9500,48.9600,0.000667
fanout300,VGND,li1,132.9400,16.3200,0.000636
fanout299,VGND,li1,71.0700,179.5200,0.000791
fanout298,VGND,li1,60.2600,190.4000,0.000560
fanout297,VGND,li1,64.4000,255.6800,0.000280
fanout296,VGND,li1,67.6200,233.9200,0.000597
fanout295,VGND,li1,119.1400,184.9600,0.001006
fanout294,VGND,li1,102.1200,190.4000,0.000771
fanout293,VGND,li1,122.5900,103.3600,0.000896
fanout292,VGND,li1,139.8400,76.1600,0.000961
fanout291,VGND,li1,257.8300,179.5200,0.001517
fanout290,VGND,li1,184.9200,163.2000,0.000503
fanout289,VGND,li1,265.8800,114.2400,0.002614
fanout288,VGND,li1,175.2600,119.6800,0.000430
fanout287,VGND,li1,250.0100,130.5600,0.001678
fanout286,VGND,li1,178.0200,141.4400,0.000358
fanout285,VGND,li1,235.0600,125.1200,0.001579
fanout284,VGND,li1,184.0000,130.5600,0.000608
fanout283,VGND,li1,242.6500,141.4400,0.001603
fanout282,VGND,li1,180.7800,141.4400,0.000425
fanout281,VGND,li1,186.3000,119.6800,0.000542
fanout280,VGND,li1,223.5600,119.6800,0.001193
fanout279,VGND,li1,182.1600,146.8800,0.000468
fanout278,VGND,li1,214.3600,157.7600,0.001269
fanout277,VGND,li1,159.6200,119.6800,0.000640
fanout276,VGND,li1,223.1000,70.7200,0.001335
fanout275,VGND,li1,214.3600,157.7600,0.001269
fanout274,VGND,li1,183.5400,136.0000,0.000641
fanout273,VGND,li1,253.0000,108.8000,0.001819
fanout272,VGND,li1,176.6400,130.5600,0.000518
fanout271,VGND,li1,247.9400,179.5200,0.001439
fanout270,VGND,li1,260.8200,97.9200,0.001941
fanout269,VGND,li1,278.7600,223.0400,0.001576
fanout268,VGND,li1,276.0000,223.0400,0.001564
fanout267,VGND,li1,263.5800,223.0400,0.001483
fanout266,VGND,li1,260.8200,233.9200,0.001068
fanout265,VGND,li1,281.0600,163.2000,0.001824
fanout264,VGND,li1,187.6800,282.8800,0.000394
fanout263,VGND,li1,176.1800,277.4400,0.000211
fanout262,VGND,li1,174.3400,277.4400,0.000220
fanout261,VGND,li1,151.3400,299.2000,0.000599
fanout260,VGND,li1,146.2800,293.7600,0.000804
fanout259,VGND,li1,86.0200,288.3200,0.000937
fanout258,VGND,li1,293.9400,266.5600,0.000746
fanout257,VGND,li1,283.8200,201.2800,0.001142
fanout256,VGND,li1,181.2400,212.1600,0.000361
fanout255,VGND,li1,165.1400,152.3200,0.000552
fanout254,VGND,li1,97.5200,201.2800,0.001197
fanout253,VGND,li1,114.0800,114.2400,0.001080
fanout252,VGND,li1,273.2400,223.0400,0.001549
fanout251,VGND,li1,161.4600,255.6800,0.000339
fanout250,VGND,li1,76.8200,261.1200,0.000130
fanout249,VGND,li1,174.3400,21.7600,0.000203
fanout248,VGND,li1,120.0600,16.3200,0.000680
fanout247,VGND,li1,270.4800,174.0800,0.002207
fanout246,VGND,li1,269.1000,92.4800,0.002085
fanout245,VGND,li1,188.1400,282.8800,0.000394
fanout244,VGND,li1,224.4800,277.4400,0.000641
fanout243,VGND,li1,178.0200,282.8800,0.000269
fanout242,VGND,li1,270.4800,244.8000,0.001144
fanout241,VGND,li1,268.6400,244.8000,0.001138
fanout240,VGND,li1,241.0400,233.9200,0.000936
fanout239,VGND,li1,241.9600,244.8000,0.000954
fanout238,VGND,li1,278.3000,206.7200,0.001744
wire237,VGND,li1,181.7000,288.3200,0.000326
max_cap236,VGND,li1,271.6300,277.4400,0.000851
max_cap235,VGND,li1,263.3500,272.0000,0.000756
fanout234,VGND,li1,200.5600,190.4000,0.000939
fanout233,VGND,li1,174.3400,206.7200,0.000367
fanout232,VGND,li1,117.3000,250.2400,0.000370
fanout231,VGND,li1,184.4600,103.3600,0.000584
fanout230,VGND,li1,102.5800,125.1200,0.001171
fanout229,VGND,li1,172.0400,212.1600,0.000503
fanout228,VGND,li1,123.7400,250.2400,0.000363
fanout227,VGND,li1,183.0800,114.2400,0.000731
fanout226,VGND,li1,115.4600,108.8000,0.000940
fanout225,VGND,li1,162.3800,206.7200,0.000495
fanout224,VGND,li1,174.8000,163.2000,0.000409
fanout223,VGND,li1,171.5800,114.2400,0.000653
fanout222,VGND,li1,110.4000,125.1200,0.001146
fanout221,VGND,li1,136.6200,228.4800,0.000894
fanout220,VGND,li1,81.4200,217.6000,0.000756
fanout219,VGND,li1,146.2800,87.0400,0.000786
fanout218,VGND,li1,81.4200,130.5600,0.001264
fanout217,VGND,li1,145.8200,233.9200,0.000578
fanout216,VGND,li1,97.5200,223.0400,0.000905
fanout215,VGND,li1,154.5600,87.0400,0.000726
fanout214,VGND,li1,93.8400,130.5600,0.001367
fanout213,VGND,li1,148.5800,212.1600,0.000957
fanout212,VGND,li1,98.9000,217.6000,0.000805
fanout211,VGND,li1,170.2000,81.6000,0.000340
fanout210,VGND,li1,114.0800,92.4800,0.001156
fanout209,VGND,li1,141.2200,217.6000,0.000657
fanout208,VGND,li1,84.6400,223.0400,0.000858
fanout207,VGND,li1,165.6000,92.4800,0.000650
fanout206,VGND,li1,112.7000,108.8000,0.000946
fanout205,VGND,li1,133.4000,244.8000,0.000838
fanout204,VGND,li1,85.1000,239.3600,0.000627
fanout203,VGND,li1,152.2600,108.8000,0.000775
fanout202,VGND,li1,75.9000,119.6800,0.000752
fanout201,VGND,li1,138.9200,201.2800,0.000965
fanout200,VGND,li1,85.1000,233.9200,0.000674
fanout199,VGND,li1,159.1600,97.9200,0.000730
fanout198,VGND,li1,86.9400,87.0400,0.000826
max_cap197,VGND,li1,263.8100,250.2400,0.001000
fanout196,VGND,li1,152.7200,233.9200,0.000526
fanout195,VGND,li1,82.8000,201.2800,0.001143
fanout194,VGND,li1,148.5800,87.0400,0.000765
fanout193,VGND,li1,77.7400,125.1200,0.001064
fanout192,VGND,li1,143.9800,233.9200,0.000590
fanout191,VGND,li1,74.5200,217.6000,0.000716
fanout190,VGND,li1,156.8600,92.4800,0.000756
fanout189,VGND,li1,154.1000,81.6000,0.000521
fanout188,VGND,li1,151.8000,223.0400,0.000675
fanout187,VGND,li1,84.6400,217.6000,0.000768
fanout186,VGND,li1,172.0400,81.6000,0.000319
fanout185,VGND,li1,120.5200,92.4800,0.001125
fanout184,VGND,li1,157.7800,217.6000,0.000522
fanout183,VGND,li1,111.7800,217.6000,0.000794
fanout182,VGND,li1,170.6600,97.9200,0.000554
fanout181,VGND,li1,117.7600,103.3600,0.000904
fanout180,VGND,li1,174.3400,212.1600,0.000453
fanout179,VGND,li1,123.2800,201.2800,0.001101
fanout178,VGND,li1,180.3200,97.9200,0.000406
fanout177,VGND,li1,106.2600,130.5600,0.001410
fanout176,VGND,li1,162.8400,201.2800,0.000623
fanout175,VGND,li1,97.5200,233.9200,0.000701
fanout174,VGND,li1,170.2000,114.2400,0.000653
fanout173,VGND,li1,81.4200,114.2400,0.000949
fanout172,VGND,li1,143.5200,250.2400,0.000327
fanout171,VGND,li1,97.5200,228.4800,0.001017
fanout170,VGND,li1,166.0600,103.3600,0.000586
fanout169,VGND,li1,76.3600,114.2400,0.000913
fanout168,VGND,li1,257.3700,266.5600,0.000651
fanout167,VGND,li1,254.8400,272.0000,0.000726
fanout166,VGND,li1,214.8200,272.0000,0.000471
fanout165,VGND,li1,180.5500,266.5600,0.000152
fanout164,VGND,li1,227.4700,277.4400,0.000659
fanout163,VGND,li1,185.3800,266.5600,0.000197
fanout162,VGND,li1,178.9400,293.7600,0.000310
fanout161,VGND,li1,113.1600,282.8800,0.000689
fanout160,VGND,li1,191.8200,282.8800,0.000432
output159,VGND,li1,294.4000,277.4400,0.000918
output158,VGND,li1,290.7200,87.0400,0.002185
output157,VGND,li1,290.7200,152.3200,0.001460
output156,VGND,li1,284.2800,97.9200,0.002129
output155,VGND,li1,294.4000,174.0800,0.002313
output154,VGND,li1,290.7200,92.4800,0.002210
output153,VGND,li1,294.4000,141.4400,0.001957
output152,VGND,li1,287.9600,97.9200,0.002143
output151,VGND,li1,290.2600,103.3600,0.002082
output150,VGND,li1,286.1200,97.9200,0.002137
output149,VGND,li1,294.4000,163.2000,0.001862
output148,VGND,li1,275.0800,195.8400,0.001447
output147,VGND,li1,294.4000,119.6800,0.001758
output146,VGND,li1,294.4000,212.1600,0.001047
output145,VGND,li1,294.4000,282.8800,0.000840
output144,VGND,li1,294.4000,184.9600,0.001714
output143,VGND,li1,294.4000,201.2800,0.001163
output142,VGND,li1,294.4000,157.7600,0.002091
output141,VGND,li1,294.4000,125.1200,0.002018
output140,VGND,li1,294.4000,250.2400,0.001158
output139,VGND,li1,294.4000,261.1200,0.000832
output138,VGND,li1,294.4000,228.4800,0.001913
output137,VGND,li1,294.4000,288.3200,0.000934
output136,VGND,li1,294.4000,272.0000,0.000840
output135,VGND,li1,294.4000,223.0400,0.001611
output134,VGND,li1,294.4000,217.6000,0.001444
output133,VGND,li1,294.4000,179.5200,0.001692
output132,VGND,li1,287.9600,179.5200,0.001681
output131,VGND,li1,294.4000,206.7200,0.001816
output130,VGND,li1,287.9600,250.2400,0.001146
output129,VGND,li1,294.4000,239.3600,0.001006
output128,VGND,li1,294.4000,125.1200,0.002018
output127,VGND,li1,294.4000,228.4800,0.001913
output126,VGND,li1,184.9200,299.2000,0.000343
output125,VGND,li1,126.5000,299.2000,0.000816
output124,VGND,li1,270.0200,299.2000,0.000820
output123,VGND,li1,271.8600,299.2000,0.000823
output122,VGND,li1,69.0000,299.2000,0.000776
output121,VGND,li1,39.5600,299.2000,0.000412
output120,VGND,li1,133.4000,299.2000,0.000759
output119,VGND,li1,97.9800,299.2000,0.000882
output118,VGND,li1,77.7400,299.2000,0.000832
output117,VGND,li1,190.4400,299.2000,0.000384
output116,VGND,li1,182.1600,299.2000,0.000317
output115,VGND,li1,86.9400,293.7600,0.000990
output114,VGND,li1,262.2000,299.2000,0.000794
output113,VGND,li1,159.1600,299.2000,0.000506
output112,VGND,li1,45.5400,299.2000,0.000527
output111,VGND,li1,143.0600,299.2000,0.000679
output110,VGND,li1,114.0800,299.2000,0.000858
output109,VGND,li1,91.5400,299.2000,0.000879
output108,VGND,li1,74.5200,299.2000,0.000816
output107,VGND,li1,65.7800,299.2000,0.000750
output106,VGND,li1,51.5200,299.2000,0.000605
output105,VGND,li1,120.5200,299.2000,0.000838
output104,VGND,li1,32.6600,299.2000,0.000322
output103,VGND,li1,294.4000,272.0000,0.000840
input102,VGND,li1,294.4000,244.8000,0.001183
input101,VGND,li1,275.3100,130.5600,0.001901
input100,VGND,li1,294.6300,119.6800,0.001758
input99,VGND,li1,280.8300,130.5600,0.001939
input98,VGND,li1,281.2900,212.1600,0.001022
input97,VGND,li1,283.5900,146.8800,0.001588
input96,VGND,li1,281.2900,157.7600,0.002064
input95,VGND,li1,294.6300,184.9600,0.001714
input94,VGND,li1,281.7500,212.1600,0.001022
input93,VGND,li1,294.6300,277.4400,0.000918
input92,VGND,li1,294.6300,293.7600,0.000736
input91,VGND,li1,294.6300,261.1200,0.000832
input90,VGND,li1,282.2100,261.1200,0.000807
input89,VGND,li1,294.6300,233.9200,0.001174
input88,VGND,li1,284.0500,277.4400,0.000896
input87,VGND,li1,278.5300,212.1600,0.001016
input86,VGND,li1,294.6300,190.4000,0.001944
input85,VGND,li1,294.1700,146.8800,0.001599
input84,VGND,li1,290.0300,168.6400,0.002035
input83,VGND,li1,294.6300,244.8000,0.001183
input82,VGND,li1,294.6300,114.2400,0.002749
input81,VGND,li1,288.1900,146.8800,0.001594
input80,VGND,li1,231.1500,299.2000,0.000638
input79,VGND,li1,252.5400,299.2000,0.000740
input78,VGND,li1,94.5300,10.8800,0.000021
input77,VGND,li1,146.5100,299.2000,0.000658
input76,VGND,li1,102.3500,299.2000,0.000879
input75,VGND,li1,8.9700,76.1600,0.000291
input74,VGND,li1,7.5900,152.3200,0.000231
input73,VGND,li1,7.5900,179.5200,0.000238
input72,VGND,li1,7.5900,32.6400,0.000184
input71,VGND,li1,126.7300,10.8800,0.000029
input70,VGND,li1,7.5900,190.4000,0.000185
input69,VGND,li1,7.5900,217.6000,0.000221
input68,VGND,li1,62.3300,299.2000,0.000709
input67,VGND,li1,7.5900,201.2800,0.000322
input66,VGND,li1,133.1700,10.8800,0.000030
input65,VGND,li1,7.5900,157.7600,0.000246
input64,VGND,li1,165.3700,10.8800,0.000019
input63,VGND,li1,165.3700,299.2000,0.000444
input62,VGND,li1,155.7100,10.8800,0.000025
input61,VGND,li1,168.5900,10.8800,0.000017
input60,VGND,li1,71.5300,299.2000,0.000795
input59,VGND,li1,71.9900,10.8800,0.000016
input58,VGND,li1,120.2900,10.8800,0.000028
input57,VGND,li1,7.5900,103.3600,0.000211
input56,VGND,li1,7.5900,76.1600,0.000291
input55,VGND,li1,139.1500,10.8800,0.000032
input54,VGND,li1,72.9100,299.2000,0.000795
input53,VGND,li1,7.5900,163.2000,0.000188
input52,VGND,li1,7.5900,92.4800,0.000271
input51,VGND,li1,7.5900,108.8000,0.000241
input50,VGND,li1,7.5900,195.8400,0.000192
input49,VGND,li1,49.4500,10.8800,0.000010
input48,VGND,li1,7.5900,244.8000,0.000183
input47,VGND,li1,145.1300,299.2000,0.000658
input46,VGND,li1,245.8700,299.2000,0.000715
input45,VGND,li1,149.2700,299.2000,0.000617
input44,VGND,li1,168.5900,299.2000,0.000400
input43,VGND,li1,162.1500,299.2000,0.000482
input42,VGND,li1,136.3900,299.2000,0.000744
input41,VGND,li1,139.6100,299.2000,0.000721
input40,VGND,li1,128.1100,299.2000,0.000803
input39,VGND,li1,107.4100,299.2000,0.000871
input38,VGND,li1,33.3500,299.2000,0.000322
input37,VGND,li1,186.9900,299.2000,0.000364
input36,VGND,li1,171.8100,299.2000,0.000356
input35,VGND,li1,104.1900,299.2000,0.000876
input34,VGND,li1,174.5700,299.2000,0.000295
input33,VGND,li1,150.6500,299.2000,0.000617
input32,VGND,li1,37.9500,299.2000,0.000412
input31,VGND,li1,117.0700,299.2000,0.000848
input30,VGND,li1,129.9500,299.2000,0.000789
input29,VGND,li1,99.5900,299.2000,0.000882
input28,VGND,li1,56.3500,299.2000,0.000658
input27,VGND,li1,100.9700,299.2000,0.000879
input26,VGND,li1,60.4900,299.2000,0.000687
input25,VGND,li1,115.6900,299.2000,0.000858
input24,VGND,li1,59.1100,299.2000,0.000687
input23,VGND,li1,223.5600,299.2000,0.000596
input22,VGND,li1,225.6300,299.2000,0.000608
input21,VGND,li1,227.0100,299.2000,0.000608
input20,VGND,li1,229.7700,299.2000,0.000623
input19,VGND,li1,220.1100,299.2000,0.000568
input18,VGND,li1,220.8000,299.2000,0.000580
input17,VGND,li1,194.3500,288.3200,0.000429
input16,VGND,li1,206.0800,299.2000,0.000489
input15,VGND,li1,282.6700,277.4400,0.000896
input14,VGND,li1,281.2900,277.4400,0.000887
input13,VGND,li1,202.1700,288.3200,0.000486
input12,VGND,li1,294.6300,293.7600,0.000736
input11,VGND,li1,266.8000,299.2000,0.000809
input10,VGND,li1,249.0900,299.2000,0.000731
input9,VGND,li1,257.3700,299.2000,0.000772
input8,VGND,li1,258.9800,299.2000,0.000772
input7,VGND,li1,236.2100,299.2000,0.000662
input6,VGND,li1,232.9900,299.2000,0.000648
input5,VGND,li1,239.6600,299.2000,0.000683
input4,VGND,li1,228.3900,299.2000,0.000623
input3,VGND,li1,242.6500,299.2000,0.000698
input2,VGND,li1,277.8400,299.2000,0.000824
input1,VGND,li1,280.8300,119.6800,0.001723
lsu_wrapper_468,VGND,li1,294.6300,299.2000,0.000824
lsu_wrapper_467,VGND,li1,278.0700,10.8800,0.000008
lsu_wrapper_466,VGND,li1,294.6300,38.0800,0.000206
lsu_wrapper_465,VGND,li1,7.5900,293.7600,0.000199
lsu_wrapper_464,VGND,li1,294.6300,299.2000,0.000824
lsu_wrapper_463,VGND,li1,7.5900,288.3200,0.000156
lsu_wrapper_462,VGND,li1,7.5900,282.8800,0.000099
lsu_wrapper_461,VGND,li1,294.6300,70.7200,0.001682
lsu_wrapper_460,VGND,li1,196.6500,299.2000,0.000435
lsu_wrapper_459,VGND,li1,252.3100,10.8800,0.000008
lsu_wrapper_458,VGND,li1,258.7500,10.8800,0.000008
lsu_wrapper_457,VGND,li1,7.5900,288.3200,0.000156
lsu_wrapper_456,VGND,li1,202.6300,299.2000,0.000472
lsu_wrapper_455,VGND,li1,7.5900,282.8800,0.000099
lsu_wrapper_454,VGND,li1,274.8500,10.8800,0.000008
lsu_wrapper_453,VGND,li1,294.6300,21.7600,0.000137
lsu_wrapper_452,VGND,li1,17.2500,299.2000,0.000184
lsu_wrapper_451,VGND,li1,281.2900,10.8800,0.000008
lsu_wrapper_450,VGND,li1,255.5300,10.8800,0.000008
lsu_wrapper_449,VGND,li1,7.5900,299.2000,0.000184
lsu_wrapper_448,VGND,li1,7.5900,299.2000,0.000184
TAP_TAPCELL_ROW_106_1412,VGND,li1,289.1100,299.4910,0.000824
TAP_TAPCELL_ROW_106_1411,VGND,li1,276.2300,299.4910,0.000824
TAP_TAPCELL_ROW_106_1410,VGND,li1,263.3500,299.4910,0.000794
TAP_TAPCELL_ROW_106_1409,VGND,li1,250.4700,299.4910,0.000731
TAP_TAPCELL_ROW_106_1408,VGND,li1,237.5900,299.4910,0.000672
TAP_TAPCELL_ROW_106_1407,VGND,li1,224.7100,299.4910,0.000596
TAP_TAPCELL_ROW_106_1406,VGND,li1,211.8300,299.4910,0.000522
TAP_TAPCELL_ROW_106_1405,VGND,li1,198.9500,299.4910,0.000450
TAP_TAPCELL_ROW_106_1404,VGND,li1,186.0700,299.4910,0.000343
TAP_TAPCELL_ROW_106_1403,VGND,li1,173.1900,299.4910,0.000321
TAP_TAPCELL_ROW_106_1402,VGND,li1,160.3100,299.4910,0.000506
TAP_TAPCELL_ROW_106_1401,VGND,li1,147.4300,299.4910,0.000638
TAP_TAPCELL_ROW_106_1400,VGND,li1,134.5500,299.4910,0.000759
TAP_TAPCELL_ROW_106_1399,VGND,li1,121.6700,299.4910,0.000838
TAP_TAPCELL_ROW_106_1398,VGND,li1,108.7900,299.4910,0.000868
TAP_TAPCELL_ROW_106_1397,VGND,li1,95.9100,299.4910,0.000882
TAP_TAPCELL_ROW_106_1396,VGND,li1,83.0300,299.4910,0.000855
TAP_TAPCELL_ROW_106_1395,VGND,li1,70.1500,299.4910,0.000776
TAP_TAPCELL_ROW_106_1394,VGND,li1,57.2700,299.4910,0.000658
TAP_TAPCELL_ROW_106_1393,VGND,li1,44.3900,299.4910,0.000499
TAP_TAPCELL_ROW_106_1392,VGND,li1,31.5100,299.4910,0.000284
TAP_TAPCELL_ROW_106_1391,VGND,li1,18.6300,299.4910,0.000184
TAP_TAPCELL_ROW_105_1390,VGND,li1,289.1100,298.9080,0.000824
TAP_TAPCELL_ROW_105_1389,VGND,li1,263.3500,298.9080,0.000794
TAP_TAPCELL_ROW_105_1388,VGND,li1,237.5900,298.9080,0.000672
TAP_TAPCELL_ROW_105_1387,VGND,li1,211.8300,298.9080,0.000522
TAP_TAPCELL_ROW_105_1386,VGND,li1,186.0700,298.9080,0.000343
TAP_TAPCELL_ROW_105_1385,VGND,li1,160.3100,298.9080,0.000506
TAP_TAPCELL_ROW_105_1384,VGND,li1,134.5500,298.9080,0.000759
TAP_TAPCELL_ROW_105_1383,VGND,li1,108.7900,298.9080,0.000868
TAP_TAPCELL_ROW_105_1382,VGND,li1,83.0300,298.9080,0.000855
TAP_TAPCELL_ROW_105_1381,VGND,li1,57.2700,298.9080,0.000658
TAP_TAPCELL_ROW_105_1380,VGND,li1,31.5100,298.9080,0.000284
TAP_TAPCELL_ROW_104_1379,VGND,li1,276.2300,294.0510,0.000736
TAP_TAPCELL_ROW_104_1378,VGND,li1,250.4700,294.0510,0.000678
TAP_TAPCELL_ROW_104_1377,VGND,li1,224.7100,294.0510,0.000567
TAP_TAPCELL_ROW_104_1376,VGND,li1,198.9500,294.0510,0.000443
TAP_TAPCELL_ROW_104_1375,VGND,li1,173.1900,294.0510,0.000443
TAP_TAPCELL_ROW_104_1374,VGND,li1,147.4300,294.0510,0.000804
TAP_TAPCELL_ROW_104_1373,VGND,li1,121.6700,294.0510,0.000983
TAP_TAPCELL_ROW_104_1372,VGND,li1,95.9100,294.0510,0.001012
TAP_TAPCELL_ROW_104_1371,VGND,li1,70.1500,294.0510,0.000873
TAP_TAPCELL_ROW_104_1370,VGND,li1,44.3900,294.0510,0.000553
TAP_TAPCELL_ROW_104_1369,VGND,li1,18.6300,294.0510,0.000199
TAP_TAPCELL_ROW_103_1368,VGND,li1,289.1100,293.4680,0.000736
TAP_TAPCELL_ROW_103_1367,VGND,li1,263.3500,293.4680,0.000720
TAP_TAPCELL_ROW_103_1366,VGND,li1,237.5900,293.4680,0.000625
TAP_TAPCELL_ROW_103_1365,VGND,li1,211.8300,293.4680,0.000513
TAP_TAPCELL_ROW_103_1364,VGND,li1,186.0700,293.4680,0.000368
TAP_TAPCELL_ROW_103_1363,VGND,li1,160.3100,293.4680,0.000642
TAP_TAPCELL_ROW_103_1362,VGND,li1,134.5500,293.4680,0.000909
TAP_TAPCELL_ROW_103_1361,VGND,li1,108.7900,293.4680,0.001020
TAP_TAPCELL_ROW_103_1360,VGND,li1,83.0300,293.4680,0.000967
TAP_TAPCELL_ROW_103_1359,VGND,li1,57.2700,293.4680,0.000752
TAP_TAPCELL_ROW_103_1358,VGND,li1,31.5100,293.4680,0.000317
TAP_TAPCELL_ROW_102_1357,VGND,li1,276.2300,288.6110,0.000909
TAP_TAPCELL_ROW_102_1356,VGND,li1,250.4700,288.6110,0.000812
TAP_TAPCELL_ROW_102_1355,VGND,li1,224.7100,288.6110,0.000645
TAP_TAPCELL_ROW_102_1354,VGND,li1,198.9500,288.6110,0.000458
TAP_TAPCELL_ROW_102_1353,VGND,li1,173.1900,288.6110,0.000389
TAP_TAPCELL_ROW_102_1352,VGND,li1,147.4300,288.6110,0.000757
TAP_TAPCELL_ROW_102_1351,VGND,li1,121.6700,288.6110,0.000965
TAP_TAPCELL_ROW_102_1350,VGND,li1,95.9100,288.6110,0.001002
TAP_TAPCELL_ROW_102_1349,VGND,li1,70.1500,288.6110,0.000802
TAP_TAPCELL_ROW_102_1348,VGND,li1,44.3900,288.6110,0.000456
TAP_TAPCELL_ROW_102_1347,VGND,li1,18.6300,288.6110,0.000156
TAP_TAPCELL_ROW_101_1346,VGND,li1,289.1100,288.0280,0.000927
TAP_TAPCELL_ROW_101_1345,VGND,li1,263.3500,288.0280,0.000874
TAP_TAPCELL_ROW_101_1344,VGND,li1,237.5900,288.0280,0.000733
TAP_TAPCELL_ROW_101_1343,VGND,li1,211.8300,288.0280,0.000543
TAP_TAPCELL_ROW_101_1342,VGND,li1,186.0700,288.0280,0.000356
TAP_TAPCELL_ROW_101_1341,VGND,li1,160.3100,288.0280,0.000587
TAP_TAPCELL_ROW_101_1340,VGND,li1,134.5500,288.0280,0.000893
TAP_TAPCELL_ROW_101_1339,VGND,li1,108.7900,288.0280,0.001007
TAP_TAPCELL_ROW_101_1338,VGND,li1,83.0300,288.0280,0.000922
TAP_TAPCELL_ROW_101_1337,VGND,li1,57.2700,288.0280,0.000648
TAP_TAPCELL_ROW_101_1336,VGND,li1,31.5100,288.0280,0.000244
TAP_TAPCELL_ROW_100_1335,VGND,li1,276.2300,283.1710,0.000800
TAP_TAPCELL_ROW_100_1334,VGND,li1,250.4700,283.1710,0.000724
TAP_TAPCELL_ROW_100_1333,VGND,li1,224.7100,283.1710,0.000608
TAP_TAPCELL_ROW_100_1332,VGND,li1,198.9500,283.1710,0.000481
TAP_TAPCELL_ROW_100_1331,VGND,li1,173.1900,283.1710,0.000325
TAP_TAPCELL_ROW_100_1330,VGND,li1,147.4300,283.1710,0.000563
TAP_TAPCELL_ROW_100_1329,VGND,li1,121.6700,283.1710,0.000672
TAP_TAPCELL_ROW_100_1328,VGND,li1,95.9100,283.1710,0.000665
TAP_TAPCELL_ROW_100_1327,VGND,li1,70.1500,283.1710,0.000533
TAP_TAPCELL_ROW_100_1326,VGND,li1,44.3900,283.1710,0.000290
TAP_TAPCELL_ROW_100_1325,VGND,li1,18.6300,283.1710,0.000099
TAP_TAPCELL_ROW_99_1324,VGND,li1,289.1100,282.5880,0.000834
TAP_TAPCELL_ROW_99_1323,VGND,li1,263.3500,282.5880,0.000763
TAP_TAPCELL_ROW_99_1322,VGND,li1,237.5900,282.5880,0.000664
TAP_TAPCELL_ROW_99_1321,VGND,li1,211.8300,282.5880,0.000548
TAP_TAPCELL_ROW_99_1320,VGND,li1,186.0700,282.5880,0.000366
TAP_TAPCELL_ROW_99_1319,VGND,li1,160.3100,282.5880,0.000466
TAP_TAPCELL_ROW_99_1318,VGND,li1,134.5500,282.5880,0.000629
TAP_TAPCELL_ROW_99_1317,VGND,li1,108.7900,282.5880,0.000686
TAP_TAPCELL_ROW_99_1316,VGND,li1,83.0300,282.5880,0.000616
TAP_TAPCELL_ROW_99_1315,VGND,li1,57.2700,282.5880,0.000418
TAP_TAPCELL_ROW_99_1314,VGND,li1,31.5100,282.5880,0.000156
TAP_TAPCELL_ROW_98_1313,VGND,li1,276.2300,277.7310,0.000870
TAP_TAPCELL_ROW_98_1312,VGND,li1,250.4700,277.7310,0.000764
TAP_TAPCELL_ROW_98_1311,VGND,li1,224.7100,277.7310,0.000641
TAP_TAPCELL_ROW_98_1310,VGND,li1,198.9500,277.7310,0.000425
TAP_TAPCELL_ROW_98_1309,VGND,li1,173.1900,277.7310,0.000227
TAP_TAPCELL_ROW_98_1308,VGND,li1,147.4300,277.7310,0.000295
TAP_TAPCELL_ROW_98_1307,VGND,li1,121.6700,277.7310,0.000337
TAP_TAPCELL_ROW_98_1306,VGND,li1,95.9100,277.7310,0.000308
TAP_TAPCELL_ROW_98_1305,VGND,li1,70.1500,277.7310,0.000214
TAP_TAPCELL_ROW_98_1304,VGND,li1,44.3900,277.7310,0.000114
TAP_TAPCELL_ROW_98_1303,VGND,li1,18.6300,277.7310,0.000039
TAP_TAPCELL_ROW_97_1302,VGND,li1,289.1100,277.1480,0.000912
TAP_TAPCELL_ROW_97_1301,VGND,li1,263.3500,277.1480,0.000816
TAP_TAPCELL_ROW_97_1300,VGND,li1,237.5900,277.1480,0.000705
TAP_TAPCELL_ROW_97_1299,VGND,li1,211.8300,277.1480,0.000540
TAP_TAPCELL_ROW_97_1298,VGND,li1,186.0700,277.1480,0.000290
TAP_TAPCELL_ROW_97_1297,VGND,li1,160.3100,277.1480,0.000260
TAP_TAPCELL_ROW_97_1296,VGND,li1,134.5500,277.1480,0.000329
TAP_TAPCELL_ROW_97_1295,VGND,li1,108.7900,277.1480,0.000339
TAP_TAPCELL_ROW_97_1294,VGND,li1,83.0300,277.1480,0.000264
TAP_TAPCELL_ROW_97_1293,VGND,li1,57.2700,277.1480,0.000164
TAP_TAPCELL_ROW_97_1292,VGND,li1,31.5100,277.1480,0.000058
TAP_TAPCELL_ROW_96_1291,VGND,li1,276.2300,272.2910,0.000797
TAP_TAPCELL_ROW_96_1290,VGND,li1,250.4700,272.2910,0.000708
TAP_TAPCELL_ROW_96_1289,VGND,li1,224.7100,272.2910,0.000542
TAP_TAPCELL_ROW_96_1288,VGND,li1,198.9500,272.2910,0.000332
TAP_TAPCELL_ROW_96_1287,VGND,li1,173.1900,272.2910,0.000143
TAP_TAPCELL_ROW_96_1286,VGND,li1,147.4300,272.2910,0.000131
TAP_TAPCELL_ROW_96_1285,VGND,li1,121.6700,272.2910,0.000110
TAP_TAPCELL_ROW_96_1284,VGND,li1,95.9100,272.2910,0.000090
TAP_TAPCELL_ROW_96_1283,VGND,li1,70.1500,272.2910,0.000069
TAP_TAPCELL_ROW_96_1282,VGND,li1,44.3900,272.2910,0.000037
TAP_TAPCELL_ROW_96_1281,VGND,li1,18.6300,272.2910,0.000013
TAP_TAPCELL_ROW_95_1280,VGND,li1,289.1100,271.7080,0.000833
TAP_TAPCELL_ROW_95_1279,VGND,li1,263.3500,271.7080,0.000756
TAP_TAPCELL_ROW_95_1278,VGND,li1,237.5900,271.7080,0.000638
TAP_TAPCELL_ROW_95_1277,VGND,li1,211.8300,271.7080,0.000444
TAP_TAPCELL_ROW_95_1276,VGND,li1,186.0700,271.7080,0.000207
TAP_TAPCELL_ROW_95_1275,VGND,li1,160.3100,271.7080,0.000141
TAP_TAPCELL_ROW_95_1274,VGND,li1,134.5500,271.7080,0.000120
TAP_TAPCELL_ROW_95_1273,VGND,li1,108.7900,271.7080,0.000100
TAP_TAPCELL_ROW_95_1272,VGND,li1,83.0300,271.7080,0.000079
TAP_TAPCELL_ROW_95_1271,VGND,li1,57.2700,271.7080,0.000053
TAP_TAPCELL_ROW_95_1270,VGND,li1,31.5100,271.7080,0.000019
TAP_TAPCELL_ROW_94_1269,VGND,li1,276.2300,266.8510,0.000715
TAP_TAPCELL_ROW_94_1268,VGND,li1,250.4700,266.8510,0.000624
TAP_TAPCELL_ROW_94_1267,VGND,li1,224.7100,266.8510,0.000487
TAP_TAPCELL_ROW_94_1266,VGND,li1,198.9500,266.8510,0.000308
TAP_TAPCELL_ROW_94_1265,VGND,li1,173.1900,266.8510,0.000138
TAP_TAPCELL_ROW_94_1264,VGND,li1,147.4300,266.8510,0.000142
TAP_TAPCELL_ROW_94_1263,VGND,li1,121.6700,266.8510,0.000145
TAP_TAPCELL_ROW_94_1262,VGND,li1,95.9100,266.8510,0.000149
TAP_TAPCELL_ROW_94_1261,VGND,li1,70.1500,266.8510,0.000145
TAP_TAPCELL_ROW_94_1260,VGND,li1,44.3900,266.8510,0.000077
TAP_TAPCELL_ROW_94_1259,VGND,li1,18.6300,266.8510,0.000026
TAP_TAPCELL_ROW_93_1258,VGND,li1,289.1100,266.2680,0.000742
TAP_TAPCELL_ROW_93_1257,VGND,li1,263.3500,266.2680,0.000668
TAP_TAPCELL_ROW_93_1256,VGND,li1,237.5900,266.2680,0.000563
TAP_TAPCELL_ROW_93_1255,VGND,li1,211.8300,266.2680,0.000390
TAP_TAPCELL_ROW_93_1254,VGND,li1,186.0700,266.2680,0.000213
TAP_TAPCELL_ROW_93_1253,VGND,li1,160.3100,266.2680,0.000140
TAP_TAPCELL_ROW_93_1252,VGND,li1,134.5500,266.2680,0.000143
TAP_TAPCELL_ROW_93_1251,VGND,li1,108.7900,266.2680,0.000147
TAP_TAPCELL_ROW_93_1250,VGND,li1,83.0300,266.2680,0.000150
TAP_TAPCELL_ROW_93_1249,VGND,li1,57.2700,266.2680,0.000111
TAP_TAPCELL_ROW_93_1248,VGND,li1,31.5100,266.2680,0.000039
TAP_TAPCELL_ROW_92_1247,VGND,li1,276.2300,261.4110,0.000780
TAP_TAPCELL_ROW_92_1246,VGND,li1,250.4700,261.4110,0.000681
TAP_TAPCELL_ROW_92_1245,VGND,li1,224.7100,261.4110,0.000539
TAP_TAPCELL_ROW_92_1244,VGND,li1,198.9500,261.4110,0.000344
TAP_TAPCELL_ROW_92_1243,VGND,li1,173.1900,261.4110,0.000145
TAP_TAPCELL_ROW_92_1242,VGND,li1,147.4300,261.4110,0.000177
TAP_TAPCELL_ROW_92_1241,VGND,li1,121.6700,261.4110,0.000161
TAP_TAPCELL_ROW_92_1240,VGND,li1,95.9100,261.4110,0.000143
TAP_TAPCELL_ROW_92_1239,VGND,li1,70.1500,261.4110,0.000117
TAP_TAPCELL_ROW_92_1238,VGND,li1,44.3900,261.4110,0.000062
TAP_TAPCELL_ROW_92_1237,VGND,li1,18.6300,261.4110,0.000021
TAP_TAPCELL_ROW_91_1236,VGND,li1,289.1100,260.8280,0.000826
TAP_TAPCELL_ROW_91_1235,VGND,li1,263.3500,260.8280,0.000737
TAP_TAPCELL_ROW_91_1234,VGND,li1,237.5900,260.8280,0.000619
TAP_TAPCELL_ROW_91_1233,VGND,li1,211.8300,260.8280,0.000448
TAP_TAPCELL_ROW_91_1232,VGND,li1,186.0700,260.8280,0.000228
TAP_TAPCELL_ROW_91_1231,VGND,li1,160.3100,260.8280,0.000163
TAP_TAPCELL_ROW_91_1230,VGND,li1,134.5500,260.8280,0.000170
TAP_TAPCELL_ROW_91_1229,VGND,li1,108.7900,260.8280,0.000152
TAP_TAPCELL_ROW_91_1228,VGND,li1,83.0300,260.8280,0.000134
TAP_TAPCELL_ROW_91_1227,VGND,li1,57.2700,260.8280,0.000090
TAP_TAPCELL_ROW_91_1226,VGND,li1,31.5100,260.8280,0.000032
TAP_TAPCELL_ROW_90_1225,VGND,li1,276.2300,255.9710,0.001230
TAP_TAPCELL_ROW_90_1224,VGND,li1,250.4700,255.9710,0.001023
TAP_TAPCELL_ROW_90_1223,VGND,li1,224.7100,255.9710,0.000784
TAP_TAPCELL_ROW_90_1222,VGND,li1,198.9500,255.9710,0.000513
TAP_TAPCELL_ROW_90_1221,VGND,li1,173.1900,255.9710,0.000268
TAP_TAPCELL_ROW_90_1220,VGND,li1,147.4300,255.9710,0.000365
TAP_TAPCELL_ROW_90_1219,VGND,li1,121.6700,255.9710,0.000380
TAP_TAPCELL_ROW_90_1218,VGND,li1,95.9100,255.9710,0.000373
TAP_TAPCELL_ROW_90_1217,VGND,li1,70.1500,255.9710,0.000299
TAP_TAPCELL_ROW_90_1216,VGND,li1,44.3900,255.9710,0.000169
TAP_TAPCELL_ROW_90_1215,VGND,li1,18.6300,255.9710,0.000058
TAP_TAPCELL_ROW_89_1214,VGND,li1,289.1100,255.3880,0.001300
TAP_TAPCELL_ROW_89_1213,VGND,li1,263.3500,255.3880,0.001130
TAP_TAPCELL_ROW_89_1212,VGND,li1,237.5900,255.3880,0.000901
TAP_TAPCELL_ROW_89_1211,VGND,li1,211.8300,255.3880,0.000672
TAP_TAPCELL_ROW_89_1210,VGND,li1,186.0700,255.3880,0.000329
TAP_TAPCELL_ROW_89_1209,VGND,li1,160.3100,255.3880,0.000339
TAP_TAPCELL_ROW_89_1208,VGND,li1,134.5500,255.3880,0.000372
TAP_TAPCELL_ROW_89_1207,VGND,li1,108.7900,255.3880,0.000388
TAP_TAPCELL_ROW_89_1206,VGND,li1,83.0300,255.3880,0.000340
TAP_TAPCELL_ROW_89_1205,VGND,li1,57.2700,255.3880,0.000243
TAP_TAPCELL_ROW_89_1204,VGND,li1,31.5100,255.3880,0.000085
TAP_TAPCELL_ROW_88_1203,VGND,li1,276.2300,250.5310,0.001087
TAP_TAPCELL_ROW_88_1202,VGND,li1,250.4700,250.5310,0.000908
TAP_TAPCELL_ROW_88_1201,VGND,li1,224.7100,250.5310,0.000683
TAP_TAPCELL_ROW_88_1200,VGND,li1,198.9500,250.5310,0.000392
TAP_TAPCELL_ROW_88_1199,VGND,li1,173.1900,250.5310,0.000194
TAP_TAPCELL_ROW_88_1198,VGND,li1,147.4300,250.5310,0.000313
TAP_TAPCELL_ROW_88_1197,VGND,li1,121.6700,250.5310,0.000367
TAP_TAPCELL_ROW_88_1196,VGND,li1,95.9100,250.5310,0.000379
TAP_TAPCELL_ROW_88_1195,VGND,li1,70.1500,250.5310,0.000318
TAP_TAPCELL_ROW_88_1194,VGND,li1,44.3900,250.5310,0.000177
TAP_TAPCELL_ROW_88_1193,VGND,li1,18.6300,250.5310,0.000065
TAP_TAPCELL_ROW_87_1192,VGND,li1,289.1100,249.9480,0.001151
TAP_TAPCELL_ROW_87_1191,VGND,li1,263.3500,249.9480,0.001000
TAP_TAPCELL_ROW_87_1190,VGND,li1,237.5900,249.9480,0.000804
TAP_TAPCELL_ROW_87_1189,VGND,li1,211.8300,249.9480,0.000532
TAP_TAPCELL_ROW_87_1188,VGND,li1,186.0700,249.9480,0.000250
TAP_TAPCELL_ROW_87_1187,VGND,li1,160.3100,249.9480,0.000267
TAP_TAPCELL_ROW_87_1186,VGND,li1,134.5500,249.9480,0.000346
TAP_TAPCELL_ROW_87_1185,VGND,li1,108.7900,249.9480,0.000376
TAP_TAPCELL_ROW_87_1184,VGND,li1,83.0300,249.9480,0.000360
TAP_TAPCELL_ROW_87_1183,VGND,li1,57.2700,249.9480,0.000250
TAP_TAPCELL_ROW_87_1182,VGND,li1,31.5100,249.9480,0.000096
TAP_TAPCELL_ROW_86_1181,VGND,li1,276.2300,245.0910,0.001155
TAP_TAPCELL_ROW_86_1180,VGND,li1,250.4700,245.0910,0.001019
TAP_TAPCELL_ROW_86_1179,VGND,li1,224.7100,245.0910,0.000776
TAP_TAPCELL_ROW_86_1178,VGND,li1,198.9500,245.0910,0.000517
TAP_TAPCELL_ROW_86_1177,VGND,li1,173.1900,245.0910,0.000350
TAP_TAPCELL_ROW_86_1176,VGND,li1,147.4300,245.0910,0.000719
TAP_TAPCELL_ROW_86_1175,VGND,li1,121.6700,245.0910,0.000887
TAP_TAPCELL_ROW_86_1174,VGND,li1,95.9100,245.0910,0.000907
TAP_TAPCELL_ROW_86_1173,VGND,li1,70.1500,245.0910,0.000791
TAP_TAPCELL_ROW_86_1172,VGND,li1,44.3900,245.0910,0.000472
TAP_TAPCELL_ROW_86_1171,VGND,li1,18.6300,245.0910,0.000182
TAP_TAPCELL_ROW_85_1170,VGND,li1,289.1100,244.5080,0.001182
TAP_TAPCELL_ROW_85_1169,VGND,li1,263.3500,244.5080,0.001100
TAP_TAPCELL_ROW_85_1168,VGND,li1,237.5900,244.5080,0.000905
TAP_TAPCELL_ROW_85_1167,VGND,li1,211.8300,244.5080,0.000657
TAP_TAPCELL_ROW_85_1166,VGND,li1,186.0700,244.5080,0.000380
TAP_TAPCELL_ROW_85_1165,VGND,li1,160.3100,244.5080,0.000543
TAP_TAPCELL_ROW_85_1164,VGND,li1,134.5500,244.5080,0.000838
TAP_TAPCELL_ROW_85_1163,VGND,li1,108.7900,244.5080,0.000912
TAP_TAPCELL_ROW_85_1162,VGND,li1,83.0300,244.5080,0.000881
TAP_TAPCELL_ROW_85_1161,VGND,li1,57.2700,244.5080,0.000648
TAP_TAPCELL_ROW_85_1160,VGND,li1,31.5100,244.5080,0.000292
TAP_TAPCELL_ROW_84_1159,VGND,li1,276.2300,239.6510,0.000950
TAP_TAPCELL_ROW_84_1158,VGND,li1,250.4700,239.6510,0.000801
TAP_TAPCELL_ROW_84_1157,VGND,li1,224.7100,239.6510,0.000614
TAP_TAPCELL_ROW_84_1156,VGND,li1,198.9500,239.6510,0.000408
TAP_TAPCELL_ROW_84_1155,VGND,li1,173.1900,239.6510,0.000264
TAP_TAPCELL_ROW_84_1154,VGND,li1,147.4300,239.6510,0.000491
TAP_TAPCELL_ROW_84_1153,VGND,li1,121.6700,239.6510,0.000612
TAP_TAPCELL_ROW_84_1152,VGND,li1,95.9100,239.6510,0.000644
TAP_TAPCELL_ROW_84_1151,VGND,li1,70.1500,239.6510,0.000567
TAP_TAPCELL_ROW_84_1150,VGND,li1,44.3900,239.6510,0.000384
TAP_TAPCELL_ROW_84_1149,VGND,li1,18.6300,239.6510,0.000206
TAP_TAPCELL_ROW_83_1148,VGND,li1,289.1100,239.0680,0.000996
TAP_TAPCELL_ROW_83_1147,VGND,li1,263.3500,239.0680,0.000872
TAP_TAPCELL_ROW_83_1146,VGND,li1,237.5900,239.0680,0.000699
TAP_TAPCELL_ROW_83_1145,VGND,li1,211.8300,239.0680,0.000506
TAP_TAPCELL_ROW_83_1144,VGND,li1,186.0700,239.0680,0.000282
TAP_TAPCELL_ROW_83_1143,VGND,li1,160.3100,239.0680,0.000388
TAP_TAPCELL_ROW_83_1142,VGND,li1,134.5500,239.0680,0.000564
TAP_TAPCELL_ROW_83_1141,VGND,li1,108.7900,239.0680,0.000640
TAP_TAPCELL_ROW_83_1140,VGND,li1,83.0300,239.0680,0.000622
TAP_TAPCELL_ROW_83_1139,VGND,li1,57.2700,239.0680,0.000487
TAP_TAPCELL_ROW_83_1138,VGND,li1,31.5100,239.0680,0.000255
TAP_TAPCELL_ROW_82_1137,VGND,li1,276.2300,234.2110,0.001137
TAP_TAPCELL_ROW_82_1136,VGND,li1,250.4700,234.2110,0.000997
TAP_TAPCELL_ROW_82_1135,VGND,li1,224.7100,234.2110,0.000796
TAP_TAPCELL_ROW_82_1134,VGND,li1,198.9500,234.2110,0.000544
TAP_TAPCELL_ROW_82_1133,VGND,li1,173.1900,234.2110,0.000361
TAP_TAPCELL_ROW_82_1132,VGND,li1,147.4300,234.2110,0.000565
TAP_TAPCELL_ROW_82_1131,VGND,li1,121.6700,234.2110,0.000680
TAP_TAPCELL_ROW_82_1130,VGND,li1,95.9100,234.2110,0.000701
TAP_TAPCELL_ROW_82_1129,VGND,li1,70.1500,234.2110,0.000610
TAP_TAPCELL_ROW_82_1128,VGND,li1,44.3900,234.2110,0.000414
TAP_TAPCELL_ROW_82_1127,VGND,li1,18.6300,234.2110,0.000167
TAP_TAPCELL_ROW_81_1126,VGND,li1,289.1100,233.6280,0.001173
TAP_TAPCELL_ROW_81_1125,VGND,li1,263.3500,233.6280,0.001078
TAP_TAPCELL_ROW_81_1124,VGND,li1,237.5900,233.6280,0.000904
TAP_TAPCELL_ROW_81_1123,VGND,li1,211.8300,233.6280,0.000667
TAP_TAPCELL_ROW_81_1122,VGND,li1,186.0700,233.6280,0.000386
TAP_TAPCELL_ROW_81_1121,VGND,li1,160.3100,233.6280,0.000470
TAP_TAPCELL_ROW_81_1120,VGND,li1,134.5500,233.6280,0.000633
TAP_TAPCELL_ROW_81_1119,VGND,li1,108.7900,233.6280,0.000705
TAP_TAPCELL_ROW_81_1118,VGND,li1,83.0300,233.6280,0.000668
TAP_TAPCELL_ROW_81_1117,VGND,li1,57.2700,233.6280,0.000529
TAP_TAPCELL_ROW_81_1116,VGND,li1,31.5100,233.6280,0.000266
TAP_TAPCELL_ROW_80_1115,VGND,li1,276.2300,228.7710,0.001866
TAP_TAPCELL_ROW_80_1114,VGND,li1,250.4700,228.7710,0.001714
TAP_TAPCELL_ROW_80_1113,VGND,li1,224.7100,228.7710,0.001285
TAP_TAPCELL_ROW_80_1112,VGND,li1,198.9500,228.7710,0.000774
TAP_TAPCELL_ROW_80_1111,VGND,li1,173.1900,228.7710,0.000461
TAP_TAPCELL_ROW_80_1110,VGND,li1,147.4300,228.7710,0.000789
TAP_TAPCELL_ROW_80_1109,VGND,li1,121.6700,228.7710,0.000983
TAP_TAPCELL_ROW_80_1108,VGND,li1,95.9100,228.7710,0.001008
TAP_TAPCELL_ROW_80_1107,VGND,li1,70.1500,228.7710,0.000868
TAP_TAPCELL_ROW_80_1106,VGND,li1,44.3900,228.7710,0.000558
TAP_TAPCELL_ROW_80_1105,VGND,li1,18.6300,228.7710,0.000235
TAP_TAPCELL_ROW_79_1104,VGND,li1,289.1100,228.1880,0.001907
TAP_TAPCELL_ROW_79_1103,VGND,li1,263.3500,228.1880,0.001801
TAP_TAPCELL_ROW_79_1102,VGND,li1,237.5900,228.1880,0.001494
TAP_TAPCELL_ROW_79_1101,VGND,li1,211.8300,228.1880,0.001039
TAP_TAPCELL_ROW_79_1100,VGND,li1,186.0700,228.1880,0.000502
TAP_TAPCELL_ROW_79_1099,VGND,li1,160.3100,228.1880,0.000637
TAP_TAPCELL_ROW_79_1098,VGND,li1,134.5500,228.1880,0.000908
TAP_TAPCELL_ROW_79_1097,VGND,li1,108.7900,228.1880,0.001035
TAP_TAPCELL_ROW_79_1096,VGND,li1,83.0300,228.1880,0.000959
TAP_TAPCELL_ROW_79_1095,VGND,li1,57.2700,228.1880,0.000742
TAP_TAPCELL_ROW_79_1094,VGND,li1,31.5100,228.1880,0.000339
TAP_TAPCELL_ROW_78_1093,VGND,li1,276.2300,223.3310,0.001564
TAP_TAPCELL_ROW_78_1092,VGND,li1,250.4700,223.3310,0.001373
TAP_TAPCELL_ROW_78_1091,VGND,li1,224.7100,223.3310,0.001083
TAP_TAPCELL_ROW_78_1090,VGND,li1,198.9500,223.3310,0.000764
TAP_TAPCELL_ROW_78_1089,VGND,li1,173.1900,223.3310,0.000460
TAP_TAPCELL_ROW_78_1088,VGND,li1,147.4300,223.3310,0.000722
TAP_TAPCELL_ROW_78_1087,VGND,li1,121.6700,223.3310,0.000881
TAP_TAPCELL_ROW_78_1086,VGND,li1,95.9100,223.3310,0.000900
TAP_TAPCELL_ROW_78_1085,VGND,li1,70.1500,223.3310,0.000741
TAP_TAPCELL_ROW_78_1084,VGND,li1,44.3900,223.3310,0.000446
TAP_TAPCELL_ROW_78_1083,VGND,li1,18.6300,223.3310,0.000210
TAP_TAPCELL_ROW_77_1082,VGND,li1,289.1100,222.7480,0.001605
TAP_TAPCELL_ROW_77_1081,VGND,li1,263.3500,222.7480,0.001483
TAP_TAPCELL_ROW_77_1080,VGND,li1,237.5900,222.7480,0.001236
TAP_TAPCELL_ROW_77_1079,VGND,li1,211.8300,222.7480,0.000928
TAP_TAPCELL_ROW_77_1078,VGND,li1,186.0700,222.7480,0.000513
TAP_TAPCELL_ROW_77_1077,VGND,li1,160.3100,222.7480,0.000607
TAP_TAPCELL_ROW_77_1076,VGND,li1,134.5500,222.7480,0.000819
TAP_TAPCELL_ROW_77_1075,VGND,li1,108.7900,222.7480,0.000910
TAP_TAPCELL_ROW_77_1074,VGND,li1,83.0300,222.7480,0.000845
TAP_TAPCELL_ROW_77_1073,VGND,li1,57.2700,222.7480,0.000624
TAP_TAPCELL_ROW_77_1072,VGND,li1,31.5100,222.7480,0.000286
TAP_TAPCELL_ROW_76_1071,VGND,li1,276.2300,217.8910,0.001384
TAP_TAPCELL_ROW_76_1070,VGND,li1,250.4700,217.8910,0.001197
TAP_TAPCELL_ROW_76_1069,VGND,li1,224.7100,217.8910,0.000876
TAP_TAPCELL_ROW_76_1068,VGND,li1,198.9500,217.8910,0.000570
TAP_TAPCELL_ROW_76_1067,VGND,li1,173.1900,217.8910,0.000377
TAP_TAPCELL_ROW_76_1066,VGND,li1,147.4300,217.8910,0.000610
TAP_TAPCELL_ROW_76_1065,VGND,li1,121.6700,217.8910,0.000767
TAP_TAPCELL_ROW_76_1064,VGND,li1,95.9100,217.8910,0.000800
TAP_TAPCELL_ROW_76_1063,VGND,li1,70.1500,217.8910,0.000690
TAP_TAPCELL_ROW_76_1062,VGND,li1,44.3900,217.8910,0.000442
TAP_TAPCELL_ROW_76_1061,VGND,li1,18.6300,217.8910,0.000208
TAP_TAPCELL_ROW_75_1060,VGND,li1,289.1100,217.3080,0.001435
TAP_TAPCELL_ROW_75_1059,VGND,li1,263.3500,217.3080,0.001307
TAP_TAPCELL_ROW_75_1058,VGND,li1,237.5900,217.3080,0.001044
TAP_TAPCELL_ROW_75_1057,VGND,li1,211.8300,217.3080,0.000730
TAP_TAPCELL_ROW_75_1056,VGND,li1,186.0700,217.3080,0.000401
TAP_TAPCELL_ROW_75_1055,VGND,li1,160.3100,217.3080,0.000497
TAP_TAPCELL_ROW_75_1054,VGND,li1,134.5500,217.3080,0.000710
TAP_TAPCELL_ROW_75_1053,VGND,li1,108.7900,217.3080,0.000802
TAP_TAPCELL_ROW_75_1052,VGND,li1,83.0300,217.3080,0.000756
TAP_TAPCELL_ROW_75_1051,VGND,li1,57.2700,217.3080,0.000598
TAP_TAPCELL_ROW_75_1050,VGND,li1,31.5100,217.3080,0.000277
TAP_TAPCELL_ROW_74_1049,VGND,li1,276.2300,212.4510,0.001008
TAP_TAPCELL_ROW_74_1048,VGND,li1,250.4700,212.4510,0.000889
TAP_TAPCELL_ROW_74_1047,VGND,li1,224.7100,212.4510,0.000697
TAP_TAPCELL_ROW_74_1046,VGND,li1,198.9500,212.4510,0.000496
TAP_TAPCELL_ROW_74_1045,VGND,li1,173.1900,212.4510,0.000453
TAP_TAPCELL_ROW_74_1044,VGND,li1,147.4300,212.4510,0.000957
TAP_TAPCELL_ROW_74_1043,VGND,li1,121.6700,212.4510,0.001278
TAP_TAPCELL_ROW_74_1042,VGND,li1,95.9100,212.4510,0.001391
TAP_TAPCELL_ROW_74_1041,VGND,li1,70.1500,212.4510,0.001236
TAP_TAPCELL_ROW_74_1040,VGND,li1,44.3900,212.4510,0.000778
TAP_TAPCELL_ROW_74_1039,VGND,li1,18.6300,212.4510,0.000332
TAP_TAPCELL_ROW_73_1038,VGND,li1,289.1100,211.8680,0.001040
TAP_TAPCELL_ROW_73_1037,VGND,li1,263.3500,211.8680,0.000961
TAP_TAPCELL_ROW_73_1036,VGND,li1,237.5900,211.8680,0.000793
TAP_TAPCELL_ROW_73_1035,VGND,li1,211.8300,211.8680,0.000601
TAP_TAPCELL_ROW_73_1034,VGND,li1,186.0700,211.8680,0.000403
TAP_TAPCELL_ROW_73_1033,VGND,li1,160.3100,211.8680,0.000750
TAP_TAPCELL_ROW_73_1032,VGND,li1,134.5500,211.8680,0.001157
TAP_TAPCELL_ROW_73_1031,VGND,li1,108.7900,211.8680,0.001378
TAP_TAPCELL_ROW_73_1030,VGND,li1,83.0300,211.8680,0.001330
TAP_TAPCELL_ROW_73_1029,VGND,li1,57.2700,211.8680,0.001065
TAP_TAPCELL_ROW_73_1028,VGND,li1,31.5100,211.8680,0.000437
TAP_TAPCELL_ROW_72_1027,VGND,li1,276.2300,207.0110,0.001726
TAP_TAPCELL_ROW_72_1026,VGND,li1,250.4700,207.0110,0.001406
TAP_TAPCELL_ROW_72_1025,VGND,li1,224.7100,207.0110,0.001018
TAP_TAPCELL_ROW_72_1024,VGND,li1,198.9500,207.0110,0.000624
TAP_TAPCELL_ROW_72_1023,VGND,li1,173.1900,207.0110,0.000401
TAP_TAPCELL_ROW_72_1022,VGND,li1,147.4300,207.0110,0.000624
TAP_TAPCELL_ROW_72_1021,VGND,li1,121.6700,207.0110,0.000774
TAP_TAPCELL_ROW_72_1020,VGND,li1,95.9100,207.0110,0.000820
TAP_TAPCELL_ROW_72_1019,VGND,li1,70.1500,207.0110,0.000762
TAP_TAPCELL_ROW_72_1018,VGND,li1,44.3900,207.0110,0.000500
TAP_TAPCELL_ROW_72_1017,VGND,li1,18.6300,207.0110,0.000235
TAP_TAPCELL_ROW_71_1016,VGND,li1,289.1100,206.4280,0.001808
TAP_TAPCELL_ROW_71_1015,VGND,li1,263.3500,206.4280,0.001585
TAP_TAPCELL_ROW_71_1014,VGND,li1,237.5900,206.4280,0.001212
TAP_TAPCELL_ROW_71_1013,VGND,li1,211.8300,206.4280,0.000814
TAP_TAPCELL_ROW_71_1012,VGND,li1,186.0700,206.4280,0.000406
TAP_TAPCELL_ROW_71_1011,VGND,li1,160.3100,206.4280,0.000514
TAP_TAPCELL_ROW_71_1010,VGND,li1,134.5500,206.4280,0.000713
TAP_TAPCELL_ROW_71_1009,VGND,li1,108.7900,206.4280,0.000811
TAP_TAPCELL_ROW_71_1008,VGND,li1,83.0300,206.4280,0.000804
TAP_TAPCELL_ROW_71_1007,VGND,li1,57.2700,206.4280,0.000666
TAP_TAPCELL_ROW_71_1006,VGND,li1,31.5100,206.4280,0.000323
TAP_TAPCELL_ROW_70_1005,VGND,li1,276.2300,201.5710,0.001108
TAP_TAPCELL_ROW_70_1004,VGND,li1,250.4700,201.5710,0.000950
TAP_TAPCELL_ROW_70_1003,VGND,li1,224.7100,201.5710,0.000755
TAP_TAPCELL_ROW_70_1002,VGND,li1,198.9500,201.5710,0.000528
TAP_TAPCELL_ROW_70_1001,VGND,li1,173.1900,201.5710,0.000463
TAP_TAPCELL_ROW_70_1000,VGND,li1,147.4300,201.5710,0.000862
TAP_TAPCELL_ROW_70_999,VGND,li1,121.6700,201.5710,0.001101
TAP_TAPCELL_ROW_70_998,VGND,li1,95.9100,201.5710,0.001196
TAP_TAPCELL_ROW_70_997,VGND,li1,70.1500,201.5710,0.001048
TAP_TAPCELL_ROW_70_996,VGND,li1,44.3900,201.5710,0.000644
TAP_TAPCELL_ROW_70_995,VGND,li1,18.6300,201.5710,0.000311
TAP_TAPCELL_ROW_69_994,VGND,li1,289.1100,200.9880,0.001156
TAP_TAPCELL_ROW_69_993,VGND,li1,263.3500,200.9880,0.001027
TAP_TAPCELL_ROW_69_992,VGND,li1,237.5900,200.9880,0.000848
TAP_TAPCELL_ROW_69_991,VGND,li1,211.8300,200.9880,0.000637
TAP_TAPCELL_ROW_69_990,VGND,li1,186.0700,200.9880,0.000413
TAP_TAPCELL_ROW_69_989,VGND,li1,160.3100,200.9880,0.000680
TAP_TAPCELL_ROW_69_988,VGND,li1,134.5500,200.9880,0.001006
TAP_TAPCELL_ROW_69_987,VGND,li1,108.7900,200.9880,0.001167
TAP_TAPCELL_ROW_69_986,VGND,li1,83.0300,200.9880,0.001143
TAP_TAPCELL_ROW_69_985,VGND,li1,57.2700,200.9880,0.000849
TAP_TAPCELL_ROW_69_984,VGND,li1,31.5100,200.9880,0.000411
TAP_TAPCELL_ROW_68_983,VGND,li1,276.2300,196.1310,0.001447
TAP_TAPCELL_ROW_68_982,VGND,li1,250.4700,196.1310,0.001308
TAP_TAPCELL_ROW_68_981,VGND,li1,224.7100,196.1310,0.001069
TAP_TAPCELL_ROW_68_980,VGND,li1,198.9500,196.1310,0.000688
TAP_TAPCELL_ROW_68_979,VGND,li1,173.1900,196.1310,0.000384
TAP_TAPCELL_ROW_68_978,VGND,li1,147.4300,196.1310,0.000629
TAP_TAPCELL_ROW_68_977,VGND,li1,121.6700,196.1310,0.000777
TAP_TAPCELL_ROW_68_976,VGND,li1,95.9100,196.1310,0.000808
TAP_TAPCELL_ROW_68_975,VGND,li1,70.1500,196.1310,0.000684
TAP_TAPCELL_ROW_68_974,VGND,li1,44.3900,196.1310,0.000427
TAP_TAPCELL_ROW_68_973,VGND,li1,18.6300,196.1310,0.000182
TAP_TAPCELL_ROW_67_972,VGND,li1,289.1100,195.5480,0.001487
TAP_TAPCELL_ROW_67_971,VGND,li1,263.3500,195.5480,0.001374
TAP_TAPCELL_ROW_67_970,VGND,li1,237.5900,195.5480,0.001213
TAP_TAPCELL_ROW_67_969,VGND,li1,211.8300,195.5480,0.000897
TAP_TAPCELL_ROW_67_968,VGND,li1,186.0700,195.5480,0.000457
TAP_TAPCELL_ROW_67_967,VGND,li1,160.3100,195.5480,0.000512
TAP_TAPCELL_ROW_67_966,VGND,li1,134.5500,195.5480,0.000718
TAP_TAPCELL_ROW_67_965,VGND,li1,108.7900,195.5480,0.000806
TAP_TAPCELL_ROW_67_964,VGND,li1,83.0300,195.5480,0.000771
TAP_TAPCELL_ROW_67_963,VGND,li1,57.2700,195.5480,0.000581
TAP_TAPCELL_ROW_67_962,VGND,li1,31.5100,195.5480,0.000256
TAP_TAPCELL_ROW_66_961,VGND,li1,276.2300,190.6910,0.001903
TAP_TAPCELL_ROW_66_960,VGND,li1,250.4700,190.6910,0.001734
TAP_TAPCELL_ROW_66_959,VGND,li1,224.7100,190.6910,0.001411
TAP_TAPCELL_ROW_66_958,VGND,li1,198.9500,190.6910,0.000939
TAP_TAPCELL_ROW_66_957,VGND,li1,173.1900,190.6910,0.000446
TAP_TAPCELL_ROW_66_956,VGND,li1,147.4300,190.6910,0.000681
TAP_TAPCELL_ROW_66_955,VGND,li1,121.6700,190.6910,0.000786
TAP_TAPCELL_ROW_66_954,VGND,li1,95.9100,190.6910,0.000751
TAP_TAPCELL_ROW_66_953,VGND,li1,70.1500,190.6910,0.000629
TAP_TAPCELL_ROW_66_952,VGND,li1,44.3900,190.6910,0.000407
TAP_TAPCELL_ROW_66_951,VGND,li1,18.6300,190.6910,0.000177
TAP_TAPCELL_ROW_65_950,VGND,li1,289.1100,190.1080,0.001943
TAP_TAPCELL_ROW_65_949,VGND,li1,263.3500,190.1080,0.001832
TAP_TAPCELL_ROW_65_948,VGND,li1,237.5900,190.1080,0.001593
TAP_TAPCELL_ROW_65_947,VGND,li1,211.8300,190.1080,0.001198
TAP_TAPCELL_ROW_65_946,VGND,li1,186.0700,190.1080,0.000617
TAP_TAPCELL_ROW_65_945,VGND,li1,160.3100,190.1080,0.000591
TAP_TAPCELL_ROW_65_944,VGND,li1,134.5500,190.1080,0.000752
TAP_TAPCELL_ROW_65_943,VGND,li1,108.7900,190.1080,0.000782
TAP_TAPCELL_ROW_65_942,VGND,li1,83.0300,190.1080,0.000705
TAP_TAPCELL_ROW_65_941,VGND,li1,57.2700,190.1080,0.000523
TAP_TAPCELL_ROW_65_940,VGND,li1,31.5100,190.1080,0.000242
TAP_TAPCELL_ROW_64_939,VGND,li1,276.2300,185.2510,0.001657
TAP_TAPCELL_ROW_64_938,VGND,li1,250.4700,185.2510,0.001487
TAP_TAPCELL_ROW_64_937,VGND,li1,224.7100,185.2510,0.001212
TAP_TAPCELL_ROW_64_936,VGND,li1,198.9500,185.2510,0.000808
TAP_TAPCELL_ROW_64_935,VGND,li1,173.1900,185.2510,0.000455
TAP_TAPCELL_ROW_64_934,VGND,li1,147.4300,185.2510,0.000802
TAP_TAPCELL_ROW_64_933,VGND,li1,121.6700,185.2510,0.000997
TAP_TAPCELL_ROW_64_932,VGND,li1,95.9100,185.2510,0.001021
TAP_TAPCELL_ROW_64_931,VGND,li1,70.1500,185.2510,0.000891
TAP_TAPCELL_ROW_64_930,VGND,li1,44.3900,185.2510,0.000592
TAP_TAPCELL_ROW_64_929,VGND,li1,18.6300,185.2510,0.000250
TAP_TAPCELL_ROW_63_928,VGND,li1,289.1100,184.6680,0.001708
TAP_TAPCELL_ROW_63_927,VGND,li1,263.3500,184.6680,0.001590
TAP_TAPCELL_ROW_63_926,VGND,li1,237.5900,184.6680,0.001348
TAP_TAPCELL_ROW_63_925,VGND,li1,211.8300,184.6680,0.001020
TAP_TAPCELL_ROW_63_924,VGND,li1,186.0700,184.6680,0.000573
TAP_TAPCELL_ROW_63_923,VGND,li1,160.3100,184.6680,0.000633
TAP_TAPCELL_ROW_63_922,VGND,li1,134.5500,184.6680,0.000932
TAP_TAPCELL_ROW_63_921,VGND,li1,108.7900,184.6680,0.001026
TAP_TAPCELL_ROW_63_920,VGND,li1,83.0300,184.6680,0.000982
TAP_TAPCELL_ROW_63_919,VGND,li1,57.2700,184.6680,0.000764
TAP_TAPCELL_ROW_63_918,VGND,li1,31.5100,184.6680,0.000388
TAP_TAPCELL_ROW_62_917,VGND,li1,276.2300,179.8110,0.001633
TAP_TAPCELL_ROW_62_916,VGND,li1,250.4700,179.8110,0.001458
TAP_TAPCELL_ROW_62_915,VGND,li1,224.7100,179.8110,0.001119
TAP_TAPCELL_ROW_62_914,VGND,li1,198.9500,179.8110,0.000726
TAP_TAPCELL_ROW_62_913,VGND,li1,173.1900,179.8110,0.000446
TAP_TAPCELL_ROW_62_912,VGND,li1,147.4300,179.8110,0.000723
TAP_TAPCELL_ROW_62_911,VGND,li1,121.6700,179.8110,0.000883
TAP_TAPCELL_ROW_62_910,VGND,li1,95.9100,179.8110,0.000930
TAP_TAPCELL_ROW_62_909,VGND,li1,70.1500,179.8110,0.000791
TAP_TAPCELL_ROW_62_908,VGND,li1,44.3900,179.8110,0.000501
TAP_TAPCELL_ROW_62_907,VGND,li1,18.6300,179.8110,0.000224
TAP_TAPCELL_ROW_61_906,VGND,li1,289.1100,179.2280,0.001685
TAP_TAPCELL_ROW_61_905,VGND,li1,263.3500,179.2280,0.001558
TAP_TAPCELL_ROW_61_904,VGND,li1,237.5900,179.2280,0.001305
TAP_TAPCELL_ROW_61_903,VGND,li1,211.8300,179.2280,0.000910
TAP_TAPCELL_ROW_61_902,VGND,li1,186.0700,179.2280,0.000478
TAP_TAPCELL_ROW_61_901,VGND,li1,160.3100,179.2280,0.000606
TAP_TAPCELL_ROW_61_900,VGND,li1,134.5500,179.2280,0.000814
TAP_TAPCELL_ROW_61_899,VGND,li1,108.7900,179.2280,0.000923
TAP_TAPCELL_ROW_61_898,VGND,li1,83.0300,179.2280,0.000881
TAP_TAPCELL_ROW_61_897,VGND,li1,57.2700,179.2280,0.000642
TAP_TAPCELL_ROW_61_896,VGND,li1,31.5100,179.2280,0.000311
TAP_TAPCELL_ROW_60_895,VGND,li1,276.2300,174.3710,0.002248
TAP_TAPCELL_ROW_60_894,VGND,li1,250.4700,174.3710,0.001951
TAP_TAPCELL_ROW_60_893,VGND,li1,224.7100,174.3710,0.001504
TAP_TAPCELL_ROW_60_892,VGND,li1,198.9500,174.3710,0.000963
TAP_TAPCELL_ROW_60_891,VGND,li1,173.1900,174.3710,0.000490
TAP_TAPCELL_ROW_60_890,VGND,li1,147.4300,174.3710,0.000792
TAP_TAPCELL_ROW_60_889,VGND,li1,121.6700,174.3710,0.000951
TAP_TAPCELL_ROW_60_888,VGND,li1,95.9100,174.3710,0.000947
TAP_TAPCELL_ROW_60_887,VGND,li1,70.1500,174.3710,0.000808
TAP_TAPCELL_ROW_60_886,VGND,li1,44.3900,174.3710,0.000562
TAP_TAPCELL_ROW_60_885,VGND,li1,18.6300,174.3710,0.000275
TAP_TAPCELL_ROW_59_884,VGND,li1,289.1100,173.7880,0.002307
TAP_TAPCELL_ROW_59_883,VGND,li1,263.3500,173.7880,0.002115
TAP_TAPCELL_ROW_59_882,VGND,li1,237.5900,173.7880,0.001750
TAP_TAPCELL_ROW_59_881,VGND,li1,211.8300,173.7880,0.001252
TAP_TAPCELL_ROW_59_880,VGND,li1,186.0700,173.7880,0.000669
TAP_TAPCELL_ROW_59_879,VGND,li1,160.3100,173.7880,0.000675
TAP_TAPCELL_ROW_59_878,VGND,li1,134.5500,173.7880,0.000894
TAP_TAPCELL_ROW_59_877,VGND,li1,108.7900,173.7880,0.000982
TAP_TAPCELL_ROW_59_876,VGND,li1,83.0300,173.7880,0.000890
TAP_TAPCELL_ROW_59_875,VGND,li1,57.2700,173.7880,0.000705
TAP_TAPCELL_ROW_59_874,VGND,li1,31.5100,173.7880,0.000385
TAP_TAPCELL_ROW_58_873,VGND,li1,276.2300,168.9310,0.002002
TAP_TAPCELL_ROW_58_872,VGND,li1,250.4700,168.9310,0.001818
TAP_TAPCELL_ROW_58_871,VGND,li1,224.7100,168.9310,0.001427
TAP_TAPCELL_ROW_58_870,VGND,li1,198.9500,168.9310,0.000924
TAP_TAPCELL_ROW_58_869,VGND,li1,173.1900,168.9310,0.000486
TAP_TAPCELL_ROW_58_868,VGND,li1,147.4300,168.9310,0.000694
TAP_TAPCELL_ROW_58_867,VGND,li1,121.6700,168.9310,0.000833
TAP_TAPCELL_ROW_58_866,VGND,li1,95.9100,168.9310,0.000863
TAP_TAPCELL_ROW_58_865,VGND,li1,70.1500,168.9310,0.000771
TAP_TAPCELL_ROW_58_864,VGND,li1,44.3900,168.9310,0.000505
TAP_TAPCELL_ROW_58_863,VGND,li1,18.6300,168.9310,0.000210
TAP_TAPCELL_ROW_57_862,VGND,li1,289.1100,168.3480,0.002035
TAP_TAPCELL_ROW_57_861,VGND,li1,263.3500,168.3480,0.001930
TAP_TAPCELL_ROW_57_860,VGND,li1,237.5900,168.3480,0.001656
TAP_TAPCELL_ROW_57_859,VGND,li1,211.8300,168.3480,0.001209
TAP_TAPCELL_ROW_57_858,VGND,li1,186.0700,168.3480,0.000616
TAP_TAPCELL_ROW_57_857,VGND,li1,160.3100,168.3480,0.000601
TAP_TAPCELL_ROW_57_856,VGND,li1,134.5500,168.3480,0.000779
TAP_TAPCELL_ROW_57_855,VGND,li1,108.7900,168.3480,0.000865
TAP_TAPCELL_ROW_57_854,VGND,li1,83.0300,168.3480,0.000826
TAP_TAPCELL_ROW_57_853,VGND,li1,57.2700,168.3480,0.000653
TAP_TAPCELL_ROW_57_852,VGND,li1,31.5100,168.3480,0.000304
TAP_TAPCELL_ROW_56_851,VGND,li1,276.2300,163.4910,0.001803
TAP_TAPCELL_ROW_56_850,VGND,li1,250.4700,163.4910,0.001634
TAP_TAPCELL_ROW_56_849,VGND,li1,224.7100,163.4910,0.001268
TAP_TAPCELL_ROW_56_848,VGND,li1,198.9500,163.4910,0.000759
TAP_TAPCELL_ROW_56_847,VGND,li1,173.1900,163.4910,0.000434
TAP_TAPCELL_ROW_56_846,VGND,li1,147.4300,163.4910,0.000672
TAP_TAPCELL_ROW_56_845,VGND,li1,121.6700,163.4910,0.000798
TAP_TAPCELL_ROW_56_844,VGND,li1,95.9100,163.4910,0.000837
TAP_TAPCELL_ROW_56_843,VGND,li1,70.1500,163.4910,0.000739
TAP_TAPCELL_ROW_56_842,VGND,li1,44.3900,163.4910,0.000462
TAP_TAPCELL_ROW_56_841,VGND,li1,18.6300,163.4910,0.000184
TAP_TAPCELL_ROW_55_840,VGND,li1,289.1100,162.9080,0.001855
TAP_TAPCELL_ROW_55_839,VGND,li1,263.3500,162.9080,0.001728
TAP_TAPCELL_ROW_55_838,VGND,li1,237.5900,162.9080,0.001458
TAP_TAPCELL_ROW_55_837,VGND,li1,211.8300,162.9080,0.001042
TAP_TAPCELL_ROW_55_836,VGND,li1,186.0700,162.9080,0.000503
TAP_TAPCELL_ROW_55_835,VGND,li1,160.3100,162.9080,0.000564
TAP_TAPCELL_ROW_55_834,VGND,li1,134.5500,162.9080,0.000747
TAP_TAPCELL_ROW_55_833,VGND,li1,108.7900,162.9080,0.000829
TAP_TAPCELL_ROW_55_832,VGND,li1,83.0300,162.9080,0.000810
TAP_TAPCELL_ROW_55_831,VGND,li1,57.2700,162.9080,0.000625
TAP_TAPCELL_ROW_55_830,VGND,li1,31.5100,162.9080,0.000286
TAP_TAPCELL_ROW_54_829,VGND,li1,276.2300,158.0510,0.002045
TAP_TAPCELL_ROW_54_828,VGND,li1,250.4700,158.0510,0.001864
TAP_TAPCELL_ROW_54_827,VGND,li1,224.7100,158.0510,0.001483
TAP_TAPCELL_ROW_54_826,VGND,li1,198.9500,158.0510,0.000931
TAP_TAPCELL_ROW_54_825,VGND,li1,173.1900,158.0510,0.000590
TAP_TAPCELL_ROW_54_824,VGND,li1,147.4300,158.0510,0.001008
TAP_TAPCELL_ROW_54_823,VGND,li1,121.6700,158.0510,0.001075
TAP_TAPCELL_ROW_54_822,VGND,li1,95.9100,158.0510,0.000987
TAP_TAPCELL_ROW_54_821,VGND,li1,70.1500,158.0510,0.000788
TAP_TAPCELL_ROW_54_820,VGND,li1,44.3900,158.0510,0.000473
TAP_TAPCELL_ROW_54_819,VGND,li1,18.6300,158.0510,0.000229
TAP_TAPCELL_ROW_53_818,VGND,li1,289.1100,157.4680,0.002085
TAP_TAPCELL_ROW_53_817,VGND,li1,263.3500,157.4680,0.001971
TAP_TAPCELL_ROW_53_816,VGND,li1,237.5900,157.4680,0.001679
TAP_TAPCELL_ROW_53_815,VGND,li1,211.8300,157.4680,0.001227
TAP_TAPCELL_ROW_53_814,VGND,li1,186.0700,157.4680,0.000659
TAP_TAPCELL_ROW_53_813,VGND,li1,160.3100,157.4680,0.000847
TAP_TAPCELL_ROW_53_812,VGND,li1,134.5500,157.4680,0.001079
TAP_TAPCELL_ROW_53_811,VGND,li1,108.7900,157.4680,0.001041
TAP_TAPCELL_ROW_53_810,VGND,li1,83.0300,157.4680,0.000894
TAP_TAPCELL_ROW_53_809,VGND,li1,57.2700,157.4680,0.000648
TAP_TAPCELL_ROW_53_808,VGND,li1,31.5100,157.4680,0.000287
TAP_TAPCELL_ROW_52_807,VGND,li1,276.2300,152.6110,0.001405
TAP_TAPCELL_ROW_52_806,VGND,li1,250.4700,152.6110,0.001250
TAP_TAPCELL_ROW_52_805,VGND,li1,224.7100,152.6110,0.001009
TAP_TAPCELL_ROW_52_804,VGND,li1,198.9500,152.6110,0.000670
TAP_TAPCELL_ROW_52_803,VGND,li1,173.1900,152.6110,0.000444
TAP_TAPCELL_ROW_52_802,VGND,li1,147.4300,152.6110,0.000769
TAP_TAPCELL_ROW_52_801,VGND,li1,121.6700,152.6110,0.000946
TAP_TAPCELL_ROW_52_800,VGND,li1,95.9100,152.6110,0.000979
TAP_TAPCELL_ROW_52_799,VGND,li1,70.1500,152.6110,0.000805
TAP_TAPCELL_ROW_52_798,VGND,li1,44.3900,152.6110,0.000507
TAP_TAPCELL_ROW_52_797,VGND,li1,18.6300,152.6110,0.000219
TAP_TAPCELL_ROW_51_796,VGND,li1,289.1100,152.0280,0.001455
TAP_TAPCELL_ROW_51_795,VGND,li1,263.3500,152.0280,0.001337
TAP_TAPCELL_ROW_51_794,VGND,li1,237.5900,152.0280,0.001145
TAP_TAPCELL_ROW_51_793,VGND,li1,211.8300,152.0280,0.000845
TAP_TAPCELL_ROW_51_792,VGND,li1,186.0700,152.0280,0.000463
TAP_TAPCELL_ROW_51_791,VGND,li1,160.3100,152.0280,0.000629
TAP_TAPCELL_ROW_51_790,VGND,li1,134.5500,152.0280,0.000885
TAP_TAPCELL_ROW_51_789,VGND,li1,108.7900,152.0280,0.000983
TAP_TAPCELL_ROW_51_788,VGND,li1,83.0300,152.0280,0.000910
TAP_TAPCELL_ROW_51_787,VGND,li1,57.2700,152.0280,0.000660
TAP_TAPCELL_ROW_51_786,VGND,li1,31.5100,152.0280,0.000303
TAP_TAPCELL_ROW_50_785,VGND,li1,276.2300,147.1710,0.001569
TAP_TAPCELL_ROW_50_784,VGND,li1,250.4700,147.1710,0.001409
TAP_TAPCELL_ROW_50_783,VGND,li1,224.7100,147.1710,0.001138
TAP_TAPCELL_ROW_50_782,VGND,li1,198.9500,147.1710,0.000752
TAP_TAPCELL_ROW_50_781,VGND,li1,173.1900,147.1710,0.000526
TAP_TAPCELL_ROW_50_780,VGND,li1,147.4300,147.1710,0.000857
TAP_TAPCELL_ROW_50_779,VGND,li1,121.6700,147.1710,0.000978
TAP_TAPCELL_ROW_50_778,VGND,li1,95.9100,147.1710,0.000961
TAP_TAPCELL_ROW_50_777,VGND,li1,70.1500,147.1710,0.000801
TAP_TAPCELL_ROW_50_776,VGND,li1,44.3900,147.1710,0.000540
TAP_TAPCELL_ROW_50_775,VGND,li1,18.6300,147.1710,0.000243
TAP_TAPCELL_ROW_49_774,VGND,li1,289.1100,146.5880,0.001594
TAP_TAPCELL_ROW_49_773,VGND,li1,263.3500,146.5880,0.001517
TAP_TAPCELL_ROW_49_772,VGND,li1,237.5900,146.5880,0.001275
TAP_TAPCELL_ROW_49_771,VGND,li1,211.8300,146.5880,0.000961
TAP_TAPCELL_ROW_49_770,VGND,li1,186.0700,146.5880,0.000532
TAP_TAPCELL_ROW_49_769,VGND,li1,160.3100,146.5880,0.000690
TAP_TAPCELL_ROW_49_768,VGND,li1,134.5500,146.5880,0.000940
TAP_TAPCELL_ROW_49_767,VGND,li1,108.7900,146.5880,0.000985
TAP_TAPCELL_ROW_49_766,VGND,li1,83.0300,146.5880,0.000901
TAP_TAPCELL_ROW_49_765,VGND,li1,57.2700,146.5880,0.000674
TAP_TAPCELL_ROW_49_764,VGND,li1,31.5100,146.5880,0.000349
TAP_TAPCELL_ROW_48_763,VGND,li1,276.2300,141.7310,0.001911
TAP_TAPCELL_ROW_48_762,VGND,li1,250.4700,141.7310,0.001702
TAP_TAPCELL_ROW_48_761,VGND,li1,224.7100,141.7310,0.001312
TAP_TAPCELL_ROW_48_760,VGND,li1,198.9500,141.7310,0.000814
TAP_TAPCELL_ROW_48_759,VGND,li1,173.1900,141.7310,0.000414
TAP_TAPCELL_ROW_48_758,VGND,li1,147.4300,141.7310,0.000610
TAP_TAPCELL_ROW_48_757,VGND,li1,121.6700,141.7310,0.000689
TAP_TAPCELL_ROW_48_756,VGND,li1,95.9100,141.7310,0.000684
TAP_TAPCELL_ROW_48_755,VGND,li1,70.1500,141.7310,0.000619
TAP_TAPCELL_ROW_48_754,VGND,li1,44.3900,141.7310,0.000430
TAP_TAPCELL_ROW_48_753,VGND,li1,18.6300,141.7310,0.000188
TAP_TAPCELL_ROW_47_752,VGND,li1,289.1100,141.1480,0.001949
TAP_TAPCELL_ROW_47_751,VGND,li1,263.3500,141.1480,0.001821
TAP_TAPCELL_ROW_47_750,VGND,li1,237.5900,141.1480,0.001518
TAP_TAPCELL_ROW_47_749,VGND,li1,211.8300,141.1480,0.001091
TAP_TAPCELL_ROW_47_748,VGND,li1,186.0700,141.1480,0.000535
TAP_TAPCELL_ROW_47_747,VGND,li1,160.3100,141.1480,0.000536
TAP_TAPCELL_ROW_47_746,VGND,li1,134.5500,141.1480,0.000666
TAP_TAPCELL_ROW_47_745,VGND,li1,108.7900,141.1480,0.000690
TAP_TAPCELL_ROW_47_744,VGND,li1,83.0300,141.1480,0.000662
TAP_TAPCELL_ROW_47_743,VGND,li1,57.2700,141.1480,0.000557
TAP_TAPCELL_ROW_47_742,VGND,li1,31.5100,141.1480,0.000280
TAP_TAPCELL_ROW_46_741,VGND,li1,276.2300,136.2910,0.002061
TAP_TAPCELL_ROW_46_740,VGND,li1,250.4700,136.2910,0.001871
TAP_TAPCELL_ROW_46_739,VGND,li1,224.7100,136.2910,0.001546
TAP_TAPCELL_ROW_46_738,VGND,li1,198.9500,136.2910,0.001005
TAP_TAPCELL_ROW_46_737,VGND,li1,173.1900,136.2910,0.000559
TAP_TAPCELL_ROW_46_736,VGND,li1,147.4300,136.2910,0.000927
TAP_TAPCELL_ROW_46_735,VGND,li1,121.6700,136.2910,0.001039
TAP_TAPCELL_ROW_46_734,VGND,li1,95.9100,136.2910,0.001022
TAP_TAPCELL_ROW_46_733,VGND,li1,70.1500,136.2910,0.000813
TAP_TAPCELL_ROW_46_732,VGND,li1,44.3900,136.2910,0.000536
TAP_TAPCELL_ROW_46_731,VGND,li1,18.6300,136.2910,0.000224
TAP_TAPCELL_ROW_45_730,VGND,li1,289.1100,135.7080,0.002098
TAP_TAPCELL_ROW_45_729,VGND,li1,263.3500,135.7080,0.001988
TAP_TAPCELL_ROW_45_728,VGND,li1,237.5900,135.7080,0.001734
TAP_TAPCELL_ROW_45_727,VGND,li1,211.8300,135.7080,0.001291
TAP_TAPCELL_ROW_45_726,VGND,li1,186.0700,135.7080,0.000704
TAP_TAPCELL_ROW_45_725,VGND,li1,160.3100,135.7080,0.000780
TAP_TAPCELL_ROW_45_724,VGND,li1,134.5500,135.7080,0.001005
TAP_TAPCELL_ROW_45_723,VGND,li1,108.7900,135.7080,0.001046
TAP_TAPCELL_ROW_45_722,VGND,li1,83.0300,135.7080,0.000940
TAP_TAPCELL_ROW_45_721,VGND,li1,57.2700,135.7080,0.000685
TAP_TAPCELL_ROW_45_720,VGND,li1,31.5100,135.7080,0.000345
TAP_TAPCELL_ROW_44_719,VGND,li1,276.2300,130.8510,0.001916
TAP_TAPCELL_ROW_44_718,VGND,li1,250.4700,130.8510,0.001678
TAP_TAPCELL_ROW_44_717,VGND,li1,224.7100,130.8510,0.001369
TAP_TAPCELL_ROW_44_716,VGND,li1,198.9500,130.8510,0.000895
TAP_TAPCELL_ROW_44_715,VGND,li1,173.1900,130.8510,0.000557
TAP_TAPCELL_ROW_44_714,VGND,li1,147.4300,130.8510,0.001091
TAP_TAPCELL_ROW_44_713,VGND,li1,121.6700,130.8510,0.001409
TAP_TAPCELL_ROW_44_712,VGND,li1,95.9100,130.8510,0.001381
TAP_TAPCELL_ROW_44_711,VGND,li1,70.1500,130.8510,0.001133
TAP_TAPCELL_ROW_44_710,VGND,li1,44.3900,130.8510,0.000668
TAP_TAPCELL_ROW_44_709,VGND,li1,18.6300,130.8510,0.000273
TAP_TAPCELL_ROW_43_708,VGND,li1,289.1100,130.2680,0.001957
TAP_TAPCELL_ROW_43_707,VGND,li1,263.3500,130.2680,0.001811
TAP_TAPCELL_ROW_43_706,VGND,li1,237.5900,130.2680,0.001551
TAP_TAPCELL_ROW_43_705,VGND,li1,211.8300,130.2680,0.001154
TAP_TAPCELL_ROW_43_704,VGND,li1,186.0700,130.2680,0.000645
TAP_TAPCELL_ROW_43_703,VGND,li1,160.3100,130.2680,0.000833
TAP_TAPCELL_ROW_43_702,VGND,li1,134.5500,130.2680,0.001292
TAP_TAPCELL_ROW_43_701,VGND,li1,108.7900,130.2680,0.001413
TAP_TAPCELL_ROW_43_700,VGND,li1,83.0300,130.2680,0.001264
TAP_TAPCELL_ROW_43_699,VGND,li1,57.2700,130.2680,0.000900
TAP_TAPCELL_ROW_43_698,VGND,li1,31.5100,130.2680,0.000401
TAP_TAPCELL_ROW_42_697,VGND,li1,276.2300,125.4110,0.001968
TAP_TAPCELL_ROW_42_696,VGND,li1,250.4700,125.4110,0.001766
TAP_TAPCELL_ROW_42_695,VGND,li1,224.7100,125.4110,0.001404
TAP_TAPCELL_ROW_42_694,VGND,li1,198.9500,125.4110,0.000929
TAP_TAPCELL_ROW_42_693,VGND,li1,173.1900,125.4110,0.000603
TAP_TAPCELL_ROW_42_692,VGND,li1,147.4300,125.4110,0.000935
TAP_TAPCELL_ROW_42_691,VGND,li1,121.6700,125.4110,0.001095
TAP_TAPCELL_ROW_42_690,VGND,li1,95.9100,125.4110,0.001175
TAP_TAPCELL_ROW_42_689,VGND,li1,70.1500,125.4110,0.000998
TAP_TAPCELL_ROW_42_688,VGND,li1,44.3900,125.4110,0.000624
TAP_TAPCELL_ROW_42_687,VGND,li1,18.6300,125.4110,0.000313
TAP_TAPCELL_ROW_41_686,VGND,li1,289.1100,124.8280,0.002011
TAP_TAPCELL_ROW_41_685,VGND,li1,263.3500,124.8280,0.001890
TAP_TAPCELL_ROW_41_684,VGND,li1,237.5900,124.8280,0.001613
TAP_TAPCELL_ROW_41_683,VGND,li1,211.8300,124.8280,0.001184
TAP_TAPCELL_ROW_41_682,VGND,li1,186.0700,124.8280,0.000647
TAP_TAPCELL_ROW_41_681,VGND,li1,160.3100,124.8280,0.000800
TAP_TAPCELL_ROW_41_680,VGND,li1,134.5500,124.8280,0.001029
TAP_TAPCELL_ROW_41_679,VGND,li1,108.7900,124.8280,0.001156
TAP_TAPCELL_ROW_41_678,VGND,li1,83.0300,124.8280,0.001111
TAP_TAPCELL_ROW_41_677,VGND,li1,57.2700,124.8280,0.000804
TAP_TAPCELL_ROW_41_676,VGND,li1,31.5100,124.8280,0.000424
TAP_TAPCELL_ROW_40_675,VGND,li1,276.2300,119.9710,0.001705
TAP_TAPCELL_ROW_40_674,VGND,li1,250.4700,119.9710,0.001525
TAP_TAPCELL_ROW_40_673,VGND,li1,224.7100,119.9710,0.001221
TAP_TAPCELL_ROW_40_672,VGND,li1,198.9500,119.9710,0.000773
TAP_TAPCELL_ROW_40_671,VGND,li1,173.1900,119.9710,0.000458
TAP_TAPCELL_ROW_40_670,VGND,li1,147.4300,119.9710,0.000749
TAP_TAPCELL_ROW_40_669,VGND,li1,121.6700,119.9710,0.000872
TAP_TAPCELL_ROW_40_668,VGND,li1,95.9100,119.9710,0.000852
TAP_TAPCELL_ROW_40_667,VGND,li1,70.1500,119.9710,0.000708
TAP_TAPCELL_ROW_40_666,VGND,li1,44.3900,119.9710,0.000452
TAP_TAPCELL_ROW_40_665,VGND,li1,18.6300,119.9710,0.000201
TAP_TAPCELL_ROW_39_664,VGND,li1,289.1100,119.3880,0.001751
TAP_TAPCELL_ROW_39_663,VGND,li1,263.3500,119.3880,0.001637
TAP_TAPCELL_ROW_39_662,VGND,li1,237.5900,119.3880,0.001372
TAP_TAPCELL_ROW_39_661,VGND,li1,211.8300,119.3880,0.001014
TAP_TAPCELL_ROW_39_660,VGND,li1,186.0700,119.3880,0.000505
TAP_TAPCELL_ROW_39_659,VGND,li1,160.3100,119.3880,0.000640
TAP_TAPCELL_ROW_39_658,VGND,li1,134.5500,119.3880,0.000837
TAP_TAPCELL_ROW_39_657,VGND,li1,108.7900,119.3880,0.000878
TAP_TAPCELL_ROW_39_656,VGND,li1,83.0300,119.3880,0.000801
TAP_TAPCELL_ROW_39_655,VGND,li1,57.2700,119.3880,0.000591
TAP_TAPCELL_ROW_39_654,VGND,li1,31.5100,119.3880,0.000291
TAP_TAPCELL_ROW_38_653,VGND,li1,276.2300,114.5310,0.002694
TAP_TAPCELL_ROW_38_652,VGND,li1,250.4700,114.5310,0.002461
TAP_TAPCELL_ROW_38_651,VGND,li1,224.7100,114.5310,0.001916
TAP_TAPCELL_ROW_38_650,VGND,li1,198.9500,114.5310,0.001232
TAP_TAPCELL_ROW_38_649,VGND,li1,173.1900,114.5310,0.000611
TAP_TAPCELL_ROW_38_648,VGND,li1,147.4300,114.5310,0.000946
TAP_TAPCELL_ROW_38_647,VGND,li1,121.6700,114.5310,0.001070
TAP_TAPCELL_ROW_38_646,VGND,li1,95.9100,114.5310,0.001026
TAP_TAPCELL_ROW_38_645,VGND,li1,70.1500,114.5310,0.000850
TAP_TAPCELL_ROW_38_644,VGND,li1,44.3900,114.5310,0.000549
TAP_TAPCELL_ROW_38_643,VGND,li1,18.6300,114.5310,0.000252
TAP_TAPCELL_ROW_37_642,VGND,li1,289.1100,113.9480,0.002747
TAP_TAPCELL_ROW_37_641,VGND,li1,263.3500,113.9480,0.002588
TAP_TAPCELL_ROW_37_640,VGND,li1,237.5900,113.9480,0.002225
TAP_TAPCELL_ROW_37_639,VGND,li1,211.8300,113.9480,0.001619
TAP_TAPCELL_ROW_37_638,VGND,li1,186.0700,113.9480,0.000800
TAP_TAPCELL_ROW_37_637,VGND,li1,160.3100,113.9480,0.000794
TAP_TAPCELL_ROW_37_636,VGND,li1,134.5500,113.9480,0.001038
TAP_TAPCELL_ROW_37_635,VGND,li1,108.7900,113.9480,0.001069
TAP_TAPCELL_ROW_37_634,VGND,li1,83.0300,113.9480,0.000949
TAP_TAPCELL_ROW_37_633,VGND,li1,57.2700,113.9480,0.000726
TAP_TAPCELL_ROW_37_632,VGND,li1,31.5100,113.9480,0.000339
TAP_TAPCELL_ROW_36_631,VGND,li1,276.2300,109.0910,0.001974
TAP_TAPCELL_ROW_36_630,VGND,li1,250.4700,109.0910,0.001800
TAP_TAPCELL_ROW_36_629,VGND,li1,224.7100,109.0910,0.001463
TAP_TAPCELL_ROW_36_628,VGND,li1,198.9500,109.0910,0.000992
TAP_TAPCELL_ROW_36_627,VGND,li1,173.1900,109.0910,0.000541
TAP_TAPCELL_ROW_36_626,VGND,li1,147.4300,109.0910,0.000798
TAP_TAPCELL_ROW_36_625,VGND,li1,121.6700,109.0910,0.000924
TAP_TAPCELL_ROW_36_624,VGND,li1,95.9100,109.0910,0.000959
TAP_TAPCELL_ROW_36_623,VGND,li1,70.1500,109.0910,0.000828
TAP_TAPCELL_ROW_36_622,VGND,li1,44.3900,109.0910,0.000521
TAP_TAPCELL_ROW_36_621,VGND,li1,18.6300,109.0910,0.000230
TAP_TAPCELL_ROW_35_620,VGND,li1,289.1100,108.5080,0.002012
TAP_TAPCELL_ROW_35_619,VGND,li1,263.3500,108.5080,0.001898
TAP_TAPCELL_ROW_35_618,VGND,li1,237.5900,108.5080,0.001655
TAP_TAPCELL_ROW_35_617,VGND,li1,211.8300,108.5080,0.001279
TAP_TAPCELL_ROW_35_616,VGND,li1,186.0700,108.5080,0.000644
TAP_TAPCELL_ROW_35_615,VGND,li1,160.3100,108.5080,0.000697
TAP_TAPCELL_ROW_35_614,VGND,li1,134.5500,108.5080,0.000874
TAP_TAPCELL_ROW_35_613,VGND,li1,108.7900,108.5080,0.000955
TAP_TAPCELL_ROW_35_612,VGND,li1,83.0300,108.5080,0.000923
TAP_TAPCELL_ROW_35_611,VGND,li1,57.2700,108.5080,0.000682
TAP_TAPCELL_ROW_35_610,VGND,li1,31.5100,108.5080,0.000320
TAP_TAPCELL_ROW_34_609,VGND,li1,276.2300,103.6510,0.002032
TAP_TAPCELL_ROW_34_608,VGND,li1,250.4700,103.6510,0.001818
TAP_TAPCELL_ROW_34_607,VGND,li1,224.7100,103.6510,0.001445
TAP_TAPCELL_ROW_34_606,VGND,li1,198.9500,103.6510,0.000903
TAP_TAPCELL_ROW_34_605,VGND,li1,173.1900,103.6510,0.000486
TAP_TAPCELL_ROW_34_604,VGND,li1,147.4300,103.6510,0.000755
TAP_TAPCELL_ROW_34_603,VGND,li1,121.6700,103.6510,0.000896
TAP_TAPCELL_ROW_34_602,VGND,li1,95.9100,103.6510,0.000892
TAP_TAPCELL_ROW_34_601,VGND,li1,70.1500,103.6510,0.000769
TAP_TAPCELL_ROW_34_600,VGND,li1,44.3900,103.6510,0.000524
TAP_TAPCELL_ROW_34_599,VGND,li1,18.6300,103.6510,0.000208
TAP_TAPCELL_ROW_33_598,VGND,li1,289.1100,103.0680,0.002082
TAP_TAPCELL_ROW_33_597,VGND,li1,263.3500,103.0680,0.001943
TAP_TAPCELL_ROW_33_596,VGND,li1,237.5900,103.0680,0.001655
TAP_TAPCELL_ROW_33_595,VGND,li1,211.8300,103.0680,0.001157
TAP_TAPCELL_ROW_33_594,VGND,li1,186.0700,103.0680,0.000584
TAP_TAPCELL_ROW_33_593,VGND,li1,160.3100,103.0680,0.000652
TAP_TAPCELL_ROW_33_592,VGND,li1,134.5500,103.0680,0.000844
TAP_TAPCELL_ROW_33_591,VGND,li1,108.7900,103.0680,0.000909
TAP_TAPCELL_ROW_33_590,VGND,li1,83.0300,103.0680,0.000841
TAP_TAPCELL_ROW_33_589,VGND,li1,57.2700,103.0680,0.000666
TAP_TAPCELL_ROW_33_588,VGND,li1,31.5100,103.0680,0.000329
TAP_TAPCELL_ROW_32_587,VGND,li1,276.2300,98.2110,0.002087
TAP_TAPCELL_ROW_32_586,VGND,li1,250.4700,98.2110,0.001797
TAP_TAPCELL_ROW_32_585,VGND,li1,224.7100,98.2110,0.001346
TAP_TAPCELL_ROW_32_584,VGND,li1,198.9500,98.2110,0.000836
TAP_TAPCELL_ROW_32_583,VGND,li1,173.1900,98.2110,0.000513
TAP_TAPCELL_ROW_32_582,VGND,li1,147.4300,98.2110,0.000871
TAP_TAPCELL_ROW_32_581,VGND,li1,121.6700,98.2110,0.001063
TAP_TAPCELL_ROW_32_580,VGND,li1,95.9100,98.2110,0.001059
TAP_TAPCELL_ROW_32_579,VGND,li1,70.1500,98.2110,0.000869
TAP_TAPCELL_ROW_32_578,VGND,li1,44.3900,98.2110,0.000547
TAP_TAPCELL_ROW_32_577,VGND,li1,18.6300,98.2110,0.000271
TAP_TAPCELL_ROW_31_576,VGND,li1,289.1100,97.6280,0.002143
TAP_TAPCELL_ROW_31_575,VGND,li1,263.3500,97.6280,0.001964
TAP_TAPCELL_ROW_31_574,VGND,li1,237.5900,97.6280,0.001562
TAP_TAPCELL_ROW_31_573,VGND,li1,211.8300,97.6280,0.001099
TAP_TAPCELL_ROW_31_572,VGND,li1,186.0700,97.6280,0.000571
TAP_TAPCELL_ROW_31_571,VGND,li1,160.3100,97.6280,0.000702
TAP_TAPCELL_ROW_31_570,VGND,li1,134.5500,97.6280,0.001002
TAP_TAPCELL_ROW_31_569,VGND,li1,108.7900,97.6280,0.001089
TAP_TAPCELL_ROW_31_568,VGND,li1,83.0300,97.6280,0.000987
TAP_TAPCELL_ROW_31_567,VGND,li1,57.2700,97.6280,0.000739
TAP_TAPCELL_ROW_31_566,VGND,li1,31.5100,97.6280,0.000348
TAP_TAPCELL_ROW_30_565,VGND,li1,276.2300,92.7710,0.002143
TAP_TAPCELL_ROW_30_564,VGND,li1,250.4700,92.7710,0.001855
TAP_TAPCELL_ROW_30_563,VGND,li1,224.7100,92.7710,0.001457
TAP_TAPCELL_ROW_30_562,VGND,li1,198.9500,92.7710,0.000920
TAP_TAPCELL_ROW_30_561,VGND,li1,173.1900,92.7710,0.000518
TAP_TAPCELL_ROW_30_560,VGND,li1,147.4300,92.7710,0.000873
TAP_TAPCELL_ROW_30_559,VGND,li1,121.6700,92.7710,0.001112
TAP_TAPCELL_ROW_30_558,VGND,li1,95.9100,92.7710,0.001197
TAP_TAPCELL_ROW_30_557,VGND,li1,70.1500,92.7710,0.001045
TAP_TAPCELL_ROW_30_556,VGND,li1,44.3900,92.7710,0.000658
TAP_TAPCELL_ROW_30_555,VGND,li1,18.6300,92.7710,0.000265
TAP_TAPCELL_ROW_29_554,VGND,li1,289.1100,92.1880,0.002205
TAP_TAPCELL_ROW_29_553,VGND,li1,263.3500,92.1880,0.002026
TAP_TAPCELL_ROW_29_552,VGND,li1,237.5900,92.1880,0.001667
TAP_TAPCELL_ROW_29_551,VGND,li1,211.8300,92.1880,0.001172
TAP_TAPCELL_ROW_29_550,VGND,li1,186.0700,92.1880,0.000631
TAP_TAPCELL_ROW_29_549,VGND,li1,160.3100,92.1880,0.000715
TAP_TAPCELL_ROW_29_548,VGND,li1,134.5500,92.1880,0.001022
TAP_TAPCELL_ROW_29_547,VGND,li1,108.7900,92.1880,0.001184
TAP_TAPCELL_ROW_29_546,VGND,li1,83.0300,92.1880,0.001135
TAP_TAPCELL_ROW_29_545,VGND,li1,57.2700,92.1880,0.000897
TAP_TAPCELL_ROW_29_544,VGND,li1,31.5100,92.1880,0.000393
TAP_TAPCELL_ROW_28_543,VGND,li1,276.2300,87.3310,0.002145
TAP_TAPCELL_ROW_28_542,VGND,li1,250.4700,87.3310,0.001985
TAP_TAPCELL_ROW_28_541,VGND,li1,224.7100,87.3310,0.001597
TAP_TAPCELL_ROW_28_540,VGND,li1,198.9500,87.3310,0.001045
TAP_TAPCELL_ROW_28_539,VGND,li1,173.1900,87.3310,0.000503
TAP_TAPCELL_ROW_28_538,VGND,li1,147.4300,87.3310,0.000786
TAP_TAPCELL_ROW_28_537,VGND,li1,121.6700,87.3310,0.000897
TAP_TAPCELL_ROW_28_536,VGND,li1,95.9100,87.3310,0.000868
TAP_TAPCELL_ROW_28_535,VGND,li1,70.1500,87.3310,0.000706
TAP_TAPCELL_ROW_28_534,VGND,li1,44.3900,87.3310,0.000462
TAP_TAPCELL_ROW_28_533,VGND,li1,18.6300,87.3310,0.000222
TAP_TAPCELL_ROW_27_532,VGND,li1,289.1100,86.7480,0.002185
TAP_TAPCELL_ROW_27_531,VGND,li1,263.3500,86.7480,0.002074
TAP_TAPCELL_ROW_27_530,VGND,li1,237.5900,86.7480,0.001811
TAP_TAPCELL_ROW_27_529,VGND,li1,211.8300,86.7480,0.001342
TAP_TAPCELL_ROW_27_528,VGND,li1,186.0700,86.7480,0.000710
TAP_TAPCELL_ROW_27_527,VGND,li1,160.3100,86.7480,0.000654
TAP_TAPCELL_ROW_27_526,VGND,li1,134.5500,86.7480,0.000857
TAP_TAPCELL_ROW_27_525,VGND,li1,108.7900,86.7480,0.000898
TAP_TAPCELL_ROW_27_524,VGND,li1,83.0300,86.7480,0.000793
TAP_TAPCELL_ROW_27_523,VGND,li1,57.2700,86.7480,0.000609
TAP_TAPCELL_ROW_27_522,VGND,li1,31.5100,86.7480,0.000284
TAP_TAPCELL_ROW_26_521,VGND,li1,276.2300,81.8910,0.000705
TAP_TAPCELL_ROW_26_520,VGND,li1,250.4700,81.8910,0.000652
TAP_TAPCELL_ROW_26_519,VGND,li1,224.7100,81.8910,0.000565
TAP_TAPCELL_ROW_26_518,VGND,li1,198.9500,81.8910,0.000400
TAP_TAPCELL_ROW_26_517,VGND,li1,173.1900,81.8910,0.000319
TAP_TAPCELL_ROW_26_516,VGND,li1,147.4300,81.8910,0.000588
TAP_TAPCELL_ROW_26_515,VGND,li1,121.6700,81.8910,0.000712
TAP_TAPCELL_ROW_26_514,VGND,li1,95.9100,81.8910,0.000698
TAP_TAPCELL_ROW_26_513,VGND,li1,70.1500,81.8910,0.000595
TAP_TAPCELL_ROW_26_512,VGND,li1,44.3900,81.8910,0.000404
TAP_TAPCELL_ROW_26_511,VGND,li1,18.6300,81.8910,0.000178
TAP_TAPCELL_ROW_25_510,VGND,li1,289.1100,81.3080,0.000720
TAP_TAPCELL_ROW_25_509,VGND,li1,263.3500,81.3080,0.000687
TAP_TAPCELL_ROW_25_508,VGND,li1,237.5900,81.3080,0.000612
TAP_TAPCELL_ROW_25_507,VGND,li1,211.8300,81.3080,0.000502
TAP_TAPCELL_ROW_25_506,VGND,li1,186.0700,81.3080,0.000306
TAP_TAPCELL_ROW_25_505,VGND,li1,160.3100,81.3080,0.000459
TAP_TAPCELL_ROW_25_504,VGND,li1,134.5500,81.3080,0.000664
TAP_TAPCELL_ROW_25_503,VGND,li1,108.7900,81.3080,0.000718
TAP_TAPCELL_ROW_25_502,VGND,li1,83.0300,81.3080,0.000656
TAP_TAPCELL_ROW_25_501,VGND,li1,57.2700,81.3080,0.000509
TAP_TAPCELL_ROW_25_500,VGND,li1,31.5100,81.3080,0.000227
TAP_TAPCELL_ROW_24_499,VGND,li1,276.2300,76.4510,0.001354
TAP_TAPCELL_ROW_24_498,VGND,li1,250.4700,76.4510,0.001249
TAP_TAPCELL_ROW_24_497,VGND,li1,224.7100,76.4510,0.001026
TAP_TAPCELL_ROW_24_496,VGND,li1,198.9500,76.4510,0.000715
TAP_TAPCELL_ROW_24_495,VGND,li1,173.1900,76.4510,0.000454
TAP_TAPCELL_ROW_24_494,VGND,li1,147.4300,76.4510,0.000878
TAP_TAPCELL_ROW_24_493,VGND,li1,121.6700,76.4510,0.001114
TAP_TAPCELL_ROW_24_492,VGND,li1,95.9100,76.4510,0.001136
TAP_TAPCELL_ROW_24_491,VGND,li1,70.1500,76.4510,0.000984
TAP_TAPCELL_ROW_24_490,VGND,li1,44.3900,76.4510,0.000663
TAP_TAPCELL_ROW_24_489,VGND,li1,18.6300,76.4510,0.000279
TAP_TAPCELL_ROW_23_488,VGND,li1,289.1100,75.8680,0.001354
TAP_TAPCELL_ROW_23_487,VGND,li1,263.3500,75.8680,0.001327
TAP_TAPCELL_ROW_23_486,VGND,li1,237.5900,75.8680,0.001156
TAP_TAPCELL_ROW_23_485,VGND,li1,211.8300,75.8680,0.000874
TAP_TAPCELL_ROW_23_484,VGND,li1,186.0700,75.8680,0.000510
TAP_TAPCELL_ROW_23_483,VGND,li1,160.3100,75.8680,0.000681
TAP_TAPCELL_ROW_23_482,VGND,li1,134.5500,75.8680,0.001020
TAP_TAPCELL_ROW_23_481,VGND,li1,108.7900,75.8680,0.001154
TAP_TAPCELL_ROW_23_480,VGND,li1,83.0300,75.8680,0.001076
TAP_TAPCELL_ROW_23_479,VGND,li1,57.2700,75.8680,0.000860
TAP_TAPCELL_ROW_23_478,VGND,li1,31.5100,75.8680,0.000406
TAP_TAPCELL_ROW_22_477,VGND,li1,276.2300,71.0110,0.001682
TAP_TAPCELL_ROW_22_476,VGND,li1,250.4700,71.0110,0.001604
TAP_TAPCELL_ROW_22_475,VGND,li1,224.7100,71.0110,0.001335
TAP_TAPCELL_ROW_22_474,VGND,li1,198.9500,71.0110,0.000880
TAP_TAPCELL_ROW_22_473,VGND,li1,173.1900,71.0110,0.000520
TAP_TAPCELL_ROW_22_472,VGND,li1,147.4300,71.0110,0.000780
TAP_TAPCELL_ROW_22_471,VGND,li1,121.6700,71.0110,0.000927
TAP_TAPCELL_ROW_22_470,VGND,li1,95.9100,71.0110,0.000946
TAP_TAPCELL_ROW_22_469,VGND,li1,70.1500,71.0110,0.000794
TAP_TAPCELL_ROW_22_468,VGND,li1,44.3900,71.0110,0.000524
TAP_TAPCELL_ROW_22_467,VGND,li1,18.6300,71.0110,0.000279
TAP_TAPCELL_ROW_21_466,VGND,li1,289.1100,70.4280,0.001682
TAP_TAPCELL_ROW_21_465,VGND,li1,263.3500,70.4280,0.001665
TAP_TAPCELL_ROW_21_464,VGND,li1,237.5900,70.4280,0.001512
TAP_TAPCELL_ROW_21_463,VGND,li1,211.8300,70.4280,0.001138
TAP_TAPCELL_ROW_21_462,VGND,li1,186.0700,70.4280,0.000563
TAP_TAPCELL_ROW_21_461,VGND,li1,160.3100,70.4280,0.000656
TAP_TAPCELL_ROW_21_460,VGND,li1,134.5500,70.4280,0.000866
TAP_TAPCELL_ROW_21_459,VGND,li1,108.7900,70.4280,0.000969
TAP_TAPCELL_ROW_21_458,VGND,li1,83.0300,70.4280,0.000892
TAP_TAPCELL_ROW_21_457,VGND,li1,57.2700,70.4280,0.000672
TAP_TAPCELL_ROW_21_456,VGND,li1,31.5100,70.4280,0.000317
TAP_TAPCELL_ROW_20_455,VGND,li1,276.2300,65.5710,0.000834
TAP_TAPCELL_ROW_20_454,VGND,li1,250.4700,65.5710,0.000800
TAP_TAPCELL_ROW_20_453,VGND,li1,224.7100,65.5710,0.000702
TAP_TAPCELL_ROW_20_452,VGND,li1,198.9500,65.5710,0.000482
TAP_TAPCELL_ROW_20_451,VGND,li1,173.1900,65.5710,0.000312
TAP_TAPCELL_ROW_20_450,VGND,li1,147.4300,65.5710,0.000585
TAP_TAPCELL_ROW_20_449,VGND,li1,121.6700,65.5710,0.000747
TAP_TAPCELL_ROW_20_448,VGND,li1,95.9100,65.5710,0.000801
TAP_TAPCELL_ROW_20_447,VGND,li1,70.1500,65.5710,0.000696
TAP_TAPCELL_ROW_20_446,VGND,li1,44.3900,65.5710,0.000446
TAP_TAPCELL_ROW_20_445,VGND,li1,18.6300,65.5710,0.000194
TAP_TAPCELL_ROW_19_444,VGND,li1,289.1100,64.9880,0.000834
TAP_TAPCELL_ROW_19_443,VGND,li1,263.3500,64.9880,0.000827
TAP_TAPCELL_ROW_19_442,VGND,li1,237.5900,64.9880,0.000762
TAP_TAPCELL_ROW_19_441,VGND,li1,211.8300,64.9880,0.000590
TAP_TAPCELL_ROW_19_440,VGND,li1,186.0700,64.9880,0.000340
TAP_TAPCELL_ROW_19_439,VGND,li1,160.3100,64.9880,0.000455
TAP_TAPCELL_ROW_19_438,VGND,li1,134.5500,64.9880,0.000677
TAP_TAPCELL_ROW_19_437,VGND,li1,108.7900,64.9880,0.000790
TAP_TAPCELL_ROW_19_436,VGND,li1,83.0300,64.9880,0.000778
TAP_TAPCELL_ROW_19_435,VGND,li1,57.2700,64.9880,0.000589
TAP_TAPCELL_ROW_19_434,VGND,li1,31.5100,64.9880,0.000252
TAP_TAPCELL_ROW_18_433,VGND,li1,276.2300,60.1310,0.000299
TAP_TAPCELL_ROW_18_432,VGND,li1,250.4700,60.1310,0.000295
TAP_TAPCELL_ROW_18_431,VGND,li1,224.7100,60.1310,0.000278
TAP_TAPCELL_ROW_18_430,VGND,li1,198.9500,60.1310,0.000233
TAP_TAPCELL_ROW_18_429,VGND,li1,173.1900,60.1310,0.000288
TAP_TAPCELL_ROW_18_428,VGND,li1,147.4300,60.1310,0.000619
TAP_TAPCELL_ROW_18_427,VGND,li1,121.6700,60.1310,0.000772
TAP_TAPCELL_ROW_18_426,VGND,li1,95.9100,60.1310,0.000796
TAP_TAPCELL_ROW_18_425,VGND,li1,70.1500,60.1310,0.000690
TAP_TAPCELL_ROW_18_424,VGND,li1,44.3900,60.1310,0.000465
TAP_TAPCELL_ROW_18_423,VGND,li1,18.6300,60.1310,0.000230
TAP_TAPCELL_ROW_17_422,VGND,li1,289.1100,59.5480,0.000299
TAP_TAPCELL_ROW_17_421,VGND,li1,263.3500,59.5480,0.000299
TAP_TAPCELL_ROW_17_420,VGND,li1,237.5900,59.5480,0.000287
TAP_TAPCELL_ROW_17_419,VGND,li1,211.8300,59.5480,0.000259
TAP_TAPCELL_ROW_17_418,VGND,li1,186.0700,59.5480,0.000203
TAP_TAPCELL_ROW_17_417,VGND,li1,160.3100,59.5480,0.000474
TAP_TAPCELL_ROW_17_416,VGND,li1,134.5500,59.5480,0.000719
TAP_TAPCELL_ROW_17_415,VGND,li1,108.7900,59.5480,0.000798
TAP_TAPCELL_ROW_17_414,VGND,li1,83.0300,59.5480,0.000766
TAP_TAPCELL_ROW_17_413,VGND,li1,57.2700,59.5480,0.000599
TAP_TAPCELL_ROW_17_412,VGND,li1,31.5100,59.5480,0.000300
TAP_TAPCELL_ROW_16_411,VGND,li1,276.2300,54.6910,0.000157
TAP_TAPCELL_ROW_16_410,VGND,li1,250.4700,54.6910,0.000157
TAP_TAPCELL_ROW_16_409,VGND,li1,224.7100,54.6910,0.000157
TAP_TAPCELL_ROW_16_408,VGND,li1,198.9500,54.6910,0.000157
TAP_TAPCELL_ROW_16_407,VGND,li1,173.1900,54.6910,0.000242
TAP_TAPCELL_ROW_16_406,VGND,li1,147.4300,54.6910,0.000519
TAP_TAPCELL_ROW_16_405,VGND,li1,121.6700,54.6910,0.000701
TAP_TAPCELL_ROW_16_404,VGND,li1,95.9100,54.6910,0.000758
TAP_TAPCELL_ROW_16_403,VGND,li1,70.1500,54.6910,0.000650
TAP_TAPCELL_ROW_16_402,VGND,li1,44.3900,54.6910,0.000396
TAP_TAPCELL_ROW_16_401,VGND,li1,18.6300,54.6910,0.000176
TAP_TAPCELL_ROW_15_400,VGND,li1,289.1100,54.1080,0.000157
TAP_TAPCELL_ROW_15_399,VGND,li1,263.3500,54.1080,0.000157
TAP_TAPCELL_ROW_15_398,VGND,li1,237.5900,54.1080,0.000157
TAP_TAPCELL_ROW_15_397,VGND,li1,211.8300,54.1080,0.000157
TAP_TAPCELL_ROW_15_396,VGND,li1,186.0700,54.1080,0.000155
TAP_TAPCELL_ROW_15_395,VGND,li1,160.3100,54.1080,0.000390
TAP_TAPCELL_ROW_15_394,VGND,li1,134.5500,54.1080,0.000620
TAP_TAPCELL_ROW_15_393,VGND,li1,108.7900,54.1080,0.000745
TAP_TAPCELL_ROW_15_392,VGND,li1,83.0300,54.1080,0.000714
TAP_TAPCELL_ROW_15_391,VGND,li1,57.2700,54.1080,0.000541
TAP_TAPCELL_ROW_15_390,VGND,li1,31.5100,54.1080,0.000251
TAP_TAPCELL_ROW_14_389,VGND,li1,276.2300,49.2510,0.000159
TAP_TAPCELL_ROW_14_388,VGND,li1,250.4700,49.2510,0.000159
TAP_TAPCELL_ROW_14_387,VGND,li1,224.7100,49.2510,0.000159
TAP_TAPCELL_ROW_14_386,VGND,li1,198.9500,49.2510,0.000159
TAP_TAPCELL_ROW_14_385,VGND,li1,173.1900,49.2510,0.000247
TAP_TAPCELL_ROW_14_384,VGND,li1,147.4300,49.2510,0.000524
TAP_TAPCELL_ROW_14_383,VGND,li1,121.6700,49.2510,0.000703
TAP_TAPCELL_ROW_14_382,VGND,li1,95.9100,49.2510,0.000733
TAP_TAPCELL_ROW_14_381,VGND,li1,70.1500,49.2510,0.000625
TAP_TAPCELL_ROW_14_380,VGND,li1,44.3900,49.2510,0.000397
TAP_TAPCELL_ROW_14_379,VGND,li1,18.6300,49.2510,0.000176
TAP_TAPCELL_ROW_13_378,VGND,li1,289.1100,48.6680,0.000159
TAP_TAPCELL_ROW_13_377,VGND,li1,263.3500,48.6680,0.000159
TAP_TAPCELL_ROW_13_376,VGND,li1,237.5900,48.6680,0.000159
TAP_TAPCELL_ROW_13_375,VGND,li1,211.8300,48.6680,0.000159
TAP_TAPCELL_ROW_13_374,VGND,li1,186.0700,48.6680,0.000159
TAP_TAPCELL_ROW_13_373,VGND,li1,160.3100,48.6680,0.000404
TAP_TAPCELL_ROW_13_372,VGND,li1,134.5500,48.6680,0.000629
TAP_TAPCELL_ROW_13_371,VGND,li1,108.7900,48.6680,0.000741
TAP_TAPCELL_ROW_13_370,VGND,li1,83.0300,48.6680,0.000697
TAP_TAPCELL_ROW_13_369,VGND,li1,57.2700,48.6680,0.000527
TAP_TAPCELL_ROW_13_368,VGND,li1,31.5100,48.6680,0.000245
TAP_TAPCELL_ROW_12_367,VGND,li1,276.2300,43.8110,0.000143
TAP_TAPCELL_ROW_12_366,VGND,li1,250.4700,43.8110,0.000143
TAP_TAPCELL_ROW_12_365,VGND,li1,224.7100,43.8110,0.000143
TAP_TAPCELL_ROW_12_364,VGND,li1,198.9500,43.8110,0.000143
TAP_TAPCELL_ROW_12_363,VGND,li1,173.1900,43.8110,0.000226
TAP_TAPCELL_ROW_12_362,VGND,li1,147.4300,43.8110,0.000484
TAP_TAPCELL_ROW_12_361,VGND,li1,121.6700,43.8110,0.000615
TAP_TAPCELL_ROW_12_360,VGND,li1,95.9100,43.8110,0.000651
TAP_TAPCELL_ROW_12_359,VGND,li1,70.1500,43.8110,0.000582
TAP_TAPCELL_ROW_12_358,VGND,li1,44.3900,43.8110,0.000428
TAP_TAPCELL_ROW_12_357,VGND,li1,18.6300,43.8110,0.000202
TAP_TAPCELL_ROW_11_356,VGND,li1,289.1100,43.2280,0.000143
TAP_TAPCELL_ROW_11_355,VGND,li1,263.3500,43.2280,0.000143
TAP_TAPCELL_ROW_11_354,VGND,li1,237.5900,43.2280,0.000143
TAP_TAPCELL_ROW_11_353,VGND,li1,211.8300,43.2280,0.000143
TAP_TAPCELL_ROW_11_352,VGND,li1,186.0700,43.2280,0.000143
TAP_TAPCELL_ROW_11_351,VGND,li1,160.3100,43.2280,0.000369
TAP_TAPCELL_ROW_11_350,VGND,li1,134.5500,43.2280,0.000557
TAP_TAPCELL_ROW_11_349,VGND,li1,108.7900,43.2280,0.000643
TAP_TAPCELL_ROW_11_348,VGND,li1,83.0300,43.2280,0.000634
TAP_TAPCELL_ROW_11_347,VGND,li1,57.2700,43.2280,0.000525
TAP_TAPCELL_ROW_11_346,VGND,li1,31.5100,43.2280,0.000284
TAP_TAPCELL_ROW_10_345,VGND,li1,276.2300,38.3710,0.000206
TAP_TAPCELL_ROW_10_344,VGND,li1,250.4700,38.3710,0.000206
TAP_TAPCELL_ROW_10_343,VGND,li1,224.7100,38.3710,0.000206
TAP_TAPCELL_ROW_10_342,VGND,li1,198.9500,38.3710,0.000206
TAP_TAPCELL_ROW_10_341,VGND,li1,173.1900,38.3710,0.000293
TAP_TAPCELL_ROW_10_340,VGND,li1,147.4300,38.3710,0.000608
TAP_TAPCELL_ROW_10_339,VGND,li1,121.6700,38.3710,0.000757
TAP_TAPCELL_ROW_10_338,VGND,li1,95.9100,38.3710,0.000806
TAP_TAPCELL_ROW_10_337,VGND,li1,70.1500,38.3710,0.000730
TAP_TAPCELL_ROW_10_336,VGND,li1,44.3900,38.3710,0.000481
TAP_TAPCELL_ROW_10_335,VGND,li1,18.6300,38.3710,0.000212
TAP_TAPCELL_ROW_9_334,VGND,li1,289.1100,37.7880,0.000206
TAP_TAPCELL_ROW_9_333,VGND,li1,263.3500,37.7880,0.000206
TAP_TAPCELL_ROW_9_332,VGND,li1,237.5900,37.7880,0.000206
TAP_TAPCELL_ROW_9_331,VGND,li1,211.8300,37.7880,0.000206
TAP_TAPCELL_ROW_9_330,VGND,li1,186.0700,37.7880,0.000206
TAP_TAPCELL_ROW_9_329,VGND,li1,160.3100,37.7880,0.000477
TAP_TAPCELL_ROW_9_328,VGND,li1,134.5500,37.7880,0.000689
TAP_TAPCELL_ROW_9_327,VGND,li1,108.7900,37.7880,0.000795
TAP_TAPCELL_ROW_9_326,VGND,li1,83.0300,37.7880,0.000791
TAP_TAPCELL_ROW_9_325,VGND,li1,57.2700,37.7880,0.000633
TAP_TAPCELL_ROW_9_324,VGND,li1,31.5100,37.7880,0.000310
TAP_TAPCELL_ROW_8_323,VGND,li1,276.2300,32.9310,0.000147
TAP_TAPCELL_ROW_8_322,VGND,li1,250.4700,32.9310,0.000147
TAP_TAPCELL_ROW_8_321,VGND,li1,224.7100,32.9310,0.000147
TAP_TAPCELL_ROW_8_320,VGND,li1,198.9500,32.9310,0.000147
TAP_TAPCELL_ROW_8_319,VGND,li1,173.1900,32.9310,0.000208
TAP_TAPCELL_ROW_8_318,VGND,li1,147.4300,32.9310,0.000424
TAP_TAPCELL_ROW_8_317,VGND,li1,121.6700,32.9310,0.000566
TAP_TAPCELL_ROW_8_316,VGND,li1,95.9100,32.9310,0.000621
TAP_TAPCELL_ROW_8_315,VGND,li1,70.1500,32.9310,0.000554
TAP_TAPCELL_ROW_8_314,VGND,li1,44.3900,32.9310,0.000385
TAP_TAPCELL_ROW_8_313,VGND,li1,18.6300,32.9310,0.000178
TAP_TAPCELL_ROW_7_312,VGND,li1,289.1100,32.3480,0.000147
TAP_TAPCELL_ROW_7_311,VGND,li1,263.3500,32.3480,0.000147
TAP_TAPCELL_ROW_7_310,VGND,li1,237.5900,32.3480,0.000147
TAP_TAPCELL_ROW_7_309,VGND,li1,211.8300,32.3480,0.000147
TAP_TAPCELL_ROW_7_308,VGND,li1,186.0700,32.3480,0.000144
TAP_TAPCELL_ROW_7_307,VGND,li1,160.3100,32.3480,0.000311
TAP_TAPCELL_ROW_7_306,VGND,li1,134.5500,32.3480,0.000506
TAP_TAPCELL_ROW_7_305,VGND,li1,108.7900,32.3480,0.000605
TAP_TAPCELL_ROW_7_304,VGND,li1,83.0300,32.3480,0.000606
TAP_TAPCELL_ROW_7_303,VGND,li1,57.2700,32.3480,0.000485
TAP_TAPCELL_ROW_7_302,VGND,li1,31.5100,32.3480,0.000234
TAP_TAPCELL_ROW_6_301,VGND,li1,276.2300,27.4910,0.000137
TAP_TAPCELL_ROW_6_300,VGND,li1,250.4700,27.4910,0.000137
TAP_TAPCELL_ROW_6_299,VGND,li1,224.7100,27.4910,0.000137
TAP_TAPCELL_ROW_6_298,VGND,li1,198.9500,27.4910,0.000137
TAP_TAPCELL_ROW_6_297,VGND,li1,173.1900,27.4910,0.000209
TAP_TAPCELL_ROW_6_296,VGND,li1,147.4300,27.4910,0.000487
TAP_TAPCELL_ROW_6_295,VGND,li1,121.6700,27.4910,0.000612
TAP_TAPCELL_ROW_6_294,VGND,li1,95.9100,27.4910,0.000617
TAP_TAPCELL_ROW_6_293,VGND,li1,70.1500,27.4910,0.000539
TAP_TAPCELL_ROW_6_292,VGND,li1,44.3900,27.4910,0.000352
TAP_TAPCELL_ROW_6_291,VGND,li1,18.6300,27.4910,0.000124
TAP_TAPCELL_ROW_5_290,VGND,li1,289.1100,26.9080,0.000137
TAP_TAPCELL_ROW_5_289,VGND,li1,263.3500,26.9080,0.000137
TAP_TAPCELL_ROW_5_288,VGND,li1,237.5900,26.9080,0.000137
TAP_TAPCELL_ROW_5_287,VGND,li1,211.8300,26.9080,0.000137
TAP_TAPCELL_ROW_5_286,VGND,li1,186.0700,26.9080,0.000137
TAP_TAPCELL_ROW_5_285,VGND,li1,160.3100,26.9080,0.000359
TAP_TAPCELL_ROW_5_284,VGND,li1,134.5500,26.9080,0.000579
TAP_TAPCELL_ROW_5_283,VGND,li1,108.7900,26.9080,0.000623
TAP_TAPCELL_ROW_5_282,VGND,li1,83.0300,26.9080,0.000589
TAP_TAPCELL_ROW_5_281,VGND,li1,57.2700,26.9080,0.000477
TAP_TAPCELL_ROW_5_280,VGND,li1,31.5100,26.9080,0.000195
TAP_TAPCELL_ROW_4_279,VGND,li1,276.2300,22.0510,0.000137
TAP_TAPCELL_ROW_4_278,VGND,li1,250.4700,22.0510,0.000137
TAP_TAPCELL_ROW_4_277,VGND,li1,224.7100,22.0510,0.000137
TAP_TAPCELL_ROW_4_276,VGND,li1,198.9500,22.0510,0.000137
TAP_TAPCELL_ROW_4_275,VGND,li1,173.1900,22.0510,0.000203
TAP_TAPCELL_ROW_4_274,VGND,li1,147.4300,22.0510,0.000480
TAP_TAPCELL_ROW_4_273,VGND,li1,121.6700,22.0510,0.000633
TAP_TAPCELL_ROW_4_272,VGND,li1,95.9100,22.0510,0.000663
TAP_TAPCELL_ROW_4_271,VGND,li1,70.1500,22.0510,0.000550
TAP_TAPCELL_ROW_4_270,VGND,li1,44.3900,22.0510,0.000325
TAP_TAPCELL_ROW_4_269,VGND,li1,18.6300,22.0510,0.000111
TAP_TAPCELL_ROW_3_268,VGND,li1,289.1100,21.4680,0.000137
TAP_TAPCELL_ROW_3_267,VGND,li1,263.3500,21.4680,0.000137
TAP_TAPCELL_ROW_3_266,VGND,li1,237.5900,21.4680,0.000137
TAP_TAPCELL_ROW_3_265,VGND,li1,211.8300,21.4680,0.000137
TAP_TAPCELL_ROW_3_264,VGND,li1,186.0700,21.4680,0.000137
TAP_TAPCELL_ROW_3_263,VGND,li1,160.3100,21.4680,0.000359
TAP_TAPCELL_ROW_3_262,VGND,li1,134.5500,21.4680,0.000574
TAP_TAPCELL_ROW_3_261,VGND,li1,108.7900,21.4680,0.000664
TAP_TAPCELL_ROW_3_260,VGND,li1,83.0300,21.4680,0.000629
TAP_TAPCELL_ROW_3_259,VGND,li1,57.2700,21.4680,0.000460
TAP_TAPCELL_ROW_3_258,VGND,li1,31.5100,21.4680,0.000164
TAP_TAPCELL_ROW_2_257,VGND,li1,276.2300,16.6110,0.000146
TAP_TAPCELL_ROW_2_256,VGND,li1,250.4700,16.6110,0.000146
TAP_TAPCELL_ROW_2_255,VGND,li1,224.7100,16.6110,0.000146
TAP_TAPCELL_ROW_2_254,VGND,li1,198.9500,16.6110,0.000146
TAP_TAPCELL_ROW_2_253,VGND,li1,173.1900,16.6110,0.000225
TAP_TAPCELL_ROW_2_252,VGND,li1,147.4300,16.6110,0.000537
TAP_TAPCELL_ROW_2_251,VGND,li1,121.6700,16.6110,0.000680
TAP_TAPCELL_ROW_2_250,VGND,li1,95.9100,16.6110,0.000680
TAP_TAPCELL_ROW_2_249,VGND,li1,70.1500,16.6110,0.000540
TAP_TAPCELL_ROW_2_248,VGND,li1,44.3900,16.6110,0.000311
TAP_TAPCELL_ROW_2_247,VGND,li1,18.6300,16.6110,0.000106
TAP_TAPCELL_ROW_1_246,VGND,li1,289.1100,16.0280,0.000146
TAP_TAPCELL_ROW_1_245,VGND,li1,263.3500,16.0280,0.000146
TAP_TAPCELL_ROW_1_244,VGND,li1,237.5900,16.0280,0.000146
TAP_TAPCELL_ROW_1_243,VGND,li1,211.8300,16.0280,0.000146
TAP_TAPCELL_ROW_1_242,VGND,li1,186.0700,16.0280,0.000146
TAP_TAPCELL_ROW_1_241,VGND,li1,160.3100,16.0280,0.000397
TAP_TAPCELL_ROW_1_240,VGND,li1,134.5500,16.0280,0.000636
TAP_TAPCELL_ROW_1_239,VGND,li1,108.7900,16.0280,0.000687
TAP_TAPCELL_ROW_1_238,VGND,li1,83.0300,16.0280,0.000625
TAP_TAPCELL_ROW_1_237,VGND,li1,57.2700,16.0280,0.000434
TAP_TAPCELL_ROW_1_236,VGND,li1,31.5100,16.0280,0.000157
TAP_TAPCELL_ROW_0_235,VGND,li1,289.1100,11.1710,0.000008
TAP_TAPCELL_ROW_0_234,VGND,li1,276.2300,11.1710,0.000008
TAP_TAPCELL_ROW_0_233,VGND,li1,263.3500,11.1710,0.000008
TAP_TAPCELL_ROW_0_232,VGND,li1,250.4700,11.1710,0.000008
TAP_TAPCELL_ROW_0_231,VGND,li1,237.5900,11.1710,0.000008
TAP_TAPCELL_ROW_0_230,VGND,li1,224.7100,11.1710,0.000008
TAP_TAPCELL_ROW_0_229,VGND,li1,211.8300,11.1710,0.000008
TAP_TAPCELL_ROW_0_228,VGND,li1,198.9500,11.1710,0.000008
TAP_TAPCELL_ROW_0_227,VGND,li1,186.0700,11.1710,0.000008
TAP_TAPCELL_ROW_0_226,VGND,li1,173.1900,11.1710,0.000012
TAP_TAPCELL_ROW_0_225,VGND,li1,160.3100,11.1710,0.000022
TAP_TAPCELL_ROW_0_224,VGND,li1,147.4300,11.1710,0.000031
TAP_TAPCELL_ROW_0_223,VGND,li1,134.5500,11.1710,0.000031
TAP_TAPCELL_ROW_0_222,VGND,li1,121.6700,11.1710,0.000028
TAP_TAPCELL_ROW_0_221,VGND,li1,108.7900,11.1710,0.000025
TAP_TAPCELL_ROW_0_220,VGND,li1,95.9100,11.1710,0.000022
TAP_TAPCELL_ROW_0_219,VGND,li1,83.0300,11.1710,0.000019
TAP_TAPCELL_ROW_0_218,VGND,li1,70.1500,11.1710,0.000015
TAP_TAPCELL_ROW_0_217,VGND,li1,57.2700,11.1710,0.000012
TAP_TAPCELL_ROW_0_216,VGND,li1,44.3900,11.1710,0.000008
TAP_TAPCELL_ROW_0_215,VGND,li1,31.5100,11.1710,0.000004
TAP_TAPCELL_ROW_0_214,VGND,li1,18.6300,11.1710,0.000003
PHY_EDGE_ROW_106_Left_213,VGND,li1,6.2100,299.2000,0.000184
PHY_EDGE_ROW_105_Left_212,VGND,li1,6.2100,299.2000,0.000184
PHY_EDGE_ROW_104_Left_211,VGND,li1,6.2100,293.7600,0.000199
PHY_EDGE_ROW_103_Left_210,VGND,li1,6.2100,293.7600,0.000199
PHY_EDGE_ROW_102_Left_209,VGND,li1,6.2100,288.3200,0.000156
PHY_EDGE_ROW_101_Left_208,VGND,li1,6.2100,288.3200,0.000156
PHY_EDGE_ROW_100_Left_207,VGND,li1,6.2100,282.8800,0.000099
PHY_EDGE_ROW_99_Left_206,VGND,li1,6.2100,282.8800,0.000099
PHY_EDGE_ROW_98_Left_205,VGND,li1,6.2100,277.4400,0.000039
PHY_EDGE_ROW_97_Left_204,VGND,li1,6.2100,277.4400,0.000039
PHY_EDGE_ROW_96_Left_203,VGND,li1,6.2100,272.0000,0.000013
PHY_EDGE_ROW_95_Left_202,VGND,li1,6.2100,272.0000,0.000013
PHY_EDGE_ROW_94_Left_201,VGND,li1,6.2100,266.5600,0.000026
PHY_EDGE_ROW_93_Left_200,VGND,li1,6.2100,266.5600,0.000026
PHY_EDGE_ROW_92_Left_199,VGND,li1,6.2100,261.1200,0.000021
PHY_EDGE_ROW_91_Left_198,VGND,li1,6.2100,261.1200,0.000021
PHY_EDGE_ROW_90_Left_197,VGND,li1,6.2100,255.6800,0.000058
PHY_EDGE_ROW_89_Left_196,VGND,li1,6.2100,255.6800,0.000058
PHY_EDGE_ROW_88_Left_195,VGND,li1,6.2100,250.2400,0.000065
PHY_EDGE_ROW_87_Left_194,VGND,li1,6.2100,250.2400,0.000065
PHY_EDGE_ROW_86_Left_193,VGND,li1,6.2100,244.8000,0.000183
PHY_EDGE_ROW_85_Left_192,VGND,li1,6.2100,244.8000,0.000183
PHY_EDGE_ROW_84_Left_191,VGND,li1,6.2100,239.3600,0.000217
PHY_EDGE_ROW_83_Left_190,VGND,li1,6.2100,239.3600,0.000217
PHY_EDGE_ROW_82_Left_189,VGND,li1,6.2100,233.9200,0.000167
PHY_EDGE_ROW_81_Left_188,VGND,li1,6.2100,233.9200,0.000167
PHY_EDGE_ROW_80_Left_187,VGND,li1,6.2100,228.4800,0.000243
PHY_EDGE_ROW_79_Left_186,VGND,li1,6.2100,228.4800,0.000243
PHY_EDGE_ROW_78_Left_185,VGND,li1,6.2100,223.0400,0.000218
PHY_EDGE_ROW_77_Left_184,VGND,li1,6.2100,223.0400,0.000218
PHY_EDGE_ROW_76_Left_183,VGND,li1,6.2100,217.6000,0.000221
PHY_EDGE_ROW_75_Left_182,VGND,li1,6.2100,217.6000,0.000221
PHY_EDGE_ROW_74_Left_181,VGND,li1,6.2100,212.1600,0.000348
PHY_EDGE_ROW_73_Left_180,VGND,li1,6.2100,212.1600,0.000348
PHY_EDGE_ROW_72_Left_179,VGND,li1,6.2100,206.7200,0.000247
PHY_EDGE_ROW_71_Left_178,VGND,li1,6.2100,206.7200,0.000247
PHY_EDGE_ROW_70_Left_177,VGND,li1,6.2100,201.2800,0.000322
PHY_EDGE_ROW_69_Left_176,VGND,li1,6.2100,201.2800,0.000322
PHY_EDGE_ROW_68_Left_175,VGND,li1,6.2100,195.8400,0.000192
PHY_EDGE_ROW_67_Left_174,VGND,li1,6.2100,195.8400,0.000192
PHY_EDGE_ROW_66_Left_173,VGND,li1,6.2100,190.4000,0.000185
PHY_EDGE_ROW_65_Left_172,VGND,li1,6.2100,190.4000,0.000185
PHY_EDGE_ROW_64_Left_171,VGND,li1,6.2100,184.9600,0.000259
PHY_EDGE_ROW_63_Left_170,VGND,li1,6.2100,184.9600,0.000259
PHY_EDGE_ROW_62_Left_169,VGND,li1,6.2100,179.5200,0.000238
PHY_EDGE_ROW_61_Left_168,VGND,li1,6.2100,179.5200,0.000238
PHY_EDGE_ROW_60_Left_167,VGND,li1,6.2100,174.0800,0.000296
PHY_EDGE_ROW_59_Left_166,VGND,li1,6.2100,174.0800,0.000296
PHY_EDGE_ROW_58_Left_165,VGND,li1,6.2100,168.6400,0.000215
PHY_EDGE_ROW_57_Left_164,VGND,li1,6.2100,168.6400,0.000215
PHY_EDGE_ROW_56_Left_163,VGND,li1,6.2100,163.2000,0.000188
PHY_EDGE_ROW_55_Left_162,VGND,li1,6.2100,163.2000,0.000188
PHY_EDGE_ROW_54_Left_161,VGND,li1,6.2100,157.7600,0.000246
PHY_EDGE_ROW_53_Left_160,VGND,li1,6.2100,157.7600,0.000246
PHY_EDGE_ROW_52_Left_159,VGND,li1,6.2100,152.3200,0.000231
PHY_EDGE_ROW_51_Left_158,VGND,li1,6.2100,152.3200,0.000231
PHY_EDGE_ROW_50_Left_157,VGND,li1,6.2100,146.8800,0.000253
PHY_EDGE_ROW_49_Left_156,VGND,li1,6.2100,146.8800,0.000253
PHY_EDGE_ROW_48_Left_155,VGND,li1,6.2100,141.4400,0.000201
PHY_EDGE_ROW_47_Left_154,VGND,li1,6.2100,141.4400,0.000201
PHY_EDGE_ROW_46_Left_153,VGND,li1,6.2100,136.0000,0.000232
PHY_EDGE_ROW_45_Left_152,VGND,li1,6.2100,136.0000,0.000232
PHY_EDGE_ROW_44_Left_151,VGND,li1,6.2100,130.5600,0.000279
PHY_EDGE_ROW_43_Left_150,VGND,li1,6.2100,130.5600,0.000279
PHY_EDGE_ROW_42_Left_149,VGND,li1,6.2100,125.1200,0.000322
PHY_EDGE_ROW_41_Left_148,VGND,li1,6.2100,125.1200,0.000322
PHY_EDGE_ROW_40_Left_147,VGND,li1,6.2100,119.6800,0.000214
PHY_EDGE_ROW_39_Left_146,VGND,li1,6.2100,119.6800,0.000214
PHY_EDGE_ROW_38_Left_145,VGND,li1,6.2100,114.2400,0.000267
PHY_EDGE_ROW_37_Left_144,VGND,li1,6.2100,114.2400,0.000267
PHY_EDGE_ROW_36_Left_143,VGND,li1,6.2100,108.8000,0.000241
PHY_EDGE_ROW_35_Left_142,VGND,li1,6.2100,108.8000,0.000241
PHY_EDGE_ROW_34_Left_141,VGND,li1,6.2100,103.3600,0.000211
PHY_EDGE_ROW_33_Left_140,VGND,li1,6.2100,103.3600,0.000211
PHY_EDGE_ROW_32_Left_139,VGND,li1,6.2100,97.9200,0.000287
PHY_EDGE_ROW_31_Left_138,VGND,li1,6.2100,97.9200,0.000287
PHY_EDGE_ROW_30_Left_137,VGND,li1,6.2100,92.4800,0.000271
PHY_EDGE_ROW_29_Left_136,VGND,li1,6.2100,92.4800,0.000271
PHY_EDGE_ROW_28_Left_135,VGND,li1,6.2100,87.0400,0.000232
PHY_EDGE_ROW_27_Left_134,VGND,li1,6.2100,87.0400,0.000232
PHY_EDGE_ROW_26_Left_133,VGND,li1,6.2100,81.6000,0.000185
PHY_EDGE_ROW_25_Left_132,VGND,li1,6.2100,81.6000,0.000185
PHY_EDGE_ROW_24_Left_131,VGND,li1,6.2100,76.1600,0.000291
PHY_EDGE_ROW_23_Left_130,VGND,li1,6.2100,76.1600,0.000291
PHY_EDGE_ROW_22_Left_129,VGND,li1,6.2100,70.7200,0.000291
PHY_EDGE_ROW_21_Left_128,VGND,li1,6.2100,70.7200,0.000291
PHY_EDGE_ROW_20_Left_127,VGND,li1,6.2100,65.2800,0.000203
PHY_EDGE_ROW_19_Left_126,VGND,li1,6.2100,65.2800,0.000203
PHY_EDGE_ROW_18_Left_125,VGND,li1,6.2100,59.8400,0.000248
PHY_EDGE_ROW_17_Left_124,VGND,li1,6.2100,59.8400,0.000248
PHY_EDGE_ROW_16_Left_123,VGND,li1,6.2100,54.4000,0.000184
PHY_EDGE_ROW_15_Left_122,VGND,li1,6.2100,54.4000,0.000184
PHY_EDGE_ROW_14_Left_121,VGND,li1,6.2100,48.9600,0.000182
PHY_EDGE_ROW_13_Left_120,VGND,li1,6.2100,48.9600,0.000182
PHY_EDGE_ROW_12_Left_119,VGND,li1,6.2100,43.5200,0.000208
PHY_EDGE_ROW_11_Left_118,VGND,li1,6.2100,43.5200,0.000208
PHY_EDGE_ROW_10_Left_117,VGND,li1,6.2100,38.0800,0.000227
PHY_EDGE_ROW_9_Left_116,VGND,li1,6.2100,38.0800,0.000227
PHY_EDGE_ROW_8_Left_115,VGND,li1,6.2100,32.6400,0.000184
PHY_EDGE_ROW_7_Left_114,VGND,li1,6.2100,32.6400,0.000184
PHY_EDGE_ROW_6_Left_113,VGND,li1,6.2100,27.2000,0.000124
PHY_EDGE_ROW_5_Left_112,VGND,li1,6.2100,27.2000,0.000124
PHY_EDGE_ROW_4_Left_111,VGND,li1,6.2100,21.7600,0.000111
PHY_EDGE_ROW_3_Left_110,VGND,li1,6.2100,21.7600,0.000111
PHY_EDGE_ROW_2_Left_109,VGND,li1,6.2100,16.3200,0.000106
PHY_EDGE_ROW_1_Left_108,VGND,li1,6.2100,16.3200,0.000106
PHY_EDGE_ROW_0_Left_107,VGND,li1,6.2100,10.8800,0.000003
PHY_EDGE_ROW_106_Right_106,VGND,li1,296.0100,299.2000,0.000824
PHY_EDGE_ROW_105_Right_105,VGND,li1,296.0100,299.2000,0.000824
PHY_EDGE_ROW_104_Right_104,VGND,li1,296.0100,293.7600,0.000736
PHY_EDGE_ROW_103_Right_103,VGND,li1,296.0100,293.7600,0.000736
PHY_EDGE_ROW_102_Right_102,VGND,li1,296.0100,288.3200,0.000934
PHY_EDGE_ROW_101_Right_101,VGND,li1,296.0100,288.3200,0.000934
PHY_EDGE_ROW_100_Right_100,VGND,li1,296.0100,282.8800,0.000840
PHY_EDGE_ROW_99_Right_99,VGND,li1,296.0100,282.8800,0.000840
PHY_EDGE_ROW_98_Right_98,VGND,li1,296.0100,277.4400,0.000918
PHY_EDGE_ROW_97_Right_97,VGND,li1,296.0100,277.4400,0.000918
PHY_EDGE_ROW_96_Right_96,VGND,li1,296.0100,272.0000,0.000840
PHY_EDGE_ROW_95_Right_95,VGND,li1,296.0100,272.0000,0.000840
PHY_EDGE_ROW_94_Right_94,VGND,li1,296.0100,266.5600,0.000746
PHY_EDGE_ROW_93_Right_93,VGND,li1,296.0100,266.5600,0.000746
PHY_EDGE_ROW_92_Right_92,VGND,li1,296.0100,261.1200,0.000832
PHY_EDGE_ROW_91_Right_91,VGND,li1,296.0100,261.1200,0.000832
PHY_EDGE_ROW_90_Right_90,VGND,li1,296.0100,255.6800,0.001306
PHY_EDGE_ROW_89_Right_89,VGND,li1,296.0100,255.6800,0.001306
PHY_EDGE_ROW_88_Right_88,VGND,li1,296.0100,250.2400,0.001158
PHY_EDGE_ROW_87_Right_87,VGND,li1,296.0100,250.2400,0.001158
PHY_EDGE_ROW_86_Right_86,VGND,li1,296.0100,244.8000,0.001183
PHY_EDGE_ROW_85_Right_85,VGND,li1,296.0100,244.8000,0.001183
PHY_EDGE_ROW_84_Right_84,VGND,li1,296.0100,239.3600,0.001006
PHY_EDGE_ROW_83_Right_83,VGND,li1,296.0100,239.3600,0.001006
PHY_EDGE_ROW_82_Right_82,VGND,li1,296.0100,233.9200,0.001174
PHY_EDGE_ROW_81_Right_81,VGND,li1,296.0100,233.9200,0.001174
PHY_EDGE_ROW_80_Right_80,VGND,li1,296.0100,228.4800,0.001913
PHY_EDGE_ROW_79_Right_79,VGND,li1,296.0100,228.4800,0.001913
PHY_EDGE_ROW_78_Right_78,VGND,li1,296.0100,223.0400,0.001611
PHY_EDGE_ROW_77_Right_77,VGND,li1,296.0100,223.0400,0.001611
PHY_EDGE_ROW_76_Right_76,VGND,li1,296.0100,217.6000,0.001444
PHY_EDGE_ROW_75_Right_75,VGND,li1,296.0100,217.6000,0.001444
PHY_EDGE_ROW_74_Right_74,VGND,li1,296.0100,212.1600,0.001047
PHY_EDGE_ROW_73_Right_73,VGND,li1,296.0100,212.1600,0.001047
PHY_EDGE_ROW_72_Right_72,VGND,li1,296.0100,206.7200,0.001816
PHY_EDGE_ROW_71_Right_71,VGND,li1,296.0100,206.7200,0.001816
PHY_EDGE_ROW_70_Right_70,VGND,li1,296.0100,201.2800,0.001163
PHY_EDGE_ROW_69_Right_69,VGND,li1,296.0100,201.2800,0.001163
PHY_EDGE_ROW_68_Right_68,VGND,li1,296.0100,195.8400,0.001490
PHY_EDGE_ROW_67_Right_67,VGND,li1,296.0100,195.8400,0.001490
PHY_EDGE_ROW_66_Right_66,VGND,li1,296.0100,190.4000,0.001944
PHY_EDGE_ROW_65_Right_65,VGND,li1,296.0100,190.4000,0.001944
PHY_EDGE_ROW_64_Right_64,VGND,li1,296.0100,184.9600,0.001714
PHY_EDGE_ROW_63_Right_63,VGND,li1,296.0100,184.9600,0.001714
PHY_EDGE_ROW_62_Right_62,VGND,li1,296.0100,179.5200,0.001692
PHY_EDGE_ROW_61_Right_61,VGND,li1,296.0100,179.5200,0.001692
PHY_EDGE_ROW_60_Right_60,VGND,li1,296.0100,174.0800,0.002313
PHY_EDGE_ROW_59_Right_59,VGND,li1,296.0100,174.0800,0.002313
PHY_EDGE_ROW_58_Right_58,VGND,li1,296.0100,168.6400,0.002037
PHY_EDGE_ROW_57_Right_57,VGND,li1,296.0100,168.6400,0.002037
PHY_EDGE_ROW_56_Right_56,VGND,li1,296.0100,163.2000,0.001862
PHY_EDGE_ROW_55_Right_55,VGND,li1,296.0100,163.2000,0.001862
PHY_EDGE_ROW_54_Right_54,VGND,li1,296.0100,157.7600,0.002091
PHY_EDGE_ROW_53_Right_53,VGND,li1,296.0100,157.7600,0.002091
PHY_EDGE_ROW_52_Right_52,VGND,li1,296.0100,152.3200,0.001461
PHY_EDGE_ROW_51_Right_51,VGND,li1,296.0100,152.3200,0.001461
PHY_EDGE_ROW_50_Right_50,VGND,li1,296.0100,146.8800,0.001599
PHY_EDGE_ROW_49_Right_49,VGND,li1,296.0100,146.8800,0.001599
PHY_EDGE_ROW_48_Right_48,VGND,li1,296.0100,141.4400,0.001957
PHY_EDGE_ROW_47_Right_47,VGND,li1,296.0100,141.4400,0.001957
PHY_EDGE_ROW_46_Right_46,VGND,li1,296.0100,136.0000,0.002101
PHY_EDGE_ROW_45_Right_45,VGND,li1,296.0100,136.0000,0.002101
PHY_EDGE_ROW_44_Right_44,VGND,li1,296.0100,130.5600,0.001962
PHY_EDGE_ROW_43_Right_43,VGND,li1,296.0100,130.5600,0.001962
PHY_EDGE_ROW_42_Right_42,VGND,li1,296.0100,125.1200,0.002018
PHY_EDGE_ROW_41_Right_41,VGND,li1,296.0100,125.1200,0.002018
PHY_EDGE_ROW_40_Right_40,VGND,li1,296.0100,119.6800,0.001758
PHY_EDGE_ROW_39_Right_39,VGND,li1,296.0100,119.6800,0.001758
PHY_EDGE_ROW_38_Right_38,VGND,li1,296.0100,114.2400,0.002749
PHY_EDGE_ROW_37_Right_37,VGND,li1,296.0100,114.2400,0.002749
PHY_EDGE_ROW_36_Right_36,VGND,li1,296.0100,108.8000,0.002018
PHY_EDGE_ROW_35_Right_35,VGND,li1,296.0100,108.8000,0.002018
PHY_EDGE_ROW_34_Right_34,VGND,li1,296.0100,103.3600,0.002084
PHY_EDGE_ROW_33_Right_33,VGND,li1,296.0100,103.3600,0.002084
PHY_EDGE_ROW_32_Right_32,VGND,li1,296.0100,97.9200,0.002147
PHY_EDGE_ROW_31_Right_31,VGND,li1,296.0100,97.9200,0.002147
PHY_EDGE_ROW_30_Right_30,VGND,li1,296.0100,92.4800,0.002212
PHY_EDGE_ROW_29_Right_29,VGND,li1,296.0100,92.4800,0.002212
PHY_EDGE_ROW_28_Right_28,VGND,li1,296.0100,87.0400,0.002187
PHY_EDGE_ROW_27_Right_27,VGND,li1,296.0100,87.0400,0.002187
PHY_EDGE_ROW_26_Right_26,VGND,li1,296.0100,81.6000,0.000720
PHY_EDGE_ROW_25_Right_25,VGND,li1,296.0100,81.6000,0.000720
PHY_EDGE_ROW_24_Right_24,VGND,li1,296.0100,76.1600,0.001354
PHY_EDGE_ROW_23_Right_23,VGND,li1,296.0100,76.1600,0.001354
PHY_EDGE_ROW_22_Right_22,VGND,li1,296.0100,70.7200,0.001682
PHY_EDGE_ROW_21_Right_21,VGND,li1,296.0100,70.7200,0.001682
PHY_EDGE_ROW_20_Right_20,VGND,li1,296.0100,65.2800,0.000834
PHY_EDGE_ROW_19_Right_19,VGND,li1,296.0100,65.2800,0.000834
PHY_EDGE_ROW_18_Right_18,VGND,li1,296.0100,59.8400,0.000299
PHY_EDGE_ROW_17_Right_17,VGND,li1,296.0100,59.8400,0.000299
PHY_EDGE_ROW_16_Right_16,VGND,li1,296.0100,54.4000,0.000157
PHY_EDGE_ROW_15_Right_15,VGND,li1,296.0100,54.4000,0.000157
PHY_EDGE_ROW_14_Right_14,VGND,li1,296.0100,48.9600,0.000159
PHY_EDGE_ROW_13_Right_13,VGND,li1,296.0100,48.9600,0.000159
PHY_EDGE_ROW_12_Right_12,VGND,li1,296.0100,43.5200,0.000143
PHY_EDGE_ROW_11_Right_11,VGND,li1,296.0100,43.5200,0.000143
PHY_EDGE_ROW_10_Right_10,VGND,li1,296.0100,38.0800,0.000206
PHY_EDGE_ROW_9_Right_9,VGND,li1,296.0100,38.0800,0.000206
PHY_EDGE_ROW_8_Right_8,VGND,li1,296.0100,32.6400,0.000147
PHY_EDGE_ROW_7_Right_7,VGND,li1,296.0100,32.6400,0.000147
PHY_EDGE_ROW_6_Right_6,VGND,li1,296.0100,27.2000,0.000137
PHY_EDGE_ROW_5_Right_5,VGND,li1,296.0100,27.2000,0.000137
PHY_EDGE_ROW_4_Right_4,VGND,li1,296.0100,21.7600,0.000137
PHY_EDGE_ROW_3_Right_3,VGND,li1,296.0100,21.7600,0.000137
PHY_EDGE_ROW_2_Right_2,VGND,li1,296.0100,16.3200,0.000146
PHY_EDGE_ROW_1_Right_1,VGND,li1,296.0100,16.3200,0.000146
PHY_EDGE_ROW_0_Right_0,VGND,li1,296.0100,10.8800,0.000008
_5042_,VGND,li1,185.8400,184.9600,0.000537
_5041_,VGND,li1,190.9000,190.4000,0.000753
_5040_,VGND,li1,254.3800,103.3600,0.001871
_5039_,VGND,li1,238.7400,157.7600,0.001711
_5038_,VGND,li1,275.0800,103.3600,0.002032
_5037_,VGND,li1,244.2600,163.2000,0.001553
_5036_,VGND,li1,233.6800,114.2400,0.002150
_5035_,VGND,li1,267.2600,146.8800,0.001543
_5034_,VGND,li1,239.2000,125.1200,0.001613
_5033_,VGND,li1,274.6200,125.1200,0.001968
_5032_,VGND,li1,274.6200,108.8000,0.001974
_5031_,VGND,li1,267.2600,168.6400,0.001958
_5030_,VGND,li1,180.7800,119.6800,0.000431
_5029_,VGND,li1,187.2200,136.0000,0.000704
_5028_,VGND,li1,165.6000,114.2400,0.000722
_5027_,VGND,li1,180.3200,152.3200,0.000347
_5026_,VGND,li1,182.1600,114.2400,0.000662
_5025_,VGND,li1,180.7800,141.4400,0.000425
_5024_,VGND,li1,182.1600,125.1200,0.000555
_5023_,VGND,li1,178.0200,136.0000,0.000479
_5022_,VGND,li1,178.4800,119.6800,0.000381
_5021_,VGND,li1,182.1600,152.3200,0.000409
_5020_,VGND,li1,249.7800,103.3600,0.001818
_5019_,VGND,li1,241.5000,157.7600,0.001750
_5018_,VGND,li1,281.9800,108.8000,0.002001
_5017_,VGND,li1,242.4200,174.0800,0.001833
_5016_,VGND,li1,237.3600,108.8000,0.001655
_5015_,VGND,li1,267.2600,141.4400,0.001861
_5014_,VGND,li1,241.5000,125.1200,0.001663
_5013_,VGND,li1,269.5600,130.5600,0.001866
_5012_,VGND,li1,272.7800,114.2400,0.002676
_5011_,VGND,li1,261.7400,174.0800,0.002115
_5010_,VGND,li1,123.2800,119.6800,0.000872
_5009_,VGND,li1,100.2800,179.5200,0.000931
_5008_,VGND,li1,51.9800,233.9200,0.000480
_5007_,VGND,li1,61.6400,179.5200,0.000697
_5006_,VGND,li1,113.6200,48.9600,0.000734
_5005_,VGND,li1,61.6400,168.6400,0.000713
_5004_,VGND,li1,155.0200,43.5200,0.000421
_5003_,VGND,li1,135.2400,233.9200,0.000633
_5002_,VGND,li1,144.4400,54.4000,0.000545
_5001_,VGND,li1,152.7200,114.2400,0.000901
_5000_,VGND,li1,85.1000,223.0400,0.000858
_4999_,VGND,li1,77.2800,59.8400,0.000737
_4998_,VGND,li1,69.0000,114.2400,0.000850
_4997_,VGND,li1,53.3600,87.0400,0.000571
_4996_,VGND,li1,153.1800,76.1600,0.000790
_4995_,VGND,li1,97.5200,239.3600,0.000644
_4994_,VGND,li1,99.8200,152.3200,0.000990
_4993_,VGND,li1,17.9400,81.6000,0.000183
_4992_,VGND,li1,18.8600,114.2400,0.000252
_4991_,VGND,li1,25.3000,179.5200,0.000205
_4990_,VGND,li1,56.1200,43.5200,0.000513
_4989_,VGND,li1,20.2400,233.9200,0.000167
_4988_,VGND,li1,96.6000,43.5200,0.000651
_4987_,VGND,li1,143.5200,174.0800,0.000826
_4986_,VGND,li1,103.9600,217.6000,0.000808
_4985_,VGND,li1,14.7200,70.7200,0.000286
_4984_,VGND,li1,23.9200,136.0000,0.000211
_4983_,VGND,li1,14.7200,168.6400,0.000215
_4982_,VGND,li1,14.7200,43.5200,0.000207
_4981_,VGND,li1,18.4000,206.7200,0.000235
_4980_,VGND,li1,90.6200,87.0400,0.000848
_4979_,VGND,li1,145.3600,201.2800,0.000890
_4978_,VGND,li1,141.6800,108.8000,0.000840
_4977_,VGND,li1,138.9200,168.6400,0.000759
_4976_,VGND,li1,100.7400,195.8400,0.000816
_4975_,VGND,li1,90.1600,168.6400,0.000852
_4974_,VGND,li1,116.3800,114.2400,0.001079
_4973_,VGND,li1,88.3200,136.0000,0.000974
_4972_,VGND,li1,165.1400,119.6800,0.000568
_4971_,VGND,li1,155.4800,179.5200,0.000653
_4970_,VGND,li1,142.6000,103.3600,0.000798
_4969_,VGND,li1,147.6600,119.6800,0.000749
_4968_,VGND,li1,96.6000,195.8400,0.000812
_4967_,VGND,li1,87.8600,130.5600,0.001321
_4966_,VGND,li1,113.6200,119.6800,0.000881
_4965_,VGND,li1,87.8600,103.3600,0.000868
_4964_,VGND,li1,166.5200,119.6800,0.000568
_4963_,VGND,li1,137.0800,179.5200,0.000796
_4962_,VGND,li1,134.3200,136.0000,0.001005
_4961_,VGND,li1,62.1000,103.3600,0.000717
_4960_,VGND,li1,62.1000,125.1200,0.000880
_4959_,VGND,li1,58.8800,163.2000,0.000649
_4958_,VGND,li1,63.9400,114.2400,0.000793
_4957_,VGND,li1,61.1800,206.7200,0.000704
_4956_,VGND,li1,109.0200,125.1200,0.001156
_4955_,VGND,li1,165.1400,152.3200,0.000552
_4954_,VGND,li1,134.7800,184.9600,0.000932
_4953_,VGND,li1,59.8000,103.3600,0.000698
_4952_,VGND,li1,62.1000,130.5600,0.001005
_4951_,VGND,li1,56.1200,146.8800,0.000674
_4950_,VGND,li1,62.1000,119.6800,0.000641
_4949_,VGND,li1,62.1000,206.7200,0.000704
_4948_,VGND,li1,112.2400,130.5600,0.001417
_4947_,VGND,li1,163.7600,179.5200,0.000572
_4946_,VGND,li1,290.2600,81.6000,0.000720
_4945_,VGND,li1,290.2600,152.3200,0.001460
_4944_,VGND,li1,289.3400,92.4800,0.002210
_4943_,VGND,li1,290.2600,168.6400,0.002035
_4942_,VGND,li1,289.8000,103.3600,0.002082
_4941_,VGND,li1,290.2600,136.0000,0.002098
_4940_,VGND,li1,289.8000,97.9200,0.002146
_4939_,VGND,li1,290.2600,108.8000,0.002017
_4938_,VGND,li1,289.8000,87.0400,0.002185
_4937_,VGND,li1,289.8000,163.2000,0.001855
_4936_,VGND,li1,130.6400,119.6800,0.000848
_4935_,VGND,li1,103.9600,184.9600,0.001032
_4934_,VGND,li1,58.4200,239.3600,0.000487
_4933_,VGND,li1,66.7000,184.9600,0.000866
_4932_,VGND,li1,117.7600,48.9600,0.000718
_4931_,VGND,li1,66.2400,157.7600,0.000751
_4930_,VGND,li1,164.2200,43.5200,0.000337
_4929_,VGND,li1,138.4600,244.8000,0.000810
_4928_,VGND,li1,151.3400,48.9600,0.000490
_4927_,VGND,li1,157.3200,108.8000,0.000734
_4926_,VGND,li1,87.8600,233.9200,0.000687
_4925_,VGND,li1,82.8000,65.2800,0.000778
_4924_,VGND,li1,76.3600,114.2400,0.000913
_4923_,VGND,li1,61.1800,97.9200,0.000785
_4922_,VGND,li1,156.4000,76.1600,0.000743
_4921_,VGND,li1,104.8800,239.3600,0.000644
_4920_,VGND,li1,109.4800,157.7600,0.001051
_4919_,VGND,li1,24.8400,87.0400,0.000199
_4918_,VGND,li1,26.6800,114.2400,0.000226
_4917_,VGND,li1,30.8200,174.0800,0.000351
_4916_,VGND,li1,62.5600,54.4000,0.000592
_4915_,VGND,li1,26.2200,239.3600,0.000182
_4914_,VGND,li1,100.7400,48.9600,0.000742
_4913_,VGND,li1,151.3400,174.0800,0.000759
_4912_,VGND,li1,109.0200,206.7200,0.000811
_4911_,VGND,li1,23.0000,65.2800,0.000188
_4910_,VGND,li1,27.6000,136.0000,0.000280
_4909_,VGND,li1,26.6800,168.6400,0.000201
_4908_,VGND,li1,24.3800,43.5200,0.000193
_4907_,VGND,li1,25.7600,206.7200,0.000214
_4906_,VGND,li1,95.6800,92.4800,0.001197
_4905_,VGND,li1,150.8800,206.7200,0.000595
_4904_,VGND,li1,133.4000,119.6800,0.000837
_4903_,VGND,li1,104.8800,184.9600,0.001032
_4902_,VGND,li1,61.1800,233.9200,0.000560
_4901_,VGND,li1,66.2400,179.5200,0.000756
_4900_,VGND,li1,125.5800,48.9600,0.000685
_4899_,VGND,li1,69.0000,168.6400,0.000758
_4898_,VGND,li1,161.4600,38.0800,0.000454
_4897_,VGND,li1,139.3800,239.3600,0.000540
_4896_,VGND,li1,151.8000,54.4000,0.000486
_4895_,VGND,li1,156.4000,108.8000,0.000734
_4894_,VGND,li1,88.7800,228.4800,0.000989
_4893_,VGND,li1,84.6400,59.8400,0.000766
_4892_,VGND,li1,78.6600,108.8000,0.000899
_4891_,VGND,li1,60.7200,87.0400,0.000641
_4890_,VGND,li1,160.5400,76.1600,0.000681
_4889_,VGND,li1,104.8800,239.3600,0.000644
_4888_,VGND,li1,112.7000,157.7600,0.001061
_4887_,VGND,li1,27.1400,81.6000,0.000192
_4886_,VGND,li1,27.6000,108.8000,0.000256
_4885_,VGND,li1,35.4200,179.5200,0.000349
_4884_,VGND,li1,65.3200,48.9600,0.000588
_4883_,VGND,li1,27.6000,239.3600,0.000215
_4882_,VGND,li1,103.0400,43.5200,0.000649
_4881_,VGND,li1,153.6400,168.6400,0.000647
_4880_,VGND,li1,111.3200,212.1600,0.001357
_4879_,VGND,li1,25.3000,70.7200,0.000238
_4878_,VGND,li1,35.4200,136.0000,0.000406
_4877_,VGND,li1,28.0600,163.2000,0.000246
_4876_,VGND,li1,26.6800,48.9600,0.000164
_4875_,VGND,li1,27.6000,201.2800,0.000333
_4874_,VGND,li1,97.9800,87.0400,0.000876
_4873_,VGND,li1,154.1000,201.2800,0.000770
_4872_,VGND,li1,250.7000,266.5600,0.000624
_4871_,VGND,li1,249.7800,255.6800,0.001003
_4870_,VGND,li1,249.5500,261.1200,0.000681
_4869_,VGND,li1,247.9400,272.0000,0.000700
_4868_,VGND,li1,256.4500,282.8800,0.000740
_4867_,VGND,li1,257.6000,288.3200,0.000846
_4866_,VGND,li1,248.4000,288.3200,0.000801
_4865_,VGND,li1,240.1200,288.3200,0.000748
_4864_,VGND,li1,235.7500,261.1200,0.000609
_4863_,VGND,li1,232.3000,261.1200,0.000589
_4862_,VGND,li1,232.3000,266.5600,0.000536
_4861_,VGND,li1,223.1000,266.5600,0.000474
_4860_,VGND,li1,216.6600,277.4400,0.000581
_4859_,VGND,li1,213.9000,277.4400,0.000558
_4858_,VGND,li1,217.3500,261.1200,0.000490
_4857_,VGND,li1,212.9800,255.6800,0.000672
_4856_,VGND,li1,203.7800,255.6800,0.000556
_4855_,VGND,li1,194.1200,255.6800,0.000436
_4854_,VGND,li1,192.7400,272.0000,0.000283
_4853_,VGND,li1,191.3600,277.4400,0.000347
_4852_,VGND,li1,191.8200,261.1200,0.000270
_4851_,VGND,li1,182.6200,261.1200,0.000195
_4850_,VGND,li1,184.2300,255.6800,0.000300
_4849_,VGND,li1,189.9800,206.7200,0.000496
_4848_,VGND,li1,190.9000,201.2800,0.000448
_4847_,VGND,li1,189.0600,195.8400,0.000507
_4846_,VGND,li1,202.4000,195.8400,0.000746
_4845_,VGND,li1,257.6000,244.8000,0.001072
_4844_,VGND,li1,269.1000,239.3600,0.000908
_4843_,VGND,li1,268.6400,228.4800,0.001832
_4842_,VGND,li1,269.5600,233.9200,0.001106
_4841_,VGND,li1,252.7700,233.9200,0.001022
_4840_,VGND,li1,255.3000,233.9200,0.001038
_4839_,VGND,li1,247.4800,244.8000,0.000987
_4838_,VGND,li1,240.1200,239.3600,0.000729
_4837_,VGND,li1,242.4200,228.4800,0.001573
_4836_,VGND,li1,242.4200,223.0400,0.001289
_4835_,VGND,li1,233.2200,223.0400,0.001186
_4834_,VGND,li1,228.1600,228.4800,0.001318
_4833_,VGND,li1,224.0200,233.9200,0.000780
_4832_,VGND,li1,219.8800,239.3600,0.000566
_4831_,VGND,li1,218.9600,228.4800,0.001160
_4830_,VGND,li1,211.6000,228.4800,0.001039
_4829_,VGND,li1,207.0000,217.6000,0.000677
_4828_,VGND,li1,203.7800,223.0400,0.000831
_4827_,VGND,li1,202.8600,228.4800,0.000875
_4826_,VGND,li1,193.6600,228.4800,0.000691
_4825_,VGND,li1,189.0600,233.9200,0.000419
_4824_,VGND,li1,190.9000,244.8000,0.000435
_4823_,VGND,li1,187.6800,239.3600,0.000304
_4822_,VGND,li1,185.3800,190.4000,0.000617
_4821_,VGND,li1,128.3400,16.3200,0.000659
_4820_,VGND,li1,97.0600,190.4000,0.000761
_4819_,VGND,li1,62.1000,255.6800,0.000267
_4818_,VGND,li1,11.9600,195.8400,0.000192
_4817_,VGND,li1,129.7200,16.3200,0.000659
_4816_,VGND,li1,11.5000,157.7600,0.000246
_4815_,VGND,li1,166.0600,16.3200,0.000322
_4814_,VGND,li1,156.4000,255.6800,0.000352
_4813_,VGND,li1,152.7200,16.3200,0.000474
_4812_,VGND,li1,167.9000,16.3200,0.000299
_4811_,VGND,li1,74.0600,255.6800,0.000316
_4810_,VGND,li1,74.0600,16.3200,0.000570
_4809_,VGND,li1,11.5000,108.8000,0.000241
_4808_,VGND,li1,11.5000,76.1600,0.000291
_4807_,VGND,li1,138.9200,16.3200,0.000598
_4806_,VGND,li1,99.8200,250.2400,0.000381
_4805_,VGND,li1,94.7600,163.2000,0.000835
_4804_,VGND,li1,11.5000,87.0400,0.000232
_4803_,VGND,li1,11.5000,114.2400,0.000267
_4802_,VGND,li1,11.9600,195.8400,0.000192
_4801_,VGND,li1,51.0600,16.3200,0.000380
_4800_,VGND,li1,11.9600,239.3600,0.000217
_4799_,VGND,li1,92.0000,16.3200,0.000668
_4798_,VGND,li1,151.3400,255.6800,0.000363
_4797_,VGND,li1,102.5800,255.6800,0.000388
_4796_,VGND,li1,11.5000,70.7200,0.000290
_4795_,VGND,li1,11.9600,146.8800,0.000253
_4794_,VGND,li1,11.5000,174.0800,0.000293
_4793_,VGND,li1,11.5000,38.0800,0.000226
_4792_,VGND,li1,11.5000,217.6000,0.000221
_4791_,VGND,li1,115.0000,16.3200,0.000687
_4790_,VGND,li1,145.8200,261.1200,0.000178
_4789_,VGND,li1,202.8600,65.2800,0.000508
_4788_,VGND,li1,215.7400,152.3200,0.000910
_4787_,VGND,li1,232.7600,76.1600,0.001121
_4786_,VGND,li1,223.1000,168.6400,0.001427
_4785_,VGND,li1,223.1000,114.2400,0.001916
_4784_,VGND,li1,219.4200,141.4400,0.001236
_4783_,VGND,li1,218.5000,70.7200,0.001260
_4782_,VGND,li1,217.1200,130.5600,0.001229
_4781_,VGND,li1,228.6200,87.0400,0.001678
_4780_,VGND,li1,207.4600,163.2000,0.000959
_4779_,VGND,li1,181.7000,293.7600,0.000337
_4778_,VGND,li1,278.3000,255.6800,0.001250
_4777_,VGND,li1,172.5000,266.5600,0.000138
_4776_,VGND,li1,278.7600,266.5600,0.000722
_4775_,VGND,li1,290.2600,239.3600,0.001001
_4774_,VGND,li1,290.2600,244.8000,0.001182
_4773_,VGND,li1,290.2600,282.8800,0.000834
_4772_,VGND,li1,290.2600,261.1200,0.000826
_4771_,VGND,li1,291.6400,217.6000,0.001441
_4770_,VGND,li1,291.1800,206.7200,0.001813
_4769_,VGND,li1,290.2600,174.0800,0.002307
_4768_,VGND,li1,286.5800,179.5200,0.001681
_4767_,VGND,li1,282.9000,190.4000,0.001932
_4766_,VGND,li1,282.9000,244.8000,0.001172
_4765_,VGND,li1,290.2600,233.9200,0.001173
_4764_,VGND,li1,285.2000,119.6800,0.001741
_4763_,VGND,li1,290.2600,190.4000,0.001943
_4762_,VGND,li1,290.2600,114.2400,0.002747
_4761_,VGND,li1,290.2600,201.2800,0.001156
_4760_,VGND,li1,290.2600,277.4400,0.000912
_4759_,VGND,li1,283.3600,179.5200,0.001669
_4758_,VGND,li1,290.2600,184.9600,0.001708
_4757_,VGND,li1,290.2600,157.7600,0.002085
_4756_,VGND,li1,290.2600,119.6800,0.001751
_4755_,VGND,li1,289.8000,228.4800,0.001907
_4754_,VGND,li1,289.8000,223.0400,0.001605
_4753_,VGND,li1,284.2800,250.2400,0.001138
_4752_,VGND,li1,284.2800,272.0000,0.000823
_4751_,VGND,li1,284.2800,277.4400,0.000896
_4750_,VGND,li1,286.1200,255.6800,0.001295
_4749_,VGND,li1,283.3600,217.6000,0.001417
_4748_,VGND,li1,282.9000,206.7200,0.001779
_4747_,VGND,li1,283.8200,195.8400,0.001478
_4746_,VGND,li1,276.9200,184.9600,0.001668
_4745_,VGND,li1,273.2400,190.4000,0.001891
_4744_,VGND,li1,283.3600,239.3600,0.000984
_4743_,VGND,li1,281.0600,136.0000,0.002084
_4742_,VGND,li1,284.2800,125.1200,0.002003
_4741_,VGND,li1,278.5300,141.4400,0.001922
_4740_,VGND,li1,282.9000,125.1200,0.002003
_4739_,VGND,li1,276.9200,152.3200,0.001417
_4738_,VGND,li1,271.1700,157.7600,0.002024
_4737_,VGND,li1,275.5400,163.2000,0.001803
_4736_,VGND,li1,276.0000,168.6400,0.002002
_4735_,VGND,li1,268.6400,201.2800,0.001071
_4734_,VGND,li1,268.6400,201.2800,0.001071
_4733_,VGND,li1,270.9400,212.1600,0.000995
_4732_,VGND,li1,269.5600,217.6000,0.001350
_4731_,VGND,li1,255.3000,201.2800,0.000987
_4730_,VGND,li1,192.7400,293.7600,0.000418
_4729_,VGND,li1,172.5000,293.7600,0.000443
_4728_,VGND,li1,258.0600,293.7600,0.000707
_4727_,VGND,li1,155.4800,293.7600,0.000705
_4726_,VGND,li1,40.4800,293.7600,0.000495
_4725_,VGND,li1,138.9200,293.7600,0.000872
_4724_,VGND,li1,107.1800,293.7600,0.001020
_4723_,VGND,li1,88.7800,293.7600,0.000997
_4722_,VGND,li1,74.0600,293.7600,0.000906
_4721_,VGND,li1,62.1000,293.7600,0.000806
_4720_,VGND,li1,48.3000,293.7600,0.000603
_4719_,VGND,li1,116.3800,293.7600,0.001002
_4718_,VGND,li1,122.3600,293.7600,0.000983
_4717_,VGND,li1,265.4200,293.7600,0.000728
_4716_,VGND,li1,268.1800,293.7600,0.000733
_4715_,VGND,li1,66.2400,293.7600,0.000847
_4714_,VGND,li1,38.1800,293.7600,0.000454
_4713_,VGND,li1,129.7200,293.7600,0.000936
_4712_,VGND,li1,92.0000,293.7600,0.001006
_4711_,VGND,li1,79.1200,293.7600,0.000942
_4710_,VGND,li1,82.3400,293.7600,0.000967
_4709_,VGND,li1,33.1200,293.7600,0.000358
_4708_,VGND,li1,253.6900,223.0400,0.001396
_4707_,VGND,li1,255.3000,212.1600,0.000920
_4706_,VGND,li1,250.9300,217.6000,0.001197
_4705_,VGND,li1,243.3400,108.8000,0.001730
_4704_,VGND,li1,228.1600,157.7600,0.001544
_4703_,VGND,li1,262.6600,103.3600,0.001943
_4702_,VGND,li1,235.5200,168.6400,0.001627
_4701_,VGND,li1,228.1600,108.8000,0.001541
_4700_,VGND,li1,256.2200,141.4400,0.001768
_4699_,VGND,li1,230.4600,125.1200,0.001512
_4698_,VGND,li1,261.7400,125.1200,0.001871
_4697_,VGND,li1,261.7400,108.8000,0.001898
_4696_,VGND,li1,258.0600,163.2000,0.001695
_4695_,VGND,li1,150.6500,146.8800,0.000822
_4694_,VGND,li1,152.2600,141.4400,0.000583
_4693_,VGND,li1,141.2200,146.8800,0.000910
_4692_,VGND,li1,180.7800,206.7200,0.000345
_4691_,VGND,li1,190.9000,293.7600,0.000407
_4690_,VGND,li1,171.1200,288.3200,0.000424
_4689_,VGND,li1,179.1700,288.3200,0.000295
_4688_,VGND,li1,155.0200,293.7600,0.000705
_4687_,VGND,li1,103.9600,293.7600,0.001022
_4686_,VGND,li1,121.9000,288.3200,0.000965
_4685_,VGND,li1,113.6200,277.4400,0.000343
_4684_,VGND,li1,79.5800,282.8800,0.000589
_4683_,VGND,li1,66.7000,282.8800,0.000498
_4682_,VGND,li1,65.3200,282.8800,0.000498
_4681_,VGND,li1,52.4400,293.7600,0.000689
_4680_,VGND,li1,109.2500,277.4400,0.000339
_4679_,VGND,li1,146.2800,288.3200,0.000781
_4678_,VGND,li1,163.0700,282.8800,0.000444
_4677_,VGND,li1,154.7900,282.8800,0.000517
_4676_,VGND,li1,139.3800,293.7600,0.000872
_4675_,VGND,li1,134.5500,277.4400,0.000329
_4674_,VGND,li1,128.3400,282.8800,0.000656
_4673_,VGND,li1,94.3000,288.3200,0.000989
_4672_,VGND,li1,87.8600,282.8800,0.000638
_4671_,VGND,li1,91.0800,277.4400,0.000296
_4670_,VGND,li1,54.0500,288.3200,0.000606
_4669_,VGND,li1,246.5600,103.3600,0.001766
_4668_,VGND,li1,231.3800,157.7600,0.001598
_4667_,VGND,li1,267.7200,103.3600,0.001988
_4666_,VGND,li1,241.5000,168.6400,0.001718
_4665_,VGND,li1,230.0000,108.8000,0.001567
_4664_,VGND,li1,262.2000,136.0000,0.001988
_4663_,VGND,li1,231.8400,125.1200,0.001512
_4662_,VGND,li1,267.2600,125.1200,0.001921
_4661_,VGND,li1,267.2600,108.8000,0.001935
_4660_,VGND,li1,259.4400,174.0800,0.002086
_4659_,VGND,li1,254.8400,157.7600,0.001899
_4658_,VGND,li1,256.6800,152.3200,0.001308
_4657_,VGND,li1,258.9800,157.7600,0.001946
_4656_,VGND,li1,274.6200,92.4800,0.002143
_4655_,VGND,li1,154.5600,228.4800,0.000711
_4654_,VGND,li1,164.2200,233.9200,0.000436
_4653_,VGND,li1,178.7100,233.9200,0.000280
_4652_,VGND,li1,181.9300,228.4800,0.000441
_4651_,VGND,li1,216.8900,184.9600,0.001087
_4650_,VGND,li1,214.1300,190.4000,0.001242
_4649_,VGND,li1,217.5800,195.8400,0.000983
_4648_,VGND,li1,230.2300,195.8400,0.001161
_4647_,VGND,li1,129.2600,114.2400,0.001053
_4646_,VGND,li1,97.5200,184.9600,0.001026
_4645_,VGND,li1,53.3600,239.3600,0.000456
_4644_,VGND,li1,64.8600,174.0800,0.000762
_4643_,VGND,li1,116.3800,54.4000,0.000721
_4642_,VGND,li1,61.6400,163.2000,0.000676
_4641_,VGND,li1,156.4000,43.5200,0.000421
_4640_,VGND,li1,133.4000,239.3600,0.000575
_4639_,VGND,li1,150.8800,59.8400,0.000578
_4638_,VGND,li1,154.1000,103.3600,0.000712
_4637_,VGND,li1,81.4200,228.4800,0.000948
_4636_,VGND,li1,79.1200,65.2800,0.000765
_4635_,VGND,li1,71.3000,108.8000,0.000828
_4634_,VGND,li1,53.3600,92.4800,0.000831
_4633_,VGND,li1,156.4000,70.7200,0.000697
_4632_,VGND,li1,103.0400,233.9200,0.000706
_4631_,VGND,li1,98.4400,157.7600,0.001002
_4630_,VGND,li1,17.9400,87.0400,0.000222
_4629_,VGND,li1,20.2400,108.8000,0.000230
_4628_,VGND,li1,27.6000,184.9600,0.000314
_4627_,VGND,li1,55.6600,48.9600,0.000507
_4626_,VGND,li1,20.2400,239.3600,0.000201
_4625_,VGND,li1,94.7600,48.9600,0.000733
_4624_,VGND,li1,144.9000,174.0800,0.000826
_4623_,VGND,li1,103.9600,212.1600,0.001410
_4622_,VGND,li1,18.4000,76.1600,0.000279
_4621_,VGND,li1,26.6800,141.4400,0.000224
_4620_,VGND,li1,19.7800,174.0800,0.000275
_4619_,VGND,li1,17.9400,48.9600,0.000180
_4618_,VGND,li1,20.2400,201.2800,0.000311
_4617_,VGND,li1,92.0000,87.0400,0.000848
_4616_,VGND,li1,143.5200,201.2800,0.000913
_4615_,VGND,li1,130.1800,103.3600,0.000867
_4614_,VGND,li1,125.5800,179.5200,0.000865
_4613_,VGND,li1,74.0600,244.8000,0.000813
_4612_,VGND,li1,86.9400,179.5200,0.000897
_4611_,VGND,li1,125.5800,59.8400,0.000762
_4610_,VGND,li1,84.1800,163.2000,0.000810
_4609_,VGND,li1,179.4000,48.9600,0.000159
_4608_,VGND,li1,156.4000,244.8000,0.000615
_4607_,VGND,li1,135.7000,48.9600,0.000629
_4606_,VGND,li1,178.4800,103.3600,0.000418
_4605_,VGND,li1,88.7800,244.8000,0.000898
_4604_,VGND,li1,86.9400,48.9600,0.000713
_4603_,VGND,li1,104.8800,119.6800,0.000874
_4602_,VGND,li1,79.1200,76.1600,0.001055
_4601_,VGND,li1,178.4800,65.2800,0.000250
_4600_,VGND,li1,125.5800,239.3600,0.000598
_4599_,VGND,li1,112.7000,146.8800,0.000986
_4598_,VGND,li1,43.2400,103.3600,0.000493
_4597_,VGND,li1,49.2200,108.8000,0.000589
_4596_,VGND,li1,48.7600,190.4000,0.000453
_4595_,VGND,li1,64.4000,59.8400,0.000653
_4594_,VGND,li1,48.3000,239.3600,0.000415
_4593_,VGND,li1,104.8800,65.2800,0.000798
_4592_,VGND,li1,176.6400,163.2000,0.000388
_4591_,VGND,li1,115.4600,195.8400,0.000794
_4590_,VGND,li1,48.3000,70.7200,0.000578
_4589_,VGND,li1,46.4600,146.8800,0.000566
_4588_,VGND,li1,48.7600,163.2000,0.000537
_4587_,VGND,li1,48.3000,43.5200,0.000462
_4586_,VGND,li1,48.7600,217.6000,0.000513
_4585_,VGND,li1,115.9200,81.6000,0.000719
_4584_,VGND,li1,176.6400,206.7200,0.000338
_4583_,VGND,li1,135.2400,87.0400,0.000857
_4582_,VGND,li1,128.3400,174.0800,0.000932
_4581_,VGND,li1,74.0600,228.4800,0.000902
_4580_,VGND,li1,83.2600,195.8400,0.000771
_4579_,VGND,li1,130.6400,38.0800,0.000713
_4578_,VGND,li1,86.9400,152.3200,0.000940
_4577_,VGND,li1,181.2400,38.0800,0.000205
_4576_,VGND,li1,153.1800,212.1600,0.000856
_4575_,VGND,li1,155.0200,38.0800,0.000525
_4574_,VGND,li1,174.8000,87.0400,0.000503
_4573_,VGND,li1,92.0000,206.7200,0.000819
_4572_,VGND,li1,83.7200,32.6400,0.000606
_4571_,VGND,li1,98.4400,103.3600,0.000900
_4570_,VGND,li1,78.2000,92.4800,0.001106
_4569_,VGND,li1,187.6800,70.7200,0.000623
_4568_,VGND,li1,125.5800,223.0400,0.000865
_4567_,VGND,li1,128.8000,146.8800,0.000960
_4566_,VGND,li1,48.3000,81.6000,0.000434
_4565_,VGND,li1,40.4800,119.6800,0.000395
_4564_,VGND,li1,51.0600,179.5200,0.000586
_4563_,VGND,li1,64.8600,32.6400,0.000534
_4562_,VGND,li1,48.3000,223.0400,0.000508
_4561_,VGND,li1,104.8800,32.6400,0.000614
_4560_,VGND,li1,177.1000,174.0800,0.000431
_4559_,VGND,li1,129.2600,212.1600,0.001213
_4558_,VGND,li1,44.1600,59.8400,0.000465
_4557_,VGND,li1,52.9000,130.5600,0.000818
_4556_,VGND,li1,49.2200,157.7600,0.000559
_4555_,VGND,li1,48.3000,32.6400,0.000420
_4554_,VGND,li1,48.3000,201.2800,0.000713
_4553_,VGND,li1,114.0800,92.4800,0.001156
_4552_,VGND,li1,177.1000,184.9600,0.000383
_4551_,VGND,li1,133.4000,92.4800,0.001022
_4550_,VGND,li1,126.0400,168.6400,0.000820
_4549_,VGND,li1,73.1400,223.0400,0.000782
_4548_,VGND,li1,79.1200,195.8400,0.000752
_4547_,VGND,li1,129.7200,43.5200,0.000588
_4546_,VGND,li1,91.0800,146.8800,0.000944
_4545_,VGND,li1,179.4000,32.6400,0.000137
_4544_,VGND,li1,149.9600,212.1600,0.000914
_4543_,VGND,li1,143.5200,32.6400,0.000444
_4542_,VGND,li1,177.1000,87.0400,0.000448
_4541_,VGND,li1,92.0000,206.7200,0.000819
_4540_,VGND,li1,82.3400,38.0800,0.000791
_4539_,VGND,li1,97.0600,97.9200,0.001059
_4538_,VGND,li1,77.2800,97.9200,0.000945
_4537_,VGND,li1,178.4800,65.2800,0.000250
_4536_,VGND,li1,122.3600,223.0400,0.000881
_4535_,VGND,li1,126.5000,141.4400,0.000684
_4534_,VGND,li1,40.4800,81.6000,0.000360
_4533_,VGND,li1,37.2600,125.1200,0.000525
_4532_,VGND,li1,49.6800,174.0800,0.000613
_4531_,VGND,li1,63.4800,38.0800,0.000692
_4530_,VGND,li1,40.4800,228.4800,0.000496
_4529_,VGND,li1,101.6600,32.6400,0.000620
_4528_,VGND,li1,172.5000,179.5200,0.000446
_4527_,VGND,li1,127.8800,217.6000,0.000746
_4526_,VGND,li1,39.1000,65.2800,0.000372
_4525_,VGND,li1,51.5200,130.5600,0.000818
_4524_,VGND,li1,36.3400,152.3200,0.000371
_4523_,VGND,li1,40.4800,32.6400,0.000346
_4522_,VGND,li1,48.3000,206.7200,0.000565
_4521_,VGND,li1,112.7000,97.9200,0.001085
_4520_,VGND,li1,177.1000,190.4000,0.000399
_4519_,VGND,li1,127.8800,87.0400,0.000879
_4518_,VGND,li1,117.7600,168.6400,0.000846
_4517_,VGND,li1,66.2400,223.0400,0.000720
_4516_,VGND,li1,74.5200,190.4000,0.000661
_4515_,VGND,li1,117.7600,32.6400,0.000579
_4514_,VGND,li1,78.6600,152.3200,0.000879
_4513_,VGND,li1,172.0400,32.6400,0.000208
_4512_,VGND,li1,142.6000,212.1600,0.001039
_4511_,VGND,li1,139.8400,32.6400,0.000474
_4510_,VGND,li1,165.6000,87.0400,0.000598
_4509_,VGND,li1,84.6400,206.7200,0.000811
_4508_,VGND,li1,76.3600,32.6400,0.000585
_4507_,VGND,li1,92.0000,97.9200,0.001039
_4506_,VGND,li1,69.9200,97.9200,0.000869
_4505_,VGND,li1,177.1000,76.1600,0.000379
_4504_,VGND,li1,117.7600,223.0400,0.000893
_4503_,VGND,li1,121.4400,146.8800,0.000978
_4502_,VGND,li1,35.8800,87.0400,0.000361
_4501_,VGND,li1,33.5800,125.1200,0.000462
_4500_,VGND,li1,43.7000,179.5200,0.000470
_4499_,VGND,li1,56.1200,38.0800,0.000612
_4498_,VGND,li1,35.8800,228.4800,0.000402
_4497_,VGND,li1,92.0000,32.6400,0.000620
_4496_,VGND,li1,168.8200,168.6400,0.000523
_4495_,VGND,li1,120.5200,217.6000,0.000774
_4494_,VGND,li1,35.4200,59.8400,0.000355
_4493_,VGND,li1,44.1600,130.5600,0.000668
_4492_,VGND,li1,28.9800,152.3200,0.000251
_4491_,VGND,li1,35.8800,32.6400,0.000282
_4490_,VGND,li1,36.3400,206.7200,0.000398
_4489_,VGND,li1,105.3400,97.9200,0.001092
_4488_,VGND,li1,169.2800,190.4000,0.000503
_4487_,VGND,li1,130.6400,92.4800,0.001046
_4486_,VGND,li1,117.7600,168.6400,0.000846
_4485_,VGND,li1,65.7800,228.4800,0.000830
_4484_,VGND,li1,75.9000,195.8400,0.000732
_4483_,VGND,li1,121.4400,38.0800,0.000757
_4482_,VGND,li1,79.1200,146.8800,0.000878
_4481_,VGND,li1,173.8800,38.0800,0.000293
_4480_,VGND,li1,143.5200,212.1600,0.001039
_4479_,VGND,li1,141.2200,38.0800,0.000656
_4478_,VGND,li1,167.4400,87.0400,0.000576
_4477_,VGND,li1,89.7000,217.6000,0.000788
_4476_,VGND,li1,79.1200,38.0800,0.000782
_4475_,VGND,li1,94.7600,108.8000,0.000959
_4474_,VGND,li1,74.9800,97.9200,0.000925
_4473_,VGND,li1,176.6400,70.7200,0.000444
_4472_,VGND,li1,115.4600,228.4800,0.001013
_4471_,VGND,li1,123.2800,152.3200,0.000946
_4470_,VGND,li1,39.5600,87.0400,0.000411
_4469_,VGND,li1,33.5800,114.2400,0.000375
_4468_,VGND,li1,48.3000,184.9600,0.000659
_4467_,VGND,li1,57.5000,32.6400,0.000485
_4466_,VGND,li1,36.3400,233.9200,0.000322
_4465_,VGND,li1,99.8200,38.0800,0.000807
_4464_,VGND,li1,169.2800,174.0800,0.000545
_4463_,VGND,li1,125.5800,206.7200,0.000760
_4462_,VGND,li1,30.8200,59.8400,0.000271
_4461_,VGND,li1,43.7000,136.0000,0.000505
_4460_,VGND,li1,34.0400,157.7600,0.000345
_4459_,VGND,li1,38.6400,38.0800,0.000423
_4458_,VGND,li1,39.5600,201.2800,0.000570
_4457_,VGND,li1,112.7000,103.3600,0.000910
_4456_,VGND,li1,173.8800,195.8400,0.000384
_4455_,VGND,li1,133.4000,70.7200,0.000866
_4454_,VGND,li1,112.7000,174.0800,0.000986
_4453_,VGND,li1,60.7200,217.6000,0.000630
_4452_,VGND,li1,64.8600,195.8400,0.000653
_4451_,VGND,li1,128.3400,27.2000,0.000603
_4450_,VGND,li1,66.2400,146.8800,0.000775
_4449_,VGND,li1,166.0600,21.7600,0.000310
_4448_,VGND,li1,142.6000,223.0400,0.000759
_4447_,VGND,li1,151.3400,21.7600,0.000449
_4446_,VGND,li1,153.1800,87.0400,0.000726
_4445_,VGND,li1,78.2000,212.1600,0.001300
_4444_,VGND,li1,82.3400,16.3200,0.000625
_4443_,VGND,li1,89.2400,114.2400,0.000996
_4442_,VGND,li1,63.0200,76.1600,0.000924
_4441_,VGND,li1,147.2000,70.7200,0.000780
_4440_,VGND,li1,104.8800,223.0400,0.000911
_4439_,VGND,li1,133.8600,152.3200,0.000885
_4438_,VGND,li1,22.5400,92.4800,0.000260
_4437_,VGND,li1,20.2400,119.6800,0.000201
_4436_,VGND,li1,14.7200,179.5200,0.000233
_4435_,VGND,li1,63.4800,21.7600,0.000510
_4434_,VGND,li1,22.5400,223.0400,0.000200
_4433_,VGND,li1,104.4200,21.7600,0.000669
_4432_,VGND,li1,155.4800,152.3200,0.000679
_4431_,VGND,li1,130.6400,195.8400,0.000734
_4430_,VGND,li1,17.9400,54.4000,0.000176
_4429_,VGND,li1,14.7200,136.0000,0.000230
_4428_,VGND,li1,22.5400,157.7600,0.000223
_4427_,VGND,li1,26.6800,32.6400,0.000164
_4426_,VGND,li1,22.5400,212.1600,0.000320
_4425_,VGND,li1,99.8200,76.1600,0.001150
_4424_,VGND,li1,154.1000,184.9600,0.000741
_4423_,VGND,li1,130.6400,76.1600,0.001052
_4422_,VGND,li1,104.8800,168.6400,0.000868
_4421_,VGND,li1,61.1800,217.6000,0.000630
_4420_,VGND,li1,62.5600,201.2800,0.000945
_4419_,VGND,li1,125.5800,21.7600,0.000621
_4418_,VGND,li1,66.2400,152.3200,0.000773
_4417_,VGND,li1,162.3800,27.2000,0.000338
_4416_,VGND,li1,139.8400,228.4800,0.000859
_4415_,VGND,li1,146.2800,16.3200,0.000537
_4414_,VGND,li1,151.8000,92.4800,0.000830
_4413_,VGND,li1,76.3600,206.7200,0.000788
_4412_,VGND,li1,79.1200,21.7600,0.000612
_4411_,VGND,li1,87.4000,119.6800,0.000823
_4410_,VGND,li1,61.1800,81.6000,0.000540
_4409_,VGND,li1,143.5200,70.7200,0.000807
_4408_,VGND,li1,104.4200,228.4800,0.001033
_4407_,VGND,li1,130.6400,157.7600,0.001080
_4406_,VGND,li1,14.7200,92.4800,0.000271
_4405_,VGND,li1,14.7200,119.6800,0.000210
_4404_,VGND,li1,14.7200,184.9600,0.000256
_4403_,VGND,li1,61.1800,27.2000,0.000498
_4402_,VGND,li1,20.7000,223.0400,0.000205
_4401_,VGND,li1,102.1200,16.3200,0.000687
_4400_,VGND,li1,153.1800,163.2000,0.000621
_4399_,VGND,li1,130.6400,201.2800,0.001040
_4398_,VGND,li1,10.5800,59.8400,0.000248
_4397_,VGND,li1,14.7200,141.4400,0.000197
_4396_,VGND,li1,12.8800,157.7600,0.000246
_4395_,VGND,li1,23.4600,38.0800,0.000198
_4394_,VGND,li1,14.7200,206.7200,0.000242
_4393_,VGND,li1,99.8200,70.7200,0.000957
_4392_,VGND,li1,151.3400,190.4000,0.000658
_4391_,VGND,li1,125.5800,76.1600,0.001103
_4390_,VGND,li1,99.8200,174.0800,0.000963
_4389_,VGND,li1,56.5800,212.1600,0.001065
_4388_,VGND,li1,58.8800,190.4000,0.000545
_4387_,VGND,li1,117.3000,21.7600,0.000646
_4386_,VGND,li1,61.6400,152.3200,0.000712
_4385_,VGND,li1,158.7000,21.7600,0.000381
_4384_,VGND,li1,135.2400,223.0400,0.000819
_4383_,VGND,li1,139.3800,21.7600,0.000548
_4382_,VGND,li1,148.5800,97.9200,0.000851
_4381_,VGND,li1,73.6000,206.7200,0.000772
_4380_,VGND,li1,74.5200,21.7600,0.000582
_4379_,VGND,li1,82.3400,125.1200,0.001097
_4378_,VGND,li1,58.4200,70.7200,0.000672
_4377_,VGND,li1,139.8400,70.7200,0.000839
_4376_,VGND,li1,101.2000,217.6000,0.000808
_4375_,VGND,li1,126.0400,152.3200,0.000925
_4374_,VGND,li1,11.5000,97.9200,0.000287
_4373_,VGND,li1,11.5000,119.6800,0.000214
_4372_,VGND,li1,12.4200,179.5200,0.000236
_4371_,VGND,li1,53.3600,21.7600,0.000425
_4370_,VGND,li1,13.3400,223.0400,0.000217
_4369_,VGND,li1,97.5200,16.3200,0.000680
_4368_,VGND,li1,143.5200,157.7600,0.001038
_4367_,VGND,li1,128.8000,201.2800,0.001054
_4366_,VGND,li1,11.5000,59.8400,0.000248
_4365_,VGND,li1,11.5000,141.4400,0.000201
_4364_,VGND,li1,12.8800,152.3200,0.000231
_4363_,VGND,li1,14.7200,32.6400,0.000183
_4362_,VGND,li1,11.5000,212.1600,0.000348
_4361_,VGND,li1,92.0000,70.7200,0.000929
_4360_,VGND,li1,143.5200,184.9600,0.000865
_4359_,VGND,li1,172.9600,272.0000,0.000143
_4358_,VGND,li1,168.3600,272.0000,0.000146
_4357_,VGND,li1,129.2600,81.6000,0.000687
_4356_,VGND,li1,99.8200,168.6400,0.000867
_4355_,VGND,li1,53.3600,217.6000,0.000557
_4354_,VGND,li1,57.5000,195.8400,0.000581
_4353_,VGND,li1,118.2200,27.2000,0.000618
_4352_,VGND,li1,63.4800,141.4400,0.000588
_4351_,VGND,li1,156.4000,27.2000,0.000399
_4350_,VGND,li1,138.4600,223.0400,0.000790
_4349_,VGND,li1,142.6000,16.3200,0.000570
_4348_,VGND,li1,149.9600,87.0400,0.000765
_4347_,VGND,li1,69.4600,217.6000,0.000690
_4346_,VGND,li1,77.7400,27.2000,0.000573
_4345_,VGND,li1,80.0400,119.6800,0.000782
_4344_,VGND,li1,56.1200,76.1600,0.000832
_4343_,VGND,li1,142.6000,76.1600,0.000930
_4342_,VGND,li1,102.5800,228.4800,0.001031
_4341_,VGND,li1,129.2600,163.2000,0.000770
_4340_,VGND,li1,11.0400,97.9200,0.000287
_4339_,VGND,li1,13.3400,125.1200,0.000322
_4338_,VGND,li1,13.3400,190.4000,0.000185
_4337_,VGND,li1,54.2800,21.7600,0.000425
_4336_,VGND,li1,14.2600,228.4800,0.000242
_4335_,VGND,li1,97.0600,21.7600,0.000663
_4334_,VGND,li1,144.4400,157.7600,0.001038
_4333_,VGND,li1,129.7200,190.4000,0.000765
_4332_,VGND,li1,11.9600,54.4000,0.000184
_4331_,VGND,li1,12.4200,130.5600,0.000279
_4330_,VGND,li1,14.2600,152.3200,0.000231
_4329_,VGND,li1,18.4000,32.6400,0.000178
_4328_,VGND,li1,11.0400,212.1600,0.000348
_4327_,VGND,li1,92.4600,76.1600,0.001124
_4326_,VGND,li1,145.3600,190.4000,0.000695
_4325_,VGND,li1,117.7600,103.3600,0.000904
_4324_,VGND,li1,114.5400,184.9600,0.001018
_4323_,VGND,li1,63.9400,244.8000,0.000713
_4322_,VGND,li1,79.1200,179.5200,0.000859
_4321_,VGND,li1,113.6200,65.2800,0.000782
_4320_,VGND,li1,77.7400,168.6400,0.000805
_4319_,VGND,li1,169.2800,48.9600,0.000283
_4318_,VGND,li1,146.7400,244.8000,0.000719
_4317_,VGND,li1,133.8600,59.8400,0.000732
_4316_,VGND,li1,169.2800,103.3600,0.000536
_4315_,VGND,li1,84.1800,239.3600,0.000622
_4314_,VGND,li1,75.4400,48.9600,0.000663
_4313_,VGND,li1,95.6800,114.2400,0.001026
_4312_,VGND,li1,71.7600,76.1600,0.001001
_4311_,VGND,li1,162.8400,59.8400,0.000430
_4310_,VGND,li1,117.3000,239.3600,0.000627
_4309_,VGND,li1,97.9800,146.8800,0.000968
_4308_,VGND,li1,35.4200,103.3600,0.000381
_4307_,VGND,li1,41.8600,108.8000,0.000466
_4306_,VGND,li1,35.4200,190.4000,0.000304
_4305_,VGND,li1,53.3600,59.8400,0.000564
_4304_,VGND,li1,35.4200,244.8000,0.000342
_4303_,VGND,li1,97.5200,65.2800,0.000801
_4302_,VGND,li1,166.5200,157.7600,0.000701
_4301_,VGND,li1,104.8800,201.2800,0.001182
_4300_,VGND,li1,35.4200,70.7200,0.000392
_4299_,VGND,li1,35.4200,146.8800,0.000422
_4298_,VGND,li1,38.6400,163.2000,0.000403
_4297_,VGND,li1,33.1200,43.5200,0.000284
_4296_,VGND,li1,31.7400,212.1600,0.000486
_4295_,VGND,li1,104.8800,81.6000,0.000716
_4294_,VGND,li1,162.3800,206.7200,0.000495
_4293_,VGND,li1,126.5000,108.8000,0.000912
_4292_,VGND,li1,125.5800,184.9600,0.000981
_4291_,VGND,li1,70.8400,250.2400,0.000318
_4290_,VGND,li1,86.9400,184.9600,0.001000
_4289_,VGND,li1,117.7600,65.2800,0.000764
_4288_,VGND,li1,76.8200,163.2000,0.000776
_4287_,VGND,li1,176.1800,54.4000,0.000192
_4286_,VGND,li1,154.1000,250.2400,0.000294
_4285_,VGND,li1,138.4600,59.8400,0.000698
_4284_,VGND,li1,173.8800,108.8000,0.000541
_4283_,VGND,li1,87.4000,250.2400,0.000368
_4282_,VGND,li1,81.8800,43.5200,0.000629
_4281_,VGND,li1,103.0400,114.2400,0.001060
_4280_,VGND,li1,77.7400,81.6000,0.000640
_4279_,VGND,li1,169.2800,65.2800,0.000359
_4278_,VGND,li1,125.5800,244.8000,0.000873
_4277_,VGND,li1,112.7000,152.3200,0.000974
_4276_,VGND,li1,38.1800,97.9200,0.000477
_4275_,VGND,li1,48.3000,114.2400,0.000610
_4274_,VGND,li1,45.0800,195.8400,0.000427
_4273_,VGND,li1,63.0200,65.2800,0.000634
_4272_,VGND,li1,40.4800,239.3600,0.000347
_4271_,VGND,li1,103.0400,65.2800,0.000800
_4270_,VGND,li1,177.1000,157.7600,0.000469
_4269_,VGND,li1,114.0800,201.2800,0.001144
_4268_,VGND,li1,40.4800,70.7200,0.000478
_4267_,VGND,li1,40.4800,141.4400,0.000401
_4266_,VGND,li1,47.3800,168.6400,0.000546
_4265_,VGND,li1,40.4800,43.5200,0.000375
_4264_,VGND,li1,39.1000,212.1600,0.000644
_4263_,VGND,li1,114.5400,87.0400,0.000903
_4262_,VGND,li1,167.4400,201.2800,0.000565
_4261_,VGND,li1,200.1000,70.7200,0.000880
_4260_,VGND,li1,207.9200,157.7600,0.001147
_4259_,VGND,li1,225.4000,76.1600,0.001051
_4258_,VGND,li1,220.8000,163.2000,0.001203
_4257_,VGND,li1,218.0400,108.8000,0.001385
_4256_,VGND,li1,218.5000,136.0000,0.001408
_4255_,VGND,li1,210.2200,65.2800,0.000590
_4254_,VGND,li1,215.2800,119.6800,0.001071
_4253_,VGND,li1,225.4000,92.4800,0.001457
_4252_,VGND,li1,207.9200,168.6400,0.001132
_4251_,VGND,li1,195.0400,70.7200,0.000795
_4250_,VGND,li1,203.7800,152.3200,0.000750
_4249_,VGND,li1,218.0400,76.1600,0.000970
_4248_,VGND,li1,216.2000,163.2000,0.001102
_4247_,VGND,li1,215.7400,114.2400,0.001723
_4246_,VGND,li1,211.1400,136.0000,0.001243
_4245_,VGND,li1,202.8600,76.1600,0.000781
_4244_,VGND,li1,215.7400,125.1200,0.001259
_4243_,VGND,li1,219.4200,81.6000,0.000537
_4242_,VGND,li1,200.5600,168.6400,0.000971
_4241_,VGND,li1,192.7400,70.7200,0.000743
_4240_,VGND,li1,206.0800,152.3200,0.000783
_4239_,VGND,li1,216.6600,70.7200,0.001227
_4238_,VGND,li1,218.9600,157.7600,0.001376
_4237_,VGND,li1,215.2800,114.2400,0.001723
_4236_,VGND,li1,212.0600,141.4400,0.001091
_4235_,VGND,li1,207.4600,70.7200,0.001055
_4234_,VGND,li1,215.7400,130.5600,0.001229
_4233_,VGND,li1,221.2600,87.0400,0.001541
_4232_,VGND,li1,202.4000,174.0800,0.001077
_4231_,VGND,li1,192.2800,87.0400,0.000884
_4230_,VGND,li1,193.2000,163.2000,0.000676
_4229_,VGND,li1,210.2200,103.3600,0.001157
_4228_,VGND,li1,194.5800,168.6400,0.000834
_4227_,VGND,li1,192.7400,114.2400,0.001050
_4226_,VGND,li1,197.8000,146.8800,0.000752
_4225_,VGND,li1,202.8600,92.4800,0.000982
_4224_,VGND,li1,203.3200,125.1200,0.001020
_4223_,VGND,li1,217.5800,92.4800,0.001308
_4222_,VGND,li1,202.8600,184.9600,0.000876
_4221_,VGND,li1,187.2200,92.4800,0.000631
_4220_,VGND,li1,191.8200,152.3200,0.000547
_4219_,VGND,li1,205.6200,114.2400,0.001426
_4218_,VGND,li1,182.1600,174.0800,0.000554
_4217_,VGND,li1,190.9000,114.2400,0.000991
_4216_,VGND,li1,196.4200,136.0000,0.000948
_4215_,VGND,li1,202.8600,87.0400,0.001125
_4214_,VGND,li1,197.8000,130.5600,0.000895
_4213_,VGND,li1,217.5800,87.0400,0.001455
_4212_,VGND,li1,202.8600,179.5200,0.000793
_4211_,VGND,li1,182.1600,92.4800,0.000517
_4210_,VGND,li1,188.6000,157.7600,0.000733
_4209_,VGND,li1,198.2600,108.8000,0.000992
_4208_,VGND,li1,185.3800,163.2000,0.000503
_4207_,VGND,li1,185.3800,108.8000,0.000644
_4206_,VGND,li1,190.9000,141.4400,0.000624
_4205_,VGND,li1,189.9800,87.0400,0.000821
_4204_,VGND,li1,195.0400,125.1200,0.000848
_4203_,VGND,li1,210.2200,87.0400,0.001294
_4202_,VGND,li1,193.2000,179.5200,0.000607
_4201_,VGND,li1,184.9200,87.0400,0.000651
_4200_,VGND,li1,190.4400,152.3200,0.000547
_4199_,VGND,li1,202.8600,103.3600,0.000985
_4198_,VGND,li1,186.3000,174.0800,0.000669
_4197_,VGND,li1,189.9800,108.8000,0.000771
_4196_,VGND,li1,194.1200,141.4400,0.000726
_4195_,VGND,li1,194.5800,92.4800,0.000833
_4194_,VGND,li1,195.9600,125.1200,0.000848
_4193_,VGND,li1,210.2200,92.4800,0.001172
_4192_,VGND,li1,194.5800,184.9600,0.000732
_4191_,VGND,li1,256.2200,65.2800,0.000817
_4190_,VGND,li1,235.9800,136.0000,0.001707
_4189_,VGND,li1,267.2600,65.2800,0.000834
_4188_,VGND,li1,244.2600,190.4000,0.001679
_4187_,VGND,li1,241.5000,87.0400,0.001885
_4186_,VGND,li1,256.6800,141.4400,0.001768
_4185_,VGND,li1,241.5000,70.7200,0.001542
_4184_,VGND,li1,254.3800,125.1200,0.001808
_4183_,VGND,li1,272.3200,87.0400,0.002132
_4182_,VGND,li1,270.0200,184.9600,0.001629
_4181_,VGND,li1,254.3800,70.7200,0.001631
_4180_,VGND,li1,230.4600,136.0000,0.001636
_4179_,VGND,li1,267.2600,70.7200,0.001676
_4178_,VGND,li1,243.3400,179.5200,0.001389
_4177_,VGND,li1,239.6600,87.0400,0.001858
_4176_,VGND,li1,246.5600,136.0000,0.001843
_4175_,VGND,li1,235.9800,65.2800,0.000755
_4174_,VGND,li1,254.3800,119.6800,0.001572
_4173_,VGND,li1,267.2600,87.0400,0.002108
_4172_,VGND,li1,260.3600,190.4000,0.001820
_4171_,VGND,li1,122.8200,103.3600,0.000896
_4170_,VGND,li1,117.3000,179.5200,0.000899
_4169_,VGND,li1,66.2400,244.8000,0.000754
_4168_,VGND,li1,77.2800,179.5200,0.000847
_4167_,VGND,li1,116.8400,70.7200,0.000944
_4166_,VGND,li1,79.1200,163.2000,0.000795
_4165_,VGND,li1,172.0400,48.9600,0.000247
_4164_,VGND,li1,151.8000,239.3600,0.000461
_4163_,VGND,li1,130.1800,54.4000,0.000651
_4162_,VGND,li1,171.1200,103.3600,0.000514
_4161_,VGND,li1,81.4200,244.8000,0.000872
_4160_,VGND,li1,78.2000,48.9600,0.000678
_4159_,VGND,li1,100.2800,125.1200,0.001180
_4158_,VGND,li1,75.9000,70.7200,0.000842
_4157_,VGND,li1,164.6800,59.8400,0.000405
_4156_,VGND,li1,114.5400,244.8000,0.000906
_4155_,VGND,li1,100.2800,146.8800,0.000973
_4154_,VGND,li1,30.8200,97.9200,0.000348
_4153_,VGND,li1,40.4800,108.8000,0.000466
_4152_,VGND,li1,37.2600,190.4000,0.000326
_4151_,VGND,li1,55.2000,59.8400,0.000581
_4150_,VGND,li1,38.6400,244.8000,0.000407
_4149_,VGND,li1,100.2800,59.8400,0.000801
_4148_,VGND,li1,169.2800,163.2000,0.000474
_4147_,VGND,li1,112.7000,195.8400,0.000801
_4146_,VGND,li1,37.2600,76.1600,0.000541
_4145_,VGND,li1,33.1200,141.4400,0.000305
_4144_,VGND,li1,40.0200,168.6400,0.000444
_4143_,VGND,li1,37.2600,48.9600,0.000309
_4142_,VGND,li1,33.1200,217.6000,0.000315
_4141_,VGND,li1,113.1600,76.1600,0.001146
_4140_,VGND,li1,164.2200,212.1600,0.000670
_4139_,VGND,li1,248.8600,70.7200,0.001591
_4138_,VGND,li1,228.6200,136.0000,0.001608
_4137_,VGND,li1,261.7400,70.7200,0.001659
_4136_,VGND,li1,241.5000,184.9600,0.001408
_4135_,VGND,li1,233.6800,92.4800,0.001603
_4134_,VGND,li1,240.5800,141.4400,0.001566
_4133_,VGND,li1,232.7600,76.1600,0.001121
_4132_,VGND,li1,246.5600,119.6800,0.001496
_4131_,VGND,li1,255.3000,87.0400,0.002031
_4130_,VGND,li1,256.2200,184.9600,0.001536
_4129_,VGND,li1,256.2200,70.7200,0.001640
_4128_,VGND,li1,228.6200,141.4400,0.001367
_4127_,VGND,li1,269.1000,70.7200,0.001679
_4126_,VGND,li1,241.5000,190.4000,0.001650
_4125_,VGND,li1,236.9000,92.4800,0.001667
_4124_,VGND,li1,243.3400,136.0000,0.001792
_4123_,VGND,li1,233.6800,70.7200,0.001475
_4122_,VGND,li1,249.3200,119.6800,0.001525
_4121_,VGND,li1,256.6800,87.0400,0.002031
_4120_,VGND,li1,257.6000,190.4000,0.001800
_4119_,VGND,li1,172.2700,277.4400,0.000227
_4118_,VGND,li1,178.7100,277.4400,0.000199
_4117_,VGND,li1,169.5100,277.4400,0.000236
_4116_,VGND,li1,291.4100,163.2000,0.001859
_4115_,VGND,li1,260.3600,179.5200,0.001543
_4114_,VGND,li1,273.0100,174.0800,0.002233
_4113_,VGND,li1,263.3500,168.6400,0.001930
_4112_,VGND,li1,255.9900,179.5200,0.001498
_4111_,VGND,li1,203.0900,184.9600,0.000876
_4110_,VGND,li1,256.2200,174.0800,0.002026
_4109_,VGND,li1,268.8700,179.5200,0.001595
_4108_,VGND,li1,261.5100,184.9600,0.001577
_4107_,VGND,li1,208.1500,168.6400,0.001132
_4106_,VGND,li1,287.5000,92.4800,0.002205
_4105_,VGND,li1,284.0500,92.4800,0.002194
_4104_,VGND,li1,258.9800,97.9200,0.001907
_4103_,VGND,li1,255.3000,97.9200,0.001869
_4102_,VGND,li1,264.2700,97.9200,0.001964
_4101_,VGND,li1,270.2500,108.8000,0.001953
_4100_,VGND,li1,216.8900,92.4800,0.001308
_4099_,VGND,li1,262.4300,92.4800,0.002026
_4098_,VGND,li1,263.8100,87.0400,0.002088
_4097_,VGND,li1,260.5900,92.4800,0.001999
_4096_,VGND,li1,229.7700,87.0400,0.001678
_4095_,VGND,li1,287.5000,108.8000,0.002012
_4094_,VGND,li1,284.5100,114.2400,0.002739
_4093_,VGND,li1,259.9000,114.2400,0.002564
_4092_,VGND,li1,261.2800,119.6800,0.001623
_4091_,VGND,li1,276.6900,119.6800,0.001705
_4090_,VGND,li1,270.2500,125.1200,0.001941
_4089_,VGND,li1,204.0100,125.1200,0.001020
_4088_,VGND,li1,264.2700,119.6800,0.001637
_4087_,VGND,li1,254.1500,125.1200,0.001808
_4086_,VGND,li1,227.4700,125.1200,0.001435
_4085_,VGND,li1,218.7300,125.1200,0.001313
_4084_,VGND,li1,283.8200,103.3600,0.002064
_4083_,VGND,li1,282.6700,97.9200,0.002114
_4082_,VGND,li1,231.3800,97.9200,0.001483
_4081_,VGND,li1,234.1400,97.9200,0.001530
_4080_,VGND,li1,238.0500,97.9200,0.001597
_4079_,VGND,li1,236.2100,119.6800,0.001372
_4078_,VGND,li1,201.2500,92.4800,0.000982
_4077_,VGND,li1,236.6700,87.0400,0.001811
_4076_,VGND,li1,240.8100,70.7200,0.001542
_4075_,VGND,li1,235.2900,87.0400,0.001771
_4074_,VGND,li1,209.9900,70.7200,0.001104
_4073_,VGND,li1,292.1000,146.8800,0.001599
_4072_,VGND,li1,255.5300,136.0000,0.001920
_4071_,VGND,li1,255.7600,146.8800,0.001462
_4070_,VGND,li1,249.3200,136.0000,0.001871
_4069_,VGND,li1,261.0500,152.3200,0.001323
_4068_,VGND,li1,264.7300,141.4400,0.001844
_4067_,VGND,li1,199.4100,141.4400,0.000814
_4066_,VGND,li1,251.3900,141.4400,0.001702
_4065_,VGND,li1,248.1700,141.4400,0.001675
_4064_,VGND,li1,247.7100,136.0000,0.001843
_4063_,VGND,li1,217.3500,141.4400,0.001198
_4062_,VGND,li1,290.7200,97.9200,0.002146
_4061_,VGND,li1,284.0500,97.9200,0.002129
_4060_,VGND,li1,239.6600,103.3600,0.001685
_4059_,VGND,li1,238.7400,108.8000,0.001679
_4058_,VGND,li1,236.6700,108.8000,0.001655
_4057_,VGND,li1,235.2900,103.3600,0.001621
_4056_,VGND,li1,193.8900,108.8000,0.000876
_4055_,VGND,li1,242.6500,97.9200,0.001658
_4054_,VGND,li1,242.6500,92.4800,0.001756
_4053_,VGND,li1,229.3100,97.9200,0.001424
_4052_,VGND,li1,219.6500,108.8000,0.001385
_4051_,VGND,li1,287.5000,174.0800,0.002299
_4050_,VGND,li1,274.8500,174.0800,0.002248
_4049_,VGND,li1,245.1800,179.5200,0.001410
_4048_,VGND,li1,236.4400,174.0800,0.001710
_4047_,VGND,li1,250.9300,179.5200,0.001458
_4046_,VGND,li1,244.0300,168.6400,0.001751
_4045_,VGND,li1,192.0500,174.0800,0.000820
_4044_,VGND,li1,249.5500,179.5200,0.001439
_4043_,VGND,li1,244.9500,184.9600,0.001442
_4042_,VGND,li1,231.1500,168.6400,0.001544
_4041_,VGND,li1,224.7100,163.2000,0.001268
_4040_,VGND,li1,284.7400,92.4800,0.002194
_4039_,VGND,li1,282.6700,92.4800,0.002186
_4038_,VGND,li1,267.7200,92.4800,0.002085
_4037_,VGND,li1,261.7400,97.9200,0.001941
_4036_,VGND,li1,277.1500,97.9200,0.002087
_4035_,VGND,li1,271.1700,103.3600,0.002011
_4034_,VGND,li1,206.7700,108.8000,0.001189
_4033_,VGND,li1,279.9100,92.4800,0.002176
_4032_,VGND,li1,268.4100,76.1600,0.001350
_4031_,VGND,li1,251.8500,97.9200,0.001797
_4030_,VGND,li1,225.1700,70.7200,0.001367
_4029_,VGND,li1,287.5000,152.3200,0.001455
_4028_,VGND,li1,257.8300,152.3200,0.001308
_4027_,VGND,li1,234.6000,152.3200,0.001122
_4026_,VGND,li1,227.2400,152.3200,0.001033
_4025_,VGND,li1,236.6700,157.7600,0.001679
_4024_,VGND,li1,237.1300,152.3200,0.001145
_4023_,VGND,li1,195.2700,157.7600,0.000866
_4022_,VGND,li1,238.5100,146.8800,0.001302
_4021_,VGND,li1,232.5300,141.4400,0.001455
_4020_,VGND,li1,228.3900,152.3200,0.001056
_4019_,VGND,li1,212.2900,152.3200,0.000845
_4018_,VGND,li1,281.9800,92.4800,0.002186
_4017_,VGND,li1,283.1300,87.0400,0.002164
_4016_,VGND,li1,256.2200,92.4800,0.001951
_4015_,VGND,li1,249.3200,92.4800,0.001855
_4014_,VGND,li1,253.2300,97.9200,0.001828
_4013_,VGND,li1,251.8500,108.8000,0.001819
_4012_,VGND,li1,191.5900,92.4800,0.000763
_4011_,VGND,li1,250.9300,87.0400,0.001985
_4010_,VGND,li1,252.3100,76.1600,0.001270
_4009_,VGND,li1,249.0900,87.0400,0.001964
_4008_,VGND,li1,200.3300,76.1600,0.000746
_4007_,VGND,li1,249.5500,195.8400,0.001296
_4006_,VGND,li1,232.0700,190.4000,0.001518
_4005_,VGND,li1,234.8300,195.8400,0.001199
_4004_,VGND,li1,233.4500,184.9600,0.001319
_4003_,VGND,li1,227.4700,190.4000,0.001450
_4002_,VGND,li1,236.6700,190.4000,0.001593
_4001_,VGND,li1,234.3700,190.4000,0.001566
_4000_,VGND,li1,226.0900,179.5200,0.001150
_3999_,VGND,li1,164.9100,184.9600,0.000567
_3998_,VGND,li1,165.3700,195.8400,0.000481
_3997_,VGND,li1,168.1300,206.7200,0.000438
_3996_,VGND,li1,153.8700,201.2800,0.000770
_3995_,VGND,li1,173.1900,190.4000,0.000446
_3994_,VGND,li1,153.8700,190.4000,0.000637
_3993_,VGND,li1,113.3900,130.5600,0.001418
_3992_,VGND,li1,111.5500,87.0400,0.000903
_3991_,VGND,li1,115.6900,81.6000,0.000719
_3990_,VGND,li1,100.9700,87.0400,0.000885
_3989_,VGND,li1,114.7700,97.9200,0.001082
_3988_,VGND,li1,100.9700,76.1600,0.001150
_3987_,VGND,li1,67.3900,212.1600,0.001217
_3986_,VGND,li1,43.4700,212.1600,0.000778
_3985_,VGND,li1,40.2500,217.6000,0.000398
_3984_,VGND,li1,28.7500,201.2800,0.000333
_3983_,VGND,li1,44.8500,206.7200,0.000500
_3982_,VGND,li1,19.5500,212.1600,0.000332
_3981_,VGND,li1,57.2700,114.2400,0.000726
_3980_,VGND,li1,44.8500,43.5200,0.000428
_3979_,VGND,li1,43.4700,48.9600,0.000375
_3978_,VGND,li1,26.4500,48.9600,0.000164
_3977_,VGND,li1,44.3900,32.6400,0.000385
_3976_,VGND,li1,25.9900,32.6400,0.000164
_3975_,VGND,li1,54.9700,152.3200,0.000634
_3974_,VGND,li1,48.9900,152.3200,0.000570
_3973_,VGND,li1,49.4500,157.7600,0.000559
_3972_,VGND,li1,49.4500,163.2000,0.000537
_3971_,VGND,li1,26.4500,168.6400,0.000201
_3970_,VGND,li1,45.3100,152.3200,0.000507
_3969_,VGND,li1,40.7100,157.7600,0.000433
_3968_,VGND,li1,21.3900,157.7600,0.000223
_3967_,VGND,li1,60.0300,130.5600,0.000969
_3966_,VGND,li1,49.4500,136.0000,0.000604
_3965_,VGND,li1,43.0100,141.4400,0.000430
_3964_,VGND,li1,32.4300,136.0000,0.000345
_3963_,VGND,li1,52.2100,136.0000,0.000638
_3962_,VGND,li1,18.6300,136.0000,0.000224
_3961_,VGND,li1,59.5700,108.8000,0.000716
_3960_,VGND,li1,43.4700,76.1600,0.000663
_3959_,VGND,li1,46.6900,59.8400,0.000493
_3958_,VGND,li1,39.3300,59.8400,0.000407
_3957_,VGND,li1,19.0900,59.8400,0.000230
_3956_,VGND,li1,46.6900,65.2800,0.000474
_3955_,VGND,li1,25.0700,70.7200,0.000238
_3954_,VGND,li1,43.9300,70.7200,0.000524
_3953_,VGND,li1,136.8500,190.4000,0.000744
_3952_,VGND,li1,136.8500,201.2800,0.000985
_3951_,VGND,li1,135.0100,201.2800,0.001006
_3950_,VGND,li1,129.4900,212.1600,0.001213
_3949_,VGND,li1,133.6300,195.8400,0.000718
_3948_,VGND,li1,119.3700,206.7200,0.000784
_3947_,VGND,li1,113.8500,212.1600,0.001339
_3946_,VGND,li1,116.1500,201.2800,0.001133
_3945_,VGND,li1,163.5300,146.8800,0.000652
_3944_,VGND,li1,163.9900,163.2000,0.000531
_3943_,VGND,li1,173.1900,157.7600,0.000590
_3942_,VGND,li1,153.4100,174.0800,0.000737
_3941_,VGND,li1,173.6500,174.0800,0.000490
_3940_,VGND,li1,155.2500,157.7600,0.000910
_3939_,VGND,li1,105.5700,130.5600,0.001406
_3938_,VGND,li1,107.4100,48.9600,0.000741
_3937_,VGND,li1,106.4900,54.4000,0.000751
_3936_,VGND,li1,105.1100,59.8400,0.000801
_3935_,VGND,li1,103.2700,48.9600,0.000743
_3934_,VGND,li1,111.0900,38.0800,0.000789
_3933_,VGND,li1,103.7300,38.0800,0.000804
_3932_,VGND,li1,104.6500,21.7600,0.000669
_3931_,VGND,li1,68.7700,212.1600,0.001217
_3930_,VGND,li1,44.8500,233.9200,0.000414
_3929_,VGND,li1,43.9300,244.8000,0.000472
_3928_,VGND,li1,29.2100,233.9200,0.000236
_3927_,VGND,li1,44.3900,228.4800,0.000558
_3926_,VGND,li1,22.7700,228.4800,0.000230
_3925_,VGND,li1,63.2500,114.2400,0.000793
_3924_,VGND,li1,72.4500,54.4000,0.000667
_3923_,VGND,li1,71.0700,38.0800,0.000749
_3922_,VGND,li1,64.1700,38.0800,0.000692
_3921_,VGND,li1,62.7900,21.7600,0.000510
_3920_,VGND,li1,68.3100,54.4000,0.000636
_3919_,VGND,li1,64.1700,48.9600,0.000588
_3918_,VGND,li1,63.7100,59.8400,0.000653
_3917_,VGND,li1,56.8100,168.6400,0.000653
_3916_,VGND,li1,48.0700,184.9600,0.000659
_3915_,VGND,li1,44.8500,190.4000,0.000407
_3914_,VGND,li1,33.8100,179.5200,0.000349
_3913_,VGND,li1,50.8300,179.5200,0.000586
_3912_,VGND,li1,18.6300,184.9600,0.000250
_3911_,VGND,li1,59.5700,119.6800,0.000615
_3910_,VGND,li1,48.5300,119.6800,0.000499
_3909_,VGND,li1,43.4700,125.1200,0.000624
_3908_,VGND,li1,39.3300,119.6800,0.000395
_3907_,VGND,li1,23.6900,119.6800,0.000184
_3906_,VGND,li1,49.4500,114.2400,0.000610
_3905_,VGND,li1,28.7500,108.8000,0.000256
_3904_,VGND,li1,49.4500,108.8000,0.000589
_3903_,VGND,li1,58.6500,97.9200,0.000739
_3902_,VGND,li1,43.4700,97.9200,0.000547
_3901_,VGND,li1,39.3300,92.4800,0.000558
_3900_,VGND,li1,26.4500,87.0400,0.000199
_3899_,VGND,li1,44.3900,87.0400,0.000462
_3898_,VGND,li1,19.5500,97.9200,0.000271
_3897_,VGND,li1,136.8500,141.4400,0.000659
_3896_,VGND,li1,135.9300,146.8800,0.000929
_3895_,VGND,li1,136.8500,152.3200,0.000859
_3894_,VGND,li1,129.0300,146.8800,0.000960
_3893_,VGND,li1,133.6300,157.7600,0.001079
_3892_,VGND,li1,115.6900,152.3200,0.000966
_3891_,VGND,li1,108.7900,152.3200,0.000983
_3890_,VGND,li1,108.7900,146.8800,0.000985
_3889_,VGND,li1,132.2500,184.9600,0.000945
_3888_,VGND,li1,126.7300,228.4800,0.000956
_3887_,VGND,li1,123.0500,244.8000,0.000887
_3886_,VGND,li1,108.3300,233.9200,0.000705
_3885_,VGND,li1,123.9700,228.4800,0.000972
_3884_,VGND,li1,107.8700,223.0400,0.000910
_3883_,VGND,li1,168.1300,125.1200,0.000664
_3882_,VGND,li1,175.0300,76.1600,0.000420
_3881_,VGND,li1,169.9700,65.2800,0.000359
_3880_,VGND,li1,165.3700,76.1600,0.000596
_3879_,VGND,li1,179.1700,70.7200,0.000410
_3878_,VGND,li1,152.4900,70.7200,0.000747
_3877_,VGND,li1,84.4100,97.9200,0.000987
_3876_,VGND,li1,77.9700,87.0400,0.000772
_3875_,VGND,li1,79.3500,76.1600,0.001055
_3874_,VGND,li1,63.7100,92.4800,0.000990
_3873_,VGND,li1,77.9700,92.4800,0.001106
_3872_,VGND,li1,64.6300,76.1600,0.000924
_3871_,VGND,li1,112.0100,119.6800,0.000881
_3870_,VGND,li1,100.9700,114.2400,0.001054
_3869_,VGND,li1,103.7300,119.6800,0.000874
_3868_,VGND,li1,79.8100,108.8000,0.000899
_3867_,VGND,li1,100.9700,103.3600,0.000904
_3866_,VGND,li1,89.9300,119.6800,0.000834
_3865_,VGND,li1,87.6300,130.5600,0.001321
_3864_,VGND,li1,86.7100,54.4000,0.000737
_3863_,VGND,li1,87.6300,54.4000,0.000737
_3862_,VGND,li1,83.9500,48.9600,0.000697
_3861_,VGND,li1,88.0900,65.2800,0.000791
_3860_,VGND,li1,88.0900,38.0800,0.000800
_3859_,VGND,li1,88.0900,38.0800,0.000800
_3858_,VGND,li1,83.0300,21.7600,0.000629
_3857_,VGND,li1,96.8300,201.2800,0.001196
_3856_,VGND,li1,90.8500,212.1600,0.001373
_3855_,VGND,li1,89.9300,244.8000,0.000898
_3854_,VGND,li1,89.9300,228.4800,0.000989
_3853_,VGND,li1,93.1500,212.1600,0.001382
_3852_,VGND,li1,77.9700,212.1600,0.001300
_3851_,VGND,li1,149.7300,114.2400,0.000928
_3850_,VGND,li1,162.6100,103.3600,0.000611
_3849_,VGND,li1,160.3100,92.4800,0.000715
_3848_,VGND,li1,171.3500,92.4800,0.000555
_3847_,VGND,li1,154.7900,92.4800,0.000784
_3846_,VGND,li1,167.2100,108.8000,0.000634
_3845_,VGND,li1,159.3900,103.3600,0.000652
_3844_,VGND,li1,178.2500,103.3600,0.000418
_3843_,VGND,li1,144.2100,103.3600,0.000781
_3842_,VGND,li1,145.1300,48.9600,0.000555
_3841_,VGND,li1,149.7300,32.6400,0.000398
_3840_,VGND,li1,146.5100,38.0800,0.000608
_3839_,VGND,li1,147.8900,21.7600,0.000480
_3838_,VGND,li1,145.1300,59.8400,0.000639
_3837_,VGND,li1,152.4900,54.4000,0.000486
_3836_,VGND,li1,138.6900,54.4000,0.000591
_3835_,VGND,li1,157.0900,179.5200,0.000653
_3834_,VGND,li1,152.0300,228.4800,0.000751
_3833_,VGND,li1,155.2500,244.8000,0.000615
_3832_,VGND,li1,141.9100,239.3600,0.000526
_3831_,VGND,li1,151.1100,217.6000,0.000581
_3830_,VGND,li1,142.3700,228.4800,0.000838
_3829_,VGND,li1,168.5900,130.5600,0.000665
_3828_,VGND,li1,169.9700,43.5200,0.000262
_3827_,VGND,li1,174.1100,43.5200,0.000226
_3826_,VGND,li1,178.2500,48.9600,0.000159
_3825_,VGND,li1,163.5300,43.5200,0.000337
_3824_,VGND,li1,168.1300,32.6400,0.000242
_3823_,VGND,li1,178.2500,32.6400,0.000137
_3822_,VGND,li1,165.3700,27.2000,0.000305
_3821_,VGND,li1,88.0900,141.4400,0.000674
_3820_,VGND,li1,82.5700,146.8800,0.000901
_3819_,VGND,li1,83.4900,157.7600,0.000894
_3818_,VGND,li1,70.1500,163.2000,0.000739
_3817_,VGND,li1,88.0900,146.8800,0.000930
_3816_,VGND,li1,69.2300,146.8800,0.000801
_3815_,VGND,li1,118.4500,114.2400,0.001076
_3814_,VGND,li1,119.3700,59.8400,0.000782
_3813_,VGND,li1,128.5700,43.5200,0.000588
_3812_,VGND,li1,128.5700,38.0800,0.000724
_3811_,VGND,li1,126.7300,27.2000,0.000603
_3810_,VGND,li1,125.3500,59.8400,0.000762
_3809_,VGND,li1,122.1300,48.9600,0.000703
_3808_,VGND,li1,122.1300,65.2800,0.000747
_3807_,VGND,li1,89.4700,168.6400,0.000852
_3806_,VGND,li1,83.0300,184.9600,0.000982
_3805_,VGND,li1,85.7900,179.5200,0.000897
_3804_,VGND,li1,70.1500,179.5200,0.000791
_3803_,VGND,li1,83.0300,190.4000,0.000705
_3802_,VGND,li1,66.0100,195.8400,0.000653
_3801_,VGND,li1,92.6900,201.2800,0.001194
_3800_,VGND,li1,75.2100,223.0400,0.000799
_3799_,VGND,li1,72.4500,244.8000,0.000813
_3798_,VGND,li1,62.3300,239.3600,0.000522
_3797_,VGND,li1,74.2900,228.4800,0.000902
_3796_,VGND,li1,62.7900,223.0400,0.000685
_3795_,VGND,li1,137.7700,174.0800,0.000864
_3794_,VGND,li1,126.7300,174.0800,0.000932
_3793_,VGND,li1,123.0500,184.9600,0.000997
_3792_,VGND,li1,107.8700,179.5200,0.000923
_3791_,VGND,li1,126.7300,168.6400,0.000820
_3790_,VGND,li1,108.3300,168.6400,0.000865
_3789_,VGND,li1,140.0700,103.3600,0.000810
_3788_,VGND,li1,141.2200,108.8000,0.000840
_3787_,VGND,li1,183.7700,212.1600,0.000389
_3786_,VGND,li1,184.9200,217.6000,0.000377
_3785_,VGND,li1,176.8700,217.6000,0.000326
_3784_,VGND,li1,180.5500,217.6000,0.000331
_3783_,VGND,li1,176.4100,223.0400,0.000395
_3782_,VGND,li1,181.4700,223.0400,0.000409
_3781_,VGND,li1,169.9700,223.0400,0.000499
_3780_,VGND,li1,141.2200,97.9200,0.000939
_3779_,VGND,li1,139.1500,92.4800,0.000966
_3778_,VGND,li1,139.6100,92.4800,0.000966
_3777_,VGND,li1,134.0900,76.1600,0.001020
_3776_,VGND,li1,137.3100,108.8000,0.000862
_3775_,VGND,li1,134.0900,114.2400,0.001039
_3774_,VGND,li1,129.9500,103.3600,0.000867
_3773_,VGND,li1,183.0800,157.7600,0.000606
_3772_,VGND,li1,169.5100,146.8800,0.000558
_3771_,VGND,li1,165.1400,146.8800,0.000623
_3770_,VGND,li1,175.4900,125.1200,0.000525
_3769_,VGND,li1,171.3500,136.0000,0.000595
_3768_,VGND,li1,168.1300,141.4400,0.000462
_3767_,VGND,li1,177.3300,136.0000,0.000479
_3766_,VGND,li1,169.0500,136.0000,0.000638
_3765_,VGND,li1,181.0100,130.5600,0.000520
_3764_,VGND,li1,140.9900,130.5600,0.001195
_3763_,VGND,li1,179.4000,130.5600,0.000520
_3762_,VGND,li1,140.0700,136.0000,0.000978
_3761_,VGND,li1,131.7900,130.5600,0.001321
_3760_,VGND,li1,188.3700,125.1200,0.000700
_3759_,VGND,li1,124.4300,130.5600,0.001402
_3758_,VGND,li1,179.8600,146.8800,0.000400
_3757_,VGND,li1,157.0900,141.4400,0.000551
_3756_,VGND,li1,154.7900,136.0000,0.000848
_3755_,VGND,li1,164.4500,125.1200,0.000724
_3754_,VGND,li1,156.1700,125.1200,0.000842
_3753_,VGND,li1,181.0100,136.0000,0.000576
_3752_,VGND,li1,175.0300,130.5600,0.000518
_3751_,VGND,li1,173.4200,130.5600,0.000557
_3750_,VGND,li1,177.1000,130.5600,0.000468
_3749_,VGND,li1,155.0200,130.5600,0.000954
_3748_,VGND,li1,155.0200,136.0000,0.000848
_3747_,VGND,li1,156.6300,136.0000,0.000824
_3746_,VGND,li1,123.2800,130.5600,0.001402
_3745_,VGND,li1,126.5000,130.5600,0.001375
_3744_,VGND,li1,135.9300,136.0000,0.000997
_3743_,VGND,li1,129.0300,130.5600,0.001352
_3742_,VGND,li1,123.5100,136.0000,0.001035
_3741_,VGND,li1,134.3200,130.5600,0.001292
_3740_,VGND,li1,161.9200,136.0000,0.000751
_3739_,VGND,li1,165.3700,141.4400,0.000500
_3738_,VGND,li1,166.7500,136.0000,0.000678
_3737_,VGND,li1,170.2000,141.4400,0.000441
_3736_,VGND,li1,175.0300,146.8800,0.000472
_3735_,VGND,li1,160.7700,146.8800,0.000690
_3734_,VGND,li1,159.3900,152.3200,0.000629
_3733_,VGND,li1,160.7700,174.0800,0.000675
_3732_,VGND,li1,162.6100,168.6400,0.000580
_3731_,VGND,li1,164.9100,136.0000,0.000711
_3730_,VGND,li1,159.8500,136.0000,0.000780
_3729_,VGND,li1,164.6800,136.0000,0.000711
_3728_,VGND,li1,168.1300,136.0000,0.000678
_3727_,VGND,li1,165.3700,130.5600,0.000722
_3726_,VGND,li1,162.1500,141.4400,0.000515
_3725_,VGND,li1,169.0500,130.5600,0.000665
_3724_,VGND,li1,97.7500,136.0000,0.001031
_3723_,VGND,li1,135.9300,130.5600,0.001268
_3722_,VGND,li1,129.4900,130.5600,0.001352
_3721_,VGND,li1,129.0300,136.0000,0.001020
_3720_,VGND,li1,93.8400,136.0000,0.001011
_3719_,VGND,li1,80.7300,136.0000,0.000922
_3718_,VGND,li1,101.4300,130.5600,0.001400
_3717_,VGND,li1,89.0100,136.0000,0.000974
_3716_,VGND,li1,84.8700,130.5600,0.001296
_3715_,VGND,li1,121.2100,130.5600,0.001409
_3714_,VGND,li1,124.8900,136.0000,0.001035
_3713_,VGND,li1,119.6000,125.1200,0.001106
_3712_,VGND,li1,76.5900,130.5600,0.001219
_3711_,VGND,li1,122.5900,125.1200,0.001095
_3710_,VGND,li1,118.4500,125.1200,0.001115
_3709_,VGND,li1,120.2900,125.1200,0.001106
_3708_,VGND,li1,97.7500,130.5600,0.001390
_3707_,VGND,li1,120.2900,130.5600,0.001414
_3706_,VGND,li1,117.5300,130.5600,0.001417
_3705_,VGND,li1,116.1500,130.5600,0.001417
_3704_,VGND,li1,96.6000,136.0000,0.001022
_3703_,VGND,li1,68.3100,125.1200,0.000977
_3702_,VGND,li1,100.0500,130.5600,0.001396
_3701_,VGND,li1,91.3100,136.0000,0.000998
_3700_,VGND,li1,94.9900,130.5600,0.001367
_3699_,VGND,li1,105.1100,136.0000,0.001045
_3698_,VGND,li1,152.7200,136.0000,0.000872
_3697_,VGND,li1,148.8100,136.0000,0.000927
_3696_,VGND,li1,150.1900,136.0000,0.000897
_3695_,VGND,li1,103.5000,136.0000,0.001045
_3694_,VGND,li1,77.0500,130.5600,0.001219
_3693_,VGND,li1,105.5700,136.0000,0.001046
_3692_,VGND,li1,102.3500,195.8400,0.000816
_3691_,VGND,li1,104.1900,195.8400,0.000812
_3690_,VGND,li1,146.9700,130.5600,0.001091
_3689_,VGND,li1,152.9500,125.1200,0.000895
_3688_,VGND,li1,152.4900,125.1200,0.000895
_3687_,VGND,li1,149.5000,125.1200,0.000916
_3686_,VGND,li1,73.3700,125.1200,0.001019
_3685_,VGND,li1,149.2700,130.5600,0.001043
_3684_,VGND,li1,146.0500,125.1200,0.000958
_3683_,VGND,li1,150.6500,125.1200,0.000916
_3682_,VGND,li1,148.3500,125.1200,0.000935
_3681_,VGND,li1,161.2300,125.1200,0.000768
_3680_,VGND,li1,161.2300,125.1200,0.000768
_3679_,VGND,li1,158.9300,125.1200,0.000800
_3678_,VGND,li1,149.0400,119.6800,0.000749
_3677_,VGND,li1,142.3700,125.1200,0.000974
_3676_,VGND,li1,151.1100,119.6800,0.000715
_3675_,VGND,li1,146.5100,114.2400,0.000946
_3674_,VGND,li1,148.3500,114.2400,0.000928
_3673_,VGND,li1,139.8400,125.1200,0.000990
_3672_,VGND,li1,71.9900,125.1200,0.001019
_3671_,VGND,li1,69.2300,130.5600,0.001097
_3670_,VGND,li1,68.5400,136.0000,0.000813
_3669_,VGND,li1,74.2900,136.0000,0.000866
_3668_,VGND,li1,63.7100,141.4400,0.000597
_3667_,VGND,li1,73.1400,130.5600,0.001175
_3666_,VGND,li1,74.5200,136.0000,0.000866
_3665_,VGND,li1,75.2100,141.4400,0.000636
_3664_,VGND,li1,68.7700,141.4400,0.000619
_3663_,VGND,li1,116.6100,136.0000,0.001048
_3662_,VGND,li1,161.6900,146.8800,0.000690
_3661_,VGND,li1,167.6700,141.4400,0.000479
_3660_,VGND,li1,115.2300,136.0000,0.001048
_3659_,VGND,li1,118.9100,136.0000,0.001042
_3658_,VGND,li1,71.5300,141.4400,0.000628
_3657_,VGND,li1,74.2900,125.1200,0.001040
_3656_,VGND,li1,68.3100,119.6800,0.000694
_3655_,VGND,li1,71.0700,119.6800,0.000708
_3654_,VGND,li1,69.6900,141.4400,0.000619
_3653_,VGND,li1,77.0500,125.1200,0.001064
_3652_,VGND,li1,65.5500,125.1200,0.000942
_3651_,VGND,li1,67.8500,130.5600,0.001097
_3650_,VGND,li1,71.0700,119.6800,0.000708
_3649_,VGND,li1,64.6300,108.8000,0.000765
_3648_,VGND,li1,62.7900,108.8000,0.000742
_3647_,VGND,li1,141.4500,130.5600,0.001195
_3646_,VGND,li1,138.2300,130.5600,0.001235
_3645_,VGND,li1,139.1500,130.5600,0.001235
_3644_,VGND,li1,184.2300,184.9600,0.000537
_3643_,VGND,li1,188.3700,184.9600,0.000619
_3642_,VGND,li1,216.8900,293.7600,0.000536
_3641_,VGND,li1,226.5500,299.2000,0.000608
_3640_,VGND,li1,227.0100,293.7600,0.000578
_3639_,VGND,li1,228.8500,293.7600,0.000588
_3638_,VGND,li1,240.8100,293.7600,0.000635
_3637_,VGND,li1,234.3700,299.2000,0.000648
_3636_,VGND,li1,235.7500,299.2000,0.000662
_3635_,VGND,li1,170.8900,277.4400,0.000236
_3634_,VGND,li1,180.5500,272.0000,0.000157
_3633_,VGND,li1,181.9300,272.0000,0.000157
_3632_,VGND,li1,218.7300,184.9600,0.001114
_3631_,VGND,li1,255.0700,174.0800,0.002026
_3630_,VGND,li1,63.7100,299.2000,0.000731
_3629_,VGND,li1,188.3700,288.3200,0.000371
_3628_,VGND,li1,180.0900,212.1600,0.000361
_3627_,VGND,li1,275.3100,201.2800,0.001097
_3626_,VGND,li1,284.5100,157.7600,0.002071
_3625_,VGND,li1,188.3700,299.2000,0.000364
_3624_,VGND,li1,197.1100,190.4000,0.000898
_3623_,VGND,li1,185.1500,201.2800,0.000386
_3622_,VGND,li1,194.8100,266.5600,0.000278
_3621_,VGND,li1,210.4500,266.5600,0.000390
_3620_,VGND,li1,224.2500,261.1200,0.000527
_3619_,VGND,li1,227.9300,277.4400,0.000659
_3618_,VGND,li1,231.1500,272.0000,0.000592
_3617_,VGND,li1,238.5100,272.0000,0.000638
_3616_,VGND,li1,249.0900,288.3200,0.000801
_3615_,VGND,li1,249.5500,277.4400,0.000754
_3614_,VGND,li1,249.5500,261.1200,0.000681
_3613_,VGND,li1,263.8100,261.1200,0.000737
_3612_,VGND,li1,185.1500,179.5200,0.000478
_3611_,VGND,li1,201.2500,190.4000,0.000991
_3610_,VGND,li1,189.2900,119.6800,0.000582
_3609_,VGND,li1,186.9900,136.0000,0.000704
_3608_,VGND,li1,173.1900,119.6800,0.000458
_3607_,VGND,li1,183.7700,146.8800,0.000468
_3606_,VGND,li1,188.3700,119.6800,0.000582
_3605_,VGND,li1,182.3900,141.4400,0.000425
_3604_,VGND,li1,187.9100,119.6800,0.000542
_3603_,VGND,li1,175.4900,141.4400,0.000387
_3602_,VGND,li1,186.9900,119.6800,0.000542
_3601_,VGND,li1,185.1500,157.7600,0.000659
_3600_,VGND,li1,146.9700,108.8000,0.000813
_3599_,VGND,li1,148.3500,168.6400,0.000694
_3598_,VGND,li1,99.5900,201.2800,0.001193
_3597_,VGND,li1,95.4500,174.0800,0.000947
_3596_,VGND,li1,118.9100,119.6800,0.000875
_3595_,VGND,li1,93.6100,136.0000,0.001011
_3594_,VGND,li1,159.3900,125.1200,0.000800
_3593_,VGND,li1,161.2300,179.5200,0.000606
_3592_,VGND,li1,148.3500,103.3600,0.000755
_3591_,VGND,li1,156.6300,119.6800,0.000661
_3590_,VGND,li1,106.0300,195.8400,0.000810
_3589_,VGND,li1,99.5900,130.5600,0.001396
_3588_,VGND,li1,113.3900,125.1200,0.001138
_3587_,VGND,li1,83.0300,103.3600,0.000841
_3586_,VGND,li1,171.8100,119.6800,0.000487
_3585_,VGND,li1,142.3700,179.5200,0.000766
_3584_,VGND,li1,139.6100,136.0000,0.000987
_3583_,VGND,li1,61.4100,97.9200,0.000785
_3582_,VGND,li1,56.8100,119.6800,0.000569
_3581_,VGND,li1,58.1900,157.7600,0.000648
_3580_,VGND,li1,60.4900,114.2400,0.000752
_3579_,VGND,li1,71.5300,212.1600,0.001250
_3578_,VGND,li1,109.7100,130.5600,0.001413
_3577_,VGND,li1,167.2100,146.8800,0.000593
_3576_,VGND,li1,144.6700,184.9600,0.000835
_3575_,VGND,li1,65.0900,103.3600,0.000738
_3574_,VGND,li1,62.3300,125.1200,0.000880
_3573_,VGND,li1,61.4100,146.8800,0.000727
_3572_,VGND,li1,66.0100,119.6800,0.000674
_3571_,VGND,li1,71.0700,206.7200,0.000762
_3570_,VGND,li1,117.5300,130.5600,0.001417
_3569_,VGND,li1,169.0500,184.9600,0.000530
_3568_,VGND,li1,290.4900,81.6000,0.000720
_3567_,VGND,li1,290.9500,146.8800,0.001596
_3566_,VGND,li1,294.6300,92.4800,0.002212
_3565_,VGND,li1,294.6300,157.7600,0.002091
_3564_,VGND,li1,282.6700,97.9200,0.002114
_3563_,VGND,li1,294.1700,130.5600,0.001962
_3562_,VGND,li1,281.2900,97.9200,0.002114
_3561_,VGND,li1,284.9700,108.8000,0.002007
_3560_,VGND,li1,284.5100,87.0400,0.002172
_3559_,VGND,li1,284.5100,157.7600,0.002071
_3558_,VGND,li1,260.5900,261.1200,0.000722
_3557_,VGND,li1,245.4100,255.6800,0.000978
_3556_,VGND,li1,259.2100,261.1200,0.000722
_3555_,VGND,li1,253.2300,277.4400,0.000772
_3554_,VGND,li1,261.9700,282.8800,0.000757
_3553_,VGND,li1,259.2100,288.3200,0.000858
_3552_,VGND,li1,249.5500,293.7600,0.000668
_3551_,VGND,li1,240.8100,293.7600,0.000635
_3550_,VGND,li1,236.6700,272.0000,0.000623
_3549_,VGND,li1,241.2700,261.1200,0.000637
_3548_,VGND,li1,230.2300,261.1200,0.000575
_3547_,VGND,li1,225.6300,261.1200,0.000539
_3546_,VGND,li1,214.1300,282.8800,0.000560
_3545_,VGND,li1,216.4300,282.8800,0.000571
_3544_,VGND,li1,222.8700,261.1200,0.000527
_3543_,VGND,li1,215.0500,255.6800,0.000701
_3542_,VGND,li1,204.9300,250.2400,0.000449
_3541_,VGND,li1,198.9500,255.6800,0.000513
_3540_,VGND,li1,198.0300,272.0000,0.000332
_3539_,VGND,li1,199.8700,282.8800,0.000481
_3538_,VGND,li1,188.3700,261.1200,0.000250
_3537_,VGND,li1,186.9900,261.1200,0.000228
_3536_,VGND,li1,184.6900,255.6800,0.000300
_3535_,VGND,li1,188.8300,212.1600,0.000417
_3534_,VGND,li1,192.0500,201.2800,0.000473
_3533_,VGND,li1,193.4300,201.2800,0.000473
_3532_,VGND,li1,207.6900,195.8400,0.000832
_3531_,VGND,li1,258.2900,239.3600,0.000846
_3530_,VGND,li1,274.3900,239.3600,0.000940
_3529_,VGND,li1,273.9300,233.9200,0.001129
_3528_,VGND,li1,273.9300,228.4800,0.001857
_3527_,VGND,li1,256.9100,228.4800,0.001774
_3526_,VGND,li1,252.7700,239.3600,0.000816
_3525_,VGND,li1,248.6300,244.8000,0.001006
_3524_,VGND,li1,244.4900,239.3600,0.000760
_3523_,VGND,li1,243.1100,228.4800,0.001603
_3522_,VGND,li1,240.3500,223.0400,0.001266
_3521_,VGND,li1,233.4500,223.0400,0.001186
_3520_,VGND,li1,227.9300,223.0400,0.001114
_3519_,VGND,li1,229.3100,233.9200,0.000837
_3518_,VGND,li1,225.6300,239.3600,0.000614
_3517_,VGND,li1,220.1100,223.0400,0.001017
_3516_,VGND,li1,212.7500,223.0400,0.000928
_3515_,VGND,li1,212.7500,223.0400,0.000928
_3514_,VGND,li1,201.2500,217.6000,0.000593
_3513_,VGND,li1,206.3100,228.4800,0.000942
_3512_,VGND,li1,194.3500,223.0400,0.000657
_3511_,VGND,li1,188.3700,233.9200,0.000419
_3510_,VGND,li1,185.1500,244.8000,0.000351
_3509_,VGND,li1,183.7700,244.8000,0.000351
_3508_,VGND,li1,199.8700,190.4000,0.000939
_3507_,VGND,li1,190.6700,299.2000,0.000384
_3506_,VGND,li1,275.3100,250.2400,0.001087
_3505_,VGND,li1,177.3300,266.5600,0.000131
_3504_,VGND,li1,279.4500,266.5600,0.000722
_3503_,VGND,li1,278.5300,244.8000,0.001162
_3502_,VGND,li1,294.6300,282.8800,0.000840
_3501_,VGND,li1,285.4300,277.4400,0.000903
_3500_,VGND,li1,277.1500,255.6800,0.001230
_3499_,VGND,li1,285.4300,223.0400,0.001597
_3498_,VGND,li1,294.6300,201.2800,0.001163
_3497_,VGND,li1,287.2700,212.1600,0.001034
_3496_,VGND,li1,277.1500,179.5200,0.001633
_3495_,VGND,li1,273.9300,190.4000,0.001891
_3494_,VGND,li1,280.3700,244.8000,0.001166
_3493_,VGND,li1,280.3700,136.0000,0.002075
_3492_,VGND,li1,282.2100,119.6800,0.001731
_3491_,VGND,li1,278.9900,136.0000,0.002075
_3490_,VGND,li1,285.4300,130.5600,0.001954
_3489_,VGND,li1,277.1500,146.8800,0.001574
_3488_,VGND,li1,276.2300,157.7600,0.002045
_3487_,VGND,li1,277.1500,163.2000,0.001814
_3486_,VGND,li1,276.2300,174.0800,0.002248
_3485_,VGND,li1,269.3300,195.8400,0.001409
_3484_,VGND,li1,273.9300,201.2800,0.001097
_3483_,VGND,li1,279.9100,212.1600,0.001016
_3482_,VGND,li1,282.2100,217.6000,0.001417
_3481_,VGND,li1,254.6100,201.2800,0.000971
_3480_,VGND,li1,249.5500,217.6000,0.001175
_3479_,VGND,li1,249.5500,212.1600,0.000872
_3478_,VGND,li1,251.3900,217.6000,0.001197
_3477_,VGND,li1,152.9500,146.8800,0.000790
_3476_,VGND,li1,156.1700,146.8800,0.000747
_3475_,VGND,li1,146.9700,141.4400,0.000620
_3474_,VGND,li1,182.3900,206.7200,0.000345
_3473_,VGND,li1,188.3700,288.3200,0.000371
_3472_,VGND,li1,169.0500,282.8800,0.000372
_3471_,VGND,li1,185.1500,288.3200,0.000356
_3470_,VGND,li1,154.3300,299.2000,0.000579
_3469_,VGND,li1,112.4700,288.3200,0.000997
_3468_,VGND,li1,123.0500,282.8800,0.000668
_3467_,VGND,li1,117.5300,277.4400,0.000340
_3466_,VGND,li1,80.7300,282.8800,0.000603
_3465_,VGND,li1,71.9900,282.8800,0.000546
_3464_,VGND,li1,68.3100,277.4400,0.000207
_3463_,VGND,li1,56.3500,299.2000,0.000658
_3462_,VGND,li1,110.1700,282.8800,0.000687
_3461_,VGND,li1,140.0700,288.3200,0.000851
_3460_,VGND,li1,163.5300,282.8800,0.000444
_3459_,VGND,li1,152.4900,282.8800,0.000535
_3458_,VGND,li1,134.5500,293.7600,0.000909
_3457_,VGND,li1,140.0700,277.4400,0.000312
_3456_,VGND,li1,132.7100,282.8800,0.000637
_3455_,VGND,li1,96.3700,299.2000,0.000882
_3454_,VGND,li1,82.1100,282.8800,0.000603
_3453_,VGND,li1,96.8300,277.4400,0.000308
_3452_,VGND,li1,58.1900,282.8800,0.000418
_3451_,VGND,li1,264.2700,157.7600,0.001971
_3450_,VGND,li1,261.9700,152.3200,0.001337
_3449_,VGND,li1,265.6500,157.7600,0.001986
_3448_,VGND,li1,279.9100,92.4800,0.002176
_3447_,VGND,li1,151.1100,233.9200,0.000542
_3446_,VGND,li1,167.2100,239.3600,0.000333
_3445_,VGND,li1,176.4100,239.3600,0.000238
_3444_,VGND,li1,182.8500,228.4800,0.000441
_3443_,VGND,li1,216.8900,184.9600,0.001087
_3442_,VGND,li1,215.9700,190.4000,0.001282
_3441_,VGND,li1,218.2700,195.8400,0.000983
_3440_,VGND,li1,223.7900,201.2800,0.000737
_3439_,VGND,li1,177.3300,277.4400,0.000211
_3438_,VGND,li1,187.4500,206.7200,0.000455
_3437_,VGND,li1,255.5300,114.2400,0.002515
_3436_,VGND,li1,239.8900,163.2000,0.001494
_3435_,VGND,li1,282.6700,103.3600,0.002064
_3434_,VGND,li1,248.1700,174.0800,0.001920
_3433_,VGND,li1,239.8900,114.2400,0.002276
_3432_,VGND,li1,267.9500,136.0000,0.002031
_3431_,VGND,li1,239.8900,119.6800,0.001419
_3430_,VGND,li1,271.6300,130.5600,0.001882
_3429_,VGND,li1,273.0100,114.2400,0.002676
_3428_,VGND,li1,270.2500,168.6400,0.001974
_3427_,VGND,li1,232.9900,174.0800,0.001661
_3426_,VGND,li1,258.7500,108.8000,0.001875
_3425_,VGND,li1,239.8900,152.3200,0.001172
_3424_,VGND,li1,278.5300,103.3600,0.002048
_3423_,VGND,li1,252.3100,174.0800,0.001986
_3422_,VGND,li1,243.1100,108.8000,0.001730
_3421_,VGND,li1,264.2700,146.8800,0.001517
_3420_,VGND,li1,234.8300,130.5600,0.001518
_3419_,VGND,li1,269.7900,119.6800,0.001676
_3418_,VGND,li1,278.5300,108.8000,0.001989
_3417_,VGND,li1,269.7900,174.0800,0.002207
_3416_,VGND,li1,230.2300,174.0800,0.001596
_3415_,VGND,li1,127.6500,119.6800,0.000857
_3414_,VGND,li1,98.2100,184.9600,0.001026
_3413_,VGND,li1,69.2300,239.3600,0.000557
_3412_,VGND,li1,60.9500,184.9600,0.000815
_3411_,VGND,li1,117.0700,43.5200,0.000623
_3410_,VGND,li1,64.1700,157.7600,0.000730
_3409_,VGND,li1,155.7100,38.0800,0.000525
_3408_,VGND,li1,132.2500,239.3600,0.000575
_3407_,VGND,li1,147.8900,48.9600,0.000524
_3406_,VGND,li1,152.4900,103.3600,0.000712
_3405_,VGND,li1,94.5300,228.4800,0.001008
_3404_,VGND,li1,77.0500,70.7200,0.000842
_3403_,VGND,li1,67.8500,108.8000,0.000793
_3402_,VGND,li1,49.9100,92.4800,0.000752
_3401_,VGND,li1,150.6500,76.1600,0.000825
_3400_,VGND,li1,99.1300,239.3600,0.000645
_3399_,VGND,li1,99.5900,157.7600,0.001002
_3398_,VGND,li1,19.0900,92.4800,0.000265
_3397_,VGND,li1,16.3300,108.8000,0.000234
_3396_,VGND,li1,28.2900,190.4000,0.000208
_3395_,VGND,li1,54.9700,54.4000,0.000517
_3394_,VGND,li1,21.3900,244.8000,0.000182
_3393_,VGND,li1,93.6100,43.5200,0.000648
_3392_,VGND,li1,139.1500,174.0800,0.000864
_3391_,VGND,li1,105.5700,206.7200,0.000814
_3390_,VGND,li1,8.9700,70.7200,0.000291
_3389_,VGND,li1,20.9300,141.4400,0.000183
_3388_,VGND,li1,20.9300,168.6400,0.000207
_3387_,VGND,li1,16.3300,48.9600,0.000180
_3386_,VGND,li1,14.4900,201.2800,0.000319
_3385_,VGND,li1,89.9300,92.4800,0.001171
_3384_,VGND,li1,149.7300,195.8400,0.000612
_3383_,VGND,li1,158.7000,228.4800,0.000678
_3382_,VGND,li1,140.9900,119.6800,0.000797
_3381_,VGND,li1,105.1100,190.4000,0.000779
_3380_,VGND,li1,54.9700,233.9200,0.000512
_3379_,VGND,li1,67.8500,190.4000,0.000616
_3378_,VGND,li1,112.0100,48.9600,0.000734
_3377_,VGND,li1,67.8500,168.6400,0.000758
_3376_,VGND,li1,161.2300,48.9600,0.000379
_3375_,VGND,li1,140.9900,233.9200,0.000600
_3374_,VGND,li1,151.5700,59.8400,0.000578
_3373_,VGND,li1,166.7500,114.2400,0.000722
_3372_,VGND,li1,88.5500,233.9200,0.000687
_3371_,VGND,li1,85.3300,59.8400,0.000774
_3370_,VGND,li1,86.7100,108.8000,0.000943
_3369_,VGND,li1,61.4100,87.0400,0.000641
_3368_,VGND,li1,160.3100,70.7200,0.000656
_3367_,VGND,li1,106.0300,244.8000,0.000912
_3366_,VGND,li1,111.0900,163.2000,0.000825
_3365_,VGND,li1,26.4500,81.6000,0.000164
_3364_,VGND,li1,28.2900,103.3600,0.000275
_3363_,VGND,li1,29.2100,179.5200,0.000273
_3362_,VGND,li1,59.5700,48.9600,0.000548
_3361_,VGND,li1,31.9700,244.8000,0.000292
_3360_,VGND,li1,103.7300,54.4000,0.000759
_3359_,VGND,li1,151.1100,168.6400,0.000678
_3358_,VGND,li1,111.0900,206.7200,0.000804
_3357_,VGND,li1,19.5500,65.2800,0.000194
_3356_,VGND,li1,28.2900,130.5600,0.000329
_3355_,VGND,li1,27.8300,163.2000,0.000246
_3354_,VGND,li1,25.9900,54.4000,0.000189
_3353_,VGND,li1,27.3700,195.8400,0.000208
_3352_,VGND,li1,98.2100,81.6000,0.000704
_3351_,VGND,li1,159.8500,201.2800,0.000680
_3350_,VGND,li1,165.6000,233.9200,0.000436
_3349_,VGND,li1,136.8500,119.6800,0.000819
_3348_,VGND,li1,109.7100,184.9600,0.001026
_3347_,VGND,li1,64.1700,239.3600,0.000534
_3346_,VGND,li1,72.4500,184.9600,0.000914
_3345_,VGND,li1,123.5100,54.4000,0.000688
_3344_,VGND,li1,72.4500,157.7600,0.000808
_3343_,VGND,li1,170.4300,43.5200,0.000262
_3342_,VGND,li1,144.2100,244.8000,0.000765
_3341_,VGND,li1,156.6300,59.8400,0.000509
_3340_,VGND,li1,163.0700,108.8000,0.000678
_3339_,VGND,li1,93.6100,233.9200,0.000698
_3338_,VGND,li1,88.5500,65.2800,0.000791
_3337_,VGND,li1,80.2700,103.3600,0.000829
_3336_,VGND,li1,66.0100,97.9200,0.000832
_3335_,VGND,li1,163.5300,70.7200,0.000622
_3334_,VGND,li1,111.0900,239.3600,0.000636
_3333_,VGND,li1,115.2300,157.7600,0.001066
_3332_,VGND,li1,30.5900,87.0400,0.000284
_3331_,VGND,li1,33.8100,108.8000,0.000358
_3330_,VGND,li1,32.8900,184.9600,0.000388
_3329_,VGND,li1,66.0100,43.5200,0.000571
_3328_,VGND,li1,33.8100,239.3600,0.000292
_3327_,VGND,li1,104.1900,43.5200,0.000649
_3326_,VGND,li1,157.0900,174.0800,0.000698
_3325_,VGND,li1,112.4700,217.6000,0.000794
_3324_,VGND,li1,28.7500,65.2800,0.000211
_3323_,VGND,li1,32.4300,130.5600,0.000401
_3322_,VGND,li1,33.8100,168.6400,0.000346
_3321_,VGND,li1,28.2900,38.0800,0.000272
_3320_,VGND,li1,33.8100,201.2800,0.000457
_3319_,VGND,li1,102.3500,92.4800,0.001217
_3318_,VGND,li1,156.6300,206.7200,0.000557
_3317_,VGND,li1,158.7000,223.0400,0.000607
_3316_,VGND,li1,123.9700,16.3200,0.000672
_3315_,VGND,li1,91.3100,190.4000,0.000739
_3314_,VGND,li1,61.4100,255.6800,0.000267
_3313_,VGND,li1,10.3500,201.2800,0.000322
_3312_,VGND,li1,130.8700,21.7600,0.000589
_3311_,VGND,li1,11.7300,163.2000,0.000188
_3310_,VGND,li1,160.3100,16.3200,0.000397
_3309_,VGND,li1,157.0900,255.6800,0.000352
_3308_,VGND,li1,153.4100,16.3200,0.000474
_3307_,VGND,li1,175.4900,16.3200,0.000193
_3306_,VGND,li1,73.3700,261.1200,0.000121
_3305_,VGND,li1,73.3700,16.3200,0.000570
_3304_,VGND,li1,11.7300,103.3600,0.000211
_3303_,VGND,li1,11.7300,81.6000,0.000185
_3302_,VGND,li1,136.8500,16.3200,0.000612
_3301_,VGND,li1,97.7500,250.2400,0.000381
_3300_,VGND,li1,100.5100,163.2000,0.000836
_3299_,VGND,li1,11.7300,87.0400,0.000232
_3298_,VGND,li1,11.7300,108.8000,0.000241
_3297_,VGND,li1,11.7300,190.4000,0.000185
_3296_,VGND,li1,50.8300,16.3200,0.000380
_3295_,VGND,li1,11.7300,239.3600,0.000217
_3294_,VGND,li1,91.7700,16.3200,0.000668
_3293_,VGND,li1,151.5700,261.1200,0.000174
_3292_,VGND,li1,104.6500,255.6800,0.000388
_3291_,VGND,li1,11.7300,65.2800,0.000203
_3290_,VGND,li1,10.3500,146.8800,0.000253
_3289_,VGND,li1,11.7300,174.0800,0.000293
_3288_,VGND,li1,11.7300,43.5200,0.000208
_3287_,VGND,li1,11.7300,217.6000,0.000221
_3286_,VGND,li1,116.6100,16.3200,0.000687
_3285_,VGND,li1,149.7300,261.1200,0.000176
_3284_,VGND,li1,169.9700,261.1200,0.000150
_3283_,VGND,li1,204.0100,65.2800,0.000532
_3282_,VGND,li1,212.7500,146.8800,0.000992
_3281_,VGND,li1,227.0100,65.2800,0.000723
_3280_,VGND,li1,231.1500,163.2000,0.001369
_3279_,VGND,li1,221.0300,114.2400,0.001865
_3278_,VGND,li1,221.4900,130.5600,0.001320
_3277_,VGND,li1,212.7500,76.1600,0.000905
_3276_,VGND,li1,225.6300,130.5600,0.001369
_3275_,VGND,li1,227.0100,92.4800,0.001498
_3274_,VGND,li1,215.0500,168.6400,0.001269
_3273_,VGND,li1,224.7100,174.0800,0.001504
_3272_,VGND,li1,291.4100,239.3600,0.001001
_3271_,VGND,li1,291.4100,244.8000,0.001183
_3270_,VGND,li1,291.4100,288.3200,0.000931
_3269_,VGND,li1,291.4100,261.1200,0.000829
_3268_,VGND,li1,291.4100,217.6000,0.001441
_3267_,VGND,li1,291.4100,206.7200,0.001813
_3266_,VGND,li1,291.4100,174.0800,0.002310
_3265_,VGND,li1,292.3300,179.5200,0.001689
_3264_,VGND,li1,291.4100,190.4000,0.001944
_3263_,VGND,li1,286.8100,244.8000,0.001179
_3262_,VGND,li1,291.4100,233.9200,0.001174
_3261_,VGND,li1,290.4900,125.1200,0.002015
_3260_,VGND,li1,291.4100,184.9600,0.001711
_3259_,VGND,li1,291.4100,119.6800,0.001754
_3258_,VGND,li1,291.4100,201.2800,0.001159
_3257_,VGND,li1,291.4100,282.8800,0.000837
_3256_,VGND,li1,284.5100,174.0800,0.002293
_3255_,VGND,li1,291.4100,179.5200,0.001689
_3254_,VGND,li1,291.4100,157.7600,0.002088
_3253_,VGND,li1,291.4100,125.1200,0.002015
_3252_,VGND,li1,291.4100,228.4800,0.001910
_3251_,VGND,li1,291.4100,223.0400,0.001608
_3250_,VGND,li1,280.3700,261.1200,0.000801
_3249_,VGND,li1,193.8900,299.2000,0.000417
_3248_,VGND,li1,171.3500,299.2000,0.000356
_3247_,VGND,li1,259.2100,299.2000,0.000781
_3246_,VGND,li1,157.0900,299.2000,0.000539
_3245_,VGND,li1,43.9300,293.7600,0.000553
_3244_,VGND,li1,139.6100,299.2000,0.000721
_3243_,VGND,li1,111.0900,293.7600,0.001013
_3242_,VGND,li1,89.4700,299.2000,0.000873
_3241_,VGND,li1,74.7500,299.2000,0.000816
_3240_,VGND,li1,65.0900,299.2000,0.000731
_3239_,VGND,li1,49.9100,299.2000,0.000570
_3238_,VGND,li1,117.0700,299.2000,0.000848
_3237_,VGND,li1,123.9700,293.7600,0.000967
_3236_,VGND,li1,266.5700,299.2000,0.000809
_3235_,VGND,li1,272.0900,293.7600,0.000736
_3234_,VGND,li1,69.2300,293.7600,0.000873
_3233_,VGND,li1,41.1700,299.2000,0.000462
_3232_,VGND,li1,131.3300,293.7600,0.000936
_3231_,VGND,li1,98.2100,293.7600,0.001016
_3230_,VGND,li1,80.7300,299.2000,0.000847
_3229_,VGND,li1,85.3300,299.2000,0.000863
_3228_,VGND,li1,36.1100,299.2000,0.000370
_3227_,VGND,li1,169.0500,288.3200,0.000456
_3226_,VGND,li1,247.7100,108.8000,0.001777
_3225_,VGND,li1,233.9100,157.7600,0.001637
_3224_,VGND,li1,263.8100,97.9200,0.001964
_3223_,VGND,li1,239.8900,174.0800,0.001790
_3222_,VGND,li1,233.9100,108.8000,0.001619
_3221_,VGND,li1,261.0500,146.8800,0.001496
_3220_,VGND,li1,229.3100,119.6800,0.001284
_3219_,VGND,li1,265.6500,119.6800,0.001649
_3218_,VGND,li1,261.0500,114.2400,0.002564
_3217_,VGND,li1,256.4500,168.6400,0.001881
_3216_,VGND,li1,228.8500,174.0800,0.001596
_3215_,VGND,li1,252.7700,114.2400,0.002487
_3214_,VGND,li1,230.2300,152.3200,0.001077
_3213_,VGND,li1,267.9500,97.9200,0.002005
_3212_,VGND,li1,244.0300,174.0800,0.001833
_3211_,VGND,li1,231.6100,103.3600,0.001563
_3210_,VGND,li1,271.6300,141.4400,0.001886
_3209_,VGND,li1,232.9900,119.6800,0.001333
_3208_,VGND,li1,267.4900,130.5600,0.001848
_3207_,VGND,li1,265.1900,114.2400,0.002614
_3206_,VGND,li1,265.6500,174.0800,0.002161
_3205_,VGND,li1,226.5500,174.0800,0.001553
_3204_,VGND,li1,235.7500,179.5200,0.001275
_3203_,VGND,li1,130.4100,125.1200,0.001048
_3202_,VGND,li1,100.9700,179.5200,0.000931
_3201_,VGND,li1,72.4500,233.9200,0.000627
_3200_,VGND,li1,60.4900,179.5200,0.000697
_3199_,VGND,li1,117.9900,43.5200,0.000623
_3198_,VGND,li1,63.7100,174.0800,0.000762
_3197_,VGND,li1,162.6100,48.9600,0.000379
_3196_,VGND,li1,145.1300,239.3600,0.000504
_3195_,VGND,li1,159.3900,54.4000,0.000414
_3194_,VGND,li1,150.6500,108.8000,0.000775
_3193_,VGND,li1,90.8500,223.0400,0.000887
_3192_,VGND,li1,80.7300,59.8400,0.000756
_3191_,VGND,li1,74.7500,103.3600,0.000802
_3190_,VGND,li1,54.9700,97.9200,0.000708
_3189_,VGND,li1,157.5500,81.6000,0.000484
_3188_,VGND,li1,97.2900,233.9200,0.000701
_3187_,VGND,li1,104.1900,157.7600,0.001028
_3186_,VGND,li1,21.3900,81.6000,0.000173
_3185_,VGND,li1,21.8500,108.8000,0.000221
_3184_,VGND,li1,28.7500,184.9600,0.000314
_3183_,VGND,li1,54.9700,48.9600,0.000507
_3182_,VGND,li1,22.3100,233.9200,0.000165
_3181_,VGND,li1,94.9900,54.4000,0.000758
_3180_,VGND,li1,148.3500,179.5200,0.000723
_3179_,VGND,li1,103.2700,206.7200,0.000817
_3178_,VGND,li1,24.1500,76.1600,0.000262
_3177_,VGND,li1,27.3700,141.4400,0.000224
_3176_,VGND,li1,19.5500,168.6400,0.000210
_3175_,VGND,li1,20.9300,48.9600,0.000172
_3174_,VGND,li1,21.8500,195.8400,0.000175
_3173_,VGND,li1,98.2100,92.4800,0.001205
_3172_,VGND,li1,145.1300,206.7200,0.000643
_3171_,VGND,li1,155.0200,233.9200,0.000510
_3170_,VGND,li1,132.2500,108.8000,0.000887
_3169_,VGND,li1,129.9500,190.4000,0.000765
_3168_,VGND,li1,76.5900,250.2400,0.000340
_3167_,VGND,li1,92.6900,179.5200,0.000918
_3166_,VGND,li1,123.9700,65.2800,0.000735
_3165_,VGND,li1,85.3300,163.2000,0.000817
_3164_,VGND,li1,181.9300,54.4000,0.000154
_3163_,VGND,li1,157.5500,239.3600,0.000410
_3162_,VGND,li1,136.8500,54.4000,0.000604
_3161_,VGND,li1,179.6300,108.8000,0.000453
_3160_,VGND,li1,93.1500,250.2400,0.000377
_3159_,VGND,li1,90.8500,48.9600,0.000724
_3158_,VGND,li1,107.8700,114.2400,0.001069
_3157_,VGND,li1,86.2500,76.1600,0.001088
_3156_,VGND,li1,175.4900,59.8400,0.000259
_3155_,VGND,li1,129.9500,244.8000,0.000856
_3154_,VGND,li1,112.0100,141.4400,0.000690
_3153_,VGND,li1,46.6900,92.4800,0.000703
_3152_,VGND,li1,56.3500,108.8000,0.000657
_3151_,VGND,li1,50.8300,195.8400,0.000492
_3150_,VGND,li1,68.7700,65.2800,0.000696
_3149_,VGND,li1,46.6900,244.8000,0.000521
_3148_,VGND,li1,108.7900,65.2800,0.000790
_3147_,VGND,li1,182.8500,157.7600,0.000606
_3146_,VGND,li1,123.0500,201.2800,0.001101
_3145_,VGND,li1,46.6900,76.1600,0.000720
_3144_,VGND,li1,47.1500,146.8800,0.000566
_3143_,VGND,li1,53.1300,168.6400,0.000615
_3142_,VGND,li1,46.6900,48.9600,0.000422
_3141_,VGND,li1,46.6900,217.6000,0.000488
_3140_,VGND,li1,123.9700,81.6000,0.000704
_3139_,VGND,li1,170.8900,212.1600,0.000503
_3138_,VGND,li1,162.3800,223.0400,0.000568
_3137_,VGND,li1,136.8500,87.0400,0.000843
_3136_,VGND,li1,128.1100,179.5200,0.000850
_3135_,VGND,li1,75.2100,233.9200,0.000640
_3134_,VGND,li1,85.3300,195.8400,0.000780
_3133_,VGND,li1,135.4700,38.0800,0.000689
_3132_,VGND,li1,86.2500,141.4400,0.000670
_3131_,VGND,li1,177.7900,38.0800,0.000201
_3130_,VGND,li1,158.0100,217.6000,0.000522
_3129_,VGND,li1,149.7300,38.0800,0.000574
_3128_,VGND,li1,175.4900,92.4800,0.000482
_3127_,VGND,li1,95.4500,217.6000,0.000797
_3126_,VGND,li1,85.3300,32.6400,0.000610
_3125_,VGND,li1,99.5900,97.9200,0.001073
_3124_,VGND,li1,85.3300,92.4800,0.001148
_3123_,VGND,li1,170.8900,76.1600,0.000496
_3122_,VGND,li1,130.8700,228.4800,0.000926
_3121_,VGND,li1,129.9500,152.3200,0.000903
_3120_,VGND,li1,46.6900,87.0400,0.000497
_3119_,VGND,li1,46.2300,119.6800,0.000473
_3118_,VGND,li1,54.9700,184.9600,0.000725
_3117_,VGND,li1,65.5500,32.6400,0.000534
_3116_,VGND,li1,46.6900,228.4800,0.000592
_3115_,VGND,li1,110.6300,32.6400,0.000600
_3114_,VGND,li1,178.2500,179.5200,0.000354
_3113_,VGND,li1,136.8500,212.1600,0.001124
_3112_,VGND,li1,44.8500,65.2800,0.000446
_3111_,VGND,li1,56.3500,136.0000,0.000685
_3110_,VGND,li1,42.0900,152.3200,0.000472
_3109_,VGND,li1,46.6900,27.2000,0.000376
_3108_,VGND,li1,51.7500,206.7200,0.000607
_3107_,VGND,li1,118.4500,97.9200,0.001071
_3106_,VGND,li1,179.6300,195.8400,0.000320
_3105_,VGND,li1,165.6000,223.0400,0.000534
_3104_,VGND,li1,136.8500,97.9200,0.000980
_3103_,VGND,li1,126.7300,163.2000,0.000780
_3102_,VGND,li1,77.9700,217.6000,0.000738
_3101_,VGND,li1,85.3300,201.2800,0.001161
_3100_,VGND,li1,130.4100,32.6400,0.000525
_3099_,VGND,li1,84.8700,152.3200,0.000926
_3098_,VGND,li1,185.1500,32.6400,0.000144
_3097_,VGND,li1,151.1100,217.6000,0.000581
_3096_,VGND,li1,145.1300,43.5200,0.000501
_3095_,VGND,li1,175.4900,81.6000,0.000277
_3094_,VGND,li1,86.2500,212.1600,0.001348
_3093_,VGND,li1,85.3300,43.5200,0.000638
_3092_,VGND,li1,104.1900,103.3600,0.000907
_3091_,VGND,li1,77.9700,87.0400,0.000772
_3090_,VGND,li1,184.2300,65.2800,0.000316
_3089_,VGND,li1,123.0500,233.9200,0.000680
_3088_,VGND,li1,119.3700,146.8800,0.000980
_3087_,VGND,li1,51.2900,87.0400,0.000548
_3086_,VGND,li1,39.3300,125.1200,0.000558
_3085_,VGND,li1,42.0900,179.5200,0.000470
_3084_,VGND,li1,64.6300,43.5200,0.000560
_3083_,VGND,li1,51.2900,228.4800,0.000650
_3082_,VGND,li1,105.5700,38.0800,0.000801
_3081_,VGND,li1,175.4900,168.6400,0.000445
_3080_,VGND,li1,129.0300,217.6000,0.000732
_3079_,VGND,li1,40.7100,54.4000,0.000357
_3078_,VGND,li1,59.5700,136.0000,0.000721
_3077_,VGND,li1,39.7900,157.7600,0.000433
_3076_,VGND,li1,46.6900,38.0800,0.000521
_3075_,VGND,li1,45.3100,201.2800,0.000644
_3074_,VGND,li1,121.6700,97.9200,0.001063
_3073_,VGND,li1,175.4900,195.8400,0.000358
_3072_,VGND,li1,165.8300,228.4800,0.000582
_3071_,VGND,li1,127.6500,92.4800,0.001069
_3070_,VGND,li1,119.3700,163.2000,0.000806
_3069_,VGND,li1,67.8500,228.4800,0.000848
_3068_,VGND,li1,73.3700,195.8400,0.000715
_3067_,VGND,li1,123.9700,32.6400,0.000552
_3066_,VGND,li1,75.6700,146.8800,0.000844
_3065_,VGND,li1,170.8900,27.2000,0.000238
_3064_,VGND,li1,144.2100,206.7200,0.000643
_3063_,VGND,li1,140.9900,43.5200,0.000521
_3062_,VGND,li1,166.7500,92.4800,0.000616
_3061_,VGND,li1,83.9500,212.1600,0.001330
_3060_,VGND,li1,76.5900,43.5200,0.000614
_3059_,VGND,li1,89.4700,103.3600,0.000868
_3058_,VGND,li1,71.0700,92.4800,0.001045
_3057_,VGND,li1,181.9300,76.1600,0.000461
_3056_,VGND,li1,115.2300,228.4800,0.001013
_3055_,VGND,li1,119.3700,141.4400,0.000689
_3054_,VGND,li1,39.3300,92.4800,0.000558
_3053_,VGND,li1,34.2700,119.6800,0.000329
_3052_,VGND,li1,42.0900,174.0800,0.000528
_3051_,VGND,li1,50.8300,38.0800,0.000565
_3050_,VGND,li1,35.6500,223.0400,0.000347
_3049_,VGND,li1,98.2100,32.6400,0.000621
_3048_,VGND,li1,166.7500,174.0800,0.000579
_3047_,VGND,li1,119.3700,212.1600,0.001296
_3046_,VGND,li1,34.2700,65.2800,0.000305
_3045_,VGND,li1,47.1500,130.5600,0.000732
_3044_,VGND,li1,33.8100,157.7600,0.000345
_3043_,VGND,li1,38.4100,27.2000,0.000286
_3042_,VGND,li1,36.5700,206.7200,0.000398
_3041_,VGND,li1,106.4900,92.4800,0.001196
_3040_,VGND,li1,169.9700,184.9600,0.000492
_3039_,VGND,li1,171.5800,223.0400,0.000460
_3038_,VGND,li1,131.7900,87.0400,0.000865
_3037_,VGND,li1,121.2100,174.0800,0.000960
_3036_,VGND,li1,70.6100,233.9200,0.000610
_3035_,VGND,li1,79.3500,201.2800,0.001126
_3034_,VGND,li1,123.0500,43.5200,0.000608
_3033_,VGND,li1,81.6500,141.4400,0.000658
_3032_,VGND,li1,175.4900,27.2000,0.000180
_3031_,VGND,li1,144.2100,217.6000,0.000635
_3030_,VGND,li1,139.6100,38.0800,0.000656
_3029_,VGND,li1,170.8900,92.4800,0.000555
_3028_,VGND,li1,98.2100,206.7200,0.000820
_3027_,VGND,li1,80.7300,32.6400,0.000599
_3026_,VGND,li1,93.6100,103.3600,0.000885
_3025_,VGND,li1,72.4500,92.4800,0.001063
_3024_,VGND,li1,175.9500,81.6000,0.000277
_3023_,VGND,li1,119.3700,228.4800,0.000994
_3022_,VGND,li1,124.4300,141.4400,0.000686
_3021_,VGND,li1,40.7100,81.6000,0.000360
_3020_,VGND,li1,32.4300,119.6800,0.000291
_3019_,VGND,li1,48.5300,174.0800,0.000613
_3018_,VGND,li1,54.9700,38.0800,0.000612
_3017_,VGND,li1,39.7900,223.0400,0.000405
_3016_,VGND,li1,96.8300,38.0800,0.000806
_3015_,VGND,li1,170.4300,179.5200,0.000476
_3014_,VGND,li1,122.5900,212.1600,0.001278
_3013_,VGND,li1,35.6500,54.4000,0.000307
_3012_,VGND,li1,49.4500,141.4400,0.000497
_3011_,VGND,li1,35.6500,163.2000,0.000347
_3010_,VGND,li1,34.7300,32.6400,0.000282
_3009_,VGND,li1,40.7100,206.7200,0.000461
_3008_,VGND,li1,112.0100,103.3600,0.000910
_3007_,VGND,li1,170.8900,195.8400,0.000408
_3006_,VGND,li1,174.3400,228.4800,0.000461
_3005_,VGND,li1,164.9100,217.6000,0.000452
_3004_,VGND,li1,136.8500,76.1600,0.000992
_3003_,VGND,li1,111.0900,168.6400,0.000860
_3002_,VGND,li1,66.4700,217.6000,0.000663
_3001_,VGND,li1,75.2100,201.2800,0.001100
_3000_,VGND,li1,131.3300,21.7600,0.000589
_2999_,VGND,li1,71.9900,152.3200,0.000827
_2998_,VGND,li1,162.6100,32.6400,0.000291
_2997_,VGND,li1,144.2100,223.0400,0.000759
_2996_,VGND,li1,154.7900,21.7600,0.000415
_2995_,VGND,li1,162.6100,92.4800,0.000676
_2994_,VGND,li1,79.3500,206.7200,0.000797
_2993_,VGND,li1,85.3300,21.7600,0.000637
_2992_,VGND,li1,93.1500,119.6800,0.000845
_2991_,VGND,li1,66.9300,81.6000,0.000580
_2990_,VGND,li1,149.7300,65.2800,0.000566
_2989_,VGND,li1,111.0900,223.0400,0.000905
_2988_,VGND,li1,139.6100,152.3200,0.000839
_2987_,VGND,li1,20.9300,97.9200,0.000264
_2986_,VGND,li1,25.0700,125.1200,0.000288
_2985_,VGND,li1,20.9300,184.9600,0.000243
_2984_,VGND,li1,66.9300,27.2000,0.000524
_2983_,VGND,li1,28.2900,223.0400,0.000225
_2982_,VGND,li1,105.1100,27.2000,0.000623
_2981_,VGND,li1,156.6300,152.3200,0.000679
_2980_,VGND,li1,136.8500,195.8400,0.000697
_2979_,VGND,li1,20.9300,54.4000,0.000166
_2978_,VGND,li1,20.9300,130.5600,0.000266
_2977_,VGND,li1,22.3100,152.3200,0.000210
_2976_,VGND,li1,29.2100,38.0800,0.000272
_2975_,VGND,li1,20.4700,217.6000,0.000203
_2974_,VGND,li1,105.5700,70.7200,0.000966
_2973_,VGND,li1,157.0900,190.4000,0.000611
_2972_,VGND,li1,163.3000,223.0400,0.000568
_2971_,VGND,li1,174.1100,223.0400,0.000426
_2970_,VGND,li1,171.3500,228.4800,0.000500
_2969_,VGND,li1,136.8500,81.6000,0.000653
_2968_,VGND,li1,106.0300,174.0800,0.000978
_2967_,VGND,li1,60.4900,223.0400,0.000660
_2966_,VGND,li1,63.7100,201.2800,0.000945
_2965_,VGND,li1,126.7300,21.7600,0.000610
_2964_,VGND,li1,67.3900,152.3200,0.000773
_2963_,VGND,li1,172.2700,27.2000,0.000238
_2962_,VGND,li1,149.7300,223.0400,0.000695
_2961_,VGND,li1,145.1300,21.7600,0.000498
_2960_,VGND,li1,147.8900,92.4800,0.000873
_2959_,VGND,li1,77.9700,217.6000,0.000738
_2958_,VGND,li1,85.3300,27.2000,0.000596
_2957_,VGND,li1,88.5500,114.2400,0.000996
_2956_,VGND,li1,62.3300,81.6000,0.000556
_2955_,VGND,li1,145.1300,65.2800,0.000603
_2954_,VGND,li1,100.9700,223.0400,0.000908
_2953_,VGND,li1,136.8500,163.2000,0.000737
_2952_,VGND,li1,28.2900,92.4800,0.000302
_2951_,VGND,li1,20.9300,114.2400,0.000241
_2950_,VGND,li1,11.7300,184.9600,0.000258
_2949_,VGND,li1,61.8700,16.3200,0.000476
_2948_,VGND,li1,21.8500,228.4800,0.000230
_2947_,VGND,li1,111.5500,21.7600,0.000660
_2946_,VGND,li1,154.7900,163.2000,0.000621
_2945_,VGND,li1,140.5300,195.8400,0.000673
_2944_,VGND,li1,20.9300,59.8400,0.000218
_2943_,VGND,li1,11.7300,136.0000,0.000232
_2942_,VGND,li1,19.0900,152.3200,0.000219
_2941_,VGND,li1,24.6100,27.2000,0.000124
_2940_,VGND,li1,20.9300,206.7200,0.000227
_2939_,VGND,li1,97.2900,70.7200,0.000946
_2938_,VGND,li1,152.4900,184.9600,0.000741
_2937_,VGND,li1,167.2100,228.4800,0.000545
_2936_,VGND,li1,119.8300,76.1600,0.001122
_2935_,VGND,li1,99.1300,168.6400,0.000867
_2934_,VGND,li1,56.3500,223.0400,0.000598
_2933_,VGND,li1,51.7500,195.8400,0.000521
_2932_,VGND,li1,118.4500,21.7600,0.000646
_2931_,VGND,li1,60.4900,152.3200,0.000712
_2930_,VGND,li1,162.6100,21.7600,0.000335
_2929_,VGND,li1,137.7700,217.6000,0.000680
_2928_,VGND,li1,140.9900,21.7600,0.000527
_2927_,VGND,li1,158.9300,87.0400,0.000676
_2926_,VGND,li1,73.8300,217.6000,0.000716
_2925_,VGND,li1,73.3700,21.7600,0.000582
_2924_,VGND,li1,83.4900,114.2400,0.000963
_2923_,VGND,li1,54.9700,76.1600,0.000832
_2922_,VGND,li1,140.9900,65.2800,0.000633
_2921_,VGND,li1,99.1300,223.0400,0.000905
_2920_,VGND,li1,124.8900,157.7600,0.001077
_2919_,VGND,li1,13.5700,103.3600,0.000210
_2918_,VGND,li1,8.9700,119.6800,0.000214
_2917_,VGND,li1,18.1700,179.5200,0.000224
_2916_,VGND,li1,54.9700,27.2000,0.000461
_2915_,VGND,li1,14.9500,223.0400,0.000217
_2914_,VGND,li1,93.6100,21.7600,0.000659
_2913_,VGND,li1,147.4300,163.2000,0.000672
_2912_,VGND,li1,124.8900,195.8400,0.000765
_2911_,VGND,li1,25.9900,59.8400,0.000201
_2910_,VGND,li1,8.9700,141.4400,0.000201
_2909_,VGND,li1,14.4900,146.8800,0.000248
_2908_,VGND,li1,13.5700,38.0800,0.000223
_2907_,VGND,li1,8.9700,206.7200,0.000247
_2906_,VGND,li1,94.9900,81.6000,0.000693
_2905_,VGND,li1,145.1300,190.4000,0.000695
_2904_,VGND,li1,159.1600,223.0400,0.000607
_2903_,VGND,li1,130.4100,81.6000,0.000687
_2902_,VGND,li1,102.3500,163.2000,0.000835
_2901_,VGND,li1,54.9700,223.0400,0.000598
_2900_,VGND,li1,64.6300,190.4000,0.000592
_2899_,VGND,li1,119.3700,27.2000,0.000618
_2898_,VGND,li1,62.3300,146.8800,0.000727
_2897_,VGND,li1,156.6300,27.2000,0.000399
_2896_,VGND,li1,138.6900,233.9200,0.000612
_2895_,VGND,li1,143.7500,27.2000,0.000510
_2894_,VGND,li1,154.3300,97.9200,0.000789
_2893_,VGND,li1,72.4500,212.1600,0.001250
_2892_,VGND,li1,78.8900,27.2000,0.000581
_2891_,VGND,li1,80.7300,119.6800,0.000782
_2890_,VGND,li1,64.1700,70.7200,0.000741
_2889_,VGND,li1,144.2100,76.1600,0.000930
_2888_,VGND,li1,98.6700,228.4800,0.001017
_2887_,VGND,li1,126.7300,157.7600,0.001079
_2886_,VGND,li1,14.4900,92.4800,0.000271
_2885_,VGND,li1,14.9500,114.2400,0.000258
_2884_,VGND,li1,19.0900,190.4000,0.000177
_2883_,VGND,li1,60.4900,27.2000,0.000498
_2882_,VGND,li1,16.3300,228.4800,0.000239
_2881_,VGND,li1,95.4500,27.2000,0.000617
_2880_,VGND,li1,149.7300,152.3200,0.000744
_2879_,VGND,li1,126.7300,195.8400,0.000751
_2878_,VGND,li1,14.0300,65.2800,0.000200
_2877_,VGND,li1,8.9700,136.0000,0.000232
_2876_,VGND,li1,15.8700,163.2000,0.000187
_2875_,VGND,li1,17.7100,38.0800,0.000219
_2874_,VGND,li1,26.4500,212.1600,0.000310
_2873_,VGND,li1,93.6100,76.1600,0.001124
_2872_,VGND,li1,148.8100,195.8400,0.000612
_2871_,VGND,li1,123.9700,97.9200,0.001053
_2870_,VGND,li1,114.7700,184.9600,0.001018
_2869_,VGND,li1,67.3900,250.2400,0.000307
_2868_,VGND,li1,81.1900,174.0800,0.000878
_2867_,VGND,li1,115.2300,59.8400,0.000787
_2866_,VGND,li1,89.9300,163.2000,0.000827
_2865_,VGND,li1,170.4300,54.4000,0.000278
_2864_,VGND,li1,148.3500,250.2400,0.000313
_2863_,VGND,li1,128.1100,54.4000,0.000662
_2862_,VGND,li1,169.9700,97.9200,0.000554
_2861_,VGND,li1,78.4300,239.3600,0.000601
_2860_,VGND,li1,76.5900,54.4000,0.000682
_2859_,VGND,li1,100.0500,108.8000,0.000960
_2858_,VGND,li1,71.9900,81.6000,0.000610
_2857_,VGND,li1,168.5900,59.8400,0.000348
_2856_,VGND,li1,118.4500,239.3600,0.000621
_2855_,VGND,li1,94.5300,152.3200,0.000972
_2854_,VGND,li1,32.4300,92.4800,0.000393
_2853_,VGND,li1,42.0900,103.3600,0.000492
_2852_,VGND,li1,37.0300,184.9600,0.000488
_2851_,VGND,li1,54.9700,65.2800,0.000553
_2850_,VGND,li1,38.4100,250.2400,0.000151
_2849_,VGND,li1,99.5900,54.4000,0.000765
_2848_,VGND,li1,166.2900,157.7600,0.000701
_2847_,VGND,li1,108.3300,201.2800,0.001167
_2846_,VGND,li1,37.0300,76.1600,0.000541
_2845_,VGND,li1,35.6500,146.8800,0.000422
_2844_,VGND,li1,41.6300,174.0800,0.000528
_2843_,VGND,li1,36.5700,43.5200,0.000343
_2842_,VGND,li1,27.3700,217.6000,0.000228
_2841_,VGND,li1,112.4700,76.1600,0.001146
_2840_,VGND,li1,168.1300,206.7200,0.000438
_2839_,VGND,li1,162.3800,228.4800,0.000610
_2838_,VGND,li1,168.5900,223.0400,0.000499
_2837_,VGND,li1,128.1100,97.9200,0.001037
_2836_,VGND,li1,122.5900,179.5200,0.000883
_2835_,VGND,li1,72.4500,239.3600,0.000579
_2834_,VGND,li1,85.3300,174.0800,0.000902
_2833_,VGND,li1,129.0300,65.2800,0.000715
_2832_,VGND,li1,85.3300,168.6400,0.000838
_2831_,VGND,li1,175.9500,54.4000,0.000192
_2830_,VGND,li1,150.6500,244.8000,0.000672
_2829_,VGND,li1,132.2500,54.4000,0.000637
_2828_,VGND,li1,175.4900,108.8000,0.000505
_2827_,VGND,li1,88.5500,250.2400,0.000372
_2826_,VGND,li1,80.7300,54.4000,0.000704
_2825_,VGND,li1,96.8300,119.6800,0.000852
_2824_,VGND,li1,78.8900,81.6000,0.000640
_2823_,VGND,li1,182.3900,70.7200,0.000498
_2822_,VGND,li1,122.5900,239.3600,0.000612
_2821_,VGND,li1,106.4900,146.8800,0.000982
_2820_,VGND,li1,46.6900,97.9200,0.000602
_2819_,VGND,li1,48.5300,103.3600,0.000581
_2818_,VGND,li1,46.6900,195.8400,0.000462
_2817_,VGND,li1,64.1700,54.4000,0.000592
_2816_,VGND,li1,50.8300,244.8000,0.000572
_2815_,VGND,li1,101.4300,70.7200,0.000957
_2814_,VGND,li1,175.4900,152.3200,0.000398
_2813_,VGND,li1,115.2300,206.7200,0.000796
_2812_,VGND,li1,50.8300,70.7200,0.000607
_2811_,VGND,li1,42.0900,136.0000,0.000505
_2810_,VGND,li1,47.6100,168.6400,0.000546
_2809_,VGND,li1,50.3700,48.9600,0.000458
_2808_,VGND,li1,40.7100,223.0400,0.000405
_2807_,VGND,li1,108.7900,81.6000,0.000718
_2806_,VGND,li1,168.5900,201.2800,0.000525
_2805_,VGND,li1,170.4300,228.4800,0.000500
_2804_,VGND,li1,201.2500,70.7200,0.000927
_2803_,VGND,li1,219.1900,152.3200,0.000950
_2802_,VGND,li1,222.4100,65.2800,0.000688
_2801_,VGND,li1,227.0100,163.2000,0.001305
_2800_,VGND,li1,220.1100,103.3600,0.001356
_2799_,VGND,li1,224.2500,141.4400,0.001312
_2798_,VGND,li1,208.1500,65.2800,0.000571
_2797_,VGND,li1,221.4900,125.1200,0.001360
_2796_,VGND,li1,227.0100,81.6000,0.000579
_2795_,VGND,li1,208.1500,174.0800,0.001192
_2794_,VGND,li1,221.4900,174.0800,0.001438
_2793_,VGND,li1,193.4300,76.1600,0.000642
_2792_,VGND,li1,205.3900,146.8800,0.000872
_2791_,VGND,li1,219.1900,65.2800,0.000661
_2790_,VGND,li1,218.7300,157.7600,0.001376
_2789_,VGND,li1,215.0500,119.6800,0.001071
_2788_,VGND,li1,209.5300,136.0000,0.001243
_2787_,VGND,li1,207.2300,76.1600,0.000837
_2786_,VGND,li1,211.8300,125.1200,0.001184
_2785_,VGND,li1,220.1100,81.6000,0.000548
_2784_,VGND,li1,201.2500,168.6400,0.000971
_2783_,VGND,li1,220.5700,174.0800,0.001438
_2782_,VGND,li1,195.7300,76.1600,0.000677
_2781_,VGND,li1,207.2300,157.7600,0.001147
_2780_,VGND,li1,220.1100,76.1600,0.000993
_2779_,VGND,li1,215.0500,163.2000,0.001102
_2778_,VGND,li1,209.5300,119.6800,0.000974
_2777_,VGND,li1,214.1300,146.8800,0.000992
_2776_,VGND,li1,208.6100,76.1600,0.000837
_2775_,VGND,li1,209.5300,125.1200,0.001136
_2774_,VGND,li1,222.4100,97.9200,0.001302
_2773_,VGND,li1,203.5500,179.5200,0.000793
_2772_,VGND,li1,217.8100,174.0800,0.001372
_2771_,VGND,li1,221.4900,179.5200,0.001073
_2770_,VGND,li1,190.2100,81.6000,0.000341
_2769_,VGND,li1,202.1700,157.7600,0.001012
_2768_,VGND,li1,215.9700,103.3600,0.001273
_2767_,VGND,li1,192.5100,168.6400,0.000785
_2766_,VGND,li1,201.2500,114.2400,0.001290
_2765_,VGND,li1,206.3100,141.4400,0.000961
_2764_,VGND,li1,201.2500,81.6000,0.000430
_2763_,VGND,li1,201.2500,119.6800,0.000824
_2762_,VGND,li1,218.2700,97.9200,0.001231
_2761_,VGND,li1,208.6100,179.5200,0.000867
_2760_,VGND,li1,218.2700,179.5200,0.001037
_2759_,VGND,li1,192.5100,97.9200,0.000710
_2758_,VGND,li1,196.1900,152.3200,0.000635
_2757_,VGND,li1,206.7700,103.3600,0.001084
_2756_,VGND,li1,189.7500,179.5200,0.000566
_2755_,VGND,li1,196.6500,114.2400,0.001174
_2754_,VGND,li1,205.3900,141.4400,0.000961
_2753_,VGND,li1,208.1500,92.4800,0.001129
_2752_,VGND,li1,203.5500,130.5600,0.001004
_2751_,VGND,li1,214.1300,97.9200,0.001154
_2750_,VGND,li1,199.4100,179.5200,0.000726
_2749_,VGND,li1,220.5700,179.5200,0.001073
_2748_,VGND,li1,181.4700,92.4800,0.000517
_2747_,VGND,li1,188.3700,157.7600,0.000733
_2746_,VGND,li1,202.1700,103.3600,0.000985
_2745_,VGND,li1,188.3700,168.6400,0.000687
_2744_,VGND,li1,190.2100,103.3600,0.000716
_2743_,VGND,li1,193.8900,136.0000,0.000888
_2742_,VGND,li1,195.7300,87.0400,0.000977
_2741_,VGND,li1,196.1900,119.6800,0.000730
_2740_,VGND,li1,209.0700,87.0400,0.001294
_2739_,VGND,li1,194.3500,179.5200,0.000647
_2738_,VGND,li1,216.4300,179.5200,0.000990
_2737_,VGND,li1,188.3700,97.9200,0.000621
_2736_,VGND,li1,194.3500,157.7600,0.000866
_2735_,VGND,li1,204.9300,119.6800,0.000892
_2734_,VGND,li1,192.0500,174.0800,0.000820
_2733_,VGND,li1,194.3500,103.3600,0.000794
_2732_,VGND,li1,201.2500,136.0000,0.001057
_2731_,VGND,li1,196.6500,97.9200,0.000797
_2730_,VGND,li1,189.2900,125.1200,0.000700
_2729_,VGND,li1,214.1300,87.0400,0.001399
_2728_,VGND,li1,196.6500,184.9600,0.000768
_2727_,VGND,li1,252.7700,59.8400,0.000297
_2726_,VGND,li1,232.9900,146.8800,0.001234
_2725_,VGND,li1,273.4700,76.1600,0.001354
_2724_,VGND,li1,252.7700,184.9600,0.001507
_2723_,VGND,li1,253.6900,92.4800,0.001901
_2722_,VGND,li1,252.7700,136.0000,0.001898
_2721_,VGND,li1,244.0300,76.1600,0.001200
_2720_,VGND,li1,254.1500,130.5600,0.001720
_2719_,VGND,li1,267.4900,81.6000,0.000696
_2718_,VGND,li1,265.6500,190.4000,0.001854
_2717_,VGND,li1,230.2300,179.5200,0.001217
_2716_,VGND,li1,225.6300,184.9600,0.001212
_2715_,VGND,li1,259.2100,76.1600,0.001307
_2714_,VGND,li1,239.8900,141.4400,0.001566
_2713_,VGND,li1,265.6500,81.6000,0.000692
_2712_,VGND,li1,247.2500,190.4000,0.001708
_2711_,VGND,li1,249.5500,92.4800,0.001855
_2710_,VGND,li1,248.1700,146.8800,0.001386
_2709_,VGND,li1,238.5100,76.1600,0.001156
_2708_,VGND,li1,261.0500,125.1200,0.001871
_2707_,VGND,li1,265.6500,92.4800,0.002062
_2706_,VGND,li1,265.6500,184.9600,0.001605
_2705_,VGND,li1,232.5300,179.5200,0.001249
_2704_,VGND,li1,125.3500,108.8000,0.000912
_2703_,VGND,li1,118.4500,179.5200,0.000899
_2702_,VGND,li1,65.0900,250.2400,0.000296
_2701_,VGND,li1,80.7300,184.9600,0.000968
_2700_,VGND,li1,118.4500,59.8400,0.000782
_2699_,VGND,li1,80.2700,168.6400,0.000820
_2698_,VGND,li1,175.4900,43.5200,0.000188
_2697_,VGND,li1,152.9500,250.2400,0.000294
_2696_,VGND,li1,132.2500,59.8400,0.000732
_2695_,VGND,li1,175.4900,97.9200,0.000463
_2694_,VGND,li1,89.9300,239.3600,0.000634
_2693_,VGND,li1,79.3500,54.4000,0.000704
_2692_,VGND,li1,99.1300,119.6800,0.000862
_2691_,VGND,li1,72.4500,76.1600,0.001001
_2690_,VGND,li1,170.4300,59.8400,0.000320
_2689_,VGND,li1,119.3700,244.8000,0.000892
_2688_,VGND,li1,103.7300,152.3200,0.000986
_2687_,VGND,li1,35.6500,97.9200,0.000436
_2686_,VGND,li1,42.5500,114.2400,0.000517
_2685_,VGND,li1,38.4100,195.8400,0.000358
_2684_,VGND,li1,57.7300,65.2800,0.000589
_2683_,VGND,li1,39.7900,239.3600,0.000347
_2682_,VGND,li1,98.2100,59.8400,0.000799
_2681_,VGND,li1,169.9700,152.3200,0.000481
_2680_,VGND,li1,109.7100,195.8400,0.000806
_2679_,VGND,li1,38.4100,65.2800,0.000372
_2678_,VGND,li1,36.1100,141.4400,0.000348
_2677_,VGND,li1,43.0100,163.2000,0.000462
_2676_,VGND,li1,36.5700,48.9600,0.000309
_2675_,VGND,li1,35.1900,212.1600,0.000574
_2674_,VGND,li1,104.6500,81.6000,0.000716
_2673_,VGND,li1,165.3700,212.1600,0.000618
_2672_,VGND,li1,158.2400,233.9200,0.000486
_2671_,VGND,li1,252.7700,65.2800,0.000806
_2670_,VGND,li1,228.8500,146.8800,0.001180
_2669_,VGND,li1,258.7500,65.2800,0.000822
_2668_,VGND,li1,238.0500,184.9600,0.001371
_2667_,VGND,li1,239.8900,97.9200,0.001628
_2666_,VGND,li1,246.3300,141.4400,0.001651
_2665_,VGND,li1,233.9100,81.6000,0.000603
_2664_,VGND,li1,247.2500,125.1200,0.001730
_2663_,VGND,li1,257.8300,92.4800,0.001951
_2662_,VGND,li1,256.9100,179.5200,0.001517
_2661_,VGND,li1,228.3900,179.5200,0.001184
_2660_,VGND,li1,228.6200,184.9600,0.001262
_2659_,VGND,li1,252.7700,76.1600,0.001270
_2658_,VGND,li1,234.3700,141.4400,0.001483
_2657_,VGND,li1,261.0500,76.1600,0.001316
_2656_,VGND,li1,247.2500,184.9600,0.001463
_2655_,VGND,li1,242.6500,92.4800,0.001756
_2654_,VGND,li1,244.0300,146.8800,0.001357
_2653_,VGND,li1,239.8900,76.1600,0.001180
_2652_,VGND,li1,248.1700,125.1200,0.001730
_2651_,VGND,li1,260.1300,92.4800,0.001999
_2650_,VGND,li1,261.0500,179.5200,0.001543
_2649_,VGND,li1,229.3100,184.9600,0.001262
_2648_,VGND,li1,175.0300,272.0000,0.000139
_2647_,VGND,li1,172.5000,277.4400,0.000227
_2646_,VGND,li1,221.0300,195.8400,0.001015
_2645_,VGND,li1,223.3300,195.8400,0.001069
_2644_,VGND,li1,215.0500,195.8400,0.000951
_2643_,VGND,li1,213.6700,190.4000,0.001242
_2642_,VGND,li1,215.2800,179.5200,0.000990
_2641_,VGND,li1,213.6700,179.5200,0.000950
_2640_,VGND,li1,223.3300,184.9600,0.001184
_2639_,VGND,li1,213.2100,179.5200,0.000950
_2638_,VGND,li1,220.5700,184.9600,0.001154
_2637_,VGND,li1,224.0200,190.4000,0.001411
_2636_,VGND,li1,223.3300,195.8400,0.001069
_2635_,VGND,li1,226.3200,201.2800,0.000755
_2634_,VGND,li1,226.5500,195.8400,0.001112
_2633_,VGND,li1,236.6700,195.8400,0.001213
_2632_,VGND,li1,238.5100,195.8400,0.001226
_2631_,VGND,li1,227.2400,190.4000,0.001450
_2630_,VGND,li1,235.9800,190.4000,0.001566
_2629_,VGND,li1,176.8700,233.9200,0.000302
_2628_,VGND,li1,179.6300,228.4800,0.000379
_2627_,VGND,li1,174.5700,233.9200,0.000328
_2626_,VGND,li1,172.2700,233.9200,0.000361
_2625_,VGND,li1,174.5700,228.4800,0.000461
_2624_,VGND,li1,156.1700,233.9200,0.000510
_2623_,VGND,li1,158.4700,233.9200,0.000486
_2622_,VGND,li1,148.8100,228.4800,0.000789
_2621_,VGND,li1,155.2500,223.0400,0.000655
_2620_,VGND,li1,161.2300,228.4800,0.000637
_2619_,VGND,li1,158.4700,239.3600,0.000410
_2618_,VGND,li1,169.9700,233.9200,0.000381
_2617_,VGND,li1,181.4700,228.4800,0.000441
_2616_,VGND,li1,177.1000,228.4800,0.000417
_2615_,VGND,li1,274.8500,97.9200,0.002070
_2614_,VGND,li1,256.4500,152.3200,0.001294
_2613_,VGND,li1,254.8400,152.3200,0.001294
_2612_,VGND,li1,253.2300,163.2000,0.001654
_2611_,VGND,li1,249.0900,152.3200,0.001250
_2610_,VGND,li1,248.6300,157.7600,0.001837
_2609_,VGND,li1,251.3900,152.3200,0.001268
_2608_,VGND,li1,252.7700,152.3200,0.001268
_2607_,VGND,li1,54.2800,288.3200,0.000606
_2606_,VGND,li1,60.0300,293.7600,0.000783
_2605_,VGND,li1,95.2200,282.8800,0.000665
_2604_,VGND,li1,100.0500,282.8800,0.000676
_2603_,VGND,li1,93.1500,282.8800,0.000659
_2602_,VGND,li1,86.9400,282.8800,0.000638
_2601_,VGND,li1,84.8700,288.3200,0.000937
_2600_,VGND,li1,87.6300,288.3200,0.000956
_2599_,VGND,li1,87.8600,288.3200,0.000956
_2598_,VGND,li1,92.9200,288.3200,0.000989
_2597_,VGND,li1,100.9700,282.8800,0.000676
_2596_,VGND,li1,101.8900,288.3200,0.001015
_2595_,VGND,li1,89.4700,288.3200,0.000968
_2594_,VGND,li1,129.2600,282.8800,0.000656
_2593_,VGND,li1,129.4900,288.3200,0.000925
_2592_,VGND,li1,123.9700,288.3200,0.000953
_2591_,VGND,li1,134.0900,282.8800,0.000637
_2590_,VGND,li1,137.5400,282.8800,0.000616
_2589_,VGND,li1,137.3100,282.8800,0.000616
_2588_,VGND,li1,132.7100,288.3200,0.000905
_2587_,VGND,li1,131.1000,288.3200,0.000925
_2586_,VGND,li1,136.1600,299.2000,0.000744
_2585_,VGND,li1,140.9900,282.8800,0.000596
_2584_,VGND,li1,127.6500,293.7600,0.000948
_2583_,VGND,li1,155.4800,288.3200,0.000670
_2582_,VGND,li1,162.1500,293.7600,0.000608
_2581_,VGND,li1,165.3700,299.2000,0.000444
_2580_,VGND,li1,160.7700,288.3200,0.000587
_2579_,VGND,li1,163.3000,288.3200,0.000544
_2578_,VGND,li1,163.9900,288.3200,0.000544
_2577_,VGND,li1,154.3300,288.3200,0.000670
_2576_,VGND,li1,147.6600,293.7600,0.000804
_2575_,VGND,li1,142.3700,288.3200,0.000831
_2574_,VGND,li1,140.9900,288.3200,0.000831
_2573_,VGND,li1,145.5900,288.3200,0.000781
_2572_,VGND,li1,108.3300,282.8800,0.000686
_2571_,VGND,li1,110.6300,288.3200,0.001002
_2570_,VGND,li1,105.3400,282.8800,0.000683
_2569_,VGND,li1,105.1100,282.8800,0.000683
_2568_,VGND,li1,60.2600,299.2000,0.000687
_2567_,VGND,li1,60.9500,288.3200,0.000695
_2566_,VGND,li1,66.4700,293.7600,0.000847
_2565_,VGND,li1,63.9400,288.3200,0.000731
_2564_,VGND,li1,71.3000,288.3200,0.000802
_2563_,VGND,li1,68.3100,288.3200,0.000782
_2562_,VGND,li1,76.1300,282.8800,0.000575
_2561_,VGND,li1,75.2100,288.3200,0.000852
_2560_,VGND,li1,65.7800,288.3200,0.000753
_2559_,VGND,li1,61.4100,288.3200,0.000695
_2558_,VGND,li1,80.9600,288.3200,0.000905
_2557_,VGND,li1,71.5300,282.8800,0.000533
_2556_,VGND,li1,79.5800,288.3200,0.000883
_2555_,VGND,li1,78.4300,288.3200,0.000883
_2554_,VGND,li1,82.5700,288.3200,0.000905
_2553_,VGND,li1,72.4500,288.3200,0.000825
_2552_,VGND,li1,114.0800,282.8800,0.000689
_2551_,VGND,li1,114.7700,288.3200,0.000990
_2550_,VGND,li1,116.6100,282.8800,0.000682
_2549_,VGND,li1,107.4100,288.3200,0.001007
_2548_,VGND,li1,115.9200,293.7600,0.001002
_2547_,VGND,li1,117.0700,288.3200,0.000982
_2546_,VGND,li1,111.7800,293.7600,0.001013
_2545_,VGND,li1,114.3100,288.3200,0.000990
_2544_,VGND,li1,105.3400,288.3200,0.001011
_2543_,VGND,li1,105.1100,299.2000,0.000874
_2542_,VGND,li1,107.8700,299.2000,0.000871
_2541_,VGND,li1,109.7100,288.3200,0.001002
_2540_,VGND,li1,162.3800,293.7600,0.000608
_2539_,VGND,li1,152.9500,299.2000,0.000579
_2538_,VGND,li1,149.2700,293.7600,0.000770
_2537_,VGND,li1,176.6400,282.8800,0.000291
_2536_,VGND,li1,171.3500,288.3200,0.000424
_2535_,VGND,li1,169.0500,293.7600,0.000498
_2534_,VGND,li1,177.1000,299.2000,0.000259
_2533_,VGND,li1,185.3800,282.8800,0.000366
_2532_,VGND,li1,178.2500,288.3200,0.000330
_2531_,VGND,li1,172.0400,293.7600,0.000443
_2530_,VGND,li1,170.4300,293.7600,0.000498
_2529_,VGND,li1,185.8400,288.3200,0.000356
_2528_,VGND,li1,181.4700,282.8800,0.000317
_2527_,VGND,li1,182.3900,299.2000,0.000317
_2526_,VGND,li1,180.0900,299.2000,0.000294
_2525_,VGND,li1,167.2100,288.3200,0.000498
_2524_,VGND,li1,112.0100,299.2000,0.000862
_2523_,VGND,li1,119.8300,288.3200,0.000971
_2522_,VGND,li1,75.2100,288.3200,0.000852
_2521_,VGND,li1,73.8300,282.8800,0.000559
_2520_,VGND,li1,58.6500,288.3200,0.000648
_2519_,VGND,li1,149.9600,288.3200,0.000726
_2518_,VGND,li1,152.0300,288.3200,0.000699
_2517_,VGND,li1,126.7300,288.3200,0.000939
_2516_,VGND,li1,127.1900,288.3200,0.000939
_2515_,VGND,li1,94.0700,299.2000,0.000881
_2514_,VGND,li1,97.2900,282.8800,0.000670
_2513_,VGND,li1,184.6900,299.2000,0.000343
_2512_,VGND,li1,178.2500,212.1600,0.000342
_2511_,VGND,li1,135.9300,146.8800,0.000929
_2510_,VGND,li1,146.2800,141.4400,0.000620
_2509_,VGND,li1,142.8300,146.8800,0.000891
_2508_,VGND,li1,143.7500,141.4400,0.000630
_2507_,VGND,li1,143.7500,141.4400,0.000630
_2506_,VGND,li1,141.4500,141.4400,0.000641
_2505_,VGND,li1,136.8500,141.4400,0.000659
_2504_,VGND,li1,253.6900,217.6000,0.001231
_2503_,VGND,li1,259.4400,217.6000,0.001284
_2502_,VGND,li1,260.1300,223.0400,0.001446
_2501_,VGND,li1,248.1700,212.1600,0.000872
_2500_,VGND,li1,261.2800,223.0400,0.001467
_2499_,VGND,li1,251.8500,212.1600,0.000889
_2498_,VGND,li1,257.1400,217.6000,0.001251
_2497_,VGND,li1,253.9200,223.0400,0.001396
_2496_,VGND,li1,253.4600,206.7200,0.001451
_2495_,VGND,li1,268.1800,217.6000,0.001350
_2494_,VGND,li1,232.9900,217.6000,0.000970
_2493_,VGND,li1,271.6300,217.6000,0.001369
_2492_,VGND,li1,274.6200,217.6000,0.001384
_2491_,VGND,li1,276.0000,217.6000,0.001384
_2490_,VGND,li1,269.5600,206.7200,0.001669
_2489_,VGND,li1,272.5500,212.1600,0.000995
_2488_,VGND,li1,270.2500,212.1600,0.000986
_2487_,VGND,li1,273.0100,206.7200,0.001697
_2486_,VGND,li1,275.3100,201.2800,0.001097
_2485_,VGND,li1,266.3400,206.7200,0.001634
_2484_,VGND,li1,277.8400,168.6400,0.002009
_2483_,VGND,li1,282.2100,168.6400,0.002020
_2482_,VGND,li1,284.5100,168.6400,0.002027
_2481_,VGND,li1,272.3200,163.2000,0.001783
_2480_,VGND,li1,278.3000,157.7600,0.002053
_2479_,VGND,li1,282.6700,152.3200,0.001440
_2478_,VGND,li1,274.6200,163.2000,0.001803
_2477_,VGND,li1,274.1600,157.7600,0.002037
_2476_,VGND,li1,281.9800,157.7600,0.002064
_2475_,VGND,li1,282.6700,157.7600,0.002064
_2474_,VGND,li1,283.3600,152.3200,0.001440
_2473_,VGND,li1,280.6000,152.3200,0.001432
_2472_,VGND,li1,275.3100,141.4400,0.001900
_2471_,VGND,li1,282.2100,141.4400,0.001935
_2470_,VGND,li1,291.4100,141.4400,0.001954
_2469_,VGND,li1,279.9100,146.8800,0.001580
_2468_,VGND,li1,286.5800,146.8800,0.001591
_2467_,VGND,li1,279.2200,146.8800,0.001580
_2466_,VGND,li1,285.6600,141.4400,0.001944
_2465_,VGND,li1,287.7300,130.5600,0.001957
_2464_,VGND,li1,285.2000,141.4400,0.001944
_2463_,VGND,li1,288.1900,146.8800,0.001594
_2462_,VGND,li1,294.1700,136.0000,0.002101
_2461_,VGND,li1,287.9600,141.4400,0.001949
_2460_,VGND,li1,282.6700,136.0000,0.002084
_2459_,VGND,li1,291.4100,136.0000,0.002100
_2458_,VGND,li1,281.7500,146.8800,0.001586
_2457_,VGND,li1,289.1100,141.4400,0.001949
_2456_,VGND,li1,279.9100,233.9200,0.001153
_2455_,VGND,li1,277.8400,239.3600,0.000959
_2454_,VGND,li1,294.4000,233.9200,0.001174
_2453_,VGND,li1,278.0700,239.3600,0.000959
_2452_,VGND,li1,279.9100,190.4000,0.001921
_2451_,VGND,li1,279.9100,184.9600,0.001680
_2450_,VGND,li1,283.5900,195.8400,0.001478
_2449_,VGND,li1,283.5900,190.4000,0.001932
_2448_,VGND,li1,281.9800,146.8800,0.001586
_2447_,VGND,li1,294.4000,190.4000,0.001944
_2446_,VGND,li1,290.2600,195.8400,0.001487
_2445_,VGND,li1,280.3700,195.8400,0.001468
_2444_,VGND,li1,277.3800,195.8400,0.001455
_2443_,VGND,li1,281.5200,201.2800,0.001131
_2442_,VGND,li1,273.4700,195.8400,0.001435
_2441_,VGND,li1,284.0500,212.1600,0.001030
_2440_,VGND,li1,291.4100,212.1600,0.001044
_2439_,VGND,li1,284.0500,212.1600,0.001030
_2438_,VGND,li1,283.5900,223.0400,0.001591
_2437_,VGND,li1,283.8200,228.4800,0.001893
_2436_,VGND,li1,294.4000,223.0400,0.001611
_2435_,VGND,li1,287.0400,212.1600,0.001034
_2434_,VGND,li1,278.0700,250.2400,0.001102
_2433_,VGND,li1,277.8400,233.9200,0.001145
_2432_,VGND,li1,278.3000,261.1200,0.000788
_2431_,VGND,li1,282.2100,261.1200,0.000807
_2430_,VGND,li1,290.9500,272.0000,0.000837
_2429_,VGND,li1,290.4900,266.5600,0.000742
_2428_,VGND,li1,286.8100,266.5600,0.000739
_2427_,VGND,li1,285.8900,272.0000,0.000829
_2426_,VGND,li1,291.4100,272.0000,0.000837
_2425_,VGND,li1,284.5100,266.5600,0.000735
_2424_,VGND,li1,282.9000,272.0000,0.000823
_2423_,VGND,li1,277.6100,250.2400,0.001102
_2422_,VGND,li1,294.6300,239.3600,0.001006
_2421_,VGND,li1,284.5100,261.1200,0.000814
_2420_,VGND,li1,294.1700,266.5600,0.000746
_2419_,VGND,li1,287.2700,261.1200,0.000821
_2418_,VGND,li1,284.0500,217.6000,0.001422
_2417_,VGND,li1,278.0700,190.4000,0.001914
_2416_,VGND,li1,274.8500,184.9600,0.001657
_2415_,VGND,li1,281.2900,228.4800,0.001885
_2414_,VGND,li1,290.0300,146.8800,0.001596
_2413_,VGND,li1,285.8900,146.8800,0.001591
_2412_,VGND,li1,289.5700,146.8800,0.001594
_2411_,VGND,li1,284.5100,146.8800,0.001588
_2410_,VGND,li1,279.4500,163.2000,0.001824
_2409_,VGND,li1,285.8900,157.7600,0.002078
_2408_,VGND,li1,284.5100,168.6400,0.002027
_2407_,VGND,li1,278.0700,201.2800,0.001117
_2406_,VGND,li1,278.9900,201.2800,0.001117
_2405_,VGND,li1,279.9100,206.7200,0.001763
_2404_,VGND,li1,275.3100,206.7200,0.001726
_2403_,VGND,li1,293.9400,250.2400,0.001158
_2402_,VGND,li1,278.3000,261.1200,0.000788
_2401_,VGND,li1,256.9100,212.1600,0.000931
_2400_,VGND,li1,254.8400,212.1600,0.000920
_2399_,VGND,li1,175.0300,266.5600,0.000134
_2398_,VGND,li1,273.2400,250.2400,0.001074
_2397_,VGND,li1,261.5100,250.2400,0.000980
_2396_,VGND,li1,257.8300,250.2400,0.000963
_2395_,VGND,li1,265.4200,250.2400,0.001013
_2394_,VGND,li1,223.7900,244.8000,0.000776
_2393_,VGND,li1,199.4100,244.8000,0.000517
_2392_,VGND,li1,261.2800,250.2400,0.000980
_2391_,VGND,li1,270.7100,250.2400,0.001056
_2390_,VGND,li1,261.5100,255.6800,0.001113
_2389_,VGND,li1,268.6400,250.2400,0.001041
_2388_,VGND,li1,266.5700,261.1200,0.000746
_2387_,VGND,li1,270.2500,255.6800,0.001186
_2386_,VGND,li1,230.2300,244.8000,0.000840
_2385_,VGND,li1,224.9400,250.2400,0.000683
_2384_,VGND,li1,219.4200,244.8000,0.000732
_2383_,VGND,li1,235.0600,255.6800,0.000884
_2382_,VGND,li1,237.8200,244.8000,0.000905
_2381_,VGND,li1,240.8100,244.8000,0.000934
_2380_,VGND,li1,227.9300,250.2400,0.000716
_2379_,VGND,li1,206.0800,239.3600,0.000466
_2378_,VGND,li1,209.9900,244.8000,0.000638
_2377_,VGND,li1,201.9400,244.8000,0.000557
_2376_,VGND,li1,200.1000,244.8000,0.000539
_2375_,VGND,li1,200.5600,239.3600,0.000408
_2374_,VGND,li1,195.7300,244.8000,0.000493
_2373_,VGND,li1,198.0300,244.8000,0.000517
_2372_,VGND,li1,203.0900,239.3600,0.000436
_2371_,VGND,li1,203.0900,244.8000,0.000557
_2370_,VGND,li1,203.5500,244.8000,0.000557
_2369_,VGND,li1,207.4600,244.8000,0.000606
_2368_,VGND,li1,206.7700,244.8000,0.000606
_2367_,VGND,li1,210.9100,239.3600,0.000506
_2366_,VGND,li1,210.4500,244.8000,0.000638
_2365_,VGND,li1,203.5500,239.3600,0.000436
_2364_,VGND,li1,212.7500,244.8000,0.000657
_2363_,VGND,li1,209.0700,239.3600,0.000491
_2362_,VGND,li1,222.1800,250.2400,0.000656
_2361_,VGND,li1,226.7800,244.8000,0.000803
_2360_,VGND,li1,220.1100,244.8000,0.000732
_2359_,VGND,li1,222.4100,244.8000,0.000755
_2358_,VGND,li1,226.5500,244.8000,0.000803
_2357_,VGND,li1,230.0000,250.2400,0.000741
_2356_,VGND,li1,235.0600,244.8000,0.000880
_2355_,VGND,li1,236.6700,250.2400,0.000804
_2354_,VGND,li1,238.2800,250.2400,0.000804
_2353_,VGND,li1,243.1100,244.8000,0.000954
_2352_,VGND,li1,239.4300,250.2400,0.000825
_2351_,VGND,li1,240.5800,250.2400,0.000825
_2350_,VGND,li1,242.1900,250.2400,0.000845
_2349_,VGND,li1,234.3700,244.8000,0.000880
_2348_,VGND,li1,268.6400,255.6800,0.001160
_2347_,VGND,li1,258.7500,255.6800,0.001093
_2346_,VGND,li1,264.7300,261.1200,0.000737
_2345_,VGND,li1,267.0300,255.6800,0.001160
_2344_,VGND,li1,263.5800,255.6800,0.001130
_2343_,VGND,li1,268.4100,266.5600,0.000684
_2342_,VGND,li1,268.6400,250.2400,0.001041
_2341_,VGND,li1,266.1100,250.2400,0.001013
_2340_,VGND,li1,271.1700,250.2400,0.001056
_2339_,VGND,li1,187.2200,293.7600,0.000368
_2338_,VGND,li1,175.4900,277.4400,0.000220
_2337_,VGND,li1,177.3300,223.0400,0.000395
_2336_,VGND,li1,174.3400,217.6000,0.000353
_2335_,VGND,li1,181.0100,217.6000,0.000331
_2334_,VGND,li1,187.4500,217.6000,0.000428
_2333_,VGND,li1,183.7700,223.0400,0.000466
_2332_,VGND,li1,174.3400,223.0400,0.000426
_2331_,VGND,li1,179.4000,223.0400,0.000361
_2330_,VGND,li1,181.0100,223.0400,0.000409
_2329_,VGND,li1,191.8200,195.8400,0.000574
_2328_,VGND,li1,195.2700,195.8400,0.000610
_2327_,VGND,li1,190.4400,244.8000,0.000435
_2326_,VGND,li1,193.6600,239.3600,0.000347
_2325_,VGND,li1,192.5100,250.2400,0.000324
_2324_,VGND,li1,195.7300,233.9200,0.000518
_2323_,VGND,li1,192.0500,233.9200,0.000468
_2322_,VGND,li1,195.5000,239.3600,0.000379
_2321_,VGND,li1,192.5100,228.4800,0.000639
_2320_,VGND,li1,195.2700,228.4800,0.000691
_2319_,VGND,li1,200.7900,228.4800,0.000834
_2318_,VGND,li1,197.3400,223.0400,0.000709
_2317_,VGND,li1,201.2500,233.9200,0.000575
_2316_,VGND,li1,200.3300,217.6000,0.000593
_2315_,VGND,li1,204.0100,228.4800,0.000875
_2314_,VGND,li1,209.9900,223.0400,0.000906
_2313_,VGND,li1,206.7700,233.9200,0.000615
_2312_,VGND,li1,205.1600,233.9200,0.000615
_2311_,VGND,li1,213.2100,228.4800,0.001074
_2310_,VGND,li1,209.5300,228.4800,0.001004
_2309_,VGND,li1,217.8100,228.4800,0.001160
_2308_,VGND,li1,220.1100,228.4800,0.001202
_2307_,VGND,li1,213.4400,233.9200,0.000685
_2306_,VGND,li1,222.4100,239.3600,0.000597
_2305_,VGND,li1,219.1900,233.9200,0.000746
_2304_,VGND,li1,222.4100,233.9200,0.000780
_2303_,VGND,li1,225.6300,233.9200,0.000796
_2302_,VGND,li1,216.6600,233.9200,0.000723
_2301_,VGND,li1,226.0900,223.0400,0.001083
_2300_,VGND,li1,226.5500,228.4800,0.001318
_2299_,VGND,li1,234.3700,228.4800,0.001454
_2298_,VGND,li1,236.6700,228.4800,0.001494
_2297_,VGND,li1,231.3800,228.4800,0.001403
_2296_,VGND,li1,235.2900,223.0400,0.001209
_2295_,VGND,li1,234.3700,228.4800,0.001454
_2294_,VGND,li1,238.0500,228.4800,0.001494
_2293_,VGND,li1,241.2700,228.4800,0.001573
_2292_,VGND,li1,238.7400,223.0400,0.001236
_2291_,VGND,li1,239.8900,244.8000,0.000934
_2290_,VGND,li1,239.8900,239.3600,0.000729
_2289_,VGND,li1,246.7900,239.3600,0.000773
_2288_,VGND,li1,246.3300,239.3600,0.000773
_2287_,VGND,li1,248.4000,239.3600,0.000787
_2286_,VGND,li1,249.0900,233.9200,0.000997
_2285_,VGND,li1,251.3900,239.3600,0.000801
_2284_,VGND,li1,257.8300,228.4800,0.001774
_2283_,VGND,li1,258.7500,233.9200,0.001057
_2282_,VGND,li1,256.2200,239.3600,0.000833
_2281_,VGND,li1,265.1900,233.9200,0.001090
_2280_,VGND,li1,275.7700,233.9200,0.001137
_2279_,VGND,li1,268.4100,233.9200,0.001106
_2278_,VGND,li1,264.2700,233.9200,0.001078
_2277_,VGND,li1,271.8600,233.9200,0.001121
_2276_,VGND,li1,265.1900,239.3600,0.000885
_2275_,VGND,li1,270.9400,239.3600,0.000923
_2274_,VGND,li1,265.6500,244.8000,0.001117
_2273_,VGND,li1,262.8900,239.3600,0.000872
_2272_,VGND,li1,261.0500,239.3600,0.000860
_2271_,VGND,li1,261.7400,239.3600,0.000872
_2270_,VGND,li1,267.9500,239.3600,0.000908
_2269_,VGND,li1,262.2000,233.9200,0.001068
_2268_,VGND,li1,254.1500,239.3600,0.000816
_2267_,VGND,li1,242.6500,239.3600,0.000748
_2266_,VGND,li1,235.2900,233.9200,0.000879
_2265_,VGND,li1,229.3100,228.4800,0.001367
_2264_,VGND,li1,220.1100,239.3600,0.000579
_2263_,VGND,li1,210.4500,233.9200,0.000667
_2262_,VGND,li1,203.0900,233.9200,0.000594
_2261_,VGND,li1,199.4100,233.9200,0.000544
_2260_,VGND,li1,193.4300,239.3600,0.000347
_2259_,VGND,li1,267.2600,228.4800,0.001832
_2258_,VGND,li1,261.7400,244.8000,0.001100
_2257_,VGND,li1,264.7300,244.8000,0.001117
_2256_,VGND,li1,278.5300,228.4800,0.001875
_2255_,VGND,li1,258.5200,223.0400,0.001446
_2254_,VGND,li1,260.1300,217.6000,0.001284
_2253_,VGND,li1,262.4300,217.6000,0.001307
_2252_,VGND,li1,261.9700,228.4800,0.001801
_2251_,VGND,li1,257.6000,217.6000,0.001269
_2250_,VGND,li1,261.0500,217.6000,0.001284
_2249_,VGND,li1,260.5900,212.1600,0.000948
_2248_,VGND,li1,262.4300,217.6000,0.001307
_2247_,VGND,li1,186.0700,201.2800,0.000413
_2246_,VGND,li1,189.2900,201.2800,0.000448
_2245_,VGND,li1,197.5700,195.8400,0.000646
_2244_,VGND,li1,184.0000,261.1200,0.000195
_2243_,VGND,li1,180.7800,261.1200,0.000174
_2242_,VGND,li1,184.0000,266.5600,0.000197
_2241_,VGND,li1,187.9100,266.5600,0.000228
_2240_,VGND,li1,189.7500,266.5600,0.000242
_2239_,VGND,li1,180.7800,266.5600,0.000152
_2238_,VGND,li1,190.9000,266.5600,0.000242
_2237_,VGND,li1,191.8200,282.8800,0.000432
_2236_,VGND,li1,200.5600,277.4400,0.000425
_2235_,VGND,li1,196.8800,277.4400,0.000406
_2234_,VGND,li1,203.5500,272.0000,0.000377
_2233_,VGND,li1,192.9700,277.4400,0.000370
_2232_,VGND,li1,196.4200,255.6800,0.000479
_2231_,VGND,li1,201.2500,261.1200,0.000363
_2230_,VGND,li1,206.0800,261.1200,0.000399
_2229_,VGND,li1,202.1700,255.6800,0.000556
_2228_,VGND,li1,200.3300,261.1200,0.000344
_2227_,VGND,li1,205.6200,261.1200,0.000399
_2226_,VGND,li1,209.5300,261.1200,0.000430
_2225_,VGND,li1,219.8800,261.1200,0.000507
_2224_,VGND,li1,216.4300,266.5600,0.000433
_2223_,VGND,li1,214.1300,261.1200,0.000466
_2222_,VGND,li1,209.7600,277.4400,0.000514
_2221_,VGND,li1,218.7300,272.0000,0.000500
_2220_,VGND,li1,215.7400,282.8800,0.000560
_2219_,VGND,li1,223.3300,277.4400,0.000625
_2218_,VGND,li1,214.5900,272.0000,0.000471
_2217_,VGND,li1,222.1800,266.5600,0.000474
_2216_,VGND,li1,221.4900,272.0000,0.000520
_2215_,VGND,li1,227.7000,261.1200,0.000554
_2214_,VGND,li1,229.3100,272.0000,0.000567
_2213_,VGND,li1,227.0100,266.5600,0.000505
_2212_,VGND,li1,239.6600,266.5600,0.000575
_2211_,VGND,li1,232.9900,266.5600,0.000536
_2210_,VGND,li1,245.1800,261.1200,0.000659
_2209_,VGND,li1,240.3500,266.5600,0.000575
_2208_,VGND,li1,237.1300,266.5600,0.000563
_2207_,VGND,li1,239.6600,288.3200,0.000748
_2206_,VGND,li1,239.8900,282.8800,0.000679
_2205_,VGND,li1,246.5600,288.3200,0.000790
_2204_,VGND,li1,246.3300,282.8800,0.000708
_2203_,VGND,li1,244.4900,282.8800,0.000701
_2202_,VGND,li1,256.6800,288.3200,0.000846
_2201_,VGND,li1,252.7700,288.3200,0.000825
_2200_,VGND,li1,248.4000,282.8800,0.000717
_2199_,VGND,li1,252.7700,277.4400,0.000772
_2198_,VGND,li1,249.5500,282.8800,0.000717
_2197_,VGND,li1,248.4000,277.4400,0.000754
_2196_,VGND,li1,252.7700,272.0000,0.000718
_2195_,VGND,li1,254.3800,266.5600,0.000640
_2194_,VGND,li1,260.5900,266.5600,0.000662
_2193_,VGND,li1,247.7100,266.5600,0.000614
_2192_,VGND,li1,252.5400,255.6800,0.001041
_2191_,VGND,li1,248.1700,255.6800,0.001003
_2190_,VGND,li1,254.8400,261.1200,0.000705
_2189_,VGND,li1,182.1600,282.8800,0.000317
_2188_,VGND,li1,256.4500,261.1200,0.000705
_2187_,VGND,li1,259.6700,261.1200,0.000722
_2186_,VGND,li1,255.9900,272.0000,0.000726
_2185_,VGND,li1,255.0700,277.4400,0.000782
_2184_,VGND,li1,240.8100,277.4400,0.000722
_2183_,VGND,li1,233.4500,272.0000,0.000608
_2182_,VGND,li1,222.8700,272.0000,0.000520
_2181_,VGND,li1,222.4100,277.4400,0.000625
_2180_,VGND,li1,213.2100,255.6800,0.000672
_2179_,VGND,li1,197.5700,261.1200,0.000326
_2178_,VGND,li1,197.1100,277.4400,0.000406
_2177_,VGND,li1,190.2100,272.0000,0.000257
_2176_,VGND,li1,181.7000,277.4400,0.000248
_2175_,VGND,li1,180.5500,272.0000,0.000157
_2174_,VGND,li1,267.9500,266.5600,0.000684
_2173_,VGND,li1,262.6600,266.5600,0.000668
_2172_,VGND,li1,262.2000,261.1200,0.000729
_2171_,VGND,li1,257.6000,277.4400,0.000794
_2170_,VGND,li1,261.0500,272.0000,0.000742
_2169_,VGND,li1,260.8200,277.4400,0.000807
_2168_,VGND,li1,204.2400,277.4400,0.000467
_2167_,VGND,li1,200.7900,277.4400,0.000442
_2166_,VGND,li1,198.0300,272.0000,0.000332
_2165_,VGND,li1,265.1900,272.0000,0.000763
_2164_,VGND,li1,257.6000,272.0000,0.000736
_2163_,VGND,li1,258.0600,277.4400,0.000794
_2162_,VGND,li1,260.8200,282.8800,0.000757
_2161_,VGND,li1,230.2300,277.4400,0.000672
_2160_,VGND,li1,231.1500,282.8800,0.000640
_2159_,VGND,li1,220.8000,288.3200,0.000616
_2158_,VGND,li1,243.3400,282.8800,0.000691
_2157_,VGND,li1,239.6600,282.8800,0.000679
_2156_,VGND,li1,234.3700,277.4400,0.000692
_2155_,VGND,li1,206.3100,272.0000,0.000401
_2154_,VGND,li1,203.5500,277.4400,0.000467
_2153_,VGND,li1,208.8400,272.0000,0.000425
_2152_,VGND,li1,201.7100,272.0000,0.000351
_2151_,VGND,li1,195.2700,272.0000,0.000307
_2150_,VGND,li1,192.9700,272.0000,0.000283
_2149_,VGND,li1,197.1100,288.3200,0.000443
_2148_,VGND,li1,200.3300,288.3200,0.000473
_2147_,VGND,li1,201.2500,282.8800,0.000493
_2146_,VGND,li1,200.7900,272.0000,0.000351
_2145_,VGND,li1,198.4900,293.7600,0.000443
_2144_,VGND,li1,200.7900,282.8800,0.000493
_2143_,VGND,li1,203.0900,282.8800,0.000503
_2142_,VGND,li1,200.5600,299.2000,0.000450
_2141_,VGND,li1,210.6800,261.1200,0.000430
_2140_,VGND,li1,205.8500,266.5600,0.000358
_2139_,VGND,li1,213.4400,266.5600,0.000412
_2138_,VGND,li1,208.1500,266.5600,0.000374
_2137_,VGND,li1,204.0100,266.5600,0.000344
_2136_,VGND,li1,204.9300,266.5600,0.000344
_2135_,VGND,li1,202.1700,266.5600,0.000321
_2134_,VGND,li1,209.9900,293.7600,0.000503
_2133_,VGND,li1,202.8600,299.2000,0.000472
_2132_,VGND,li1,205.8500,293.7600,0.000482
_2131_,VGND,li1,204.9300,255.6800,0.000592
_2130_,VGND,li1,206.7700,288.3200,0.000514
_2129_,VGND,li1,214.1300,293.7600,0.000523
_2128_,VGND,li1,210.2200,299.2000,0.000508
_2127_,VGND,li1,216.4300,299.2000,0.000555
_2126_,VGND,li1,232.5300,277.4400,0.000682
_2125_,VGND,li1,226.0900,282.8800,0.000617
_2124_,VGND,li1,227.4700,288.3200,0.000664
_2123_,VGND,li1,221.7200,282.8800,0.000596
_2122_,VGND,li1,215.0500,293.7600,0.000523
_2121_,VGND,li1,224.9400,288.3200,0.000645
_2120_,VGND,li1,226.0900,277.4400,0.000641
_2119_,VGND,li1,220.5700,293.7600,0.000552
_2118_,VGND,li1,220.8000,282.8800,0.000584
_2117_,VGND,li1,220.5700,288.3200,0.000616
_2116_,VGND,li1,222.8700,288.3200,0.000632
_2115_,VGND,li1,222.1800,299.2000,0.000580
_2114_,VGND,li1,226.0900,288.3200,0.000645
_2113_,VGND,li1,226.5500,282.8800,0.000617
_2112_,VGND,li1,218.5000,288.3200,0.000593
_2111_,VGND,li1,228.3900,288.3200,0.000664
_2110_,VGND,li1,226.5500,293.7600,0.000578
_2109_,VGND,li1,229.7700,282.8800,0.000629
_2108_,VGND,li1,234.8300,282.8800,0.000650
_2107_,VGND,li1,233.9100,277.4400,0.000682
_2106_,VGND,li1,233.9100,288.3200,0.000697
_2105_,VGND,li1,233.2200,282.8800,0.000650
_2104_,VGND,li1,236.2100,288.3200,0.000713
_2103_,VGND,li1,232.7600,293.7600,0.000605
_2102_,VGND,li1,237.1300,277.4400,0.000705
_2101_,VGND,li1,232.9900,293.7600,0.000605
_2100_,VGND,li1,236.2100,282.8800,0.000664
_2099_,VGND,li1,242.6500,288.3200,0.000766
_2098_,VGND,li1,234.6000,288.3200,0.000713
_2097_,VGND,li1,235.7500,293.7600,0.000618
_2096_,VGND,li1,248.8600,293.7600,0.000668
_2095_,VGND,li1,265.4200,277.4400,0.000826
_2094_,VGND,li1,261.5100,272.0000,0.000750
_2093_,VGND,li1,274.3900,266.5600,0.000706
_2092_,VGND,li1,270.0200,277.4400,0.000844
_2091_,VGND,li1,267.4900,277.4400,0.000835
_2090_,VGND,li1,264.7300,288.3200,0.000884
_2089_,VGND,li1,268.1800,282.8800,0.000778
_2088_,VGND,li1,270.2500,288.3200,0.000901
_2087_,VGND,li1,255.3000,299.2000,0.000762
_2086_,VGND,li1,259.2100,293.7600,0.000707
_2085_,VGND,li1,262.8900,277.4400,0.000816
_2084_,VGND,li1,268.6400,282.8800,0.000778
_2083_,VGND,li1,265.1900,266.5600,0.000678
_2082_,VGND,li1,271.1700,266.5600,0.000698
_2081_,VGND,li1,267.4900,272.0000,0.000771
_2080_,VGND,li1,270.2500,272.0000,0.000778
_2079_,VGND,li1,272.0900,272.0000,0.000786
_2078_,VGND,li1,269.5600,272.0000,0.000778
_2077_,VGND,li1,269.7900,277.4400,0.000844
_2076_,VGND,li1,273.9300,277.4400,0.000861
_2075_,VGND,li1,253.2300,299.2000,0.000752
_2074_,VGND,li1,255.5300,293.7600,0.000691
_2073_,VGND,li1,238.0500,293.7600,0.000625
_2072_,VGND,li1,232.5300,299.2000,0.000638
_2071_,VGND,li1,221.0300,293.7600,0.000552
_2070_,VGND,li1,224.7100,293.7600,0.000567
_2069_,VGND,li1,224.7100,299.2000,0.000596
_2068_,VGND,li1,205.3900,293.7600,0.000482
_2067_,VGND,li1,209.7600,293.7600,0.000503
_2066_,VGND,li1,218.7300,299.2000,0.000568
_2065_,VGND,li1,214.1300,299.2000,0.000539
_2064_,VGND,li1,201.2500,293.7600,0.000462
_2063_,VGND,li1,197.5700,293.7600,0.000443
_2062_,VGND,li1,202.1700,293.7600,0.000462
_2061_,VGND,li1,178.2500,272.0000,0.000133
_2060_,VGND,li1,178.2500,272.0000,0.000133
