
Cell sky130_fd_sc_hd__fill_1 (0) disconnected node: VGND
Cell sky130_fd_sc_hd__fill_1 (0) disconnected node: VNB
Cell sky130_fd_sc_hd__fill_1 (0) disconnected node: VPB
Cell sky130_fd_sc_hd__fill_1 (0) disconnected node: VPWR
Cell sky130_fd_sc_hd__fill_1 (1) disconnected node: VGND
Cell sky130_fd_sc_hd__fill_1 (1) disconnected node: VNB
Cell sky130_fd_sc_hd__fill_1 (1) disconnected node: VPB
Cell sky130_fd_sc_hd__fill_1 (1) disconnected node: VPWR

Subcircuit pins:
Circuit 1: sky130_fd_sc_hd__fill_1         |Circuit 2: sky130_fd_sc_hd__fill_1         
-------------------------------------------|-------------------------------------------
VGND                                       |VGND                                       
VNB                                        |VNB                                        
VPB                                        |VPB                                        
VPWR                                       |VPWR                                       
---------------------------------------------------------------------------------------
Cell pin lists are equivalent.
Device classes sky130_fd_sc_hd__fill_1 and sky130_fd_sc_hd__fill_1 are equivalent.

Cell sky130_fd_sc_hd__decap_6 (0) disconnected node: VGND
Cell sky130_fd_sc_hd__decap_6 (0) disconnected node: VNB
Cell sky130_fd_sc_hd__decap_6 (0) disconnected node: VPB
Cell sky130_fd_sc_hd__decap_6 (0) disconnected node: VPWR

Subcircuit pins:
Circuit 1: sky130_fd_sc_hd__decap_6        |Circuit 2: sky130_fd_sc_hd__decap_6        
-------------------------------------------|-------------------------------------------
VGND                                       |VGND                                       
VNB                                        |VNB                                        
VPB                                        |VPB                                        
VPWR                                       |VPWR                                       
---------------------------------------------------------------------------------------
Cell pin lists are equivalent.
Device classes sky130_fd_sc_hd__decap_6 and sky130_fd_sc_hd__decap_6 are equivalent.

Cell sky130_fd_sc_hd__decap_3 (0) disconnected node: VGND
Cell sky130_fd_sc_hd__decap_3 (0) disconnected node: VNB
Cell sky130_fd_sc_hd__decap_3 (0) disconnected node: VPB
Cell sky130_fd_sc_hd__decap_3 (0) disconnected node: VPWR

Subcircuit pins:
Circuit 1: sky130_fd_sc_hd__decap_3        |Circuit 2: sky130_fd_sc_hd__decap_3        
-------------------------------------------|-------------------------------------------
VGND                                       |VGND                                       
VNB                                        |VNB                                        
VPB                                        |VPB                                        
VPWR                                       |VPWR                                       
---------------------------------------------------------------------------------------
Cell pin lists are equivalent.
Device classes sky130_fd_sc_hd__decap_3 and sky130_fd_sc_hd__decap_3 are equivalent.

Cell sky130_fd_sc_hd__mux2_1 (0) disconnected node: A0
Cell sky130_fd_sc_hd__mux2_1 (0) disconnected node: A1
Cell sky130_fd_sc_hd__mux2_1 (0) disconnected node: S
Cell sky130_fd_sc_hd__mux2_1 (0) disconnected node: VGND
Cell sky130_fd_sc_hd__mux2_1 (0) disconnected node: VNB
Cell sky130_fd_sc_hd__mux2_1 (0) disconnected node: VPB
Cell sky130_fd_sc_hd__mux2_1 (0) disconnected node: VPWR
Cell sky130_fd_sc_hd__mux2_1 (0) disconnected node: X

Subcircuit pins:
Circuit 1: sky130_fd_sc_hd__mux2_1         |Circuit 2: sky130_fd_sc_hd__mux2_1         
-------------------------------------------|-------------------------------------------
A0                                         |A0                                         
A1                                         |A1                                         
S                                          |S                                          
VGND                                       |VGND                                       
VNB                                        |VNB                                        
VPB                                        |VPB                                        
VPWR                                       |VPWR                                       
X                                          |X                                          
---------------------------------------------------------------------------------------
Cell pin lists are equivalent.
Device classes sky130_fd_sc_hd__mux2_1 and sky130_fd_sc_hd__mux2_1 are equivalent.

Cell sky130_fd_sc_hd__and3_1 (0) disconnected node: A
Cell sky130_fd_sc_hd__and3_1 (0) disconnected node: B
Cell sky130_fd_sc_hd__and3_1 (0) disconnected node: C
Cell sky130_fd_sc_hd__and3_1 (0) disconnected node: VGND
Cell sky130_fd_sc_hd__and3_1 (0) disconnected node: VNB
Cell sky130_fd_sc_hd__and3_1 (0) disconnected node: VPB
Cell sky130_fd_sc_hd__and3_1 (0) disconnected node: VPWR
Cell sky130_fd_sc_hd__and3_1 (0) disconnected node: X

Subcircuit pins:
Circuit 1: sky130_fd_sc_hd__and3_1         |Circuit 2: sky130_fd_sc_hd__and3_1         
-------------------------------------------|-------------------------------------------
A                                          |A                                          
B                                          |B                                          
C                                          |C                                          
VGND                                       |VGND                                       
VNB                                        |VNB                                        
VPB                                        |VPB                                        
VPWR                                       |VPWR                                       
X                                          |X                                          
---------------------------------------------------------------------------------------
Cell pin lists are equivalent.
Device classes sky130_fd_sc_hd__and3_1 and sky130_fd_sc_hd__and3_1 are equivalent.

Cell sky130_fd_sc_hd__mux4_1 (0) disconnected node: A0
Cell sky130_fd_sc_hd__mux4_1 (0) disconnected node: A1
Cell sky130_fd_sc_hd__mux4_1 (0) disconnected node: A2
Cell sky130_fd_sc_hd__mux4_1 (0) disconnected node: A3
Cell sky130_fd_sc_hd__mux4_1 (0) disconnected node: S0
Cell sky130_fd_sc_hd__mux4_1 (0) disconnected node: S1
Cell sky130_fd_sc_hd__mux4_1 (0) disconnected node: VGND
Cell sky130_fd_sc_hd__mux4_1 (0) disconnected node: VNB
Cell sky130_fd_sc_hd__mux4_1 (0) disconnected node: VPB
Cell sky130_fd_sc_hd__mux4_1 (0) disconnected node: VPWR
Cell sky130_fd_sc_hd__mux4_1 (0) disconnected node: X

Subcircuit pins:
Circuit 1: sky130_fd_sc_hd__mux4_1         |Circuit 2: sky130_fd_sc_hd__mux4_1         
-------------------------------------------|-------------------------------------------
A0                                         |A0                                         
A1                                         |A1                                         
A2                                         |A2                                         
A3                                         |A3                                         
S0                                         |S0                                         
S1                                         |S1                                         
VGND                                       |VGND                                       
VNB                                        |VNB                                        
VPB                                        |VPB                                        
VPWR                                       |VPWR                                       
X                                          |X                                          
---------------------------------------------------------------------------------------
Cell pin lists are equivalent.
Device classes sky130_fd_sc_hd__mux4_1 and sky130_fd_sc_hd__mux4_1 are equivalent.

Cell sky130_fd_sc_hd__tapvpwrvgnd_1 (0) disconnected node: VGND
Cell sky130_fd_sc_hd__tapvpwrvgnd_1 (0) disconnected node: VPWR
Cell sky130_fd_sc_hd__tapvpwrvgnd_1 (1) disconnected node: VGND
Cell sky130_fd_sc_hd__tapvpwrvgnd_1 (1) disconnected node: VPWR

Subcircuit pins:
Circuit 1: sky130_fd_sc_hd__tapvpwrvgnd_1  |Circuit 2: sky130_fd_sc_hd__tapvpwrvgnd_1  
-------------------------------------------|-------------------------------------------
VGND                                       |VGND                                       
VPWR                                       |VPWR                                       
---------------------------------------------------------------------------------------
Cell pin lists are equivalent.
Device classes sky130_fd_sc_hd__tapvpwrvgnd_1 and sky130_fd_sc_hd__tapvpwrvgnd_1 are equivalent.

Cell sky130_fd_sc_hd__dfxtp_1 (0) disconnected node: CLK
Cell sky130_fd_sc_hd__dfxtp_1 (0) disconnected node: D
Cell sky130_fd_sc_hd__dfxtp_1 (0) disconnected node: VGND
Cell sky130_fd_sc_hd__dfxtp_1 (0) disconnected node: VNB
Cell sky130_fd_sc_hd__dfxtp_1 (0) disconnected node: VPB
Cell sky130_fd_sc_hd__dfxtp_1 (0) disconnected node: VPWR
Cell sky130_fd_sc_hd__dfxtp_1 (0) disconnected node: Q

Subcircuit pins:
Circuit 1: sky130_fd_sc_hd__dfxtp_1        |Circuit 2: sky130_fd_sc_hd__dfxtp_1        
-------------------------------------------|-------------------------------------------
CLK                                        |CLK                                        
D                                          |D                                          
VGND                                       |VGND                                       
VNB                                        |VNB                                        
VPB                                        |VPB                                        
VPWR                                       |VPWR                                       
Q                                          |Q                                          
---------------------------------------------------------------------------------------
Cell pin lists are equivalent.
Device classes sky130_fd_sc_hd__dfxtp_1 and sky130_fd_sc_hd__dfxtp_1 are equivalent.

Cell sky130_fd_sc_hd__dlygate4sd3_1 (0) disconnected node: A
Cell sky130_fd_sc_hd__dlygate4sd3_1 (0) disconnected node: VGND
Cell sky130_fd_sc_hd__dlygate4sd3_1 (0) disconnected node: VNB
Cell sky130_fd_sc_hd__dlygate4sd3_1 (0) disconnected node: VPB
Cell sky130_fd_sc_hd__dlygate4sd3_1 (0) disconnected node: VPWR
Cell sky130_fd_sc_hd__dlygate4sd3_1 (0) disconnected node: X

Subcircuit pins:
Circuit 1: sky130_fd_sc_hd__dlygate4sd3_1  |Circuit 2: sky130_fd_sc_hd__dlygate4sd3_1  
-------------------------------------------|-------------------------------------------
A                                          |A                                          
VGND                                       |VGND                                       
VNB                                        |VNB                                        
VPB                                        |VPB                                        
VPWR                                       |VPWR                                       
X                                          |X                                          
---------------------------------------------------------------------------------------
Cell pin lists are equivalent.
Device classes sky130_fd_sc_hd__dlygate4sd3_1 and sky130_fd_sc_hd__dlygate4sd3_1 are equivalent.

Cell sky130_ef_sc_hd__decap_12 (0) disconnected node: VPWR
Cell sky130_ef_sc_hd__decap_12 (0) disconnected node: VGND
Cell sky130_ef_sc_hd__decap_12 (0) disconnected node: VPB
Cell sky130_ef_sc_hd__decap_12 (0) disconnected node: VNB

Subcircuit pins:
Circuit 1: sky130_ef_sc_hd__decap_12       |Circuit 2: sky130_ef_sc_hd__decap_12       
-------------------------------------------|-------------------------------------------
VPWR                                       |VPWR                                       
VGND                                       |VGND                                       
VPB                                        |VPB                                        
VNB                                        |VNB                                        
---------------------------------------------------------------------------------------
Cell pin lists are equivalent.
Device classes sky130_ef_sc_hd__decap_12 and sky130_ef_sc_hd__decap_12 are equivalent.

Cell sky130_fd_sc_hd__fill_2 (0) disconnected node: VGND
Cell sky130_fd_sc_hd__fill_2 (0) disconnected node: VNB
Cell sky130_fd_sc_hd__fill_2 (0) disconnected node: VPB
Cell sky130_fd_sc_hd__fill_2 (0) disconnected node: VPWR
Cell sky130_fd_sc_hd__fill_2 (1) disconnected node: VGND
Cell sky130_fd_sc_hd__fill_2 (1) disconnected node: VNB
Cell sky130_fd_sc_hd__fill_2 (1) disconnected node: VPB
Cell sky130_fd_sc_hd__fill_2 (1) disconnected node: VPWR

Subcircuit pins:
Circuit 1: sky130_fd_sc_hd__fill_2         |Circuit 2: sky130_fd_sc_hd__fill_2         
-------------------------------------------|-------------------------------------------
VGND                                       |VGND                                       
VNB                                        |VNB                                        
VPB                                        |VPB                                        
VPWR                                       |VPWR                                       
---------------------------------------------------------------------------------------
Cell pin lists are equivalent.
Device classes sky130_fd_sc_hd__fill_2 and sky130_fd_sc_hd__fill_2 are equivalent.

Cell sky130_fd_sc_hd__decap_4 (0) disconnected node: VGND
Cell sky130_fd_sc_hd__decap_4 (0) disconnected node: VNB
Cell sky130_fd_sc_hd__decap_4 (0) disconnected node: VPB
Cell sky130_fd_sc_hd__decap_4 (0) disconnected node: VPWR

Subcircuit pins:
Circuit 1: sky130_fd_sc_hd__decap_4        |Circuit 2: sky130_fd_sc_hd__decap_4        
-------------------------------------------|-------------------------------------------
VGND                                       |VGND                                       
VNB                                        |VNB                                        
VPB                                        |VPB                                        
VPWR                                       |VPWR                                       
---------------------------------------------------------------------------------------
Cell pin lists are equivalent.
Device classes sky130_fd_sc_hd__decap_4 and sky130_fd_sc_hd__decap_4 are equivalent.

Cell sky130_fd_sc_hd__dlygate4sd1_1 (0) disconnected node: A
Cell sky130_fd_sc_hd__dlygate4sd1_1 (0) disconnected node: VGND
Cell sky130_fd_sc_hd__dlygate4sd1_1 (0) disconnected node: VNB
Cell sky130_fd_sc_hd__dlygate4sd1_1 (0) disconnected node: VPB
Cell sky130_fd_sc_hd__dlygate4sd1_1 (0) disconnected node: VPWR
Cell sky130_fd_sc_hd__dlygate4sd1_1 (0) disconnected node: X

Subcircuit pins:
Circuit 1: sky130_fd_sc_hd__dlygate4sd1_1  |Circuit 2: sky130_fd_sc_hd__dlygate4sd1_1  
-------------------------------------------|-------------------------------------------
A                                          |A                                          
VGND                                       |VGND                                       
VNB                                        |VNB                                        
VPB                                        |VPB                                        
VPWR                                       |VPWR                                       
X                                          |X                                          
---------------------------------------------------------------------------------------
Cell pin lists are equivalent.
Device classes sky130_fd_sc_hd__dlygate4sd1_1 and sky130_fd_sc_hd__dlygate4sd1_1 are equivalent.

Cell sky130_fd_sc_hd__decap_8 (0) disconnected node: VGND
Cell sky130_fd_sc_hd__decap_8 (0) disconnected node: VNB
Cell sky130_fd_sc_hd__decap_8 (0) disconnected node: VPB
Cell sky130_fd_sc_hd__decap_8 (0) disconnected node: VPWR

Subcircuit pins:
Circuit 1: sky130_fd_sc_hd__decap_8        |Circuit 2: sky130_fd_sc_hd__decap_8        
-------------------------------------------|-------------------------------------------
VGND                                       |VGND                                       
VNB                                        |VNB                                        
VPB                                        |VPB                                        
VPWR                                       |VPWR                                       
---------------------------------------------------------------------------------------
Cell pin lists are equivalent.
Device classes sky130_fd_sc_hd__decap_8 and sky130_fd_sc_hd__decap_8 are equivalent.

Cell sky130_fd_sc_hd__dfrtp_1 (0) disconnected node: CLK
Cell sky130_fd_sc_hd__dfrtp_1 (0) disconnected node: D
Cell sky130_fd_sc_hd__dfrtp_1 (0) disconnected node: RESET_B
Cell sky130_fd_sc_hd__dfrtp_1 (0) disconnected node: VGND
Cell sky130_fd_sc_hd__dfrtp_1 (0) disconnected node: VNB
Cell sky130_fd_sc_hd__dfrtp_1 (0) disconnected node: VPB
Cell sky130_fd_sc_hd__dfrtp_1 (0) disconnected node: VPWR
Cell sky130_fd_sc_hd__dfrtp_1 (0) disconnected node: Q

Subcircuit pins:
Circuit 1: sky130_fd_sc_hd__dfrtp_1        |Circuit 2: sky130_fd_sc_hd__dfrtp_1        
-------------------------------------------|-------------------------------------------
CLK                                        |CLK                                        
D                                          |D                                          
RESET_B                                    |RESET_B                                    
VGND                                       |VGND                                       
VNB                                        |VNB                                        
VPB                                        |VPB                                        
VPWR                                       |VPWR                                       
Q                                          |Q                                          
---------------------------------------------------------------------------------------
Cell pin lists are equivalent.
Device classes sky130_fd_sc_hd__dfrtp_1 and sky130_fd_sc_hd__dfrtp_1 are equivalent.

Cell sky130_fd_sc_hd__a21o_1 (0) disconnected node: A1
Cell sky130_fd_sc_hd__a21o_1 (0) disconnected node: A2
Cell sky130_fd_sc_hd__a21o_1 (0) disconnected node: B1
Cell sky130_fd_sc_hd__a21o_1 (0) disconnected node: VGND
Cell sky130_fd_sc_hd__a21o_1 (0) disconnected node: VNB
Cell sky130_fd_sc_hd__a21o_1 (0) disconnected node: VPB
Cell sky130_fd_sc_hd__a21o_1 (0) disconnected node: VPWR
Cell sky130_fd_sc_hd__a21o_1 (0) disconnected node: X

Subcircuit pins:
Circuit 1: sky130_fd_sc_hd__a21o_1         |Circuit 2: sky130_fd_sc_hd__a21o_1         
-------------------------------------------|-------------------------------------------
A1                                         |A1                                         
A2                                         |A2                                         
B1                                         |B1                                         
VGND                                       |VGND                                       
VNB                                        |VNB                                        
VPB                                        |VPB                                        
VPWR                                       |VPWR                                       
X                                          |X                                          
---------------------------------------------------------------------------------------
Cell pin lists are equivalent.
Device classes sky130_fd_sc_hd__a21o_1 and sky130_fd_sc_hd__a21o_1 are equivalent.

Cell sky130_fd_sc_hd__and3b_2 (0) disconnected node: A_N
Cell sky130_fd_sc_hd__and3b_2 (0) disconnected node: B
Cell sky130_fd_sc_hd__and3b_2 (0) disconnected node: C
Cell sky130_fd_sc_hd__and3b_2 (0) disconnected node: VGND
Cell sky130_fd_sc_hd__and3b_2 (0) disconnected node: VNB
Cell sky130_fd_sc_hd__and3b_2 (0) disconnected node: VPB
Cell sky130_fd_sc_hd__and3b_2 (0) disconnected node: VPWR
Cell sky130_fd_sc_hd__and3b_2 (0) disconnected node: X

Subcircuit pins:
Circuit 1: sky130_fd_sc_hd__and3b_2        |Circuit 2: sky130_fd_sc_hd__and3b_2        
-------------------------------------------|-------------------------------------------
A_N                                        |A_N                                        
B                                          |B                                          
C                                          |C                                          
VGND                                       |VGND                                       
VNB                                        |VNB                                        
VPB                                        |VPB                                        
VPWR                                       |VPWR                                       
X                                          |X                                          
---------------------------------------------------------------------------------------
Cell pin lists are equivalent.
Device classes sky130_fd_sc_hd__and3b_2 and sky130_fd_sc_hd__and3b_2 are equivalent.

Cell sky130_fd_sc_hd__o22a_1 (0) disconnected node: A1
Cell sky130_fd_sc_hd__o22a_1 (0) disconnected node: A2
Cell sky130_fd_sc_hd__o22a_1 (0) disconnected node: B1
Cell sky130_fd_sc_hd__o22a_1 (0) disconnected node: B2
Cell sky130_fd_sc_hd__o22a_1 (0) disconnected node: VGND
Cell sky130_fd_sc_hd__o22a_1 (0) disconnected node: VNB
Cell sky130_fd_sc_hd__o22a_1 (0) disconnected node: VPB
Cell sky130_fd_sc_hd__o22a_1 (0) disconnected node: VPWR
Cell sky130_fd_sc_hd__o22a_1 (0) disconnected node: X

Subcircuit pins:
Circuit 1: sky130_fd_sc_hd__o22a_1         |Circuit 2: sky130_fd_sc_hd__o22a_1         
-------------------------------------------|-------------------------------------------
A1                                         |A1                                         
A2                                         |A2                                         
B1                                         |B1                                         
B2                                         |B2                                         
VGND                                       |VGND                                       
VNB                                        |VNB                                        
VPB                                        |VPB                                        
VPWR                                       |VPWR                                       
X                                          |X                                          
---------------------------------------------------------------------------------------
Cell pin lists are equivalent.
Device classes sky130_fd_sc_hd__o22a_1 and sky130_fd_sc_hd__o22a_1 are equivalent.

Cell sky130_fd_sc_hd__o21ba_1 (0) disconnected node: A1
Cell sky130_fd_sc_hd__o21ba_1 (0) disconnected node: A2
Cell sky130_fd_sc_hd__o21ba_1 (0) disconnected node: B1_N
Cell sky130_fd_sc_hd__o21ba_1 (0) disconnected node: VGND
Cell sky130_fd_sc_hd__o21ba_1 (0) disconnected node: VNB
Cell sky130_fd_sc_hd__o21ba_1 (0) disconnected node: VPB
Cell sky130_fd_sc_hd__o21ba_1 (0) disconnected node: VPWR
Cell sky130_fd_sc_hd__o21ba_1 (0) disconnected node: X

Subcircuit pins:
Circuit 1: sky130_fd_sc_hd__o21ba_1        |Circuit 2: sky130_fd_sc_hd__o21ba_1        
-------------------------------------------|-------------------------------------------
A1                                         |A1                                         
A2                                         |A2                                         
B1_N                                       |B1_N                                       
VGND                                       |VGND                                       
VNB                                        |VNB                                        
VPB                                        |VPB                                        
VPWR                                       |VPWR                                       
X                                          |X                                          
---------------------------------------------------------------------------------------
Cell pin lists are equivalent.
Device classes sky130_fd_sc_hd__o21ba_1 and sky130_fd_sc_hd__o21ba_1 are equivalent.

Cell sky130_fd_sc_hd__or2_1 (0) disconnected node: A
Cell sky130_fd_sc_hd__or2_1 (0) disconnected node: B
Cell sky130_fd_sc_hd__or2_1 (0) disconnected node: VGND
Cell sky130_fd_sc_hd__or2_1 (0) disconnected node: VNB
Cell sky130_fd_sc_hd__or2_1 (0) disconnected node: VPB
Cell sky130_fd_sc_hd__or2_1 (0) disconnected node: VPWR
Cell sky130_fd_sc_hd__or2_1 (0) disconnected node: X

Subcircuit pins:
Circuit 1: sky130_fd_sc_hd__or2_1          |Circuit 2: sky130_fd_sc_hd__or2_1          
-------------------------------------------|-------------------------------------------
A                                          |A                                          
B                                          |B                                          
VGND                                       |VGND                                       
VNB                                        |VNB                                        
VPB                                        |VPB                                        
VPWR                                       |VPWR                                       
X                                          |X                                          
---------------------------------------------------------------------------------------
Cell pin lists are equivalent.
Device classes sky130_fd_sc_hd__or2_1 and sky130_fd_sc_hd__or2_1 are equivalent.

Cell sky130_fd_sc_hd__a21bo_1 (0) disconnected node: A1
Cell sky130_fd_sc_hd__a21bo_1 (0) disconnected node: A2
Cell sky130_fd_sc_hd__a21bo_1 (0) disconnected node: B1_N
Cell sky130_fd_sc_hd__a21bo_1 (0) disconnected node: VGND
Cell sky130_fd_sc_hd__a21bo_1 (0) disconnected node: VNB
Cell sky130_fd_sc_hd__a21bo_1 (0) disconnected node: VPB
Cell sky130_fd_sc_hd__a21bo_1 (0) disconnected node: VPWR
Cell sky130_fd_sc_hd__a21bo_1 (0) disconnected node: X

Subcircuit pins:
Circuit 1: sky130_fd_sc_hd__a21bo_1        |Circuit 2: sky130_fd_sc_hd__a21bo_1        
-------------------------------------------|-------------------------------------------
A1                                         |A1                                         
A2                                         |A2                                         
B1_N                                       |B1_N                                       
VGND                                       |VGND                                       
VNB                                        |VNB                                        
VPB                                        |VPB                                        
VPWR                                       |VPWR                                       
X                                          |X                                          
---------------------------------------------------------------------------------------
Cell pin lists are equivalent.
Device classes sky130_fd_sc_hd__a21bo_1 and sky130_fd_sc_hd__a21bo_1 are equivalent.

Cell sky130_fd_sc_hd__or2_2 (0) disconnected node: A
Cell sky130_fd_sc_hd__or2_2 (0) disconnected node: B
Cell sky130_fd_sc_hd__or2_2 (0) disconnected node: VGND
Cell sky130_fd_sc_hd__or2_2 (0) disconnected node: VNB
Cell sky130_fd_sc_hd__or2_2 (0) disconnected node: VPB
Cell sky130_fd_sc_hd__or2_2 (0) disconnected node: VPWR
Cell sky130_fd_sc_hd__or2_2 (0) disconnected node: X

Subcircuit pins:
Circuit 1: sky130_fd_sc_hd__or2_2          |Circuit 2: sky130_fd_sc_hd__or2_2          
-------------------------------------------|-------------------------------------------
A                                          |A                                          
B                                          |B                                          
VGND                                       |VGND                                       
VNB                                        |VNB                                        
VPB                                        |VPB                                        
VPWR                                       |VPWR                                       
X                                          |X                                          
---------------------------------------------------------------------------------------
Cell pin lists are equivalent.
Device classes sky130_fd_sc_hd__or2_2 and sky130_fd_sc_hd__or2_2 are equivalent.

Cell sky130_fd_sc_hd__inv_2 (0) disconnected node: A
Cell sky130_fd_sc_hd__inv_2 (0) disconnected node: VGND
Cell sky130_fd_sc_hd__inv_2 (0) disconnected node: VNB
Cell sky130_fd_sc_hd__inv_2 (0) disconnected node: VPB
Cell sky130_fd_sc_hd__inv_2 (0) disconnected node: VPWR
Cell sky130_fd_sc_hd__inv_2 (0) disconnected node: Y

Subcircuit pins:
Circuit 1: sky130_fd_sc_hd__inv_2          |Circuit 2: sky130_fd_sc_hd__inv_2          
-------------------------------------------|-------------------------------------------
A                                          |A                                          
VGND                                       |VGND                                       
VNB                                        |VNB                                        
VPB                                        |VPB                                        
VPWR                                       |VPWR                                       
Y                                          |Y                                          
---------------------------------------------------------------------------------------
Cell pin lists are equivalent.
Device classes sky130_fd_sc_hd__inv_2 and sky130_fd_sc_hd__inv_2 are equivalent.

Cell sky130_fd_sc_hd__a22o_1 (0) disconnected node: A1
Cell sky130_fd_sc_hd__a22o_1 (0) disconnected node: A2
Cell sky130_fd_sc_hd__a22o_1 (0) disconnected node: B1
Cell sky130_fd_sc_hd__a22o_1 (0) disconnected node: B2
Cell sky130_fd_sc_hd__a22o_1 (0) disconnected node: VGND
Cell sky130_fd_sc_hd__a22o_1 (0) disconnected node: VNB
Cell sky130_fd_sc_hd__a22o_1 (0) disconnected node: VPB
Cell sky130_fd_sc_hd__a22o_1 (0) disconnected node: VPWR
Cell sky130_fd_sc_hd__a22o_1 (0) disconnected node: X

Subcircuit pins:
Circuit 1: sky130_fd_sc_hd__a22o_1         |Circuit 2: sky130_fd_sc_hd__a22o_1         
-------------------------------------------|-------------------------------------------
A1                                         |A1                                         
A2                                         |A2                                         
B1                                         |B1                                         
B2                                         |B2                                         
VGND                                       |VGND                                       
VNB                                        |VNB                                        
VPB                                        |VPB                                        
VPWR                                       |VPWR                                       
X                                          |X                                          
---------------------------------------------------------------------------------------
Cell pin lists are equivalent.
Device classes sky130_fd_sc_hd__a22o_1 and sky130_fd_sc_hd__a22o_1 are equivalent.

Cell sky130_fd_sc_hd__o21a_1 (0) disconnected node: A1
Cell sky130_fd_sc_hd__o21a_1 (0) disconnected node: A2
Cell sky130_fd_sc_hd__o21a_1 (0) disconnected node: B1
Cell sky130_fd_sc_hd__o21a_1 (0) disconnected node: VGND
Cell sky130_fd_sc_hd__o21a_1 (0) disconnected node: VNB
Cell sky130_fd_sc_hd__o21a_1 (0) disconnected node: VPB
Cell sky130_fd_sc_hd__o21a_1 (0) disconnected node: VPWR
Cell sky130_fd_sc_hd__o21a_1 (0) disconnected node: X

Subcircuit pins:
Circuit 1: sky130_fd_sc_hd__o21a_1         |Circuit 2: sky130_fd_sc_hd__o21a_1         
-------------------------------------------|-------------------------------------------
A1                                         |A1                                         
A2                                         |A2                                         
B1                                         |B1                                         
VGND                                       |VGND                                       
VNB                                        |VNB                                        
VPB                                        |VPB                                        
VPWR                                       |VPWR                                       
X                                          |X                                          
---------------------------------------------------------------------------------------
Cell pin lists are equivalent.
Device classes sky130_fd_sc_hd__o21a_1 and sky130_fd_sc_hd__o21a_1 are equivalent.

Cell sky130_fd_sc_hd__a31o_1 (0) disconnected node: A1
Cell sky130_fd_sc_hd__a31o_1 (0) disconnected node: A2
Cell sky130_fd_sc_hd__a31o_1 (0) disconnected node: A3
Cell sky130_fd_sc_hd__a31o_1 (0) disconnected node: B1
Cell sky130_fd_sc_hd__a31o_1 (0) disconnected node: VGND
Cell sky130_fd_sc_hd__a31o_1 (0) disconnected node: VNB
Cell sky130_fd_sc_hd__a31o_1 (0) disconnected node: VPB
Cell sky130_fd_sc_hd__a31o_1 (0) disconnected node: VPWR
Cell sky130_fd_sc_hd__a31o_1 (0) disconnected node: X

Subcircuit pins:
Circuit 1: sky130_fd_sc_hd__a31o_1         |Circuit 2: sky130_fd_sc_hd__a31o_1         
-------------------------------------------|-------------------------------------------
A1                                         |A1                                         
A2                                         |A2                                         
A3                                         |A3                                         
B1                                         |B1                                         
VGND                                       |VGND                                       
VNB                                        |VNB                                        
VPB                                        |VPB                                        
VPWR                                       |VPWR                                       
X                                          |X                                          
---------------------------------------------------------------------------------------
Cell pin lists are equivalent.
Device classes sky130_fd_sc_hd__a31o_1 and sky130_fd_sc_hd__a31o_1 are equivalent.

Cell sky130_fd_sc_hd__nand2b_1 (0) disconnected node: A_N
Cell sky130_fd_sc_hd__nand2b_1 (0) disconnected node: B
Cell sky130_fd_sc_hd__nand2b_1 (0) disconnected node: VGND
Cell sky130_fd_sc_hd__nand2b_1 (0) disconnected node: VNB
Cell sky130_fd_sc_hd__nand2b_1 (0) disconnected node: VPB
Cell sky130_fd_sc_hd__nand2b_1 (0) disconnected node: VPWR
Cell sky130_fd_sc_hd__nand2b_1 (0) disconnected node: Y

Subcircuit pins:
Circuit 1: sky130_fd_sc_hd__nand2b_1       |Circuit 2: sky130_fd_sc_hd__nand2b_1       
-------------------------------------------|-------------------------------------------
A_N                                        |A_N                                        
B                                          |B                                          
VGND                                       |VGND                                       
VNB                                        |VNB                                        
VPB                                        |VPB                                        
VPWR                                       |VPWR                                       
Y                                          |Y                                          
---------------------------------------------------------------------------------------
Cell pin lists are equivalent.
Device classes sky130_fd_sc_hd__nand2b_1 and sky130_fd_sc_hd__nand2b_1 are equivalent.

Cell sky130_fd_sc_hd__and4_1 (0) disconnected node: A
Cell sky130_fd_sc_hd__and4_1 (0) disconnected node: B
Cell sky130_fd_sc_hd__and4_1 (0) disconnected node: C
Cell sky130_fd_sc_hd__and4_1 (0) disconnected node: D
Cell sky130_fd_sc_hd__and4_1 (0) disconnected node: VGND
Cell sky130_fd_sc_hd__and4_1 (0) disconnected node: VNB
Cell sky130_fd_sc_hd__and4_1 (0) disconnected node: VPB
Cell sky130_fd_sc_hd__and4_1 (0) disconnected node: VPWR
Cell sky130_fd_sc_hd__and4_1 (0) disconnected node: X

Subcircuit pins:
Circuit 1: sky130_fd_sc_hd__and4_1         |Circuit 2: sky130_fd_sc_hd__and4_1         
-------------------------------------------|-------------------------------------------
A                                          |A                                          
B                                          |B                                          
C                                          |C                                          
D                                          |D                                          
VGND                                       |VGND                                       
VNB                                        |VNB                                        
VPB                                        |VPB                                        
VPWR                                       |VPWR                                       
X                                          |X                                          
---------------------------------------------------------------------------------------
Cell pin lists are equivalent.
Device classes sky130_fd_sc_hd__and4_1 and sky130_fd_sc_hd__and4_1 are equivalent.

Cell sky130_fd_sc_hd__o2111a_1 (0) disconnected node: A1
Cell sky130_fd_sc_hd__o2111a_1 (0) disconnected node: A2
Cell sky130_fd_sc_hd__o2111a_1 (0) disconnected node: B1
Cell sky130_fd_sc_hd__o2111a_1 (0) disconnected node: C1
Cell sky130_fd_sc_hd__o2111a_1 (0) disconnected node: D1
Cell sky130_fd_sc_hd__o2111a_1 (0) disconnected node: VGND
Cell sky130_fd_sc_hd__o2111a_1 (0) disconnected node: VNB
Cell sky130_fd_sc_hd__o2111a_1 (0) disconnected node: VPB
Cell sky130_fd_sc_hd__o2111a_1 (0) disconnected node: VPWR
Cell sky130_fd_sc_hd__o2111a_1 (0) disconnected node: X

Subcircuit pins:
Circuit 1: sky130_fd_sc_hd__o2111a_1       |Circuit 2: sky130_fd_sc_hd__o2111a_1       
-------------------------------------------|-------------------------------------------
A1                                         |A1                                         
A2                                         |A2                                         
B1                                         |B1                                         
C1                                         |C1                                         
D1                                         |D1                                         
VGND                                       |VGND                                       
VNB                                        |VNB                                        
VPB                                        |VPB                                        
VPWR                                       |VPWR                                       
X                                          |X                                          
---------------------------------------------------------------------------------------
Cell pin lists are equivalent.
Device classes sky130_fd_sc_hd__o2111a_1 and sky130_fd_sc_hd__o2111a_1 are equivalent.

Cell sky130_fd_sc_hd__a21boi_2 (0) disconnected node: A1
Cell sky130_fd_sc_hd__a21boi_2 (0) disconnected node: A2
Cell sky130_fd_sc_hd__a21boi_2 (0) disconnected node: B1_N
Cell sky130_fd_sc_hd__a21boi_2 (0) disconnected node: VGND
Cell sky130_fd_sc_hd__a21boi_2 (0) disconnected node: VNB
Cell sky130_fd_sc_hd__a21boi_2 (0) disconnected node: VPB
Cell sky130_fd_sc_hd__a21boi_2 (0) disconnected node: VPWR
Cell sky130_fd_sc_hd__a21boi_2 (0) disconnected node: Y

Subcircuit pins:
Circuit 1: sky130_fd_sc_hd__a21boi_2       |Circuit 2: sky130_fd_sc_hd__a21boi_2       
-------------------------------------------|-------------------------------------------
A1                                         |A1                                         
A2                                         |A2                                         
B1_N                                       |B1_N                                       
VGND                                       |VGND                                       
VNB                                        |VNB                                        
VPB                                        |VPB                                        
VPWR                                       |VPWR                                       
Y                                          |Y                                          
---------------------------------------------------------------------------------------
Cell pin lists are equivalent.
Device classes sky130_fd_sc_hd__a21boi_2 and sky130_fd_sc_hd__a21boi_2 are equivalent.

Cell sky130_fd_sc_hd__and2_1 (0) disconnected node: A
Cell sky130_fd_sc_hd__and2_1 (0) disconnected node: B
Cell sky130_fd_sc_hd__and2_1 (0) disconnected node: VGND
Cell sky130_fd_sc_hd__and2_1 (0) disconnected node: VNB
Cell sky130_fd_sc_hd__and2_1 (0) disconnected node: VPB
Cell sky130_fd_sc_hd__and2_1 (0) disconnected node: VPWR
Cell sky130_fd_sc_hd__and2_1 (0) disconnected node: X

Subcircuit pins:
Circuit 1: sky130_fd_sc_hd__and2_1         |Circuit 2: sky130_fd_sc_hd__and2_1         
-------------------------------------------|-------------------------------------------
A                                          |A                                          
B                                          |B                                          
VGND                                       |VGND                                       
VNB                                        |VNB                                        
VPB                                        |VPB                                        
VPWR                                       |VPWR                                       
X                                          |X                                          
---------------------------------------------------------------------------------------
Cell pin lists are equivalent.
Device classes sky130_fd_sc_hd__and2_1 and sky130_fd_sc_hd__and2_1 are equivalent.

Cell sky130_fd_sc_hd__diode_2 (0) disconnected node: DIODE
Cell sky130_fd_sc_hd__diode_2 (0) disconnected node: VGND
Cell sky130_fd_sc_hd__diode_2 (0) disconnected node: VNB
Cell sky130_fd_sc_hd__diode_2 (0) disconnected node: VPB
Cell sky130_fd_sc_hd__diode_2 (0) disconnected node: VPWR
Cell sky130_fd_sc_hd__diode_2 (1) disconnected node: VGND
Cell sky130_fd_sc_hd__diode_2 (1) disconnected node: VPB
Cell sky130_fd_sc_hd__diode_2 (1) disconnected node: VPWR

Subcircuit pins:
Circuit 1: sky130_fd_sc_hd__diode_2        |Circuit 2: sky130_fd_sc_hd__diode_2        
-------------------------------------------|-------------------------------------------
DIODE                                      |DIODE                                      
VGND                                       |VGND                                       
VNB                                        |VNB                                        
VPB                                        |VPB                                        
VPWR                                       |VPWR                                       
---------------------------------------------------------------------------------------
Cell pin lists are equivalent.
Device classes sky130_fd_sc_hd__diode_2 and sky130_fd_sc_hd__diode_2 are equivalent.

Cell sky130_fd_sc_hd__and3_2 (0) disconnected node: A
Cell sky130_fd_sc_hd__and3_2 (0) disconnected node: B
Cell sky130_fd_sc_hd__and3_2 (0) disconnected node: C
Cell sky130_fd_sc_hd__and3_2 (0) disconnected node: VGND
Cell sky130_fd_sc_hd__and3_2 (0) disconnected node: VNB
Cell sky130_fd_sc_hd__and3_2 (0) disconnected node: VPB
Cell sky130_fd_sc_hd__and3_2 (0) disconnected node: VPWR
Cell sky130_fd_sc_hd__and3_2 (0) disconnected node: X

Subcircuit pins:
Circuit 1: sky130_fd_sc_hd__and3_2         |Circuit 2: sky130_fd_sc_hd__and3_2         
-------------------------------------------|-------------------------------------------
A                                          |A                                          
B                                          |B                                          
C                                          |C                                          
VGND                                       |VGND                                       
VNB                                        |VNB                                        
VPB                                        |VPB                                        
VPWR                                       |VPWR                                       
X                                          |X                                          
---------------------------------------------------------------------------------------
Cell pin lists are equivalent.
Device classes sky130_fd_sc_hd__and3_2 and sky130_fd_sc_hd__and3_2 are equivalent.

Cell sky130_fd_sc_hd__xnor2_2 (0) disconnected node: A
Cell sky130_fd_sc_hd__xnor2_2 (0) disconnected node: B
Cell sky130_fd_sc_hd__xnor2_2 (0) disconnected node: VGND
Cell sky130_fd_sc_hd__xnor2_2 (0) disconnected node: VNB
Cell sky130_fd_sc_hd__xnor2_2 (0) disconnected node: VPB
Cell sky130_fd_sc_hd__xnor2_2 (0) disconnected node: VPWR
Cell sky130_fd_sc_hd__xnor2_2 (0) disconnected node: Y

Subcircuit pins:
Circuit 1: sky130_fd_sc_hd__xnor2_2        |Circuit 2: sky130_fd_sc_hd__xnor2_2        
-------------------------------------------|-------------------------------------------
A                                          |A                                          
B                                          |B                                          
VGND                                       |VGND                                       
VNB                                        |VNB                                        
VPB                                        |VPB                                        
VPWR                                       |VPWR                                       
Y                                          |Y                                          
---------------------------------------------------------------------------------------
Cell pin lists are equivalent.
Device classes sky130_fd_sc_hd__xnor2_2 and sky130_fd_sc_hd__xnor2_2 are equivalent.

Cell sky130_fd_sc_hd__clkbuf_2 (0) disconnected node: A
Cell sky130_fd_sc_hd__clkbuf_2 (0) disconnected node: VGND
Cell sky130_fd_sc_hd__clkbuf_2 (0) disconnected node: VNB
Cell sky130_fd_sc_hd__clkbuf_2 (0) disconnected node: VPB
Cell sky130_fd_sc_hd__clkbuf_2 (0) disconnected node: VPWR
Cell sky130_fd_sc_hd__clkbuf_2 (0) disconnected node: X

Subcircuit pins:
Circuit 1: sky130_fd_sc_hd__clkbuf_2       |Circuit 2: sky130_fd_sc_hd__clkbuf_2       
-------------------------------------------|-------------------------------------------
A                                          |A                                          
VGND                                       |VGND                                       
VNB                                        |VNB                                        
VPB                                        |VPB                                        
VPWR                                       |VPWR                                       
X                                          |X                                          
---------------------------------------------------------------------------------------
Cell pin lists are equivalent.
Device classes sky130_fd_sc_hd__clkbuf_2 and sky130_fd_sc_hd__clkbuf_2 are equivalent.

Cell sky130_fd_sc_hd__clkbuf_16 (0) disconnected node: A
Cell sky130_fd_sc_hd__clkbuf_16 (0) disconnected node: VGND
Cell sky130_fd_sc_hd__clkbuf_16 (0) disconnected node: VNB
Cell sky130_fd_sc_hd__clkbuf_16 (0) disconnected node: VPB
Cell sky130_fd_sc_hd__clkbuf_16 (0) disconnected node: VPWR
Cell sky130_fd_sc_hd__clkbuf_16 (0) disconnected node: X

Subcircuit pins:
Circuit 1: sky130_fd_sc_hd__clkbuf_16      |Circuit 2: sky130_fd_sc_hd__clkbuf_16      
-------------------------------------------|-------------------------------------------
A                                          |A                                          
VGND                                       |VGND                                       
VNB                                        |VNB                                        
VPB                                        |VPB                                        
VPWR                                       |VPWR                                       
X                                          |X                                          
---------------------------------------------------------------------------------------
Cell pin lists are equivalent.
Device classes sky130_fd_sc_hd__clkbuf_16 and sky130_fd_sc_hd__clkbuf_16 are equivalent.

Cell sky130_fd_sc_hd__and3b_1 (0) disconnected node: A_N
Cell sky130_fd_sc_hd__and3b_1 (0) disconnected node: B
Cell sky130_fd_sc_hd__and3b_1 (0) disconnected node: C
Cell sky130_fd_sc_hd__and3b_1 (0) disconnected node: VGND
Cell sky130_fd_sc_hd__and3b_1 (0) disconnected node: VNB
Cell sky130_fd_sc_hd__and3b_1 (0) disconnected node: VPB
Cell sky130_fd_sc_hd__and3b_1 (0) disconnected node: VPWR
Cell sky130_fd_sc_hd__and3b_1 (0) disconnected node: X

Subcircuit pins:
Circuit 1: sky130_fd_sc_hd__and3b_1        |Circuit 2: sky130_fd_sc_hd__and3b_1        
-------------------------------------------|-------------------------------------------
A_N                                        |A_N                                        
B                                          |B                                          
C                                          |C                                          
VGND                                       |VGND                                       
VNB                                        |VNB                                        
VPB                                        |VPB                                        
VPWR                                       |VPWR                                       
X                                          |X                                          
---------------------------------------------------------------------------------------
Cell pin lists are equivalent.
Device classes sky130_fd_sc_hd__and3b_1 and sky130_fd_sc_hd__and3b_1 are equivalent.

Cell sky130_fd_sc_hd__conb_1 (0) disconnected node: VGND
Cell sky130_fd_sc_hd__conb_1 (0) disconnected node: VNB
Cell sky130_fd_sc_hd__conb_1 (0) disconnected node: VPB
Cell sky130_fd_sc_hd__conb_1 (0) disconnected node: VPWR
Cell sky130_fd_sc_hd__conb_1 (0) disconnected node: HI
Cell sky130_fd_sc_hd__conb_1 (0) disconnected node: LO
Cell sky130_fd_sc_hd__conb_1 (1) disconnected node: VNB
Cell sky130_fd_sc_hd__conb_1 (1) disconnected node: VPB

Subcircuit pins:
Circuit 1: sky130_fd_sc_hd__conb_1         |Circuit 2: sky130_fd_sc_hd__conb_1         
-------------------------------------------|-------------------------------------------
VGND                                       |VGND                                       
VNB                                        |VNB                                        
VPB                                        |VPB                                        
VPWR                                       |VPWR                                       
HI                                         |HI                                         
LO                                         |LO                                         
---------------------------------------------------------------------------------------
Cell pin lists are equivalent.
Device classes sky130_fd_sc_hd__conb_1 and sky130_fd_sc_hd__conb_1 are equivalent.

Cell sky130_fd_sc_hd__nand2_1 (0) disconnected node: A
Cell sky130_fd_sc_hd__nand2_1 (0) disconnected node: B
Cell sky130_fd_sc_hd__nand2_1 (0) disconnected node: VGND
Cell sky130_fd_sc_hd__nand2_1 (0) disconnected node: VNB
Cell sky130_fd_sc_hd__nand2_1 (0) disconnected node: VPB
Cell sky130_fd_sc_hd__nand2_1 (0) disconnected node: VPWR
Cell sky130_fd_sc_hd__nand2_1 (0) disconnected node: Y

Subcircuit pins:
Circuit 1: sky130_fd_sc_hd__nand2_1        |Circuit 2: sky130_fd_sc_hd__nand2_1        
-------------------------------------------|-------------------------------------------
A                                          |A                                          
B                                          |B                                          
VGND                                       |VGND                                       
VNB                                        |VNB                                        
VPB                                        |VPB                                        
VPWR                                       |VPWR                                       
Y                                          |Y                                          
---------------------------------------------------------------------------------------
Cell pin lists are equivalent.
Device classes sky130_fd_sc_hd__nand2_1 and sky130_fd_sc_hd__nand2_1 are equivalent.

Cell sky130_fd_sc_hd__xor2_2 (0) disconnected node: A
Cell sky130_fd_sc_hd__xor2_2 (0) disconnected node: B
Cell sky130_fd_sc_hd__xor2_2 (0) disconnected node: VGND
Cell sky130_fd_sc_hd__xor2_2 (0) disconnected node: VNB
Cell sky130_fd_sc_hd__xor2_2 (0) disconnected node: VPB
Cell sky130_fd_sc_hd__xor2_2 (0) disconnected node: VPWR
Cell sky130_fd_sc_hd__xor2_2 (0) disconnected node: X

Subcircuit pins:
Circuit 1: sky130_fd_sc_hd__xor2_2         |Circuit 2: sky130_fd_sc_hd__xor2_2         
-------------------------------------------|-------------------------------------------
A                                          |A                                          
B                                          |B                                          
VGND                                       |VGND                                       
VNB                                        |VNB                                        
VPB                                        |VPB                                        
VPWR                                       |VPWR                                       
X                                          |X                                          
---------------------------------------------------------------------------------------
Cell pin lists are equivalent.
Device classes sky130_fd_sc_hd__xor2_2 and sky130_fd_sc_hd__xor2_2 are equivalent.

Cell sky130_fd_sc_hd__nand3_2 (0) disconnected node: A
Cell sky130_fd_sc_hd__nand3_2 (0) disconnected node: B
Cell sky130_fd_sc_hd__nand3_2 (0) disconnected node: C
Cell sky130_fd_sc_hd__nand3_2 (0) disconnected node: VGND
Cell sky130_fd_sc_hd__nand3_2 (0) disconnected node: VNB
Cell sky130_fd_sc_hd__nand3_2 (0) disconnected node: VPB
Cell sky130_fd_sc_hd__nand3_2 (0) disconnected node: VPWR
Cell sky130_fd_sc_hd__nand3_2 (0) disconnected node: Y

Subcircuit pins:
Circuit 1: sky130_fd_sc_hd__nand3_2        |Circuit 2: sky130_fd_sc_hd__nand3_2        
-------------------------------------------|-------------------------------------------
A                                          |A                                          
B                                          |B                                          
C                                          |C                                          
VGND                                       |VGND                                       
VNB                                        |VNB                                        
VPB                                        |VPB                                        
VPWR                                       |VPWR                                       
Y                                          |Y                                          
---------------------------------------------------------------------------------------
Cell pin lists are equivalent.
Device classes sky130_fd_sc_hd__nand3_2 and sky130_fd_sc_hd__nand3_2 are equivalent.

Cell sky130_fd_sc_hd__mux2_4 (0) disconnected node: A0
Cell sky130_fd_sc_hd__mux2_4 (0) disconnected node: A1
Cell sky130_fd_sc_hd__mux2_4 (0) disconnected node: S
Cell sky130_fd_sc_hd__mux2_4 (0) disconnected node: VGND
Cell sky130_fd_sc_hd__mux2_4 (0) disconnected node: VNB
Cell sky130_fd_sc_hd__mux2_4 (0) disconnected node: VPB
Cell sky130_fd_sc_hd__mux2_4 (0) disconnected node: VPWR
Cell sky130_fd_sc_hd__mux2_4 (0) disconnected node: X

Subcircuit pins:
Circuit 1: sky130_fd_sc_hd__mux2_4         |Circuit 2: sky130_fd_sc_hd__mux2_4         
-------------------------------------------|-------------------------------------------
A0                                         |A0                                         
A1                                         |A1                                         
S                                          |S                                          
VGND                                       |VGND                                       
VNB                                        |VNB                                        
VPB                                        |VPB                                        
VPWR                                       |VPWR                                       
X                                          |X                                          
---------------------------------------------------------------------------------------
Cell pin lists are equivalent.
Device classes sky130_fd_sc_hd__mux2_4 and sky130_fd_sc_hd__mux2_4 are equivalent.

Cell sky130_fd_sc_hd__clkbuf_8 (0) disconnected node: A
Cell sky130_fd_sc_hd__clkbuf_8 (0) disconnected node: VGND
Cell sky130_fd_sc_hd__clkbuf_8 (0) disconnected node: VNB
Cell sky130_fd_sc_hd__clkbuf_8 (0) disconnected node: VPB
Cell sky130_fd_sc_hd__clkbuf_8 (0) disconnected node: VPWR
Cell sky130_fd_sc_hd__clkbuf_8 (0) disconnected node: X

Subcircuit pins:
Circuit 1: sky130_fd_sc_hd__clkbuf_8       |Circuit 2: sky130_fd_sc_hd__clkbuf_8       
-------------------------------------------|-------------------------------------------
A                                          |A                                          
VGND                                       |VGND                                       
VNB                                        |VNB                                        
VPB                                        |VPB                                        
VPWR                                       |VPWR                                       
X                                          |X                                          
---------------------------------------------------------------------------------------
Cell pin lists are equivalent.
Device classes sky130_fd_sc_hd__clkbuf_8 and sky130_fd_sc_hd__clkbuf_8 are equivalent.

Cell sky130_fd_sc_hd__nor2_1 (0) disconnected node: A
Cell sky130_fd_sc_hd__nor2_1 (0) disconnected node: B
Cell sky130_fd_sc_hd__nor2_1 (0) disconnected node: VGND
Cell sky130_fd_sc_hd__nor2_1 (0) disconnected node: VNB
Cell sky130_fd_sc_hd__nor2_1 (0) disconnected node: VPB
Cell sky130_fd_sc_hd__nor2_1 (0) disconnected node: VPWR
Cell sky130_fd_sc_hd__nor2_1 (0) disconnected node: Y

Subcircuit pins:
Circuit 1: sky130_fd_sc_hd__nor2_1         |Circuit 2: sky130_fd_sc_hd__nor2_1         
-------------------------------------------|-------------------------------------------
A                                          |A                                          
B                                          |B                                          
VGND                                       |VGND                                       
VNB                                        |VNB                                        
VPB                                        |VPB                                        
VPWR                                       |VPWR                                       
Y                                          |Y                                          
---------------------------------------------------------------------------------------
Cell pin lists are equivalent.
Device classes sky130_fd_sc_hd__nor2_1 and sky130_fd_sc_hd__nor2_1 are equivalent.

Cell sky130_fd_sc_hd__o21ai_1 (0) disconnected node: A1
Cell sky130_fd_sc_hd__o21ai_1 (0) disconnected node: A2
Cell sky130_fd_sc_hd__o21ai_1 (0) disconnected node: B1
Cell sky130_fd_sc_hd__o21ai_1 (0) disconnected node: VGND
Cell sky130_fd_sc_hd__o21ai_1 (0) disconnected node: VNB
Cell sky130_fd_sc_hd__o21ai_1 (0) disconnected node: VPB
Cell sky130_fd_sc_hd__o21ai_1 (0) disconnected node: VPWR
Cell sky130_fd_sc_hd__o21ai_1 (0) disconnected node: Y

Subcircuit pins:
Circuit 1: sky130_fd_sc_hd__o21ai_1        |Circuit 2: sky130_fd_sc_hd__o21ai_1        
-------------------------------------------|-------------------------------------------
A1                                         |A1                                         
A2                                         |A2                                         
B1                                         |B1                                         
VGND                                       |VGND                                       
VNB                                        |VNB                                        
VPB                                        |VPB                                        
VPWR                                       |VPWR                                       
Y                                          |Y                                          
---------------------------------------------------------------------------------------
Cell pin lists are equivalent.
Device classes sky130_fd_sc_hd__o21ai_1 and sky130_fd_sc_hd__o21ai_1 are equivalent.

Cell sky130_fd_sc_hd__o221a_1 (0) disconnected node: A1
Cell sky130_fd_sc_hd__o221a_1 (0) disconnected node: A2
Cell sky130_fd_sc_hd__o221a_1 (0) disconnected node: B1
Cell sky130_fd_sc_hd__o221a_1 (0) disconnected node: B2
Cell sky130_fd_sc_hd__o221a_1 (0) disconnected node: C1
Cell sky130_fd_sc_hd__o221a_1 (0) disconnected node: VGND
Cell sky130_fd_sc_hd__o221a_1 (0) disconnected node: VNB
Cell sky130_fd_sc_hd__o221a_1 (0) disconnected node: VPB
Cell sky130_fd_sc_hd__o221a_1 (0) disconnected node: VPWR
Cell sky130_fd_sc_hd__o221a_1 (0) disconnected node: X

Subcircuit pins:
Circuit 1: sky130_fd_sc_hd__o221a_1        |Circuit 2: sky130_fd_sc_hd__o221a_1        
-------------------------------------------|-------------------------------------------
A1                                         |A1                                         
A2                                         |A2                                         
B1                                         |B1                                         
B2                                         |B2                                         
C1                                         |C1                                         
VGND                                       |VGND                                       
VNB                                        |VNB                                        
VPB                                        |VPB                                        
VPWR                                       |VPWR                                       
X                                          |X                                          
---------------------------------------------------------------------------------------
Cell pin lists are equivalent.
Device classes sky130_fd_sc_hd__o221a_1 and sky130_fd_sc_hd__o221a_1 are equivalent.

Cell sky130_fd_sc_hd__or4b_1 (0) disconnected node: A
Cell sky130_fd_sc_hd__or4b_1 (0) disconnected node: B
Cell sky130_fd_sc_hd__or4b_1 (0) disconnected node: C
Cell sky130_fd_sc_hd__or4b_1 (0) disconnected node: D_N
Cell sky130_fd_sc_hd__or4b_1 (0) disconnected node: VGND
Cell sky130_fd_sc_hd__or4b_1 (0) disconnected node: VNB
Cell sky130_fd_sc_hd__or4b_1 (0) disconnected node: VPB
Cell sky130_fd_sc_hd__or4b_1 (0) disconnected node: VPWR
Cell sky130_fd_sc_hd__or4b_1 (0) disconnected node: X

Subcircuit pins:
Circuit 1: sky130_fd_sc_hd__or4b_1         |Circuit 2: sky130_fd_sc_hd__or4b_1         
-------------------------------------------|-------------------------------------------
A                                          |A                                          
B                                          |B                                          
C                                          |C                                          
D_N                                        |D_N                                        
VGND                                       |VGND                                       
VNB                                        |VNB                                        
VPB                                        |VPB                                        
VPWR                                       |VPWR                                       
X                                          |X                                          
---------------------------------------------------------------------------------------
Cell pin lists are equivalent.
Device classes sky130_fd_sc_hd__or4b_1 and sky130_fd_sc_hd__or4b_1 are equivalent.

Cell sky130_fd_sc_hd__or4b_4 (0) disconnected node: A
Cell sky130_fd_sc_hd__or4b_4 (0) disconnected node: B
Cell sky130_fd_sc_hd__or4b_4 (0) disconnected node: C
Cell sky130_fd_sc_hd__or4b_4 (0) disconnected node: D_N
Cell sky130_fd_sc_hd__or4b_4 (0) disconnected node: VGND
Cell sky130_fd_sc_hd__or4b_4 (0) disconnected node: VNB
Cell sky130_fd_sc_hd__or4b_4 (0) disconnected node: VPB
Cell sky130_fd_sc_hd__or4b_4 (0) disconnected node: VPWR
Cell sky130_fd_sc_hd__or4b_4 (0) disconnected node: X

Subcircuit pins:
Circuit 1: sky130_fd_sc_hd__or4b_4         |Circuit 2: sky130_fd_sc_hd__or4b_4         
-------------------------------------------|-------------------------------------------
A                                          |A                                          
B                                          |B                                          
C                                          |C                                          
D_N                                        |D_N                                        
VGND                                       |VGND                                       
VNB                                        |VNB                                        
VPB                                        |VPB                                        
VPWR                                       |VPWR                                       
X                                          |X                                          
---------------------------------------------------------------------------------------
Cell pin lists are equivalent.
Device classes sky130_fd_sc_hd__or4b_4 and sky130_fd_sc_hd__or4b_4 are equivalent.

Cell sky130_fd_sc_hd__or2_4 (0) disconnected node: A
Cell sky130_fd_sc_hd__or2_4 (0) disconnected node: B
Cell sky130_fd_sc_hd__or2_4 (0) disconnected node: VGND
Cell sky130_fd_sc_hd__or2_4 (0) disconnected node: VNB
Cell sky130_fd_sc_hd__or2_4 (0) disconnected node: VPB
Cell sky130_fd_sc_hd__or2_4 (0) disconnected node: VPWR
Cell sky130_fd_sc_hd__or2_4 (0) disconnected node: X

Subcircuit pins:
Circuit 1: sky130_fd_sc_hd__or2_4          |Circuit 2: sky130_fd_sc_hd__or2_4          
-------------------------------------------|-------------------------------------------
A                                          |A                                          
B                                          |B                                          
VGND                                       |VGND                                       
VNB                                        |VNB                                        
VPB                                        |VPB                                        
VPWR                                       |VPWR                                       
X                                          |X                                          
---------------------------------------------------------------------------------------
Cell pin lists are equivalent.
Device classes sky130_fd_sc_hd__or2_4 and sky130_fd_sc_hd__or2_4 are equivalent.

Cell sky130_fd_sc_hd__xor2_1 (0) disconnected node: A
Cell sky130_fd_sc_hd__xor2_1 (0) disconnected node: B
Cell sky130_fd_sc_hd__xor2_1 (0) disconnected node: VGND
Cell sky130_fd_sc_hd__xor2_1 (0) disconnected node: VNB
Cell sky130_fd_sc_hd__xor2_1 (0) disconnected node: VPB
Cell sky130_fd_sc_hd__xor2_1 (0) disconnected node: VPWR
Cell sky130_fd_sc_hd__xor2_1 (0) disconnected node: X

Subcircuit pins:
Circuit 1: sky130_fd_sc_hd__xor2_1         |Circuit 2: sky130_fd_sc_hd__xor2_1         
-------------------------------------------|-------------------------------------------
A                                          |A                                          
B                                          |B                                          
VGND                                       |VGND                                       
VNB                                        |VNB                                        
VPB                                        |VPB                                        
VPWR                                       |VPWR                                       
X                                          |X                                          
---------------------------------------------------------------------------------------
Cell pin lists are equivalent.
Device classes sky130_fd_sc_hd__xor2_1 and sky130_fd_sc_hd__xor2_1 are equivalent.

Cell sky130_fd_sc_hd__or3_4 (0) disconnected node: A
Cell sky130_fd_sc_hd__or3_4 (0) disconnected node: B
Cell sky130_fd_sc_hd__or3_4 (0) disconnected node: C
Cell sky130_fd_sc_hd__or3_4 (0) disconnected node: VGND
Cell sky130_fd_sc_hd__or3_4 (0) disconnected node: VNB
Cell sky130_fd_sc_hd__or3_4 (0) disconnected node: VPB
Cell sky130_fd_sc_hd__or3_4 (0) disconnected node: VPWR
Cell sky130_fd_sc_hd__or3_4 (0) disconnected node: X

Subcircuit pins:
Circuit 1: sky130_fd_sc_hd__or3_4          |Circuit 2: sky130_fd_sc_hd__or3_4          
-------------------------------------------|-------------------------------------------
A                                          |A                                          
B                                          |B                                          
C                                          |C                                          
VGND                                       |VGND                                       
VNB                                        |VNB                                        
VPB                                        |VPB                                        
VPWR                                       |VPWR                                       
X                                          |X                                          
---------------------------------------------------------------------------------------
Cell pin lists are equivalent.
Device classes sky130_fd_sc_hd__or3_4 and sky130_fd_sc_hd__or3_4 are equivalent.

Cell sky130_fd_sc_hd__nand2_2 (0) disconnected node: A
Cell sky130_fd_sc_hd__nand2_2 (0) disconnected node: B
Cell sky130_fd_sc_hd__nand2_2 (0) disconnected node: VGND
Cell sky130_fd_sc_hd__nand2_2 (0) disconnected node: VNB
Cell sky130_fd_sc_hd__nand2_2 (0) disconnected node: VPB
Cell sky130_fd_sc_hd__nand2_2 (0) disconnected node: VPWR
Cell sky130_fd_sc_hd__nand2_2 (0) disconnected node: Y

Subcircuit pins:
Circuit 1: sky130_fd_sc_hd__nand2_2        |Circuit 2: sky130_fd_sc_hd__nand2_2        
-------------------------------------------|-------------------------------------------
A                                          |A                                          
B                                          |B                                          
VGND                                       |VGND                                       
VNB                                        |VNB                                        
VPB                                        |VPB                                        
VPWR                                       |VPWR                                       
Y                                          |Y                                          
---------------------------------------------------------------------------------------
Cell pin lists are equivalent.
Device classes sky130_fd_sc_hd__nand2_2 and sky130_fd_sc_hd__nand2_2 are equivalent.

Cell sky130_fd_sc_hd__a22oi_1 (0) disconnected node: A1
Cell sky130_fd_sc_hd__a22oi_1 (0) disconnected node: A2
Cell sky130_fd_sc_hd__a22oi_1 (0) disconnected node: B1
Cell sky130_fd_sc_hd__a22oi_1 (0) disconnected node: B2
Cell sky130_fd_sc_hd__a22oi_1 (0) disconnected node: VGND
Cell sky130_fd_sc_hd__a22oi_1 (0) disconnected node: VNB
Cell sky130_fd_sc_hd__a22oi_1 (0) disconnected node: VPB
Cell sky130_fd_sc_hd__a22oi_1 (0) disconnected node: VPWR
Cell sky130_fd_sc_hd__a22oi_1 (0) disconnected node: Y

Subcircuit pins:
Circuit 1: sky130_fd_sc_hd__a22oi_1        |Circuit 2: sky130_fd_sc_hd__a22oi_1        
-------------------------------------------|-------------------------------------------
A1                                         |A1                                         
A2                                         |A2                                         
B1                                         |B1                                         
B2                                         |B2                                         
VGND                                       |VGND                                       
VNB                                        |VNB                                        
VPB                                        |VPB                                        
VPWR                                       |VPWR                                       
Y                                          |Y                                          
---------------------------------------------------------------------------------------
Cell pin lists are equivalent.
Device classes sky130_fd_sc_hd__a22oi_1 and sky130_fd_sc_hd__a22oi_1 are equivalent.

Cell sky130_fd_sc_hd__xnor2_1 (0) disconnected node: A
Cell sky130_fd_sc_hd__xnor2_1 (0) disconnected node: B
Cell sky130_fd_sc_hd__xnor2_1 (0) disconnected node: VGND
Cell sky130_fd_sc_hd__xnor2_1 (0) disconnected node: VNB
Cell sky130_fd_sc_hd__xnor2_1 (0) disconnected node: VPB
Cell sky130_fd_sc_hd__xnor2_1 (0) disconnected node: VPWR
Cell sky130_fd_sc_hd__xnor2_1 (0) disconnected node: Y

Subcircuit pins:
Circuit 1: sky130_fd_sc_hd__xnor2_1        |Circuit 2: sky130_fd_sc_hd__xnor2_1        
-------------------------------------------|-------------------------------------------
A                                          |A                                          
B                                          |B                                          
VGND                                       |VGND                                       
VNB                                        |VNB                                        
VPB                                        |VPB                                        
VPWR                                       |VPWR                                       
Y                                          |Y                                          
---------------------------------------------------------------------------------------
Cell pin lists are equivalent.
Device classes sky130_fd_sc_hd__xnor2_1 and sky130_fd_sc_hd__xnor2_1 are equivalent.

Cell sky130_fd_sc_hd__a211o_1 (0) disconnected node: A1
Cell sky130_fd_sc_hd__a211o_1 (0) disconnected node: A2
Cell sky130_fd_sc_hd__a211o_1 (0) disconnected node: B1
Cell sky130_fd_sc_hd__a211o_1 (0) disconnected node: C1
Cell sky130_fd_sc_hd__a211o_1 (0) disconnected node: VGND
Cell sky130_fd_sc_hd__a211o_1 (0) disconnected node: VNB
Cell sky130_fd_sc_hd__a211o_1 (0) disconnected node: VPB
Cell sky130_fd_sc_hd__a211o_1 (0) disconnected node: VPWR
Cell sky130_fd_sc_hd__a211o_1 (0) disconnected node: X

Subcircuit pins:
Circuit 1: sky130_fd_sc_hd__a211o_1        |Circuit 2: sky130_fd_sc_hd__a211o_1        
-------------------------------------------|-------------------------------------------
A1                                         |A1                                         
A2                                         |A2                                         
B1                                         |B1                                         
C1                                         |C1                                         
VGND                                       |VGND                                       
VNB                                        |VNB                                        
VPB                                        |VPB                                        
VPWR                                       |VPWR                                       
X                                          |X                                          
---------------------------------------------------------------------------------------
Cell pin lists are equivalent.
Device classes sky130_fd_sc_hd__a211o_1 and sky130_fd_sc_hd__a211o_1 are equivalent.

Cell sky130_fd_sc_hd__a21oi_1 (0) disconnected node: A1
Cell sky130_fd_sc_hd__a21oi_1 (0) disconnected node: A2
Cell sky130_fd_sc_hd__a21oi_1 (0) disconnected node: B1
Cell sky130_fd_sc_hd__a21oi_1 (0) disconnected node: VGND
Cell sky130_fd_sc_hd__a21oi_1 (0) disconnected node: VNB
Cell sky130_fd_sc_hd__a21oi_1 (0) disconnected node: VPB
Cell sky130_fd_sc_hd__a21oi_1 (0) disconnected node: VPWR
Cell sky130_fd_sc_hd__a21oi_1 (0) disconnected node: Y

Subcircuit pins:
Circuit 1: sky130_fd_sc_hd__a21oi_1        |Circuit 2: sky130_fd_sc_hd__a21oi_1        
-------------------------------------------|-------------------------------------------
A1                                         |A1                                         
A2                                         |A2                                         
B1                                         |B1                                         
VGND                                       |VGND                                       
VNB                                        |VNB                                        
VPB                                        |VPB                                        
VPWR                                       |VPWR                                       
Y                                          |Y                                          
---------------------------------------------------------------------------------------
Cell pin lists are equivalent.
Device classes sky130_fd_sc_hd__a21oi_1 and sky130_fd_sc_hd__a21oi_1 are equivalent.

Cell sky130_fd_sc_hd__clkinvlp_4 (0) disconnected node: A
Cell sky130_fd_sc_hd__clkinvlp_4 (0) disconnected node: VGND
Cell sky130_fd_sc_hd__clkinvlp_4 (0) disconnected node: VNB
Cell sky130_fd_sc_hd__clkinvlp_4 (0) disconnected node: VPB
Cell sky130_fd_sc_hd__clkinvlp_4 (0) disconnected node: VPWR
Cell sky130_fd_sc_hd__clkinvlp_4 (0) disconnected node: Y

Subcircuit pins:
Circuit 1: sky130_fd_sc_hd__clkinvlp_4     |Circuit 2: sky130_fd_sc_hd__clkinvlp_4     
-------------------------------------------|-------------------------------------------
A                                          |A                                          
VGND                                       |VGND                                       
VNB                                        |VNB                                        
VPB                                        |VPB                                        
VPWR                                       |VPWR                                       
Y                                          |Y                                          
---------------------------------------------------------------------------------------
Cell pin lists are equivalent.
Device classes sky130_fd_sc_hd__clkinvlp_4 and sky130_fd_sc_hd__clkinvlp_4 are equivalent.

Cell sky130_fd_sc_hd__clkbuf_4 (0) disconnected node: A
Cell sky130_fd_sc_hd__clkbuf_4 (0) disconnected node: VGND
Cell sky130_fd_sc_hd__clkbuf_4 (0) disconnected node: VNB
Cell sky130_fd_sc_hd__clkbuf_4 (0) disconnected node: VPB
Cell sky130_fd_sc_hd__clkbuf_4 (0) disconnected node: VPWR
Cell sky130_fd_sc_hd__clkbuf_4 (0) disconnected node: X

Subcircuit pins:
Circuit 1: sky130_fd_sc_hd__clkbuf_4       |Circuit 2: sky130_fd_sc_hd__clkbuf_4       
-------------------------------------------|-------------------------------------------
A                                          |A                                          
VGND                                       |VGND                                       
VNB                                        |VNB                                        
VPB                                        |VPB                                        
VPWR                                       |VPWR                                       
X                                          |X                                          
---------------------------------------------------------------------------------------
Cell pin lists are equivalent.
Device classes sky130_fd_sc_hd__clkbuf_4 and sky130_fd_sc_hd__clkbuf_4 are equivalent.

Cell sky130_fd_sc_hd__buf_2 (0) disconnected node: A
Cell sky130_fd_sc_hd__buf_2 (0) disconnected node: VGND
Cell sky130_fd_sc_hd__buf_2 (0) disconnected node: VNB
Cell sky130_fd_sc_hd__buf_2 (0) disconnected node: VPB
Cell sky130_fd_sc_hd__buf_2 (0) disconnected node: VPWR
Cell sky130_fd_sc_hd__buf_2 (0) disconnected node: X

Subcircuit pins:
Circuit 1: sky130_fd_sc_hd__buf_2          |Circuit 2: sky130_fd_sc_hd__buf_2          
-------------------------------------------|-------------------------------------------
A                                          |A                                          
VGND                                       |VGND                                       
VNB                                        |VNB                                        
VPB                                        |VPB                                        
VPWR                                       |VPWR                                       
X                                          |X                                          
---------------------------------------------------------------------------------------
Cell pin lists are equivalent.
Device classes sky130_fd_sc_hd__buf_2 and sky130_fd_sc_hd__buf_2 are equivalent.

Cell sky130_fd_sc_hd__or3b_1 (0) disconnected node: A
Cell sky130_fd_sc_hd__or3b_1 (0) disconnected node: B
Cell sky130_fd_sc_hd__or3b_1 (0) disconnected node: C_N
Cell sky130_fd_sc_hd__or3b_1 (0) disconnected node: VGND
Cell sky130_fd_sc_hd__or3b_1 (0) disconnected node: VNB
Cell sky130_fd_sc_hd__or3b_1 (0) disconnected node: VPB
Cell sky130_fd_sc_hd__or3b_1 (0) disconnected node: VPWR
Cell sky130_fd_sc_hd__or3b_1 (0) disconnected node: X

Subcircuit pins:
Circuit 1: sky130_fd_sc_hd__or3b_1         |Circuit 2: sky130_fd_sc_hd__or3b_1         
-------------------------------------------|-------------------------------------------
A                                          |A                                          
B                                          |B                                          
C_N                                        |C_N                                        
VGND                                       |VGND                                       
VNB                                        |VNB                                        
VPB                                        |VPB                                        
VPWR                                       |VPWR                                       
X                                          |X                                          
---------------------------------------------------------------------------------------
Cell pin lists are equivalent.
Device classes sky130_fd_sc_hd__or3b_1 and sky130_fd_sc_hd__or3b_1 are equivalent.

Cell sky130_fd_sc_hd__clkbuf_1 (0) disconnected node: A
Cell sky130_fd_sc_hd__clkbuf_1 (0) disconnected node: VGND
Cell sky130_fd_sc_hd__clkbuf_1 (0) disconnected node: VNB
Cell sky130_fd_sc_hd__clkbuf_1 (0) disconnected node: VPB
Cell sky130_fd_sc_hd__clkbuf_1 (0) disconnected node: VPWR
Cell sky130_fd_sc_hd__clkbuf_1 (0) disconnected node: X

Subcircuit pins:
Circuit 1: sky130_fd_sc_hd__clkbuf_1       |Circuit 2: sky130_fd_sc_hd__clkbuf_1       
-------------------------------------------|-------------------------------------------
A                                          |A                                          
VGND                                       |VGND                                       
VNB                                        |VNB                                        
VPB                                        |VPB                                        
VPWR                                       |VPWR                                       
X                                          |X                                          
---------------------------------------------------------------------------------------
Cell pin lists are equivalent.
Device classes sky130_fd_sc_hd__clkbuf_1 and sky130_fd_sc_hd__clkbuf_1 are equivalent.

Cell sky130_fd_sc_hd__o31a_2 (0) disconnected node: A1
Cell sky130_fd_sc_hd__o31a_2 (0) disconnected node: A2
Cell sky130_fd_sc_hd__o31a_2 (0) disconnected node: A3
Cell sky130_fd_sc_hd__o31a_2 (0) disconnected node: B1
Cell sky130_fd_sc_hd__o31a_2 (0) disconnected node: VGND
Cell sky130_fd_sc_hd__o31a_2 (0) disconnected node: VNB
Cell sky130_fd_sc_hd__o31a_2 (0) disconnected node: VPB
Cell sky130_fd_sc_hd__o31a_2 (0) disconnected node: VPWR
Cell sky130_fd_sc_hd__o31a_2 (0) disconnected node: X

Subcircuit pins:
Circuit 1: sky130_fd_sc_hd__o31a_2         |Circuit 2: sky130_fd_sc_hd__o31a_2         
-------------------------------------------|-------------------------------------------
A1                                         |A1                                         
A2                                         |A2                                         
A3                                         |A3                                         
B1                                         |B1                                         
VGND                                       |VGND                                       
VNB                                        |VNB                                        
VPB                                        |VPB                                        
VPWR                                       |VPWR                                       
X                                          |X                                          
---------------------------------------------------------------------------------------
Cell pin lists are equivalent.
Device classes sky130_fd_sc_hd__o31a_2 and sky130_fd_sc_hd__o31a_2 are equivalent.

Cell sky130_fd_sc_hd__or3_1 (0) disconnected node: A
Cell sky130_fd_sc_hd__or3_1 (0) disconnected node: B
Cell sky130_fd_sc_hd__or3_1 (0) disconnected node: C
Cell sky130_fd_sc_hd__or3_1 (0) disconnected node: VGND
Cell sky130_fd_sc_hd__or3_1 (0) disconnected node: VNB
Cell sky130_fd_sc_hd__or3_1 (0) disconnected node: VPB
Cell sky130_fd_sc_hd__or3_1 (0) disconnected node: VPWR
Cell sky130_fd_sc_hd__or3_1 (0) disconnected node: X

Subcircuit pins:
Circuit 1: sky130_fd_sc_hd__or3_1          |Circuit 2: sky130_fd_sc_hd__or3_1          
-------------------------------------------|-------------------------------------------
A                                          |A                                          
B                                          |B                                          
C                                          |C                                          
VGND                                       |VGND                                       
VNB                                        |VNB                                        
VPB                                        |VPB                                        
VPWR                                       |VPWR                                       
X                                          |X                                          
---------------------------------------------------------------------------------------
Cell pin lists are equivalent.
Device classes sky130_fd_sc_hd__or3_1 and sky130_fd_sc_hd__or3_1 are equivalent.

Cell sky130_fd_sc_hd__inv_6 (0) disconnected node: A
Cell sky130_fd_sc_hd__inv_6 (0) disconnected node: VGND
Cell sky130_fd_sc_hd__inv_6 (0) disconnected node: VNB
Cell sky130_fd_sc_hd__inv_6 (0) disconnected node: VPB
Cell sky130_fd_sc_hd__inv_6 (0) disconnected node: VPWR
Cell sky130_fd_sc_hd__inv_6 (0) disconnected node: Y

Subcircuit pins:
Circuit 1: sky130_fd_sc_hd__inv_6          |Circuit 2: sky130_fd_sc_hd__inv_6          
-------------------------------------------|-------------------------------------------
A                                          |A                                          
VGND                                       |VGND                                       
VNB                                        |VNB                                        
VPB                                        |VPB                                        
VPWR                                       |VPWR                                       
Y                                          |Y                                          
---------------------------------------------------------------------------------------
Cell pin lists are equivalent.
Device classes sky130_fd_sc_hd__inv_6 and sky130_fd_sc_hd__inv_6 are equivalent.

Cell sky130_fd_sc_hd__buf_1 (0) disconnected node: A
Cell sky130_fd_sc_hd__buf_1 (0) disconnected node: VGND
Cell sky130_fd_sc_hd__buf_1 (0) disconnected node: VNB
Cell sky130_fd_sc_hd__buf_1 (0) disconnected node: VPB
Cell sky130_fd_sc_hd__buf_1 (0) disconnected node: VPWR
Cell sky130_fd_sc_hd__buf_1 (0) disconnected node: X

Subcircuit pins:
Circuit 1: sky130_fd_sc_hd__buf_1          |Circuit 2: sky130_fd_sc_hd__buf_1          
-------------------------------------------|-------------------------------------------
A                                          |A                                          
VGND                                       |VGND                                       
VNB                                        |VNB                                        
VPB                                        |VPB                                        
VPWR                                       |VPWR                                       
X                                          |X                                          
---------------------------------------------------------------------------------------
Cell pin lists are equivalent.
Device classes sky130_fd_sc_hd__buf_1 and sky130_fd_sc_hd__buf_1 are equivalent.

Cell sky130_fd_sc_hd__dfrtp_2 (0) disconnected node: CLK
Cell sky130_fd_sc_hd__dfrtp_2 (0) disconnected node: D
Cell sky130_fd_sc_hd__dfrtp_2 (0) disconnected node: RESET_B
Cell sky130_fd_sc_hd__dfrtp_2 (0) disconnected node: VGND
Cell sky130_fd_sc_hd__dfrtp_2 (0) disconnected node: VNB
Cell sky130_fd_sc_hd__dfrtp_2 (0) disconnected node: VPB
Cell sky130_fd_sc_hd__dfrtp_2 (0) disconnected node: VPWR
Cell sky130_fd_sc_hd__dfrtp_2 (0) disconnected node: Q

Subcircuit pins:
Circuit 1: sky130_fd_sc_hd__dfrtp_2        |Circuit 2: sky130_fd_sc_hd__dfrtp_2        
-------------------------------------------|-------------------------------------------
CLK                                        |CLK                                        
D                                          |D                                          
RESET_B                                    |RESET_B                                    
VGND                                       |VGND                                       
VNB                                        |VNB                                        
VPB                                        |VPB                                        
VPWR                                       |VPWR                                       
Q                                          |Q                                          
---------------------------------------------------------------------------------------
Cell pin lists are equivalent.
Device classes sky130_fd_sc_hd__dfrtp_2 and sky130_fd_sc_hd__dfrtp_2 are equivalent.

Cell sky130_fd_sc_hd__a2111o_1 (0) disconnected node: A1
Cell sky130_fd_sc_hd__a2111o_1 (0) disconnected node: A2
Cell sky130_fd_sc_hd__a2111o_1 (0) disconnected node: B1
Cell sky130_fd_sc_hd__a2111o_1 (0) disconnected node: C1
Cell sky130_fd_sc_hd__a2111o_1 (0) disconnected node: D1
Cell sky130_fd_sc_hd__a2111o_1 (0) disconnected node: VGND
Cell sky130_fd_sc_hd__a2111o_1 (0) disconnected node: VNB
Cell sky130_fd_sc_hd__a2111o_1 (0) disconnected node: VPB
Cell sky130_fd_sc_hd__a2111o_1 (0) disconnected node: VPWR
Cell sky130_fd_sc_hd__a2111o_1 (0) disconnected node: X

Subcircuit pins:
Circuit 1: sky130_fd_sc_hd__a2111o_1       |Circuit 2: sky130_fd_sc_hd__a2111o_1       
-------------------------------------------|-------------------------------------------
A1                                         |A1                                         
A2                                         |A2                                         
B1                                         |B1                                         
C1                                         |C1                                         
D1                                         |D1                                         
VGND                                       |VGND                                       
VNB                                        |VNB                                        
VPB                                        |VPB                                        
VPWR                                       |VPWR                                       
X                                          |X                                          
---------------------------------------------------------------------------------------
Cell pin lists are equivalent.
Device classes sky130_fd_sc_hd__a2111o_1 and sky130_fd_sc_hd__a2111o_1 are equivalent.

Cell sky130_fd_sc_hd__buf_4 (0) disconnected node: A
Cell sky130_fd_sc_hd__buf_4 (0) disconnected node: VGND
Cell sky130_fd_sc_hd__buf_4 (0) disconnected node: VNB
Cell sky130_fd_sc_hd__buf_4 (0) disconnected node: VPB
Cell sky130_fd_sc_hd__buf_4 (0) disconnected node: VPWR
Cell sky130_fd_sc_hd__buf_4 (0) disconnected node: X

Subcircuit pins:
Circuit 1: sky130_fd_sc_hd__buf_4          |Circuit 2: sky130_fd_sc_hd__buf_4          
-------------------------------------------|-------------------------------------------
A                                          |A                                          
VGND                                       |VGND                                       
VNB                                        |VNB                                        
VPB                                        |VPB                                        
VPWR                                       |VPWR                                       
X                                          |X                                          
---------------------------------------------------------------------------------------
Cell pin lists are equivalent.
Device classes sky130_fd_sc_hd__buf_4 and sky130_fd_sc_hd__buf_4 are equivalent.

Cell sky130_fd_sc_hd__clkinv_2 (0) disconnected node: A
Cell sky130_fd_sc_hd__clkinv_2 (0) disconnected node: VGND
Cell sky130_fd_sc_hd__clkinv_2 (0) disconnected node: VNB
Cell sky130_fd_sc_hd__clkinv_2 (0) disconnected node: VPB
Cell sky130_fd_sc_hd__clkinv_2 (0) disconnected node: VPWR
Cell sky130_fd_sc_hd__clkinv_2 (0) disconnected node: Y

Subcircuit pins:
Circuit 1: sky130_fd_sc_hd__clkinv_2       |Circuit 2: sky130_fd_sc_hd__clkinv_2       
-------------------------------------------|-------------------------------------------
A                                          |A                                          
VGND                                       |VGND                                       
VNB                                        |VNB                                        
VPB                                        |VPB                                        
VPWR                                       |VPWR                                       
Y                                          |Y                                          
---------------------------------------------------------------------------------------
Cell pin lists are equivalent.
Device classes sky130_fd_sc_hd__clkinv_2 and sky130_fd_sc_hd__clkinv_2 are equivalent.

Cell sky130_fd_sc_hd__clkinv_8 (0) disconnected node: A
Cell sky130_fd_sc_hd__clkinv_8 (0) disconnected node: VGND
Cell sky130_fd_sc_hd__clkinv_8 (0) disconnected node: VNB
Cell sky130_fd_sc_hd__clkinv_8 (0) disconnected node: VPB
Cell sky130_fd_sc_hd__clkinv_8 (0) disconnected node: VPWR
Cell sky130_fd_sc_hd__clkinv_8 (0) disconnected node: Y

Subcircuit pins:
Circuit 1: sky130_fd_sc_hd__clkinv_8       |Circuit 2: sky130_fd_sc_hd__clkinv_8       
-------------------------------------------|-------------------------------------------
A                                          |A                                          
VGND                                       |VGND                                       
VNB                                        |VNB                                        
VPB                                        |VPB                                        
VPWR                                       |VPWR                                       
Y                                          |Y                                          
---------------------------------------------------------------------------------------
Cell pin lists are equivalent.
Device classes sky130_fd_sc_hd__clkinv_8 and sky130_fd_sc_hd__clkinv_8 are equivalent.

Cell sky130_fd_sc_hd__a2bb2o_4 (0) disconnected node: A1_N
Cell sky130_fd_sc_hd__a2bb2o_4 (0) disconnected node: A2_N
Cell sky130_fd_sc_hd__a2bb2o_4 (0) disconnected node: B1
Cell sky130_fd_sc_hd__a2bb2o_4 (0) disconnected node: B2
Cell sky130_fd_sc_hd__a2bb2o_4 (0) disconnected node: VGND
Cell sky130_fd_sc_hd__a2bb2o_4 (0) disconnected node: VNB
Cell sky130_fd_sc_hd__a2bb2o_4 (0) disconnected node: VPB
Cell sky130_fd_sc_hd__a2bb2o_4 (0) disconnected node: VPWR
Cell sky130_fd_sc_hd__a2bb2o_4 (0) disconnected node: X

Subcircuit pins:
Circuit 1: sky130_fd_sc_hd__a2bb2o_4       |Circuit 2: sky130_fd_sc_hd__a2bb2o_4       
-------------------------------------------|-------------------------------------------
A1_N                                       |A1_N                                       
A2_N                                       |A2_N                                       
B1                                         |B1                                         
B2                                         |B2                                         
VGND                                       |VGND                                       
VNB                                        |VNB                                        
VPB                                        |VPB                                        
VPWR                                       |VPWR                                       
X                                          |X                                          
---------------------------------------------------------------------------------------
Cell pin lists are equivalent.
Device classes sky130_fd_sc_hd__a2bb2o_4 and sky130_fd_sc_hd__a2bb2o_4 are equivalent.

Cell sky130_fd_sc_hd__o2bb2a_1 (0) disconnected node: A1_N
Cell sky130_fd_sc_hd__o2bb2a_1 (0) disconnected node: A2_N
Cell sky130_fd_sc_hd__o2bb2a_1 (0) disconnected node: B1
Cell sky130_fd_sc_hd__o2bb2a_1 (0) disconnected node: B2
Cell sky130_fd_sc_hd__o2bb2a_1 (0) disconnected node: VGND
Cell sky130_fd_sc_hd__o2bb2a_1 (0) disconnected node: VNB
Cell sky130_fd_sc_hd__o2bb2a_1 (0) disconnected node: VPB
Cell sky130_fd_sc_hd__o2bb2a_1 (0) disconnected node: VPWR
Cell sky130_fd_sc_hd__o2bb2a_1 (0) disconnected node: X

Subcircuit pins:
Circuit 1: sky130_fd_sc_hd__o2bb2a_1       |Circuit 2: sky130_fd_sc_hd__o2bb2a_1       
-------------------------------------------|-------------------------------------------
A1_N                                       |A1_N                                       
A2_N                                       |A2_N                                       
B1                                         |B1                                         
B2                                         |B2                                         
VGND                                       |VGND                                       
VNB                                        |VNB                                        
VPB                                        |VPB                                        
VPWR                                       |VPWR                                       
X                                          |X                                          
---------------------------------------------------------------------------------------
Cell pin lists are equivalent.
Device classes sky130_fd_sc_hd__o2bb2a_1 and sky130_fd_sc_hd__o2bb2a_1 are equivalent.

Cell sky130_fd_sc_hd__and2b_1 (0) disconnected node: A_N
Cell sky130_fd_sc_hd__and2b_1 (0) disconnected node: B
Cell sky130_fd_sc_hd__and2b_1 (0) disconnected node: VGND
Cell sky130_fd_sc_hd__and2b_1 (0) disconnected node: VNB
Cell sky130_fd_sc_hd__and2b_1 (0) disconnected node: VPB
Cell sky130_fd_sc_hd__and2b_1 (0) disconnected node: VPWR
Cell sky130_fd_sc_hd__and2b_1 (0) disconnected node: X

Subcircuit pins:
Circuit 1: sky130_fd_sc_hd__and2b_1        |Circuit 2: sky130_fd_sc_hd__and2b_1        
-------------------------------------------|-------------------------------------------
A_N                                        |A_N                                        
B                                          |B                                          
VGND                                       |VGND                                       
VNB                                        |VNB                                        
VPB                                        |VPB                                        
VPWR                                       |VPWR                                       
X                                          |X                                          
---------------------------------------------------------------------------------------
Cell pin lists are equivalent.
Device classes sky130_fd_sc_hd__and2b_1 and sky130_fd_sc_hd__and2b_1 are equivalent.

Cell sky130_fd_sc_hd__inv_8 (0) disconnected node: A
Cell sky130_fd_sc_hd__inv_8 (0) disconnected node: VGND
Cell sky130_fd_sc_hd__inv_8 (0) disconnected node: VNB
Cell sky130_fd_sc_hd__inv_8 (0) disconnected node: VPB
Cell sky130_fd_sc_hd__inv_8 (0) disconnected node: VPWR
Cell sky130_fd_sc_hd__inv_8 (0) disconnected node: Y

Subcircuit pins:
Circuit 1: sky130_fd_sc_hd__inv_8          |Circuit 2: sky130_fd_sc_hd__inv_8          
-------------------------------------------|-------------------------------------------
A                                          |A                                          
VGND                                       |VGND                                       
VNB                                        |VNB                                        
VPB                                        |VPB                                        
VPWR                                       |VPWR                                       
Y                                          |Y                                          
---------------------------------------------------------------------------------------
Cell pin lists are equivalent.
Device classes sky130_fd_sc_hd__inv_8 and sky130_fd_sc_hd__inv_8 are equivalent.

Cell sky130_fd_sc_hd__bufinv_16 (0) disconnected node: A
Cell sky130_fd_sc_hd__bufinv_16 (0) disconnected node: VGND
Cell sky130_fd_sc_hd__bufinv_16 (0) disconnected node: VNB
Cell sky130_fd_sc_hd__bufinv_16 (0) disconnected node: VPB
Cell sky130_fd_sc_hd__bufinv_16 (0) disconnected node: VPWR
Cell sky130_fd_sc_hd__bufinv_16 (0) disconnected node: Y

Subcircuit pins:
Circuit 1: sky130_fd_sc_hd__bufinv_16      |Circuit 2: sky130_fd_sc_hd__bufinv_16      
-------------------------------------------|-------------------------------------------
A                                          |A                                          
VGND                                       |VGND                                       
VNB                                        |VNB                                        
VPB                                        |VPB                                        
VPWR                                       |VPWR                                       
Y                                          |Y                                          
---------------------------------------------------------------------------------------
Cell pin lists are equivalent.
Device classes sky130_fd_sc_hd__bufinv_16 and sky130_fd_sc_hd__bufinv_16 are equivalent.

Cell sky130_fd_sc_hd__dlymetal6s2s_1 (0) disconnected node: A
Cell sky130_fd_sc_hd__dlymetal6s2s_1 (0) disconnected node: VGND
Cell sky130_fd_sc_hd__dlymetal6s2s_1 (0) disconnected node: VNB
Cell sky130_fd_sc_hd__dlymetal6s2s_1 (0) disconnected node: VPB
Cell sky130_fd_sc_hd__dlymetal6s2s_1 (0) disconnected node: VPWR
Cell sky130_fd_sc_hd__dlymetal6s2s_1 (0) disconnected node: X

Subcircuit pins:
Circuit 1: sky130_fd_sc_hd__dlymetal6s2s_1 |Circuit 2: sky130_fd_sc_hd__dlymetal6s2s_1 
-------------------------------------------|-------------------------------------------
A                                          |A                                          
VGND                                       |VGND                                       
VNB                                        |VNB                                        
VPB                                        |VPB                                        
VPWR                                       |VPWR                                       
X                                          |X                                          
---------------------------------------------------------------------------------------
Cell pin lists are equivalent.
Device classes sky130_fd_sc_hd__dlymetal6s2s_1 and sky130_fd_sc_hd__dlymetal6s2s_1 are equivalent.

Cell sky130_fd_sc_hd__o21a_4 (0) disconnected node: A1
Cell sky130_fd_sc_hd__o21a_4 (0) disconnected node: A2
Cell sky130_fd_sc_hd__o21a_4 (0) disconnected node: B1
Cell sky130_fd_sc_hd__o21a_4 (0) disconnected node: VGND
Cell sky130_fd_sc_hd__o21a_4 (0) disconnected node: VNB
Cell sky130_fd_sc_hd__o21a_4 (0) disconnected node: VPB
Cell sky130_fd_sc_hd__o21a_4 (0) disconnected node: VPWR
Cell sky130_fd_sc_hd__o21a_4 (0) disconnected node: X

Subcircuit pins:
Circuit 1: sky130_fd_sc_hd__o21a_4         |Circuit 2: sky130_fd_sc_hd__o21a_4         
-------------------------------------------|-------------------------------------------
A1                                         |A1                                         
A2                                         |A2                                         
B1                                         |B1                                         
VGND                                       |VGND                                       
VNB                                        |VNB                                        
VPB                                        |VPB                                        
VPWR                                       |VPWR                                       
X                                          |X                                          
---------------------------------------------------------------------------------------
Cell pin lists are equivalent.
Device classes sky130_fd_sc_hd__o21a_4 and sky130_fd_sc_hd__o21a_4 are equivalent.

Cell sky130_fd_sc_hd__o32a_1 (0) disconnected node: A1
Cell sky130_fd_sc_hd__o32a_1 (0) disconnected node: A2
Cell sky130_fd_sc_hd__o32a_1 (0) disconnected node: A3
Cell sky130_fd_sc_hd__o32a_1 (0) disconnected node: B1
Cell sky130_fd_sc_hd__o32a_1 (0) disconnected node: B2
Cell sky130_fd_sc_hd__o32a_1 (0) disconnected node: VGND
Cell sky130_fd_sc_hd__o32a_1 (0) disconnected node: VNB
Cell sky130_fd_sc_hd__o32a_1 (0) disconnected node: VPB
Cell sky130_fd_sc_hd__o32a_1 (0) disconnected node: VPWR
Cell sky130_fd_sc_hd__o32a_1 (0) disconnected node: X

Subcircuit pins:
Circuit 1: sky130_fd_sc_hd__o32a_1         |Circuit 2: sky130_fd_sc_hd__o32a_1         
-------------------------------------------|-------------------------------------------
A1                                         |A1                                         
A2                                         |A2                                         
A3                                         |A3                                         
B1                                         |B1                                         
B2                                         |B2                                         
VGND                                       |VGND                                       
VNB                                        |VNB                                        
VPB                                        |VPB                                        
VPWR                                       |VPWR                                       
X                                          |X                                          
---------------------------------------------------------------------------------------
Cell pin lists are equivalent.
Device classes sky130_fd_sc_hd__o32a_1 and sky130_fd_sc_hd__o32a_1 are equivalent.

Cell sky130_fd_sc_hd__o211a_1 (0) disconnected node: A1
Cell sky130_fd_sc_hd__o211a_1 (0) disconnected node: A2
Cell sky130_fd_sc_hd__o211a_1 (0) disconnected node: B1
Cell sky130_fd_sc_hd__o211a_1 (0) disconnected node: C1
Cell sky130_fd_sc_hd__o211a_1 (0) disconnected node: VGND
Cell sky130_fd_sc_hd__o211a_1 (0) disconnected node: VNB
Cell sky130_fd_sc_hd__o211a_1 (0) disconnected node: VPB
Cell sky130_fd_sc_hd__o211a_1 (0) disconnected node: VPWR
Cell sky130_fd_sc_hd__o211a_1 (0) disconnected node: X

Subcircuit pins:
Circuit 1: sky130_fd_sc_hd__o211a_1        |Circuit 2: sky130_fd_sc_hd__o211a_1        
-------------------------------------------|-------------------------------------------
A1                                         |A1                                         
A2                                         |A2                                         
B1                                         |B1                                         
C1                                         |C1                                         
VGND                                       |VGND                                       
VNB                                        |VNB                                        
VPB                                        |VPB                                        
VPWR                                       |VPWR                                       
X                                          |X                                          
---------------------------------------------------------------------------------------
Cell pin lists are equivalent.
Device classes sky130_fd_sc_hd__o211a_1 and sky130_fd_sc_hd__o211a_1 are equivalent.

Cell sky130_fd_sc_hd__o21ai_2 (0) disconnected node: A1
Cell sky130_fd_sc_hd__o21ai_2 (0) disconnected node: A2
Cell sky130_fd_sc_hd__o21ai_2 (0) disconnected node: B1
Cell sky130_fd_sc_hd__o21ai_2 (0) disconnected node: VGND
Cell sky130_fd_sc_hd__o21ai_2 (0) disconnected node: VNB
Cell sky130_fd_sc_hd__o21ai_2 (0) disconnected node: VPB
Cell sky130_fd_sc_hd__o21ai_2 (0) disconnected node: VPWR
Cell sky130_fd_sc_hd__o21ai_2 (0) disconnected node: Y

Subcircuit pins:
Circuit 1: sky130_fd_sc_hd__o21ai_2        |Circuit 2: sky130_fd_sc_hd__o21ai_2        
-------------------------------------------|-------------------------------------------
A1                                         |A1                                         
A2                                         |A2                                         
B1                                         |B1                                         
VGND                                       |VGND                                       
VNB                                        |VNB                                        
VPB                                        |VPB                                        
VPWR                                       |VPWR                                       
Y                                          |Y                                          
---------------------------------------------------------------------------------------
Cell pin lists are equivalent.
Device classes sky130_fd_sc_hd__o21ai_2 and sky130_fd_sc_hd__o21ai_2 are equivalent.

Cell sky130_fd_sc_hd__inv_12 (0) disconnected node: A
Cell sky130_fd_sc_hd__inv_12 (0) disconnected node: VGND
Cell sky130_fd_sc_hd__inv_12 (0) disconnected node: VNB
Cell sky130_fd_sc_hd__inv_12 (0) disconnected node: VPB
Cell sky130_fd_sc_hd__inv_12 (0) disconnected node: VPWR
Cell sky130_fd_sc_hd__inv_12 (0) disconnected node: Y

Subcircuit pins:
Circuit 1: sky130_fd_sc_hd__inv_12         |Circuit 2: sky130_fd_sc_hd__inv_12         
-------------------------------------------|-------------------------------------------
A                                          |A                                          
VGND                                       |VGND                                       
VNB                                        |VNB                                        
VPB                                        |VPB                                        
VPWR                                       |VPWR                                       
Y                                          |Y                                          
---------------------------------------------------------------------------------------
Cell pin lists are equivalent.
Device classes sky130_fd_sc_hd__inv_12 and sky130_fd_sc_hd__inv_12 are equivalent.

Cell sky130_fd_sc_hd__a2bb2o_1 (0) disconnected node: A1_N
Cell sky130_fd_sc_hd__a2bb2o_1 (0) disconnected node: A2_N
Cell sky130_fd_sc_hd__a2bb2o_1 (0) disconnected node: B1
Cell sky130_fd_sc_hd__a2bb2o_1 (0) disconnected node: B2
Cell sky130_fd_sc_hd__a2bb2o_1 (0) disconnected node: VGND
Cell sky130_fd_sc_hd__a2bb2o_1 (0) disconnected node: VNB
Cell sky130_fd_sc_hd__a2bb2o_1 (0) disconnected node: VPB
Cell sky130_fd_sc_hd__a2bb2o_1 (0) disconnected node: VPWR
Cell sky130_fd_sc_hd__a2bb2o_1 (0) disconnected node: X

Subcircuit pins:
Circuit 1: sky130_fd_sc_hd__a2bb2o_1       |Circuit 2: sky130_fd_sc_hd__a2bb2o_1       
-------------------------------------------|-------------------------------------------
A1_N                                       |A1_N                                       
A2_N                                       |A2_N                                       
B1                                         |B1                                         
B2                                         |B2                                         
VGND                                       |VGND                                       
VNB                                        |VNB                                        
VPB                                        |VPB                                        
VPWR                                       |VPWR                                       
X                                          |X                                          
---------------------------------------------------------------------------------------
Cell pin lists are equivalent.
Device classes sky130_fd_sc_hd__a2bb2o_1 and sky130_fd_sc_hd__a2bb2o_1 are equivalent.

Cell sky130_fd_sc_hd__o2111ai_1 (0) disconnected node: A1
Cell sky130_fd_sc_hd__o2111ai_1 (0) disconnected node: A2
Cell sky130_fd_sc_hd__o2111ai_1 (0) disconnected node: B1
Cell sky130_fd_sc_hd__o2111ai_1 (0) disconnected node: C1
Cell sky130_fd_sc_hd__o2111ai_1 (0) disconnected node: D1
Cell sky130_fd_sc_hd__o2111ai_1 (0) disconnected node: VGND
Cell sky130_fd_sc_hd__o2111ai_1 (0) disconnected node: VNB
Cell sky130_fd_sc_hd__o2111ai_1 (0) disconnected node: VPB
Cell sky130_fd_sc_hd__o2111ai_1 (0) disconnected node: VPWR
Cell sky130_fd_sc_hd__o2111ai_1 (0) disconnected node: Y

Subcircuit pins:
Circuit 1: sky130_fd_sc_hd__o2111ai_1      |Circuit 2: sky130_fd_sc_hd__o2111ai_1      
-------------------------------------------|-------------------------------------------
A1                                         |A1                                         
A2                                         |A2                                         
B1                                         |B1                                         
C1                                         |C1                                         
D1                                         |D1                                         
VGND                                       |VGND                                       
VNB                                        |VNB                                        
VPB                                        |VPB                                        
VPWR                                       |VPWR                                       
Y                                          |Y                                          
---------------------------------------------------------------------------------------
Cell pin lists are equivalent.
Device classes sky130_fd_sc_hd__o2111ai_1 and sky130_fd_sc_hd__o2111ai_1 are equivalent.

Cell sky130_fd_sc_hd__dfrtp_4 (0) disconnected node: CLK
Cell sky130_fd_sc_hd__dfrtp_4 (0) disconnected node: D
Cell sky130_fd_sc_hd__dfrtp_4 (0) disconnected node: RESET_B
Cell sky130_fd_sc_hd__dfrtp_4 (0) disconnected node: VGND
Cell sky130_fd_sc_hd__dfrtp_4 (0) disconnected node: VNB
Cell sky130_fd_sc_hd__dfrtp_4 (0) disconnected node: VPB
Cell sky130_fd_sc_hd__dfrtp_4 (0) disconnected node: VPWR
Cell sky130_fd_sc_hd__dfrtp_4 (0) disconnected node: Q

Subcircuit pins:
Circuit 1: sky130_fd_sc_hd__dfrtp_4        |Circuit 2: sky130_fd_sc_hd__dfrtp_4        
-------------------------------------------|-------------------------------------------
CLK                                        |CLK                                        
D                                          |D                                          
RESET_B                                    |RESET_B                                    
VGND                                       |VGND                                       
VNB                                        |VNB                                        
VPB                                        |VPB                                        
VPWR                                       |VPWR                                       
Q                                          |Q                                          
---------------------------------------------------------------------------------------
Cell pin lists are equivalent.
Device classes sky130_fd_sc_hd__dfrtp_4 and sky130_fd_sc_hd__dfrtp_4 are equivalent.

Cell sky130_fd_sc_hd__o22ai_2 (0) disconnected node: A1
Cell sky130_fd_sc_hd__o22ai_2 (0) disconnected node: A2
Cell sky130_fd_sc_hd__o22ai_2 (0) disconnected node: B1
Cell sky130_fd_sc_hd__o22ai_2 (0) disconnected node: B2
Cell sky130_fd_sc_hd__o22ai_2 (0) disconnected node: VGND
Cell sky130_fd_sc_hd__o22ai_2 (0) disconnected node: VNB
Cell sky130_fd_sc_hd__o22ai_2 (0) disconnected node: VPB
Cell sky130_fd_sc_hd__o22ai_2 (0) disconnected node: VPWR
Cell sky130_fd_sc_hd__o22ai_2 (0) disconnected node: Y

Subcircuit pins:
Circuit 1: sky130_fd_sc_hd__o22ai_2        |Circuit 2: sky130_fd_sc_hd__o22ai_2        
-------------------------------------------|-------------------------------------------
A1                                         |A1                                         
A2                                         |A2                                         
B1                                         |B1                                         
B2                                         |B2                                         
VGND                                       |VGND                                       
VNB                                        |VNB                                        
VPB                                        |VPB                                        
VPWR                                       |VPWR                                       
Y                                          |Y                                          
---------------------------------------------------------------------------------------
Cell pin lists are equivalent.
Device classes sky130_fd_sc_hd__o22ai_2 and sky130_fd_sc_hd__o22ai_2 are equivalent.

Cell sky130_fd_sc_hd__a221o_1 (0) disconnected node: A1
Cell sky130_fd_sc_hd__a221o_1 (0) disconnected node: A2
Cell sky130_fd_sc_hd__a221o_1 (0) disconnected node: B1
Cell sky130_fd_sc_hd__a221o_1 (0) disconnected node: B2
Cell sky130_fd_sc_hd__a221o_1 (0) disconnected node: C1
Cell sky130_fd_sc_hd__a221o_1 (0) disconnected node: VGND
Cell sky130_fd_sc_hd__a221o_1 (0) disconnected node: VNB
Cell sky130_fd_sc_hd__a221o_1 (0) disconnected node: VPB
Cell sky130_fd_sc_hd__a221o_1 (0) disconnected node: VPWR
Cell sky130_fd_sc_hd__a221o_1 (0) disconnected node: X

Subcircuit pins:
Circuit 1: sky130_fd_sc_hd__a221o_1        |Circuit 2: sky130_fd_sc_hd__a221o_1        
-------------------------------------------|-------------------------------------------
A1                                         |A1                                         
A2                                         |A2                                         
B1                                         |B1                                         
B2                                         |B2                                         
C1                                         |C1                                         
VGND                                       |VGND                                       
VNB                                        |VNB                                        
VPB                                        |VPB                                        
VPWR                                       |VPWR                                       
X                                          |X                                          
---------------------------------------------------------------------------------------
Cell pin lists are equivalent.
Device classes sky130_fd_sc_hd__a221o_1 and sky130_fd_sc_hd__a221o_1 are equivalent.

Cell sky130_fd_sc_hd__a21boi_1 (0) disconnected node: A1
Cell sky130_fd_sc_hd__a21boi_1 (0) disconnected node: A2
Cell sky130_fd_sc_hd__a21boi_1 (0) disconnected node: B1_N
Cell sky130_fd_sc_hd__a21boi_1 (0) disconnected node: VGND
Cell sky130_fd_sc_hd__a21boi_1 (0) disconnected node: VNB
Cell sky130_fd_sc_hd__a21boi_1 (0) disconnected node: VPB
Cell sky130_fd_sc_hd__a21boi_1 (0) disconnected node: VPWR
Cell sky130_fd_sc_hd__a21boi_1 (0) disconnected node: Y

Subcircuit pins:
Circuit 1: sky130_fd_sc_hd__a21boi_1       |Circuit 2: sky130_fd_sc_hd__a21boi_1       
-------------------------------------------|-------------------------------------------
A1                                         |A1                                         
A2                                         |A2                                         
B1_N                                       |B1_N                                       
VGND                                       |VGND                                       
VNB                                        |VNB                                        
VPB                                        |VPB                                        
VPWR                                       |VPWR                                       
Y                                          |Y                                          
---------------------------------------------------------------------------------------
Cell pin lists are equivalent.
Device classes sky130_fd_sc_hd__a21boi_1 and sky130_fd_sc_hd__a21boi_1 are equivalent.

Cell sky130_fd_sc_hd__o2bb2a_4 (0) disconnected node: A1_N
Cell sky130_fd_sc_hd__o2bb2a_4 (0) disconnected node: A2_N
Cell sky130_fd_sc_hd__o2bb2a_4 (0) disconnected node: B1
Cell sky130_fd_sc_hd__o2bb2a_4 (0) disconnected node: B2
Cell sky130_fd_sc_hd__o2bb2a_4 (0) disconnected node: VGND
Cell sky130_fd_sc_hd__o2bb2a_4 (0) disconnected node: VNB
Cell sky130_fd_sc_hd__o2bb2a_4 (0) disconnected node: VPB
Cell sky130_fd_sc_hd__o2bb2a_4 (0) disconnected node: VPWR
Cell sky130_fd_sc_hd__o2bb2a_4 (0) disconnected node: X

Subcircuit pins:
Circuit 1: sky130_fd_sc_hd__o2bb2a_4       |Circuit 2: sky130_fd_sc_hd__o2bb2a_4       
-------------------------------------------|-------------------------------------------
A1_N                                       |A1_N                                       
A2_N                                       |A2_N                                       
B1                                         |B1                                         
B2                                         |B2                                         
VGND                                       |VGND                                       
VNB                                        |VNB                                        
VPB                                        |VPB                                        
VPWR                                       |VPWR                                       
X                                          |X                                          
---------------------------------------------------------------------------------------
Cell pin lists are equivalent.
Device classes sky130_fd_sc_hd__o2bb2a_4 and sky130_fd_sc_hd__o2bb2a_4 are equivalent.

Cell sky130_fd_sc_hd__o31ai_1 (0) disconnected node: A1
Cell sky130_fd_sc_hd__o31ai_1 (0) disconnected node: A2
Cell sky130_fd_sc_hd__o31ai_1 (0) disconnected node: A3
Cell sky130_fd_sc_hd__o31ai_1 (0) disconnected node: B1
Cell sky130_fd_sc_hd__o31ai_1 (0) disconnected node: VGND
Cell sky130_fd_sc_hd__o31ai_1 (0) disconnected node: VNB
Cell sky130_fd_sc_hd__o31ai_1 (0) disconnected node: VPB
Cell sky130_fd_sc_hd__o31ai_1 (0) disconnected node: VPWR
Cell sky130_fd_sc_hd__o31ai_1 (0) disconnected node: Y

Subcircuit pins:
Circuit 1: sky130_fd_sc_hd__o31ai_1        |Circuit 2: sky130_fd_sc_hd__o31ai_1        
-------------------------------------------|-------------------------------------------
A1                                         |A1                                         
A2                                         |A2                                         
A3                                         |A3                                         
B1                                         |B1                                         
VGND                                       |VGND                                       
VNB                                        |VNB                                        
VPB                                        |VPB                                        
VPWR                                       |VPWR                                       
Y                                          |Y                                          
---------------------------------------------------------------------------------------
Cell pin lists are equivalent.
Device classes sky130_fd_sc_hd__o31ai_1 and sky130_fd_sc_hd__o31ai_1 are equivalent.

Cell sky130_fd_sc_hd__clkinv_4 (0) disconnected node: A
Cell sky130_fd_sc_hd__clkinv_4 (0) disconnected node: VGND
Cell sky130_fd_sc_hd__clkinv_4 (0) disconnected node: VNB
Cell sky130_fd_sc_hd__clkinv_4 (0) disconnected node: VPB
Cell sky130_fd_sc_hd__clkinv_4 (0) disconnected node: VPWR
Cell sky130_fd_sc_hd__clkinv_4 (0) disconnected node: Y

Subcircuit pins:
Circuit 1: sky130_fd_sc_hd__clkinv_4       |Circuit 2: sky130_fd_sc_hd__clkinv_4       
-------------------------------------------|-------------------------------------------
A                                          |A                                          
VGND                                       |VGND                                       
VNB                                        |VNB                                        
VPB                                        |VPB                                        
VPWR                                       |VPWR                                       
Y                                          |Y                                          
---------------------------------------------------------------------------------------
Cell pin lists are equivalent.
Device classes sky130_fd_sc_hd__clkinv_4 and sky130_fd_sc_hd__clkinv_4 are equivalent.

Cell sky130_fd_sc_hd__nor2_4 (0) disconnected node: A
Cell sky130_fd_sc_hd__nor2_4 (0) disconnected node: B
Cell sky130_fd_sc_hd__nor2_4 (0) disconnected node: VGND
Cell sky130_fd_sc_hd__nor2_4 (0) disconnected node: VNB
Cell sky130_fd_sc_hd__nor2_4 (0) disconnected node: VPB
Cell sky130_fd_sc_hd__nor2_4 (0) disconnected node: VPWR
Cell sky130_fd_sc_hd__nor2_4 (0) disconnected node: Y

Subcircuit pins:
Circuit 1: sky130_fd_sc_hd__nor2_4         |Circuit 2: sky130_fd_sc_hd__nor2_4         
-------------------------------------------|-------------------------------------------
A                                          |A                                          
B                                          |B                                          
VGND                                       |VGND                                       
VNB                                        |VNB                                        
VPB                                        |VPB                                        
VPWR                                       |VPWR                                       
Y                                          |Y                                          
---------------------------------------------------------------------------------------
Cell pin lists are equivalent.
Device classes sky130_fd_sc_hd__nor2_4 and sky130_fd_sc_hd__nor2_4 are equivalent.

Cell sky130_fd_sc_hd__o31a_1 (0) disconnected node: A1
Cell sky130_fd_sc_hd__o31a_1 (0) disconnected node: A2
Cell sky130_fd_sc_hd__o31a_1 (0) disconnected node: A3
Cell sky130_fd_sc_hd__o31a_1 (0) disconnected node: B1
Cell sky130_fd_sc_hd__o31a_1 (0) disconnected node: VGND
Cell sky130_fd_sc_hd__o31a_1 (0) disconnected node: VNB
Cell sky130_fd_sc_hd__o31a_1 (0) disconnected node: VPB
Cell sky130_fd_sc_hd__o31a_1 (0) disconnected node: VPWR
Cell sky130_fd_sc_hd__o31a_1 (0) disconnected node: X

Subcircuit pins:
Circuit 1: sky130_fd_sc_hd__o31a_1         |Circuit 2: sky130_fd_sc_hd__o31a_1         
-------------------------------------------|-------------------------------------------
A1                                         |A1                                         
A2                                         |A2                                         
A3                                         |A3                                         
B1                                         |B1                                         
VGND                                       |VGND                                       
VNB                                        |VNB                                        
VPB                                        |VPB                                        
VPWR                                       |VPWR                                       
X                                          |X                                          
---------------------------------------------------------------------------------------
Cell pin lists are equivalent.
Device classes sky130_fd_sc_hd__o31a_1 and sky130_fd_sc_hd__o31a_1 are equivalent.

Cell sky130_fd_sc_hd__and4b_1 (0) disconnected node: A_N
Cell sky130_fd_sc_hd__and4b_1 (0) disconnected node: B
Cell sky130_fd_sc_hd__and4b_1 (0) disconnected node: C
Cell sky130_fd_sc_hd__and4b_1 (0) disconnected node: D
Cell sky130_fd_sc_hd__and4b_1 (0) disconnected node: VGND
Cell sky130_fd_sc_hd__and4b_1 (0) disconnected node: VNB
Cell sky130_fd_sc_hd__and4b_1 (0) disconnected node: VPB
Cell sky130_fd_sc_hd__and4b_1 (0) disconnected node: VPWR
Cell sky130_fd_sc_hd__and4b_1 (0) disconnected node: X

Subcircuit pins:
Circuit 1: sky130_fd_sc_hd__and4b_1        |Circuit 2: sky130_fd_sc_hd__and4b_1        
-------------------------------------------|-------------------------------------------
A_N                                        |A_N                                        
B                                          |B                                          
C                                          |C                                          
D                                          |D                                          
VGND                                       |VGND                                       
VNB                                        |VNB                                        
VPB                                        |VPB                                        
VPWR                                       |VPWR                                       
X                                          |X                                          
---------------------------------------------------------------------------------------
Cell pin lists are equivalent.
Device classes sky130_fd_sc_hd__and4b_1 and sky130_fd_sc_hd__and4b_1 are equivalent.

Cell sky130_fd_sc_hd__or4_4 (0) disconnected node: A
Cell sky130_fd_sc_hd__or4_4 (0) disconnected node: B
Cell sky130_fd_sc_hd__or4_4 (0) disconnected node: C
Cell sky130_fd_sc_hd__or4_4 (0) disconnected node: D
Cell sky130_fd_sc_hd__or4_4 (0) disconnected node: VGND
Cell sky130_fd_sc_hd__or4_4 (0) disconnected node: VNB
Cell sky130_fd_sc_hd__or4_4 (0) disconnected node: VPB
Cell sky130_fd_sc_hd__or4_4 (0) disconnected node: VPWR
Cell sky130_fd_sc_hd__or4_4 (0) disconnected node: X

Subcircuit pins:
Circuit 1: sky130_fd_sc_hd__or4_4          |Circuit 2: sky130_fd_sc_hd__or4_4          
-------------------------------------------|-------------------------------------------
A                                          |A                                          
B                                          |B                                          
C                                          |C                                          
D                                          |D                                          
VGND                                       |VGND                                       
VNB                                        |VNB                                        
VPB                                        |VPB                                        
VPWR                                       |VPWR                                       
X                                          |X                                          
---------------------------------------------------------------------------------------
Cell pin lists are equivalent.
Device classes sky130_fd_sc_hd__or4_4 and sky130_fd_sc_hd__or4_4 are equivalent.

Cell sky130_fd_sc_hd__inv_16 (0) disconnected node: A
Cell sky130_fd_sc_hd__inv_16 (0) disconnected node: VGND
Cell sky130_fd_sc_hd__inv_16 (0) disconnected node: VNB
Cell sky130_fd_sc_hd__inv_16 (0) disconnected node: VPB
Cell sky130_fd_sc_hd__inv_16 (0) disconnected node: VPWR
Cell sky130_fd_sc_hd__inv_16 (0) disconnected node: Y

Subcircuit pins:
Circuit 1: sky130_fd_sc_hd__inv_16         |Circuit 2: sky130_fd_sc_hd__inv_16         
-------------------------------------------|-------------------------------------------
A                                          |A                                          
VGND                                       |VGND                                       
VNB                                        |VNB                                        
VPB                                        |VPB                                        
VPWR                                       |VPWR                                       
Y                                          |Y                                          
---------------------------------------------------------------------------------------
Cell pin lists are equivalent.
Device classes sky130_fd_sc_hd__inv_16 and sky130_fd_sc_hd__inv_16 are equivalent.

Cell sky130_fd_sc_hd__and2_2 (0) disconnected node: A
Cell sky130_fd_sc_hd__and2_2 (0) disconnected node: B
Cell sky130_fd_sc_hd__and2_2 (0) disconnected node: VGND
Cell sky130_fd_sc_hd__and2_2 (0) disconnected node: VNB
Cell sky130_fd_sc_hd__and2_2 (0) disconnected node: VPB
Cell sky130_fd_sc_hd__and2_2 (0) disconnected node: VPWR
Cell sky130_fd_sc_hd__and2_2 (0) disconnected node: X

Subcircuit pins:
Circuit 1: sky130_fd_sc_hd__and2_2         |Circuit 2: sky130_fd_sc_hd__and2_2         
-------------------------------------------|-------------------------------------------
A                                          |A                                          
B                                          |B                                          
VGND                                       |VGND                                       
VNB                                        |VNB                                        
VPB                                        |VPB                                        
VPWR                                       |VPWR                                       
X                                          |X                                          
---------------------------------------------------------------------------------------
Cell pin lists are equivalent.
Device classes sky130_fd_sc_hd__and2_2 and sky130_fd_sc_hd__and2_2 are equivalent.

Cell sky130_fd_sc_hd__a221oi_1 (0) disconnected node: A1
Cell sky130_fd_sc_hd__a221oi_1 (0) disconnected node: A2
Cell sky130_fd_sc_hd__a221oi_1 (0) disconnected node: B1
Cell sky130_fd_sc_hd__a221oi_1 (0) disconnected node: B2
Cell sky130_fd_sc_hd__a221oi_1 (0) disconnected node: C1
Cell sky130_fd_sc_hd__a221oi_1 (0) disconnected node: VGND
Cell sky130_fd_sc_hd__a221oi_1 (0) disconnected node: VNB
Cell sky130_fd_sc_hd__a221oi_1 (0) disconnected node: VPB
Cell sky130_fd_sc_hd__a221oi_1 (0) disconnected node: VPWR
Cell sky130_fd_sc_hd__a221oi_1 (0) disconnected node: Y

Subcircuit pins:
Circuit 1: sky130_fd_sc_hd__a221oi_1       |Circuit 2: sky130_fd_sc_hd__a221oi_1       
-------------------------------------------|-------------------------------------------
A1                                         |A1                                         
A2                                         |A2                                         
B1                                         |B1                                         
B2                                         |B2                                         
C1                                         |C1                                         
VGND                                       |VGND                                       
VNB                                        |VNB                                        
VPB                                        |VPB                                        
VPWR                                       |VPWR                                       
Y                                          |Y                                          
---------------------------------------------------------------------------------------
Cell pin lists are equivalent.
Device classes sky130_fd_sc_hd__a221oi_1 and sky130_fd_sc_hd__a221oi_1 are equivalent.

Cell sky130_fd_sc_hd__xor2_4 (0) disconnected node: A
Cell sky130_fd_sc_hd__xor2_4 (0) disconnected node: B
Cell sky130_fd_sc_hd__xor2_4 (0) disconnected node: VGND
Cell sky130_fd_sc_hd__xor2_4 (0) disconnected node: VNB
Cell sky130_fd_sc_hd__xor2_4 (0) disconnected node: VPB
Cell sky130_fd_sc_hd__xor2_4 (0) disconnected node: VPWR
Cell sky130_fd_sc_hd__xor2_4 (0) disconnected node: X

Subcircuit pins:
Circuit 1: sky130_fd_sc_hd__xor2_4         |Circuit 2: sky130_fd_sc_hd__xor2_4         
-------------------------------------------|-------------------------------------------
A                                          |A                                          
B                                          |B                                          
VGND                                       |VGND                                       
VNB                                        |VNB                                        
VPB                                        |VPB                                        
VPWR                                       |VPWR                                       
X                                          |X                                          
---------------------------------------------------------------------------------------
Cell pin lists are equivalent.
Device classes sky130_fd_sc_hd__xor2_4 and sky130_fd_sc_hd__xor2_4 are equivalent.

Cell sky130_fd_sc_hd__and4bb_2 (0) disconnected node: A_N
Cell sky130_fd_sc_hd__and4bb_2 (0) disconnected node: B_N
Cell sky130_fd_sc_hd__and4bb_2 (0) disconnected node: C
Cell sky130_fd_sc_hd__and4bb_2 (0) disconnected node: D
Cell sky130_fd_sc_hd__and4bb_2 (0) disconnected node: VGND
Cell sky130_fd_sc_hd__and4bb_2 (0) disconnected node: VNB
Cell sky130_fd_sc_hd__and4bb_2 (0) disconnected node: VPB
Cell sky130_fd_sc_hd__and4bb_2 (0) disconnected node: VPWR
Cell sky130_fd_sc_hd__and4bb_2 (0) disconnected node: X

Subcircuit pins:
Circuit 1: sky130_fd_sc_hd__and4bb_2       |Circuit 2: sky130_fd_sc_hd__and4bb_2       
-------------------------------------------|-------------------------------------------
A_N                                        |A_N                                        
B_N                                        |B_N                                        
C                                          |C                                          
D                                          |D                                          
VGND                                       |VGND                                       
VNB                                        |VNB                                        
VPB                                        |VPB                                        
VPWR                                       |VPWR                                       
X                                          |X                                          
---------------------------------------------------------------------------------------
Cell pin lists are equivalent.
Device classes sky130_fd_sc_hd__and4bb_2 and sky130_fd_sc_hd__and4bb_2 are equivalent.

Cell sky130_fd_sc_hd__o22ai_1 (0) disconnected node: A1
Cell sky130_fd_sc_hd__o22ai_1 (0) disconnected node: A2
Cell sky130_fd_sc_hd__o22ai_1 (0) disconnected node: B1
Cell sky130_fd_sc_hd__o22ai_1 (0) disconnected node: B2
Cell sky130_fd_sc_hd__o22ai_1 (0) disconnected node: VGND
Cell sky130_fd_sc_hd__o22ai_1 (0) disconnected node: VNB
Cell sky130_fd_sc_hd__o22ai_1 (0) disconnected node: VPB
Cell sky130_fd_sc_hd__o22ai_1 (0) disconnected node: VPWR
Cell sky130_fd_sc_hd__o22ai_1 (0) disconnected node: Y

Subcircuit pins:
Circuit 1: sky130_fd_sc_hd__o22ai_1        |Circuit 2: sky130_fd_sc_hd__o22ai_1        
-------------------------------------------|-------------------------------------------
A1                                         |A1                                         
A2                                         |A2                                         
B1                                         |B1                                         
B2                                         |B2                                         
VGND                                       |VGND                                       
VNB                                        |VNB                                        
VPB                                        |VPB                                        
VPWR                                       |VPWR                                       
Y                                          |Y                                          
---------------------------------------------------------------------------------------
Cell pin lists are equivalent.
Device classes sky130_fd_sc_hd__o22ai_1 and sky130_fd_sc_hd__o22ai_1 are equivalent.

Cell sky130_fd_sc_hd__o211ai_1 (0) disconnected node: A1
Cell sky130_fd_sc_hd__o211ai_1 (0) disconnected node: A2
Cell sky130_fd_sc_hd__o211ai_1 (0) disconnected node: B1
Cell sky130_fd_sc_hd__o211ai_1 (0) disconnected node: C1
Cell sky130_fd_sc_hd__o211ai_1 (0) disconnected node: VGND
Cell sky130_fd_sc_hd__o211ai_1 (0) disconnected node: VNB
Cell sky130_fd_sc_hd__o211ai_1 (0) disconnected node: VPB
Cell sky130_fd_sc_hd__o211ai_1 (0) disconnected node: VPWR
Cell sky130_fd_sc_hd__o211ai_1 (0) disconnected node: Y

Subcircuit pins:
Circuit 1: sky130_fd_sc_hd__o211ai_1       |Circuit 2: sky130_fd_sc_hd__o211ai_1       
-------------------------------------------|-------------------------------------------
A1                                         |A1                                         
A2                                         |A2                                         
B1                                         |B1                                         
C1                                         |C1                                         
VGND                                       |VGND                                       
VNB                                        |VNB                                        
VPB                                        |VPB                                        
VPWR                                       |VPWR                                       
Y                                          |Y                                          
---------------------------------------------------------------------------------------
Cell pin lists are equivalent.
Device classes sky130_fd_sc_hd__o211ai_1 and sky130_fd_sc_hd__o211ai_1 are equivalent.

Cell sky130_fd_sc_hd__a2111oi_4 (0) disconnected node: A1
Cell sky130_fd_sc_hd__a2111oi_4 (0) disconnected node: A2
Cell sky130_fd_sc_hd__a2111oi_4 (0) disconnected node: B1
Cell sky130_fd_sc_hd__a2111oi_4 (0) disconnected node: C1
Cell sky130_fd_sc_hd__a2111oi_4 (0) disconnected node: D1
Cell sky130_fd_sc_hd__a2111oi_4 (0) disconnected node: VGND
Cell sky130_fd_sc_hd__a2111oi_4 (0) disconnected node: VNB
Cell sky130_fd_sc_hd__a2111oi_4 (0) disconnected node: VPB
Cell sky130_fd_sc_hd__a2111oi_4 (0) disconnected node: VPWR
Cell sky130_fd_sc_hd__a2111oi_4 (0) disconnected node: Y

Subcircuit pins:
Circuit 1: sky130_fd_sc_hd__a2111oi_4      |Circuit 2: sky130_fd_sc_hd__a2111oi_4      
-------------------------------------------|-------------------------------------------
A1                                         |A1                                         
A2                                         |A2                                         
B1                                         |B1                                         
C1                                         |C1                                         
D1                                         |D1                                         
VGND                                       |VGND                                       
VNB                                        |VNB                                        
VPB                                        |VPB                                        
VPWR                                       |VPWR                                       
Y                                          |Y                                          
---------------------------------------------------------------------------------------
Cell pin lists are equivalent.
Device classes sky130_fd_sc_hd__a2111oi_4 and sky130_fd_sc_hd__a2111oi_4 are equivalent.

Cell sky130_fd_sc_hd__nor4_1 (0) disconnected node: A
Cell sky130_fd_sc_hd__nor4_1 (0) disconnected node: B
Cell sky130_fd_sc_hd__nor4_1 (0) disconnected node: C
Cell sky130_fd_sc_hd__nor4_1 (0) disconnected node: D
Cell sky130_fd_sc_hd__nor4_1 (0) disconnected node: VGND
Cell sky130_fd_sc_hd__nor4_1 (0) disconnected node: VNB
Cell sky130_fd_sc_hd__nor4_1 (0) disconnected node: VPB
Cell sky130_fd_sc_hd__nor4_1 (0) disconnected node: VPWR
Cell sky130_fd_sc_hd__nor4_1 (0) disconnected node: Y

Subcircuit pins:
Circuit 1: sky130_fd_sc_hd__nor4_1         |Circuit 2: sky130_fd_sc_hd__nor4_1         
-------------------------------------------|-------------------------------------------
A                                          |A                                          
B                                          |B                                          
C                                          |C                                          
D                                          |D                                          
VGND                                       |VGND                                       
VNB                                        |VNB                                        
VPB                                        |VPB                                        
VPWR                                       |VPWR                                       
Y                                          |Y                                          
---------------------------------------------------------------------------------------
Cell pin lists are equivalent.
Device classes sky130_fd_sc_hd__nor4_1 and sky130_fd_sc_hd__nor4_1 are equivalent.

Cell sky130_fd_sc_hd__or3b_4 (0) disconnected node: A
Cell sky130_fd_sc_hd__or3b_4 (0) disconnected node: B
Cell sky130_fd_sc_hd__or3b_4 (0) disconnected node: C_N
Cell sky130_fd_sc_hd__or3b_4 (0) disconnected node: VGND
Cell sky130_fd_sc_hd__or3b_4 (0) disconnected node: VNB
Cell sky130_fd_sc_hd__or3b_4 (0) disconnected node: VPB
Cell sky130_fd_sc_hd__or3b_4 (0) disconnected node: VPWR
Cell sky130_fd_sc_hd__or3b_4 (0) disconnected node: X

Subcircuit pins:
Circuit 1: sky130_fd_sc_hd__or3b_4         |Circuit 2: sky130_fd_sc_hd__or3b_4         
-------------------------------------------|-------------------------------------------
A                                          |A                                          
B                                          |B                                          
C_N                                        |C_N                                        
VGND                                       |VGND                                       
VNB                                        |VNB                                        
VPB                                        |VPB                                        
VPWR                                       |VPWR                                       
X                                          |X                                          
---------------------------------------------------------------------------------------
Cell pin lists are equivalent.
Device classes sky130_fd_sc_hd__or3b_4 and sky130_fd_sc_hd__or3b_4 are equivalent.

Cell sky130_fd_sc_hd__buf_6 (0) disconnected node: A
Cell sky130_fd_sc_hd__buf_6 (0) disconnected node: VGND
Cell sky130_fd_sc_hd__buf_6 (0) disconnected node: VNB
Cell sky130_fd_sc_hd__buf_6 (0) disconnected node: VPB
Cell sky130_fd_sc_hd__buf_6 (0) disconnected node: VPWR
Cell sky130_fd_sc_hd__buf_6 (0) disconnected node: X

Subcircuit pins:
Circuit 1: sky130_fd_sc_hd__buf_6          |Circuit 2: sky130_fd_sc_hd__buf_6          
-------------------------------------------|-------------------------------------------
A                                          |A                                          
VGND                                       |VGND                                       
VNB                                        |VNB                                        
VPB                                        |VPB                                        
VPWR                                       |VPWR                                       
X                                          |X                                          
---------------------------------------------------------------------------------------
Cell pin lists are equivalent.
Device classes sky130_fd_sc_hd__buf_6 and sky130_fd_sc_hd__buf_6 are equivalent.

Cell sky130_fd_sc_hd__nor3_1 (0) disconnected node: A
Cell sky130_fd_sc_hd__nor3_1 (0) disconnected node: B
Cell sky130_fd_sc_hd__nor3_1 (0) disconnected node: C
Cell sky130_fd_sc_hd__nor3_1 (0) disconnected node: VGND
Cell sky130_fd_sc_hd__nor3_1 (0) disconnected node: VNB
Cell sky130_fd_sc_hd__nor3_1 (0) disconnected node: VPB
Cell sky130_fd_sc_hd__nor3_1 (0) disconnected node: VPWR
Cell sky130_fd_sc_hd__nor3_1 (0) disconnected node: Y

Subcircuit pins:
Circuit 1: sky130_fd_sc_hd__nor3_1         |Circuit 2: sky130_fd_sc_hd__nor3_1         
-------------------------------------------|-------------------------------------------
A                                          |A                                          
B                                          |B                                          
C                                          |C                                          
VGND                                       |VGND                                       
VNB                                        |VNB                                        
VPB                                        |VPB                                        
VPWR                                       |VPWR                                       
Y                                          |Y                                          
---------------------------------------------------------------------------------------
Cell pin lists are equivalent.
Device classes sky130_fd_sc_hd__nor3_1 and sky130_fd_sc_hd__nor3_1 are equivalent.

Cell sky130_fd_sc_hd__o211a_4 (0) disconnected node: A1
Cell sky130_fd_sc_hd__o211a_4 (0) disconnected node: A2
Cell sky130_fd_sc_hd__o211a_4 (0) disconnected node: B1
Cell sky130_fd_sc_hd__o211a_4 (0) disconnected node: C1
Cell sky130_fd_sc_hd__o211a_4 (0) disconnected node: VGND
Cell sky130_fd_sc_hd__o211a_4 (0) disconnected node: VNB
Cell sky130_fd_sc_hd__o211a_4 (0) disconnected node: VPB
Cell sky130_fd_sc_hd__o211a_4 (0) disconnected node: VPWR
Cell sky130_fd_sc_hd__o211a_4 (0) disconnected node: X

Subcircuit pins:
Circuit 1: sky130_fd_sc_hd__o211a_4        |Circuit 2: sky130_fd_sc_hd__o211a_4        
-------------------------------------------|-------------------------------------------
A1                                         |A1                                         
A2                                         |A2                                         
B1                                         |B1                                         
C1                                         |C1                                         
VGND                                       |VGND                                       
VNB                                        |VNB                                        
VPB                                        |VPB                                        
VPWR                                       |VPWR                                       
X                                          |X                                          
---------------------------------------------------------------------------------------
Cell pin lists are equivalent.
Device classes sky130_fd_sc_hd__o211a_4 and sky130_fd_sc_hd__o211a_4 are equivalent.

Cell sky130_fd_sc_hd__buf_8 (0) disconnected node: A
Cell sky130_fd_sc_hd__buf_8 (0) disconnected node: VGND
Cell sky130_fd_sc_hd__buf_8 (0) disconnected node: VNB
Cell sky130_fd_sc_hd__buf_8 (0) disconnected node: VPB
Cell sky130_fd_sc_hd__buf_8 (0) disconnected node: VPWR
Cell sky130_fd_sc_hd__buf_8 (0) disconnected node: X

Subcircuit pins:
Circuit 1: sky130_fd_sc_hd__buf_8          |Circuit 2: sky130_fd_sc_hd__buf_8          
-------------------------------------------|-------------------------------------------
A                                          |A                                          
VGND                                       |VGND                                       
VNB                                        |VNB                                        
VPB                                        |VPB                                        
VPWR                                       |VPWR                                       
X                                          |X                                          
---------------------------------------------------------------------------------------
Cell pin lists are equivalent.
Device classes sky130_fd_sc_hd__buf_8 and sky130_fd_sc_hd__buf_8 are equivalent.

Cell sky130_fd_sc_hd__nand3b_4 (0) disconnected node: A_N
Cell sky130_fd_sc_hd__nand3b_4 (0) disconnected node: B
Cell sky130_fd_sc_hd__nand3b_4 (0) disconnected node: C
Cell sky130_fd_sc_hd__nand3b_4 (0) disconnected node: VGND
Cell sky130_fd_sc_hd__nand3b_4 (0) disconnected node: VNB
Cell sky130_fd_sc_hd__nand3b_4 (0) disconnected node: VPB
Cell sky130_fd_sc_hd__nand3b_4 (0) disconnected node: VPWR
Cell sky130_fd_sc_hd__nand3b_4 (0) disconnected node: Y

Subcircuit pins:
Circuit 1: sky130_fd_sc_hd__nand3b_4       |Circuit 2: sky130_fd_sc_hd__nand3b_4       
-------------------------------------------|-------------------------------------------
A_N                                        |A_N                                        
B                                          |B                                          
C                                          |C                                          
VGND                                       |VGND                                       
VNB                                        |VNB                                        
VPB                                        |VPB                                        
VPWR                                       |VPWR                                       
Y                                          |Y                                          
---------------------------------------------------------------------------------------
Cell pin lists are equivalent.
Device classes sky130_fd_sc_hd__nand3b_4 and sky130_fd_sc_hd__nand3b_4 are equivalent.

Cell sky130_fd_sc_hd__a211oi_1 (0) disconnected node: A1
Cell sky130_fd_sc_hd__a211oi_1 (0) disconnected node: A2
Cell sky130_fd_sc_hd__a211oi_1 (0) disconnected node: B1
Cell sky130_fd_sc_hd__a211oi_1 (0) disconnected node: C1
Cell sky130_fd_sc_hd__a211oi_1 (0) disconnected node: VGND
Cell sky130_fd_sc_hd__a211oi_1 (0) disconnected node: VNB
Cell sky130_fd_sc_hd__a211oi_1 (0) disconnected node: VPB
Cell sky130_fd_sc_hd__a211oi_1 (0) disconnected node: VPWR
Cell sky130_fd_sc_hd__a211oi_1 (0) disconnected node: Y

Subcircuit pins:
Circuit 1: sky130_fd_sc_hd__a211oi_1       |Circuit 2: sky130_fd_sc_hd__a211oi_1       
-------------------------------------------|-------------------------------------------
A1                                         |A1                                         
A2                                         |A2                                         
B1                                         |B1                                         
C1                                         |C1                                         
VGND                                       |VGND                                       
VNB                                        |VNB                                        
VPB                                        |VPB                                        
VPWR                                       |VPWR                                       
Y                                          |Y                                          
---------------------------------------------------------------------------------------
Cell pin lists are equivalent.
Device classes sky130_fd_sc_hd__a211oi_1 and sky130_fd_sc_hd__a211oi_1 are equivalent.

Cell sky130_fd_sc_hd__nand2_4 (0) disconnected node: A
Cell sky130_fd_sc_hd__nand2_4 (0) disconnected node: B
Cell sky130_fd_sc_hd__nand2_4 (0) disconnected node: VGND
Cell sky130_fd_sc_hd__nand2_4 (0) disconnected node: VNB
Cell sky130_fd_sc_hd__nand2_4 (0) disconnected node: VPB
Cell sky130_fd_sc_hd__nand2_4 (0) disconnected node: VPWR
Cell sky130_fd_sc_hd__nand2_4 (0) disconnected node: Y

Subcircuit pins:
Circuit 1: sky130_fd_sc_hd__nand2_4        |Circuit 2: sky130_fd_sc_hd__nand2_4        
-------------------------------------------|-------------------------------------------
A                                          |A                                          
B                                          |B                                          
VGND                                       |VGND                                       
VNB                                        |VNB                                        
VPB                                        |VPB                                        
VPWR                                       |VPWR                                       
Y                                          |Y                                          
---------------------------------------------------------------------------------------
Cell pin lists are equivalent.
Device classes sky130_fd_sc_hd__nand2_4 and sky130_fd_sc_hd__nand2_4 are equivalent.

Cell sky130_fd_sc_hd__nand3_1 (0) disconnected node: A
Cell sky130_fd_sc_hd__nand3_1 (0) disconnected node: B
Cell sky130_fd_sc_hd__nand3_1 (0) disconnected node: C
Cell sky130_fd_sc_hd__nand3_1 (0) disconnected node: VGND
Cell sky130_fd_sc_hd__nand3_1 (0) disconnected node: VNB
Cell sky130_fd_sc_hd__nand3_1 (0) disconnected node: VPB
Cell sky130_fd_sc_hd__nand3_1 (0) disconnected node: VPWR
Cell sky130_fd_sc_hd__nand3_1 (0) disconnected node: Y

Subcircuit pins:
Circuit 1: sky130_fd_sc_hd__nand3_1        |Circuit 2: sky130_fd_sc_hd__nand3_1        
-------------------------------------------|-------------------------------------------
A                                          |A                                          
B                                          |B                                          
C                                          |C                                          
VGND                                       |VGND                                       
VNB                                        |VNB                                        
VPB                                        |VPB                                        
VPWR                                       |VPWR                                       
Y                                          |Y                                          
---------------------------------------------------------------------------------------
Cell pin lists are equivalent.
Device classes sky130_fd_sc_hd__nand3_1 and sky130_fd_sc_hd__nand3_1 are equivalent.

Cell sky130_fd_sc_hd__nor2_2 (0) disconnected node: A
Cell sky130_fd_sc_hd__nor2_2 (0) disconnected node: B
Cell sky130_fd_sc_hd__nor2_2 (0) disconnected node: VGND
Cell sky130_fd_sc_hd__nor2_2 (0) disconnected node: VNB
Cell sky130_fd_sc_hd__nor2_2 (0) disconnected node: VPB
Cell sky130_fd_sc_hd__nor2_2 (0) disconnected node: VPWR
Cell sky130_fd_sc_hd__nor2_2 (0) disconnected node: Y

Subcircuit pins:
Circuit 1: sky130_fd_sc_hd__nor2_2         |Circuit 2: sky130_fd_sc_hd__nor2_2         
-------------------------------------------|-------------------------------------------
A                                          |A                                          
B                                          |B                                          
VGND                                       |VGND                                       
VNB                                        |VNB                                        
VPB                                        |VPB                                        
VPWR                                       |VPWR                                       
Y                                          |Y                                          
---------------------------------------------------------------------------------------
Cell pin lists are equivalent.
Device classes sky130_fd_sc_hd__nor2_2 and sky130_fd_sc_hd__nor2_2 are equivalent.

Cell sky130_fd_sc_hd__a41o_1 (0) disconnected node: A1
Cell sky130_fd_sc_hd__a41o_1 (0) disconnected node: A2
Cell sky130_fd_sc_hd__a41o_1 (0) disconnected node: A3
Cell sky130_fd_sc_hd__a41o_1 (0) disconnected node: A4
Cell sky130_fd_sc_hd__a41o_1 (0) disconnected node: B1
Cell sky130_fd_sc_hd__a41o_1 (0) disconnected node: VGND
Cell sky130_fd_sc_hd__a41o_1 (0) disconnected node: VNB
Cell sky130_fd_sc_hd__a41o_1 (0) disconnected node: VPB
Cell sky130_fd_sc_hd__a41o_1 (0) disconnected node: VPWR
Cell sky130_fd_sc_hd__a41o_1 (0) disconnected node: X

Subcircuit pins:
Circuit 1: sky130_fd_sc_hd__a41o_1         |Circuit 2: sky130_fd_sc_hd__a41o_1         
-------------------------------------------|-------------------------------------------
A1                                         |A1                                         
A2                                         |A2                                         
A3                                         |A3                                         
A4                                         |A4                                         
B1                                         |B1                                         
VGND                                       |VGND                                       
VNB                                        |VNB                                        
VPB                                        |VPB                                        
VPWR                                       |VPWR                                       
X                                          |X                                          
---------------------------------------------------------------------------------------
Cell pin lists are equivalent.
Device classes sky130_fd_sc_hd__a41o_1 and sky130_fd_sc_hd__a41o_1 are equivalent.

Cell sky130_fd_sc_hd__mux2_2 (0) disconnected node: A0
Cell sky130_fd_sc_hd__mux2_2 (0) disconnected node: A1
Cell sky130_fd_sc_hd__mux2_2 (0) disconnected node: S
Cell sky130_fd_sc_hd__mux2_2 (0) disconnected node: VGND
Cell sky130_fd_sc_hd__mux2_2 (0) disconnected node: VNB
Cell sky130_fd_sc_hd__mux2_2 (0) disconnected node: VPB
Cell sky130_fd_sc_hd__mux2_2 (0) disconnected node: VPWR
Cell sky130_fd_sc_hd__mux2_2 (0) disconnected node: X

Subcircuit pins:
Circuit 1: sky130_fd_sc_hd__mux2_2         |Circuit 2: sky130_fd_sc_hd__mux2_2         
-------------------------------------------|-------------------------------------------
A0                                         |A0                                         
A1                                         |A1                                         
S                                          |S                                          
VGND                                       |VGND                                       
VNB                                        |VNB                                        
VPB                                        |VPB                                        
VPWR                                       |VPWR                                       
X                                          |X                                          
---------------------------------------------------------------------------------------
Cell pin lists are equivalent.
Device classes sky130_fd_sc_hd__mux2_2 and sky130_fd_sc_hd__mux2_2 are equivalent.

Cell sky130_fd_sc_hd__and4_2 (0) disconnected node: A
Cell sky130_fd_sc_hd__and4_2 (0) disconnected node: B
Cell sky130_fd_sc_hd__and4_2 (0) disconnected node: C
Cell sky130_fd_sc_hd__and4_2 (0) disconnected node: D
Cell sky130_fd_sc_hd__and4_2 (0) disconnected node: VGND
Cell sky130_fd_sc_hd__and4_2 (0) disconnected node: VNB
Cell sky130_fd_sc_hd__and4_2 (0) disconnected node: VPB
Cell sky130_fd_sc_hd__and4_2 (0) disconnected node: VPWR
Cell sky130_fd_sc_hd__and4_2 (0) disconnected node: X

Subcircuit pins:
Circuit 1: sky130_fd_sc_hd__and4_2         |Circuit 2: sky130_fd_sc_hd__and4_2         
-------------------------------------------|-------------------------------------------
A                                          |A                                          
B                                          |B                                          
C                                          |C                                          
D                                          |D                                          
VGND                                       |VGND                                       
VNB                                        |VNB                                        
VPB                                        |VPB                                        
VPWR                                       |VPWR                                       
X                                          |X                                          
---------------------------------------------------------------------------------------
Cell pin lists are equivalent.
Device classes sky130_fd_sc_hd__and4_2 and sky130_fd_sc_hd__and4_2 are equivalent.

Cell sky130_fd_sc_hd__or4_1 (0) disconnected node: A
Cell sky130_fd_sc_hd__or4_1 (0) disconnected node: B
Cell sky130_fd_sc_hd__or4_1 (0) disconnected node: C
Cell sky130_fd_sc_hd__or4_1 (0) disconnected node: D
Cell sky130_fd_sc_hd__or4_1 (0) disconnected node: VGND
Cell sky130_fd_sc_hd__or4_1 (0) disconnected node: VNB
Cell sky130_fd_sc_hd__or4_1 (0) disconnected node: VPB
Cell sky130_fd_sc_hd__or4_1 (0) disconnected node: VPWR
Cell sky130_fd_sc_hd__or4_1 (0) disconnected node: X

Subcircuit pins:
Circuit 1: sky130_fd_sc_hd__or4_1          |Circuit 2: sky130_fd_sc_hd__or4_1          
-------------------------------------------|-------------------------------------------
A                                          |A                                          
B                                          |B                                          
C                                          |C                                          
D                                          |D                                          
VGND                                       |VGND                                       
VNB                                        |VNB                                        
VPB                                        |VPB                                        
VPWR                                       |VPWR                                       
X                                          |X                                          
---------------------------------------------------------------------------------------
Cell pin lists are equivalent.
Device classes sky130_fd_sc_hd__or4_1 and sky130_fd_sc_hd__or4_1 are equivalent.

Cell sky130_fd_sc_hd__a31oi_1 (0) disconnected node: A1
Cell sky130_fd_sc_hd__a31oi_1 (0) disconnected node: A2
Cell sky130_fd_sc_hd__a31oi_1 (0) disconnected node: A3
Cell sky130_fd_sc_hd__a31oi_1 (0) disconnected node: B1
Cell sky130_fd_sc_hd__a31oi_1 (0) disconnected node: VGND
Cell sky130_fd_sc_hd__a31oi_1 (0) disconnected node: VNB
Cell sky130_fd_sc_hd__a31oi_1 (0) disconnected node: VPB
Cell sky130_fd_sc_hd__a31oi_1 (0) disconnected node: VPWR
Cell sky130_fd_sc_hd__a31oi_1 (0) disconnected node: Y

Subcircuit pins:
Circuit 1: sky130_fd_sc_hd__a31oi_1        |Circuit 2: sky130_fd_sc_hd__a31oi_1        
-------------------------------------------|-------------------------------------------
A1                                         |A1                                         
A2                                         |A2                                         
A3                                         |A3                                         
B1                                         |B1                                         
VGND                                       |VGND                                       
VNB                                        |VNB                                        
VPB                                        |VPB                                        
VPWR                                       |VPWR                                       
Y                                          |Y                                          
---------------------------------------------------------------------------------------
Cell pin lists are equivalent.
Device classes sky130_fd_sc_hd__a31oi_1 and sky130_fd_sc_hd__a31oi_1 are equivalent.

Cell sky130_fd_sc_hd__or3_2 (0) disconnected node: A
Cell sky130_fd_sc_hd__or3_2 (0) disconnected node: B
Cell sky130_fd_sc_hd__or3_2 (0) disconnected node: C
Cell sky130_fd_sc_hd__or3_2 (0) disconnected node: VGND
Cell sky130_fd_sc_hd__or3_2 (0) disconnected node: VNB
Cell sky130_fd_sc_hd__or3_2 (0) disconnected node: VPB
Cell sky130_fd_sc_hd__or3_2 (0) disconnected node: VPWR
Cell sky130_fd_sc_hd__or3_2 (0) disconnected node: X

Subcircuit pins:
Circuit 1: sky130_fd_sc_hd__or3_2          |Circuit 2: sky130_fd_sc_hd__or3_2          
-------------------------------------------|-------------------------------------------
A                                          |A                                          
B                                          |B                                          
C                                          |C                                          
VGND                                       |VGND                                       
VNB                                        |VNB                                        
VPB                                        |VPB                                        
VPWR                                       |VPWR                                       
X                                          |X                                          
---------------------------------------------------------------------------------------
Cell pin lists are equivalent.
Device classes sky130_fd_sc_hd__or3_2 and sky130_fd_sc_hd__or3_2 are equivalent.

Cell sky130_fd_sc_hd__and3b_4 (0) disconnected node: A_N
Cell sky130_fd_sc_hd__and3b_4 (0) disconnected node: B
Cell sky130_fd_sc_hd__and3b_4 (0) disconnected node: C
Cell sky130_fd_sc_hd__and3b_4 (0) disconnected node: VGND
Cell sky130_fd_sc_hd__and3b_4 (0) disconnected node: VNB
Cell sky130_fd_sc_hd__and3b_4 (0) disconnected node: VPB
Cell sky130_fd_sc_hd__and3b_4 (0) disconnected node: VPWR
Cell sky130_fd_sc_hd__and3b_4 (0) disconnected node: X

Subcircuit pins:
Circuit 1: sky130_fd_sc_hd__and3b_4        |Circuit 2: sky130_fd_sc_hd__and3b_4        
-------------------------------------------|-------------------------------------------
A_N                                        |A_N                                        
B                                          |B                                          
C                                          |C                                          
VGND                                       |VGND                                       
VNB                                        |VNB                                        
VPB                                        |VPB                                        
VPWR                                       |VPWR                                       
X                                          |X                                          
---------------------------------------------------------------------------------------
Cell pin lists are equivalent.
Device classes sky130_fd_sc_hd__and3b_4 and sky130_fd_sc_hd__and3b_4 are equivalent.

Cell sky130_fd_sc_hd__a32o_1 (0) disconnected node: A1
Cell sky130_fd_sc_hd__a32o_1 (0) disconnected node: A2
Cell sky130_fd_sc_hd__a32o_1 (0) disconnected node: A3
Cell sky130_fd_sc_hd__a32o_1 (0) disconnected node: B1
Cell sky130_fd_sc_hd__a32o_1 (0) disconnected node: B2
Cell sky130_fd_sc_hd__a32o_1 (0) disconnected node: VGND
Cell sky130_fd_sc_hd__a32o_1 (0) disconnected node: VNB
Cell sky130_fd_sc_hd__a32o_1 (0) disconnected node: VPB
Cell sky130_fd_sc_hd__a32o_1 (0) disconnected node: VPWR
Cell sky130_fd_sc_hd__a32o_1 (0) disconnected node: X

Subcircuit pins:
Circuit 1: sky130_fd_sc_hd__a32o_1         |Circuit 2: sky130_fd_sc_hd__a32o_1         
-------------------------------------------|-------------------------------------------
A1                                         |A1                                         
A2                                         |A2                                         
A3                                         |A3                                         
B1                                         |B1                                         
B2                                         |B2                                         
VGND                                       |VGND                                       
VNB                                        |VNB                                        
VPB                                        |VPB                                        
VPWR                                       |VPWR                                       
X                                          |X                                          
---------------------------------------------------------------------------------------
Cell pin lists are equivalent.
Device classes sky130_fd_sc_hd__a32o_1 and sky130_fd_sc_hd__a32o_1 are equivalent.

Cell sky130_fd_sc_hd__nand3_4 (0) disconnected node: A
Cell sky130_fd_sc_hd__nand3_4 (0) disconnected node: B
Cell sky130_fd_sc_hd__nand3_4 (0) disconnected node: C
Cell sky130_fd_sc_hd__nand3_4 (0) disconnected node: VGND
Cell sky130_fd_sc_hd__nand3_4 (0) disconnected node: VNB
Cell sky130_fd_sc_hd__nand3_4 (0) disconnected node: VPB
Cell sky130_fd_sc_hd__nand3_4 (0) disconnected node: VPWR
Cell sky130_fd_sc_hd__nand3_4 (0) disconnected node: Y

Subcircuit pins:
Circuit 1: sky130_fd_sc_hd__nand3_4        |Circuit 2: sky130_fd_sc_hd__nand3_4        
-------------------------------------------|-------------------------------------------
A                                          |A                                          
B                                          |B                                          
C                                          |C                                          
VGND                                       |VGND                                       
VNB                                        |VNB                                        
VPB                                        |VPB                                        
VPWR                                       |VPWR                                       
Y                                          |Y                                          
---------------------------------------------------------------------------------------
Cell pin lists are equivalent.
Device classes sky130_fd_sc_hd__nand3_4 and sky130_fd_sc_hd__nand3_4 are equivalent.

Cell sky130_fd_sc_hd__and2_4 (0) disconnected node: A
Cell sky130_fd_sc_hd__and2_4 (0) disconnected node: B
Cell sky130_fd_sc_hd__and2_4 (0) disconnected node: VGND
Cell sky130_fd_sc_hd__and2_4 (0) disconnected node: VNB
Cell sky130_fd_sc_hd__and2_4 (0) disconnected node: VPB
Cell sky130_fd_sc_hd__and2_4 (0) disconnected node: VPWR
Cell sky130_fd_sc_hd__and2_4 (0) disconnected node: X

Subcircuit pins:
Circuit 1: sky130_fd_sc_hd__and2_4         |Circuit 2: sky130_fd_sc_hd__and2_4         
-------------------------------------------|-------------------------------------------
A                                          |A                                          
B                                          |B                                          
VGND                                       |VGND                                       
VNB                                        |VNB                                        
VPB                                        |VPB                                        
VPWR                                       |VPWR                                       
X                                          |X                                          
---------------------------------------------------------------------------------------
Cell pin lists are equivalent.
Device classes sky130_fd_sc_hd__and2_4 and sky130_fd_sc_hd__and2_4 are equivalent.

Class lsu_wrapper (0):  Merged 5526 parallel devices.
Class lsu_wrapper (1):  Merged 5526 parallel devices.
Subcircuit summary:
Circuit 1: lsu_wrapper                     |Circuit 2: lsu_wrapper                     
-------------------------------------------|-------------------------------------------
sky130_fd_sc_hd__fill_1 (1060->1)          |sky130_fd_sc_hd__fill_1 (1060->1)          
sky130_fd_sc_hd__decap_6 (423->1)          |sky130_fd_sc_hd__decap_6 (423->1)          
sky130_fd_sc_hd__decap_3 (573->1)          |sky130_fd_sc_hd__decap_3 (573->1)          
sky130_fd_sc_hd__mux2_1 (846)              |sky130_fd_sc_hd__mux2_1 (846)              
sky130_fd_sc_hd__and3_1 (47)               |sky130_fd_sc_hd__and3_1 (47)               
sky130_fd_sc_hd__mux4_1 (187)              |sky130_fd_sc_hd__mux4_1 (187)              
sky130_fd_sc_hd__tapvpwrvgnd_1 (1199->1)   |sky130_fd_sc_hd__tapvpwrvgnd_1 (1199->1)   
sky130_fd_sc_hd__dfxtp_1 (748)             |sky130_fd_sc_hd__dfxtp_1 (748)             
sky130_fd_sc_hd__dlygate4sd3_1 (816)       |sky130_fd_sc_hd__dlygate4sd3_1 (816)       
sky130_ef_sc_hd__decap_12 (1067->1)        |sky130_ef_sc_hd__decap_12 (1067->1)        
sky130_fd_sc_hd__fill_2 (483->1)           |sky130_fd_sc_hd__fill_2 (483->1)           
sky130_fd_sc_hd__decap_4 (447->1)          |sky130_fd_sc_hd__decap_4 (447->1)          
sky130_fd_sc_hd__dlygate4sd1_1 (5)         |sky130_fd_sc_hd__dlygate4sd1_1 (5)         
sky130_fd_sc_hd__decap_8 (281->1)          |sky130_fd_sc_hd__decap_8 (281->1)          
sky130_fd_sc_hd__dfrtp_1 (153)             |sky130_fd_sc_hd__dfrtp_1 (153)             
sky130_fd_sc_hd__a21o_1 (24)               |sky130_fd_sc_hd__a21o_1 (24)               
sky130_fd_sc_hd__and3b_2 (4)               |sky130_fd_sc_hd__and3b_2 (4)               
sky130_fd_sc_hd__o22a_1 (10)               |sky130_fd_sc_hd__o22a_1 (10)               
sky130_fd_sc_hd__o21ba_1 (15)              |sky130_fd_sc_hd__o21ba_1 (15)              
sky130_fd_sc_hd__or2_1 (44)                |sky130_fd_sc_hd__or2_1 (44)                
sky130_fd_sc_hd__a21bo_1 (7)               |sky130_fd_sc_hd__a21bo_1 (7)               
sky130_fd_sc_hd__or2_2 (4)                 |sky130_fd_sc_hd__or2_2 (4)                 
sky130_fd_sc_hd__inv_2 (212)               |sky130_fd_sc_hd__inv_2 (212)               
sky130_fd_sc_hd__a22o_1 (33)               |sky130_fd_sc_hd__a22o_1 (33)               
sky130_fd_sc_hd__o21a_1 (27)               |sky130_fd_sc_hd__o21a_1 (27)               
sky130_fd_sc_hd__a31o_1 (26)               |sky130_fd_sc_hd__a31o_1 (26)               
sky130_fd_sc_hd__nand2b_1 (12)             |sky130_fd_sc_hd__nand2b_1 (12)             
sky130_fd_sc_hd__and4_1 (10)               |sky130_fd_sc_hd__and4_1 (10)               
sky130_fd_sc_hd__o2111a_1 (12)             |sky130_fd_sc_hd__o2111a_1 (12)             
sky130_fd_sc_hd__a21boi_2 (3)              |sky130_fd_sc_hd__a21boi_2 (3)              
sky130_fd_sc_hd__and2_1 (60)               |sky130_fd_sc_hd__and2_1 (60)               
sky130_fd_sc_hd__diode_2 (9->8)            |sky130_fd_sc_hd__diode_2 (9->8)            
sky130_fd_sc_hd__and3_2 (4)                |sky130_fd_sc_hd__and3_2 (4)                
sky130_fd_sc_hd__xnor2_2 (9)               |sky130_fd_sc_hd__xnor2_2 (9)               
sky130_fd_sc_hd__clkbuf_2 (63)             |sky130_fd_sc_hd__clkbuf_2 (63)             
sky130_fd_sc_hd__clkbuf_16 (9)             |sky130_fd_sc_hd__clkbuf_16 (9)             
sky130_fd_sc_hd__and3b_1 (6)               |sky130_fd_sc_hd__and3b_1 (6)               
sky130_fd_sc_hd__conb_1 (22)               |sky130_fd_sc_hd__conb_1 (22)               
sky130_fd_sc_hd__nand2_1 (69)              |sky130_fd_sc_hd__nand2_1 (69)              
sky130_fd_sc_hd__xor2_2 (3)                |sky130_fd_sc_hd__xor2_2 (3)                
sky130_fd_sc_hd__nand3_2 (1)               |sky130_fd_sc_hd__nand3_2 (1)               
sky130_fd_sc_hd__mux2_4 (18)               |sky130_fd_sc_hd__mux2_4 (18)               
sky130_fd_sc_hd__clkbuf_8 (96)             |sky130_fd_sc_hd__clkbuf_8 (96)             
sky130_fd_sc_hd__nor2_1 (87)               |sky130_fd_sc_hd__nor2_1 (87)               
sky130_fd_sc_hd__o21ai_1 (34)              |sky130_fd_sc_hd__o21ai_1 (34)              
sky130_fd_sc_hd__o221a_1 (11)              |sky130_fd_sc_hd__o221a_1 (11)              
sky130_fd_sc_hd__or4b_1 (2)                |sky130_fd_sc_hd__or4b_1 (2)                
sky130_fd_sc_hd__or4b_4 (2)                |sky130_fd_sc_hd__or4b_4 (2)                
sky130_fd_sc_hd__or2_4 (4)                 |sky130_fd_sc_hd__or2_4 (4)                 
sky130_fd_sc_hd__xor2_1 (17)               |sky130_fd_sc_hd__xor2_1 (17)               
sky130_fd_sc_hd__or3_4 (7)                 |sky130_fd_sc_hd__or3_4 (7)                 
sky130_fd_sc_hd__nand2_2 (5)               |sky130_fd_sc_hd__nand2_2 (5)               
sky130_fd_sc_hd__a22oi_1 (3)               |sky130_fd_sc_hd__a22oi_1 (3)               
sky130_fd_sc_hd__xnor2_1 (21)              |sky130_fd_sc_hd__xnor2_1 (21)              
sky130_fd_sc_hd__a211o_1 (6)               |sky130_fd_sc_hd__a211o_1 (6)               
sky130_fd_sc_hd__a21oi_1 (21)              |sky130_fd_sc_hd__a21oi_1 (21)              
sky130_fd_sc_hd__clkinvlp_4 (11)           |sky130_fd_sc_hd__clkinvlp_4 (11)           
sky130_fd_sc_hd__clkbuf_4 (58)             |sky130_fd_sc_hd__clkbuf_4 (58)             
sky130_fd_sc_hd__buf_2 (123)               |sky130_fd_sc_hd__buf_2 (123)               
sky130_fd_sc_hd__or3b_1 (2)                |sky130_fd_sc_hd__or3b_1 (2)                
sky130_fd_sc_hd__clkbuf_1 (76)             |sky130_fd_sc_hd__clkbuf_1 (76)             
sky130_fd_sc_hd__o31a_2 (1)                |sky130_fd_sc_hd__o31a_2 (1)                
sky130_fd_sc_hd__or3_1 (7)                 |sky130_fd_sc_hd__or3_1 (7)                 
sky130_fd_sc_hd__inv_6 (21)                |sky130_fd_sc_hd__inv_6 (21)                
sky130_fd_sc_hd__buf_1 (40)                |sky130_fd_sc_hd__buf_1 (40)                
sky130_fd_sc_hd__dfrtp_2 (16)              |sky130_fd_sc_hd__dfrtp_2 (16)              
sky130_fd_sc_hd__a2111o_1 (3)              |sky130_fd_sc_hd__a2111o_1 (3)              
sky130_fd_sc_hd__buf_4 (68)                |sky130_fd_sc_hd__buf_4 (68)                
sky130_fd_sc_hd__clkinv_2 (6)              |sky130_fd_sc_hd__clkinv_2 (6)              
sky130_fd_sc_hd__clkinv_8 (7)              |sky130_fd_sc_hd__clkinv_8 (7)              
sky130_fd_sc_hd__a2bb2o_4 (6)              |sky130_fd_sc_hd__a2bb2o_4 (6)              
sky130_fd_sc_hd__o2bb2a_1 (6)              |sky130_fd_sc_hd__o2bb2a_1 (6)              
sky130_fd_sc_hd__and2b_1 (7)               |sky130_fd_sc_hd__and2b_1 (7)               
sky130_fd_sc_hd__inv_8 (9)                 |sky130_fd_sc_hd__inv_8 (9)                 
sky130_fd_sc_hd__bufinv_16 (7)             |sky130_fd_sc_hd__bufinv_16 (7)             
sky130_fd_sc_hd__dlymetal6s2s_1 (20)       |sky130_fd_sc_hd__dlymetal6s2s_1 (20)       
sky130_fd_sc_hd__o21a_4 (1)                |sky130_fd_sc_hd__o21a_4 (1)                
sky130_fd_sc_hd__o32a_1 (10)               |sky130_fd_sc_hd__o32a_1 (10)               
sky130_fd_sc_hd__o211a_1 (7)               |sky130_fd_sc_hd__o211a_1 (7)               
sky130_fd_sc_hd__o21ai_2 (3)               |sky130_fd_sc_hd__o21ai_2 (3)               
sky130_fd_sc_hd__inv_12 (2)                |sky130_fd_sc_hd__inv_12 (2)                
sky130_fd_sc_hd__a2bb2o_1 (11)             |sky130_fd_sc_hd__a2bb2o_1 (11)             
sky130_fd_sc_hd__o2111ai_1 (2)             |sky130_fd_sc_hd__o2111ai_1 (2)             
sky130_fd_sc_hd__dfrtp_4 (6)               |sky130_fd_sc_hd__dfrtp_4 (6)               
sky130_fd_sc_hd__o22ai_2 (2)               |sky130_fd_sc_hd__o22ai_2 (2)               
sky130_fd_sc_hd__a221o_1 (2)               |sky130_fd_sc_hd__a221o_1 (2)               
sky130_fd_sc_hd__a21boi_1 (6)              |sky130_fd_sc_hd__a21boi_1 (6)              
sky130_fd_sc_hd__o2bb2a_4 (2)              |sky130_fd_sc_hd__o2bb2a_4 (2)              
sky130_fd_sc_hd__o31ai_1 (2)               |sky130_fd_sc_hd__o31ai_1 (2)               
sky130_fd_sc_hd__clkinv_4 (6)              |sky130_fd_sc_hd__clkinv_4 (6)              
sky130_fd_sc_hd__nor2_4 (11)               |sky130_fd_sc_hd__nor2_4 (11)               
sky130_fd_sc_hd__o31a_1 (2)                |sky130_fd_sc_hd__o31a_1 (2)                
sky130_fd_sc_hd__and4b_1 (2)               |sky130_fd_sc_hd__and4b_1 (2)               
sky130_fd_sc_hd__or4_4 (6)                 |sky130_fd_sc_hd__or4_4 (6)                 
sky130_fd_sc_hd__inv_16 (1)                |sky130_fd_sc_hd__inv_16 (1)                
sky130_fd_sc_hd__and2_2 (3)                |sky130_fd_sc_hd__and2_2 (3)                
sky130_fd_sc_hd__a221oi_1 (1)              |sky130_fd_sc_hd__a221oi_1 (1)              
sky130_fd_sc_hd__xor2_4 (3)                |sky130_fd_sc_hd__xor2_4 (3)                
sky130_fd_sc_hd__and4bb_2 (1)              |sky130_fd_sc_hd__and4bb_2 (1)              
sky130_fd_sc_hd__o22ai_1 (7)               |sky130_fd_sc_hd__o22ai_1 (7)               
sky130_fd_sc_hd__o211ai_1 (3)              |sky130_fd_sc_hd__o211ai_1 (3)              
sky130_fd_sc_hd__a2111oi_4 (2)             |sky130_fd_sc_hd__a2111oi_4 (2)             
sky130_fd_sc_hd__nor4_1 (1)                |sky130_fd_sc_hd__nor4_1 (1)                
sky130_fd_sc_hd__or3b_4 (1)                |sky130_fd_sc_hd__or3b_4 (1)                
sky130_fd_sc_hd__buf_6 (6)                 |sky130_fd_sc_hd__buf_6 (6)                 
sky130_fd_sc_hd__nor3_1 (3)                |sky130_fd_sc_hd__nor3_1 (3)                
sky130_fd_sc_hd__o211a_4 (1)               |sky130_fd_sc_hd__o211a_4 (1)               
sky130_fd_sc_hd__buf_8 (8)                 |sky130_fd_sc_hd__buf_8 (8)                 
sky130_fd_sc_hd__nand3b_4 (1)              |sky130_fd_sc_hd__nand3b_4 (1)              
sky130_fd_sc_hd__a211oi_1 (1)              |sky130_fd_sc_hd__a211oi_1 (1)              
sky130_fd_sc_hd__nand2_4 (2)               |sky130_fd_sc_hd__nand2_4 (2)               
sky130_fd_sc_hd__nand3_1 (3)               |sky130_fd_sc_hd__nand3_1 (3)               
sky130_fd_sc_hd__nor2_2 (1)                |sky130_fd_sc_hd__nor2_2 (1)                
sky130_fd_sc_hd__a41o_1 (1)                |sky130_fd_sc_hd__a41o_1 (1)                
sky130_fd_sc_hd__mux2_2 (1)                |sky130_fd_sc_hd__mux2_2 (1)                
sky130_fd_sc_hd__and4_2 (1)                |sky130_fd_sc_hd__and4_2 (1)                
sky130_fd_sc_hd__or4_1 (2)                 |sky130_fd_sc_hd__or4_1 (2)                 
sky130_fd_sc_hd__a31oi_1 (1)               |sky130_fd_sc_hd__a31oi_1 (1)               
sky130_fd_sc_hd__or3_2 (1)                 |sky130_fd_sc_hd__or3_2 (1)                 
sky130_fd_sc_hd__and3b_4 (1)               |sky130_fd_sc_hd__and3b_4 (1)               
sky130_fd_sc_hd__a32o_1 (3)                |sky130_fd_sc_hd__a32o_1 (3)                
sky130_fd_sc_hd__nand3_4 (1)               |sky130_fd_sc_hd__nand3_4 (1)               
sky130_fd_sc_hd__and2_4 (1)                |sky130_fd_sc_hd__and2_4 (1)                
Number of devices: 4480                    |Number of devices: 4480                    
Number of nets: 4591                       |Number of nets: 4591                       
---------------------------------------------------------------------------------------
Resolving symmetries by property value.
Resolving symmetries by pin name.
Netlists match uniquely.

Subcircuit pins:
Circuit 1: lsu_wrapper                     |Circuit 2: lsu_wrapper                     
-------------------------------------------|-------------------------------------------
count[0]                                   |count[0]                                   
count[12]                                  |count[12]                                  
count[15]                                  |count[15]                                  
count[18]                                  |count[18]                                  
count[1]                                   |count[1]                                   
count[2]                                   |count[2]                                   
count[4]                                   |count[4]                                   
count[5]                                   |count[5]                                   
count[21]                                  |count[21]                                  
count[13]                                  |count[13]                                  
count[3]                                   |count[3]                                   
count[19]                                  |count[19]                                  
count[16]                                  |count[16]                                  
count[14]                                  |count[14]                                  
count[6]                                   |count[6]                                   
count[10]                                  |count[10]                                  
count[8]                                   |count[8]                                   
count[17]                                  |count[17]                                  
count[11]                                  |count[11]                                  
count[20]                                  |count[20]                                  
load_complete                              |load_complete                              
count[7]                                   |count[7]                                   
start                                      |start                                      
store_base_addr[17]                        |store_base_addr[17]                        
load_base_addr[17]                         |load_base_addr[17]                         
load_base_addr[2]                          |load_base_addr[2]                          
load_data[16]                              |load_data[16]                              
load_data[15]                              |load_data[15]                              
load_data[30]                              |load_data[30]                              
store_base_addr[1]                         |store_base_addr[1]                         
store_base_addr[0]                         |store_base_addr[0]                         
load_base_addr[21]                         |load_base_addr[21]                         
load_base_addr[19]                         |load_base_addr[19]                         
load_data[27]                              |load_data[27]                              
load_base_addr[0]                          |load_base_addr[0]                          
load_data[18]                              |load_data[18]                              
load_data[19]                              |load_data[19]                              
load_data[1]                               |load_data[1]                               
load_data[26]                              |load_data[26]                              
load_data[28]                              |load_data[28]                              
load_base_addr[6]                          |load_base_addr[6]                          
store_base_addr[4]                         |store_base_addr[4]                         
store_base_addr[15]                        |store_base_addr[15]                        
store_base_addr[14]                        |store_base_addr[14]                        
store_base_addr[18]                        |store_base_addr[18]                        
load_data[24]                              |load_data[24]                              
load_base_addr[10]                         |load_base_addr[10]                         
load_base_addr[11]                         |load_base_addr[11]                         
load_base_addr[12]                         |load_base_addr[12]                         
load_base_addr[13]                         |load_base_addr[13]                         
load_base_addr[14]                         |load_base_addr[14]                         
load_base_addr[15]                         |load_base_addr[15]                         
load_base_addr[16]                         |load_base_addr[16]                         
load_base_addr[18]                         |load_base_addr[18]                         
load_base_addr[9]                          |load_base_addr[9]                          
load_data[23]                              |load_data[23]                              
load_data[25]                              |load_data[25]                              
load_base_addr[4]                          |load_base_addr[4]                          
load_base_addr[7]                          |load_base_addr[7]                          
store_base_addr[2]                         |store_base_addr[2]                         
store_base_addr[12]                        |store_base_addr[12]                        
load_data[0]                               |load_data[0]                               
load_data[17]                              |load_data[17]                              
load_data[22]                              |load_data[22]                              
load_data[7]                               |load_data[7]                               
load_data[10]                              |load_data[10]                              
load_data[12]                              |load_data[12]                              
load_data[13]                              |load_data[13]                              
load_data[14]                              |load_data[14]                              
load_data[11]                              |load_data[11]                              
load_data[20]                              |load_data[20]                              
load_data[2]                               |load_data[2]                               
load_data[3]                               |load_data[3]                               
load_data[5]                               |load_data[5]                               
load_data[4]                               |load_data[4]                               
load_data[6]                               |load_data[6]                               
load_data[9]                               |load_data[9]                               
store_base_addr[21]                        |store_base_addr[21]                        
load_data[31]                              |load_data[31]                              
load_data[8]                               |load_data[8]                               
load_data[21]                              |load_data[21]                              
load_data[29]                              |load_data[29]                              
load_base_addr[20]                         |load_base_addr[20]                         
store_base_addr[10]                        |store_base_addr[10]                        
store_base_addr[5]                         |store_base_addr[5]                         
store_base_addr[7]                         |store_base_addr[7]                         
arst_i                                     |arst_i                                     
store_base_addr[19]                        |store_base_addr[19]                        
store_base_addr[20]                        |store_base_addr[20]                        
store_base_addr[6]                         |store_base_addr[6]                         
store_base_addr[9]                         |store_base_addr[9]                         
load_base_addr[1]                          |load_base_addr[1]                          
load_base_addr[3]                          |load_base_addr[3]                          
load_base_addr[8]                          |load_base_addr[8]                          
load_base_addr[5]                          |load_base_addr[5]                          
store_base_addr[11]                        |store_base_addr[11]                        
store_base_addr[13]                        |store_base_addr[13]                        
store_base_addr[16]                        |store_base_addr[16]                        
store_base_addr[3]                         |store_base_addr[3]                         
store_base_addr[8]                         |store_base_addr[8]                         
count[9]                                   |count[9]                                   
store_complete                             |store_complete                             
store_data[9]                              |store_data[9]                              
done                                       |done                                       
store_req                                  |store_req                                  
store_data[0]                              |store_data[0]                              
store_data[6]                              |store_data[6]                              
load_addr[0]                               |load_addr[0]                               
load_addr[11]                              |load_addr[11]                              
load_addr[2]                               |load_addr[2]                               
load_addr[12]                              |load_addr[12]                              
load_addr[13]                              |load_addr[13]                              
load_addr[5]                               |load_addr[5]                               
load_addr[17]                              |load_addr[17]                              
load_addr[6]                               |load_addr[6]                               
load_addr[15]                              |load_addr[15]                              
load_addr[10]                              |load_addr[10]                              
load_addr[1]                               |load_addr[1]                               
load_addr[14]                              |load_addr[14]                              
load_addr[3]                               |load_addr[3]                               
load_req                                   |load_req                                   
store_data[8]                              |store_data[8]                              
store_data[4]                              |store_data[4]                              
store_addr[14]                             |store_addr[14]                             
store_addr[15]                             |store_addr[15]                             
store_addr[4]                              |store_addr[4]                              
store_addr[5]                              |store_addr[5]                              
store_addr[3]                              |store_addr[3]                              
store_addr[0]                              |store_addr[0]                              
store_addr[16]                             |store_addr[16]                             
store_addr[13]                             |store_addr[13]                             
store_addr[7]                              |store_addr[7]                              
store_addr[17]                             |store_addr[17]                             
store_addr[9]                              |store_addr[9]                              
load_addr[16]                              |load_addr[16]                              
load_addr[4]                               |load_addr[4]                               
load_addr[9]                               |load_addr[9]                               
store_addr[10]                             |store_addr[10]                             
store_addr[8]                              |store_addr[8]                              
load_addr[18]                              |load_addr[18]                              
load_addr[19]                              |load_addr[19]                              
load_addr[20]                              |load_addr[20]                              
load_addr[21]                              |load_addr[21]                              
load_addr[7]                               |load_addr[7]                               
load_addr[8]                               |load_addr[8]                               
store_addr[19]                             |store_addr[19]                             
store_addr[2]                              |store_addr[2]                              
store_addr[6]                              |store_addr[6]                              
store_data[5]                              |store_data[5]                              
store_data[2]                              |store_data[2]                              
store_addr[1]                              |store_addr[1]                              
store_addr[12]                             |store_addr[12]                             
store_addr[18]                             |store_addr[18]                             
store_addr[20]                             |store_addr[20]                             
store_addr[11]                             |store_addr[11]                             
store_addr[21]                             |store_addr[21]                             
store_data[1]                              |store_data[1]                              
store_data[3]                              |store_data[3]                              
store_data[7]                              |store_data[7]                              
store_data[12]                             |store_data[12]                             
store_data[22]                             |store_data[22]                             
store_data[11]                             |store_data[11]                             
store_data[21]                             |store_data[21]                             
store_data[10]                             |store_data[10]                             
store_data[31]                             |store_data[31]                             
store_data[20]                             |store_data[20]                             
store_data[30]                             |store_data[30]                             
store_data[19]                             |store_data[19]                             
store_data[29]                             |store_data[29]                             
store_data[18]                             |store_data[18]                             
store_data[17]                             |store_data[17]                             
store_data[28]                             |store_data[28]                             
store_data[16]                             |store_data[16]                             
store_data[27]                             |store_data[27]                             
store_data[26]                             |store_data[26]                             
store_data[15]                             |store_data[15]                             
store_data[14]                             |store_data[14]                             
store_data[25]                             |store_data[25]                             
store_data[24]                             |store_data[24]                             
store_data[13]                             |store_data[13]                             
store_data[23]                             |store_data[23]                             
clk                                        |clk                                        
VGND                                       |VGND                                       
VPWR                                       |VPWR                                       
---------------------------------------------------------------------------------------
Cell pin lists are equivalent.
Device classes lsu_wrapper and lsu_wrapper are equivalent.

Final result: Circuits match uniquely.
.
