
===========================================================================
report_checks -unconstrained
===========================================================================
======================= nom_ss_100C_1v60 Corner ===================================

Startpoint: arst_i (input port clocked by clk)
Endpoint: _4358_ (recovery check against rising-edge clock clk)
Path Group: asynchronous
Path Type: max

Fanout         Cap        Slew       Delay        Time   Description
---------------------------------------------------------------------------------------------
                      0.150000    0.000000    0.000000   clock clk (rise edge)
                                  0.000000    0.000000   clock network delay (ideal)
                                  2.000000    2.000000 v input external delay
   178    0.762361    3.117457    2.290553    4.290553 v arst_i (in)
                                                         arst_i (net)
                      3.117457    0.000000    4.290553 v _3635_/A (sky130_fd_sc_hd__inv_2)
     1    0.003263    0.379167    0.405263    4.695816 ^ _3635_/Y (sky130_fd_sc_hd__inv_2)
                                                         _0002_ (net)
                      0.379167    0.000000    4.695816 ^ _4358_/RESET_B (sky130_fd_sc_hd__dfrtp_2)
                                              4.695816   data arrival time

                      0.150000   10.000000   10.000000   clock clk (rise edge)
                                  0.000000   10.000000   clock network delay (ideal)
                                 -0.250000    9.750000   clock uncertainty
                                  0.000000    9.750000   clock reconvergence pessimism
                                              9.750000 ^ _4358_/CLK (sky130_fd_sc_hd__dfrtp_2)
                                  0.339890   10.089890   library recovery time
                                             10.089890   data required time
---------------------------------------------------------------------------------------------
                                             10.089890   data required time
                                             -4.695816   data arrival time
---------------------------------------------------------------------------------------------
                                              5.394074   slack (MET)


Startpoint: count[3] (input port clocked by clk)
Endpoint: _4670_ (rising edge-triggered flip-flop clocked by clk)
Path Group: clk
Path Type: max

Fanout         Cap        Slew       Delay        Time   Description
---------------------------------------------------------------------------------------------
                      0.150000    0.000000    0.000000   clock clk (rise edge)
                                  0.000000    0.000000   clock network delay (ideal)
                                  2.000000    2.000000 v input external delay
     3    0.009818    0.047659    0.030734    2.030734 v count[3] (in)
                                                         count[3] (net)
                      0.047659    0.000000    2.030734 v _2064_/A (sky130_fd_sc_hd__or4_2)
     7    0.012293    0.293303    1.676881    3.707616 v _2064_/X (sky130_fd_sc_hd__or4_2)
                                                         _1554_ (net)
                      0.293303    0.000000    3.707616 v _2068_/C (sky130_fd_sc_hd__or4_2)
     2    0.002468    0.211604    1.503009    5.210625 v _2068_/X (sky130_fd_sc_hd__or4_2)
                                                         _1558_ (net)
                      0.211604    0.000000    5.210625 v _2071_/D (sky130_fd_sc_hd__or4_2)
     5    0.009598    0.274957    1.438041    6.648666 v _2071_/X (sky130_fd_sc_hd__or4_2)
                                                         _1561_ (net)
                      0.274957    0.000000    6.648666 v _2073_/D (sky130_fd_sc_hd__or4_2)
     9    0.031218    0.394774    1.657388    8.306054 v _2073_/X (sky130_fd_sc_hd__or4_2)
                                                         _1563_ (net)
                      0.394774    0.000000    8.306054 v _2075_/D (sky130_fd_sc_hd__or4_2)
     6    0.017453    0.329186    1.603357    9.909411 v _2075_/X (sky130_fd_sc_hd__or4_2)
                                                         _1565_ (net)
                      0.329186    0.000000    9.909411 v _2076_/C (sky130_fd_sc_hd__or3_2)
     3    0.010818    0.218878    1.149049   11.058460 v _2076_/X (sky130_fd_sc_hd__or3_2)
                                                         _1566_ (net)
                      0.218878    0.000000   11.058460 v _2093_/A (sky130_fd_sc_hd__and2_2)
     5    0.014168    0.121063    0.482657   11.541117 v _2093_/X (sky130_fd_sc_hd__and2_2)
                                                         _1583_ (net)
                      0.121063    0.000000   11.541117 v _2094_/B (sky130_fd_sc_hd__or2_2)
     3    0.006052    0.132774    0.669598   12.210714 v _2094_/X (sky130_fd_sc_hd__or2_2)
                                                         _1584_ (net)
                      0.132774    0.000000   12.210714 v _2169_/A1 (sky130_fd_sc_hd__a41o_2)
     1    0.002258    0.062380    0.401991   12.612706 v _2169_/X (sky130_fd_sc_hd__a41o_2)
                                                         _1659_ (net)
                      0.062380    0.000000   12.612706 v _2171_/B1 (sky130_fd_sc_hd__a21o_2)
     1    0.001671    0.052226    0.322288   12.934994 v _2171_/X (sky130_fd_sc_hd__a21o_2)
                                                         _1661_ (net)
                      0.052226    0.000000   12.934994 v _2173_/A2_N (sky130_fd_sc_hd__o2bb2a_2)
    26    0.067730    0.567406    0.839453   13.774446 ^ _2173_/X (sky130_fd_sc_hd__o2bb2a_2)
                                                         _1663_ (net)
                      0.567406    0.000000   13.774446 ^ _2176_/A1 (sky130_fd_sc_hd__o21a_2)
    22    0.069759    0.582897    0.834192   14.608639 ^ _2176_/X (sky130_fd_sc_hd__o21a_2)
                                                         _1666_ (net)
                      0.582897    0.000000   14.608639 ^ _2607_/S (sky130_fd_sc_hd__mux2_1)
     1    0.001838    0.103096    0.834299   15.442938 v _2607_/X (sky130_fd_sc_hd__mux2_1)
                                                         _0727_ (net)
                      0.103096    0.000000   15.442938 v _4670_/D (sky130_fd_sc_hd__dfrtp_2)
                                             15.442938   data arrival time

                      0.150000   10.000000   10.000000   clock clk (rise edge)
                                  0.000000   10.000000   clock network delay (ideal)
                                 -0.250000    9.750000   clock uncertainty
                                  0.000000    9.750000   clock reconvergence pessimism
                                              9.750000 ^ _4670_/CLK (sky130_fd_sc_hd__dfrtp_2)
                                 -0.269096    9.480905   library setup time
                                              9.480905   data required time
---------------------------------------------------------------------------------------------
                                              9.480905   data required time
                                            -15.442938   data arrival time
---------------------------------------------------------------------------------------------
                                             -5.962034   slack (VIOLATED)




===========================================================================
report_checks --slack_max -0.01
============================================================================
======================= nom_ss_100C_1v60 Corner ===================================

Startpoint: count[3] (input port clocked by clk)
Endpoint: _4670_ (rising edge-triggered flip-flop clocked by clk)
Path Group: clk
Path Type: max

Fanout         Cap        Slew       Delay        Time   Description
---------------------------------------------------------------------------------------------
                      0.150000    0.000000    0.000000   clock clk (rise edge)
                                  0.000000    0.000000   clock network delay (ideal)
                                  2.000000    2.000000 v input external delay
     3    0.009818    0.047659    0.030734    2.030734 v count[3] (in)
                                                         count[3] (net)
                      0.047659    0.000000    2.030734 v _2064_/A (sky130_fd_sc_hd__or4_2)
     7    0.012293    0.293303    1.676881    3.707616 v _2064_/X (sky130_fd_sc_hd__or4_2)
                                                         _1554_ (net)
                      0.293303    0.000000    3.707616 v _2068_/C (sky130_fd_sc_hd__or4_2)
     2    0.002468    0.211604    1.503009    5.210625 v _2068_/X (sky130_fd_sc_hd__or4_2)
                                                         _1558_ (net)
                      0.211604    0.000000    5.210625 v _2071_/D (sky130_fd_sc_hd__or4_2)
     5    0.009598    0.274957    1.438041    6.648666 v _2071_/X (sky130_fd_sc_hd__or4_2)
                                                         _1561_ (net)
                      0.274957    0.000000    6.648666 v _2073_/D (sky130_fd_sc_hd__or4_2)
     9    0.031218    0.394774    1.657388    8.306054 v _2073_/X (sky130_fd_sc_hd__or4_2)
                                                         _1563_ (net)
                      0.394774    0.000000    8.306054 v _2075_/D (sky130_fd_sc_hd__or4_2)
     6    0.017453    0.329186    1.603357    9.909411 v _2075_/X (sky130_fd_sc_hd__or4_2)
                                                         _1565_ (net)
                      0.329186    0.000000    9.909411 v _2076_/C (sky130_fd_sc_hd__or3_2)
     3    0.010818    0.218878    1.149049   11.058460 v _2076_/X (sky130_fd_sc_hd__or3_2)
                                                         _1566_ (net)
                      0.218878    0.000000   11.058460 v _2093_/A (sky130_fd_sc_hd__and2_2)
     5    0.014168    0.121063    0.482657   11.541117 v _2093_/X (sky130_fd_sc_hd__and2_2)
                                                         _1583_ (net)
                      0.121063    0.000000   11.541117 v _2094_/B (sky130_fd_sc_hd__or2_2)
     3    0.006052    0.132774    0.669598   12.210714 v _2094_/X (sky130_fd_sc_hd__or2_2)
                                                         _1584_ (net)
                      0.132774    0.000000   12.210714 v _2169_/A1 (sky130_fd_sc_hd__a41o_2)
     1    0.002258    0.062380    0.401991   12.612706 v _2169_/X (sky130_fd_sc_hd__a41o_2)
                                                         _1659_ (net)
                      0.062380    0.000000   12.612706 v _2171_/B1 (sky130_fd_sc_hd__a21o_2)
     1    0.001671    0.052226    0.322288   12.934994 v _2171_/X (sky130_fd_sc_hd__a21o_2)
                                                         _1661_ (net)
                      0.052226    0.000000   12.934994 v _2173_/A2_N (sky130_fd_sc_hd__o2bb2a_2)
    26    0.067730    0.567406    0.839453   13.774446 ^ _2173_/X (sky130_fd_sc_hd__o2bb2a_2)
                                                         _1663_ (net)
                      0.567406    0.000000   13.774446 ^ _2176_/A1 (sky130_fd_sc_hd__o21a_2)
    22    0.069759    0.582897    0.834192   14.608639 ^ _2176_/X (sky130_fd_sc_hd__o21a_2)
                                                         _1666_ (net)
                      0.582897    0.000000   14.608639 ^ _2607_/S (sky130_fd_sc_hd__mux2_1)
     1    0.001838    0.103096    0.834299   15.442938 v _2607_/X (sky130_fd_sc_hd__mux2_1)
                                                         _0727_ (net)
                      0.103096    0.000000   15.442938 v _4670_/D (sky130_fd_sc_hd__dfrtp_2)
                                             15.442938   data arrival time

                      0.150000   10.000000   10.000000   clock clk (rise edge)
                                  0.000000   10.000000   clock network delay (ideal)
                                 -0.250000    9.750000   clock uncertainty
                                  0.000000    9.750000   clock reconvergence pessimism
                                              9.750000 ^ _4670_/CLK (sky130_fd_sc_hd__dfrtp_2)
                                 -0.269096    9.480905   library setup time
                                              9.480905   data required time
---------------------------------------------------------------------------------------------
                                              9.480905   data required time
                                            -15.442938   data arrival time
---------------------------------------------------------------------------------------------
                                             -5.962034   slack (VIOLATED)




===========================================================================
 report_check_types -max_slew -max_cap -max_fanout -violators
============================================================================
======================= nom_ss_100C_1v60 Corner ===================================

max slew

Pin                                        Limit        Slew       Slack
------------------------------------------------------------------------
arst_i                                  0.750000    5.744884   -4.994884 (VIOLATED)
_3227_/A                                0.750000    5.744884   -4.994884 (VIOLATED)
_3250_/A                                0.750000    5.744884   -4.994884 (VIOLATED)
_3284_/A                                0.750000    5.744884   -4.994884 (VIOLATED)
_3439_/A                                0.750000    5.744884   -4.994884 (VIOLATED)
_3440_/A                                0.750000    5.744884   -4.994884 (VIOLATED)
_3441_/A                                0.750000    5.744884   -4.994884 (VIOLATED)
_3442_/A                                0.750000    5.744884   -4.994884 (VIOLATED)
_3443_/A                                0.750000    5.744884   -4.994884 (VIOLATED)
_3444_/A                                0.750000    5.744884   -4.994884 (VIOLATED)
_3445_/A                                0.750000    5.744884   -4.994884 (VIOLATED)
_3446_/A                                0.750000    5.744884   -4.994884 (VIOLATED)
_3447_/A                                0.750000    5.744884   -4.994884 (VIOLATED)
_3448_/A                                0.750000    5.744884   -4.994884 (VIOLATED)
_3449_/A                                0.750000    5.744884   -4.994884 (VIOLATED)
_3450_/A                                0.750000    5.744884   -4.994884 (VIOLATED)
_3451_/A                                0.750000    5.744884   -4.994884 (VIOLATED)
_3452_/A                                0.750000    5.744884   -4.994884 (VIOLATED)
_3453_/A                                0.750000    5.744884   -4.994884 (VIOLATED)
_3454_/A                                0.750000    5.744884   -4.994884 (VIOLATED)
_3455_/A                                0.750000    5.744884   -4.994884 (VIOLATED)
_3456_/A                                0.750000    5.744884   -4.994884 (VIOLATED)
_3457_/A                                0.750000    5.744884   -4.994884 (VIOLATED)
_3458_/A                                0.750000    5.744884   -4.994884 (VIOLATED)
_3459_/A                                0.750000    5.744884   -4.994884 (VIOLATED)
_3460_/A                                0.750000    5.744884   -4.994884 (VIOLATED)
_3461_/A                                0.750000    5.744884   -4.994884 (VIOLATED)
_3462_/A                                0.750000    5.744884   -4.994884 (VIOLATED)
_3463_/A                                0.750000    5.744884   -4.994884 (VIOLATED)
_3464_/A                                0.750000    5.744884   -4.994884 (VIOLATED)
_3465_/A                                0.750000    5.744884   -4.994884 (VIOLATED)
_3466_/A                                0.750000    5.744884   -4.994884 (VIOLATED)
_3467_/A                                0.750000    5.744884   -4.994884 (VIOLATED)
_3468_/A                                0.750000    5.744884   -4.994884 (VIOLATED)
_3469_/A                                0.750000    5.744884   -4.994884 (VIOLATED)
_3470_/A                                0.750000    5.744884   -4.994884 (VIOLATED)
_3471_/A                                0.750000    5.744884   -4.994884 (VIOLATED)
_3472_/A                                0.750000    5.744884   -4.994884 (VIOLATED)
_3473_/A                                0.750000    5.744884   -4.994884 (VIOLATED)
_3474_/A                                0.750000    5.744884   -4.994884 (VIOLATED)
_3475_/A                                0.750000    5.744884   -4.994884 (VIOLATED)
_3476_/A                                0.750000    5.744884   -4.994884 (VIOLATED)
_3477_/A                                0.750000    5.744884   -4.994884 (VIOLATED)
_3478_/A                                0.750000    5.744884   -4.994884 (VIOLATED)
_3479_/A                                0.750000    5.744884   -4.994884 (VIOLATED)
_3480_/A                                0.750000    5.744884   -4.994884 (VIOLATED)
_3481_/A                                0.750000    5.744884   -4.994884 (VIOLATED)
_3482_/A                                0.750000    5.744884   -4.994884 (VIOLATED)
_3483_/A                                0.750000    5.744884   -4.994884 (VIOLATED)
_3484_/A                                0.750000    5.744884   -4.994884 (VIOLATED)
_3485_/A                                0.750000    5.744884   -4.994884 (VIOLATED)
_3486_/A                                0.750000    5.744884   -4.994884 (VIOLATED)
_3487_/A                                0.750000    5.744884   -4.994884 (VIOLATED)
_3488_/A                                0.750000    5.744884   -4.994884 (VIOLATED)
_3489_/A                                0.750000    5.744884   -4.994884 (VIOLATED)
_3490_/A                                0.750000    5.744884   -4.994884 (VIOLATED)
_3491_/A                                0.750000    5.744884   -4.994884 (VIOLATED)
_3492_/A                                0.750000    5.744884   -4.994884 (VIOLATED)
_3493_/A                                0.750000    5.744884   -4.994884 (VIOLATED)
_3494_/A                                0.750000    5.744884   -4.994884 (VIOLATED)
_3495_/A                                0.750000    5.744884   -4.994884 (VIOLATED)
_3496_/A                                0.750000    5.744884   -4.994884 (VIOLATED)
_3497_/A                                0.750000    5.744884   -4.994884 (VIOLATED)
_3498_/A                                0.750000    5.744884   -4.994884 (VIOLATED)
_3499_/A                                0.750000    5.744884   -4.994884 (VIOLATED)
_3500_/A                                0.750000    5.744884   -4.994884 (VIOLATED)
_3501_/A                                0.750000    5.744884   -4.994884 (VIOLATED)
_3502_/A                                0.750000    5.744884   -4.994884 (VIOLATED)
_3503_/A                                0.750000    5.744884   -4.994884 (VIOLATED)
_3504_/A                                0.750000    5.744884   -4.994884 (VIOLATED)
_3505_/A                                0.750000    5.744884   -4.994884 (VIOLATED)
_3506_/A                                0.750000    5.744884   -4.994884 (VIOLATED)
_3507_/A                                0.750000    5.744884   -4.994884 (VIOLATED)
_3508_/A                                0.750000    5.744884   -4.994884 (VIOLATED)
_3509_/A                                0.750000    5.744884   -4.994884 (VIOLATED)
_3510_/A                                0.750000    5.744884   -4.994884 (VIOLATED)
_3511_/A                                0.750000    5.744884   -4.994884 (VIOLATED)
_3512_/A                                0.750000    5.744884   -4.994884 (VIOLATED)
_3513_/A                                0.750000    5.744884   -4.994884 (VIOLATED)
_3514_/A                                0.750000    5.744884   -4.994884 (VIOLATED)
_3515_/A                                0.750000    5.744884   -4.994884 (VIOLATED)
_3516_/A                                0.750000    5.744884   -4.994884 (VIOLATED)
_3517_/A                                0.750000    5.744884   -4.994884 (VIOLATED)
_3518_/A                                0.750000    5.744884   -4.994884 (VIOLATED)
_3519_/A                                0.750000    5.744884   -4.994884 (VIOLATED)
_3520_/A                                0.750000    5.744884   -4.994884 (VIOLATED)
_3521_/A                                0.750000    5.744884   -4.994884 (VIOLATED)
_3522_/A                                0.750000    5.744884   -4.994884 (VIOLATED)
_3523_/A                                0.750000    5.744884   -4.994884 (VIOLATED)
_3524_/A                                0.750000    5.744884   -4.994884 (VIOLATED)
_3525_/A                                0.750000    5.744884   -4.994884 (VIOLATED)
_3526_/A                                0.750000    5.744884   -4.994884 (VIOLATED)
_3527_/A                                0.750000    5.744884   -4.994884 (VIOLATED)
_3528_/A                                0.750000    5.744884   -4.994884 (VIOLATED)
_3529_/A                                0.750000    5.744884   -4.994884 (VIOLATED)
_3530_/A                                0.750000    5.744884   -4.994884 (VIOLATED)
_3531_/A                                0.750000    5.744884   -4.994884 (VIOLATED)
_3532_/A                                0.750000    5.744884   -4.994884 (VIOLATED)
_3533_/A                                0.750000    5.744884   -4.994884 (VIOLATED)
_3534_/A                                0.750000    5.744884   -4.994884 (VIOLATED)
_3535_/A                                0.750000    5.744884   -4.994884 (VIOLATED)
_3536_/A                                0.750000    5.744884   -4.994884 (VIOLATED)
_3537_/A                                0.750000    5.744884   -4.994884 (VIOLATED)
_3538_/A                                0.750000    5.744884   -4.994884 (VIOLATED)
_3539_/A                                0.750000    5.744884   -4.994884 (VIOLATED)
_3540_/A                                0.750000    5.744884   -4.994884 (VIOLATED)
_3541_/A                                0.750000    5.744884   -4.994884 (VIOLATED)
_3542_/A                                0.750000    5.744884   -4.994884 (VIOLATED)
_3543_/A                                0.750000    5.744884   -4.994884 (VIOLATED)
_3544_/A                                0.750000    5.744884   -4.994884 (VIOLATED)
_3545_/A                                0.750000    5.744884   -4.994884 (VIOLATED)
_3546_/A                                0.750000    5.744884   -4.994884 (VIOLATED)
_3547_/A                                0.750000    5.744884   -4.994884 (VIOLATED)
_3548_/A                                0.750000    5.744884   -4.994884 (VIOLATED)
_3549_/A                                0.750000    5.744884   -4.994884 (VIOLATED)
_3550_/A                                0.750000    5.744884   -4.994884 (VIOLATED)
_3551_/A                                0.750000    5.744884   -4.994884 (VIOLATED)
_3552_/A                                0.750000    5.744884   -4.994884 (VIOLATED)
_3553_/A                                0.750000    5.744884   -4.994884 (VIOLATED)
_3554_/A                                0.750000    5.744884   -4.994884 (VIOLATED)
_3555_/A                                0.750000    5.744884   -4.994884 (VIOLATED)
_3556_/A                                0.750000    5.744884   -4.994884 (VIOLATED)
_3557_/A                                0.750000    5.744884   -4.994884 (VIOLATED)
_3558_/A                                0.750000    5.744884   -4.994884 (VIOLATED)
_3559_/A                                0.750000    5.744884   -4.994884 (VIOLATED)
_3560_/A                                0.750000    5.744884   -4.994884 (VIOLATED)
_3561_/A                                0.750000    5.744884   -4.994884 (VIOLATED)
_3562_/A                                0.750000    5.744884   -4.994884 (VIOLATED)
_3563_/A                                0.750000    5.744884   -4.994884 (VIOLATED)
_3564_/A                                0.750000    5.744884   -4.994884 (VIOLATED)
_3565_/A                                0.750000    5.744884   -4.994884 (VIOLATED)
_3566_/A                                0.750000    5.744884   -4.994884 (VIOLATED)
_3567_/A                                0.750000    5.744884   -4.994884 (VIOLATED)
_3568_/A                                0.750000    5.744884   -4.994884 (VIOLATED)
_3569_/A                                0.750000    5.744884   -4.994884 (VIOLATED)
_3570_/A                                0.750000    5.744884   -4.994884 (VIOLATED)
_3571_/A                                0.750000    5.744884   -4.994884 (VIOLATED)
_3572_/A                                0.750000    5.744884   -4.994884 (VIOLATED)
_3573_/A                                0.750000    5.744884   -4.994884 (VIOLATED)
_3574_/A                                0.750000    5.744884   -4.994884 (VIOLATED)
_3575_/A                                0.750000    5.744884   -4.994884 (VIOLATED)
_3576_/A                                0.750000    5.744884   -4.994884 (VIOLATED)
_3577_/A                                0.750000    5.744884   -4.994884 (VIOLATED)
_3578_/A                                0.750000    5.744884   -4.994884 (VIOLATED)
_3579_/A                                0.750000    5.744884   -4.994884 (VIOLATED)
_3580_/A                                0.750000    5.744884   -4.994884 (VIOLATED)
_3581_/A                                0.750000    5.744884   -4.994884 (VIOLATED)
_3582_/A                                0.750000    5.744884   -4.994884 (VIOLATED)
_3583_/A                                0.750000    5.744884   -4.994884 (VIOLATED)
_3584_/A                                0.750000    5.744884   -4.994884 (VIOLATED)
_3585_/A                                0.750000    5.744884   -4.994884 (VIOLATED)
_3586_/A                                0.750000    5.744884   -4.994884 (VIOLATED)
_3587_/A                                0.750000    5.744884   -4.994884 (VIOLATED)
_3588_/A                                0.750000    5.744884   -4.994884 (VIOLATED)
_3589_/A                                0.750000    5.744884   -4.994884 (VIOLATED)
_3590_/A                                0.750000    5.744884   -4.994884 (VIOLATED)
_3591_/A                                0.750000    5.744884   -4.994884 (VIOLATED)
_3592_/A                                0.750000    5.744884   -4.994884 (VIOLATED)
_3593_/A                                0.750000    5.744884   -4.994884 (VIOLATED)
_3594_/A                                0.750000    5.744884   -4.994884 (VIOLATED)
_3595_/A                                0.750000    5.744884   -4.994884 (VIOLATED)
_3596_/A                                0.750000    5.744884   -4.994884 (VIOLATED)
_3597_/A                                0.750000    5.744884   -4.994884 (VIOLATED)
_3598_/A                                0.750000    5.744884   -4.994884 (VIOLATED)
_3599_/A                                0.750000    5.744884   -4.994884 (VIOLATED)
_3600_/A                                0.750000    5.744884   -4.994884 (VIOLATED)
_3601_/A                                0.750000    5.744884   -4.994884 (VIOLATED)
_3602_/A                                0.750000    5.744884   -4.994884 (VIOLATED)
_3603_/A                                0.750000    5.744884   -4.994884 (VIOLATED)
_3604_/A                                0.750000    5.744884   -4.994884 (VIOLATED)
_3605_/A                                0.750000    5.744884   -4.994884 (VIOLATED)
_3606_/A                                0.750000    5.744884   -4.994884 (VIOLATED)
_3607_/A                                0.750000    5.744884   -4.994884 (VIOLATED)
_3608_/A                                0.750000    5.744884   -4.994884 (VIOLATED)
_3609_/A                                0.750000    5.744884   -4.994884 (VIOLATED)
_3610_/A                                0.750000    5.744884   -4.994884 (VIOLATED)
_3611_/A                                0.750000    5.744884   -4.994884 (VIOLATED)
_3612_/A                                0.750000    5.744884   -4.994884 (VIOLATED)
_3635_/A                                0.750000    5.744884   -4.994884 (VIOLATED)
_2505_/B                                0.750000    5.265180   -4.515180 (VIOLATED)
_2510_/A1                               0.750000    5.265180   -4.515180 (VIOLATED)
_3628_/A                                0.750000    5.265180   -4.515180 (VIOLATED)
_3774_/S0                               0.750000    5.265180   -4.515180 (VIOLATED)
_3775_/S0                               0.750000    5.265180   -4.515180 (VIOLATED)
_3777_/S0                               0.750000    5.265180   -4.515180 (VIOLATED)
_3778_/S0                               0.750000    5.265180   -4.515180 (VIOLATED)
_3784_/A                                0.750000    5.265180   -4.515180 (VIOLATED)
_3790_/S0                               0.750000    5.265180   -4.515180 (VIOLATED)
_3791_/S0                               0.750000    5.265180   -4.515180 (VIOLATED)
_3792_/S0                               0.750000    5.265180   -4.515180 (VIOLATED)
_3793_/S0                               0.750000    5.265180   -4.515180 (VIOLATED)
_3796_/S0                               0.750000    5.265180   -4.515180 (VIOLATED)
_3797_/S0                               0.750000    5.265180   -4.515180 (VIOLATED)
_3798_/S0                               0.750000    5.265180   -4.515180 (VIOLATED)
_3799_/S0                               0.750000    5.265180   -4.515180 (VIOLATED)
_3802_/S0                               0.750000    5.265180   -4.515180 (VIOLATED)
_3803_/S0                               0.750000    5.265180   -4.515180 (VIOLATED)
_3804_/S0                               0.750000    5.265180   -4.515180 (VIOLATED)
_3805_/S0                               0.750000    5.265180   -4.515180 (VIOLATED)
_3808_/S0                               0.750000    5.265180   -4.515180 (VIOLATED)
_3809_/S0                               0.750000    5.265180   -4.515180 (VIOLATED)
_3811_/S0                               0.750000    5.265180   -4.515180 (VIOLATED)
_3812_/S0                               0.750000    5.265180   -4.515180 (VIOLATED)
_3816_/S0                               0.750000    5.265180   -4.515180 (VIOLATED)
_3817_/S0                               0.750000    5.265180   -4.515180 (VIOLATED)
_3818_/S0                               0.750000    5.265180   -4.515180 (VIOLATED)
_3819_/S0                               0.750000    5.265180   -4.515180 (VIOLATED)
_3822_/S0                               0.750000    5.265180   -4.515180 (VIOLATED)
_3823_/S0                               0.750000    5.265180   -4.515180 (VIOLATED)
_3825_/S0                               0.750000    5.265180   -4.515180 (VIOLATED)
_3826_/S0                               0.750000    5.265180   -4.515180 (VIOLATED)
_3830_/S0                               0.750000    5.265180   -4.515180 (VIOLATED)
_3831_/S0                               0.750000    5.265180   -4.515180 (VIOLATED)
_3832_/S0                               0.750000    5.265180   -4.515180 (VIOLATED)
_3833_/S0                               0.750000    5.265180   -4.515180 (VIOLATED)
_3836_/S0                               0.750000    5.265180   -4.515180 (VIOLATED)
_3837_/S0                               0.750000    5.265180   -4.515180 (VIOLATED)
_3839_/S0                               0.750000    5.265180   -4.515180 (VIOLATED)
_3840_/S0                               0.750000    5.265180   -4.515180 (VIOLATED)
_3844_/S0                               0.750000    5.265180   -4.515180 (VIOLATED)
_3845_/S0                               0.750000    5.265180   -4.515180 (VIOLATED)
_3847_/S0                               0.750000    5.265180   -4.515180 (VIOLATED)
_3848_/S0                               0.750000    5.265180   -4.515180 (VIOLATED)
_3852_/S0                               0.750000    5.265180   -4.515180 (VIOLATED)
_3853_/S0                               0.750000    5.265180   -4.515180 (VIOLATED)
_3854_/S0                               0.750000    5.265180   -4.515180 (VIOLATED)
_3855_/S0                               0.750000    5.265180   -4.515180 (VIOLATED)
_3858_/S0                               0.750000    5.265180   -4.515180 (VIOLATED)
_3859_/S0                               0.750000    5.265180   -4.515180 (VIOLATED)
_3861_/S0                               0.750000    5.265180   -4.515180 (VIOLATED)
_3862_/S0                               0.750000    5.265180   -4.515180 (VIOLATED)
_3866_/S0                               0.750000    5.265180   -4.515180 (VIOLATED)
_3867_/S0                               0.750000    5.265180   -4.515180 (VIOLATED)
_3868_/S0                               0.750000    5.265180   -4.515180 (VIOLATED)
_3869_/S0                               0.750000    5.265180   -4.515180 (VIOLATED)
_3872_/S0                               0.750000    5.265180   -4.515180 (VIOLATED)
_3873_/S0                               0.750000    5.265180   -4.515180 (VIOLATED)
_3874_/S0                               0.750000    5.265180   -4.515180 (VIOLATED)
_3875_/S0                               0.750000    5.265180   -4.515180 (VIOLATED)
_3878_/S0                               0.750000    5.265180   -4.515180 (VIOLATED)
_3879_/S0                               0.750000    5.265180   -4.515180 (VIOLATED)
_3880_/S0                               0.750000    5.265180   -4.515180 (VIOLATED)
_3881_/S0                               0.750000    5.265180   -4.515180 (VIOLATED)
_3884_/S0                               0.750000    5.265180   -4.515180 (VIOLATED)
_3885_/S0                               0.750000    5.265180   -4.515180 (VIOLATED)
_3886_/S0                               0.750000    5.265180   -4.515180 (VIOLATED)
_3887_/S0                               0.750000    5.265180   -4.515180 (VIOLATED)
_3890_/S0                               0.750000    5.265180   -4.515180 (VIOLATED)
_3891_/S0                               0.750000    5.265180   -4.515180 (VIOLATED)
_3893_/S0                               0.750000    5.265180   -4.515180 (VIOLATED)
_3894_/S0                               0.750000    5.265180   -4.515180 (VIOLATED)
_3898_/S0                               0.750000    5.265180   -4.515180 (VIOLATED)
_3899_/S0                               0.750000    5.265180   -4.515180 (VIOLATED)
_3900_/S0                               0.750000    5.265180   -4.515180 (VIOLATED)
_3901_/S0                               0.750000    5.265180   -4.515180 (VIOLATED)
_3904_/S0                               0.750000    5.265180   -4.515180 (VIOLATED)
_3905_/S0                               0.750000    5.265180   -4.515180 (VIOLATED)
_3907_/S0                               0.750000    5.265180   -4.515180 (VIOLATED)
_3908_/S0                               0.750000    5.265180   -4.515180 (VIOLATED)
_3912_/S0                               0.750000    5.265180   -4.515180 (VIOLATED)
_3913_/S0                               0.750000    5.265180   -4.515180 (VIOLATED)
_3914_/S0                               0.750000    5.265180   -4.515180 (VIOLATED)
_3915_/S0                               0.750000    5.265180   -4.515180 (VIOLATED)
_3918_/S0                               0.750000    5.265180   -4.515180 (VIOLATED)
_3919_/S0                               0.750000    5.265180   -4.515180 (VIOLATED)
_3921_/S0                               0.750000    5.265180   -4.515180 (VIOLATED)
_3922_/S0                               0.750000    5.265180   -4.515180 (VIOLATED)
_3926_/S0                               0.750000    5.265180   -4.515180 (VIOLATED)
_3927_/S0                               0.750000    5.265180   -4.515180 (VIOLATED)
_3928_/S0                               0.750000    5.265180   -4.515180 (VIOLATED)
_3929_/S0                               0.750000    5.265180   -4.515180 (VIOLATED)
_3932_/S0                               0.750000    5.265180   -4.515180 (VIOLATED)
_3933_/S0                               0.750000    5.265180   -4.515180 (VIOLATED)
_3935_/S0                               0.750000    5.265180   -4.515180 (VIOLATED)
_3936_/S0                               0.750000    5.265180   -4.515180 (VIOLATED)
_3940_/S0                               0.750000    5.265180   -4.515180 (VIOLATED)
_3941_/S0                               0.750000    5.265180   -4.515180 (VIOLATED)
_3942_/S0                               0.750000    5.265180   -4.515180 (VIOLATED)
_3943_/S0                               0.750000    5.265180   -4.515180 (VIOLATED)
_3946_/S0                               0.750000    5.265180   -4.515180 (VIOLATED)
_3947_/S0                               0.750000    5.265180   -4.515180 (VIOLATED)
_3949_/S0                               0.750000    5.265180   -4.515180 (VIOLATED)
_3950_/S0                               0.750000    5.265180   -4.515180 (VIOLATED)
_3954_/S0                               0.750000    5.265180   -4.515180 (VIOLATED)
_3955_/S0                               0.750000    5.265180   -4.515180 (VIOLATED)
_3957_/S0                               0.750000    5.265180   -4.515180 (VIOLATED)
_3958_/S0                               0.750000    5.265180   -4.515180 (VIOLATED)
_3962_/S0                               0.750000    5.265180   -4.515180 (VIOLATED)
_3963_/S0                               0.750000    5.265180   -4.515180 (VIOLATED)
_3964_/S0                               0.750000    5.265180   -4.515180 (VIOLATED)
_3965_/S0                               0.750000    5.265180   -4.515180 (VIOLATED)
_3968_/S0                               0.750000    5.265180   -4.515180 (VIOLATED)
_3969_/S0                               0.750000    5.265180   -4.515180 (VIOLATED)
_3971_/S0                               0.750000    5.265180   -4.515180 (VIOLATED)
_3972_/S0                               0.750000    5.265180   -4.515180 (VIOLATED)
_3976_/S0                               0.750000    5.265180   -4.515180 (VIOLATED)
_3977_/S0                               0.750000    5.265180   -4.515180 (VIOLATED)
_3978_/S0                               0.750000    5.265180   -4.515180 (VIOLATED)
_3979_/S0                               0.750000    5.265180   -4.515180 (VIOLATED)
_3982_/S0                               0.750000    5.265180   -4.515180 (VIOLATED)
_3983_/S0                               0.750000    5.265180   -4.515180 (VIOLATED)
_3984_/S0                               0.750000    5.265180   -4.515180 (VIOLATED)
_3985_/S0                               0.750000    5.265180   -4.515180 (VIOLATED)
_3988_/S0                               0.750000    5.265180   -4.515180 (VIOLATED)
_3989_/S0                               0.750000    5.265180   -4.515180 (VIOLATED)
_3990_/S0                               0.750000    5.265180   -4.515180 (VIOLATED)
_3991_/S0                               0.750000    5.265180   -4.515180 (VIOLATED)
_3994_/S0                               0.750000    5.265180   -4.515180 (VIOLATED)
_3995_/S0                               0.750000    5.265180   -4.515180 (VIOLATED)
_3996_/S0                               0.750000    5.265180   -4.515180 (VIOLATED)
_3997_/S0                               0.750000    5.265180   -4.515180 (VIOLATED)
_4692_/Q                                0.750000    5.265180   -4.515180 (VIOLATED)
_2505_/A                                0.750000    3.082652   -2.332652 (VIOLATED)
_2510_/B1                               0.750000    3.082652   -2.332652 (VIOLATED)
_3774_/S1                               0.750000    3.082652   -2.332652 (VIOLATED)
_3775_/S1                               0.750000    3.082652   -2.332652 (VIOLATED)
_3777_/S1                               0.750000    3.082652   -2.332652 (VIOLATED)
_3778_/S1                               0.750000    3.082652   -2.332652 (VIOLATED)
_3785_/A                                0.750000    3.082652   -2.332652 (VIOLATED)
_3790_/S1                               0.750000    3.082652   -2.332652 (VIOLATED)
_3791_/S1                               0.750000    3.082652   -2.332652 (VIOLATED)
_3792_/S1                               0.750000    3.082652   -2.332652 (VIOLATED)
_3793_/S1                               0.750000    3.082652   -2.332652 (VIOLATED)
_3796_/S1                               0.750000    3.082652   -2.332652 (VIOLATED)
_3797_/S1                               0.750000    3.082652   -2.332652 (VIOLATED)
_3798_/S1                               0.750000    3.082652   -2.332652 (VIOLATED)
_3799_/S1                               0.750000    3.082652   -2.332652 (VIOLATED)
_3802_/S1                               0.750000    3.082652   -2.332652 (VIOLATED)
_3803_/S1                               0.750000    3.082652   -2.332652 (VIOLATED)
_3804_/S1                               0.750000    3.082652   -2.332652 (VIOLATED)
_3805_/S1                               0.750000    3.082652   -2.332652 (VIOLATED)
_3808_/S1                               0.750000    3.082652   -2.332652 (VIOLATED)
_3809_/S1                               0.750000    3.082652   -2.332652 (VIOLATED)
_3811_/S1                               0.750000    3.082652   -2.332652 (VIOLATED)
_3812_/S1                               0.750000    3.082652   -2.332652 (VIOLATED)
_3816_/S1                               0.750000    3.082652   -2.332652 (VIOLATED)
_3817_/S1                               0.750000    3.082652   -2.332652 (VIOLATED)
_3818_/S1                               0.750000    3.082652   -2.332652 (VIOLATED)
_3819_/S1                               0.750000    3.082652   -2.332652 (VIOLATED)
_3822_/S1                               0.750000    3.082652   -2.332652 (VIOLATED)
_3823_/S1                               0.750000    3.082652   -2.332652 (VIOLATED)
_3825_/S1                               0.750000    3.082652   -2.332652 (VIOLATED)
_3826_/S1                               0.750000    3.082652   -2.332652 (VIOLATED)
_3830_/S1                               0.750000    3.082652   -2.332652 (VIOLATED)
_3831_/S1                               0.750000    3.082652   -2.332652 (VIOLATED)
_3832_/S1                               0.750000    3.082652   -2.332652 (VIOLATED)
_3833_/S1                               0.750000    3.082652   -2.332652 (VIOLATED)
_3836_/S1                               0.750000    3.082652   -2.332652 (VIOLATED)
_3837_/S1                               0.750000    3.082652   -2.332652 (VIOLATED)
_3839_/S1                               0.750000    3.082652   -2.332652 (VIOLATED)
_3840_/S1                               0.750000    3.082652   -2.332652 (VIOLATED)
_3844_/S1                               0.750000    3.082652   -2.332652 (VIOLATED)
_3845_/S1                               0.750000    3.082652   -2.332652 (VIOLATED)
_3847_/S1                               0.750000    3.082652   -2.332652 (VIOLATED)
_3848_/S1                               0.750000    3.082652   -2.332652 (VIOLATED)
_3852_/S1                               0.750000    3.082652   -2.332652 (VIOLATED)
_3853_/S1                               0.750000    3.082652   -2.332652 (VIOLATED)
_3854_/S1                               0.750000    3.082652   -2.332652 (VIOLATED)
_3855_/S1                               0.750000    3.082652   -2.332652 (VIOLATED)
_3858_/S1                               0.750000    3.082652   -2.332652 (VIOLATED)
_3859_/S1                               0.750000    3.082652   -2.332652 (VIOLATED)
_3861_/S1                               0.750000    3.082652   -2.332652 (VIOLATED)
_3862_/S1                               0.750000    3.082652   -2.332652 (VIOLATED)
_3866_/S1                               0.750000    3.082652   -2.332652 (VIOLATED)
_3867_/S1                               0.750000    3.082652   -2.332652 (VIOLATED)
_3868_/S1                               0.750000    3.082652   -2.332652 (VIOLATED)
_3869_/S1                               0.750000    3.082652   -2.332652 (VIOLATED)
_3872_/S1                               0.750000    3.082652   -2.332652 (VIOLATED)
_3873_/S1                               0.750000    3.082652   -2.332652 (VIOLATED)
_3874_/S1                               0.750000    3.082652   -2.332652 (VIOLATED)
_3875_/S1                               0.750000    3.082652   -2.332652 (VIOLATED)
_3878_/S1                               0.750000    3.082652   -2.332652 (VIOLATED)
_3879_/S1                               0.750000    3.082652   -2.332652 (VIOLATED)
_3880_/S1                               0.750000    3.082652   -2.332652 (VIOLATED)
_3881_/S1                               0.750000    3.082652   -2.332652 (VIOLATED)
_3884_/S1                               0.750000    3.082652   -2.332652 (VIOLATED)
_3885_/S1                               0.750000    3.082652   -2.332652 (VIOLATED)
_3886_/S1                               0.750000    3.082652   -2.332652 (VIOLATED)
_3887_/S1                               0.750000    3.082652   -2.332652 (VIOLATED)
_3890_/S1                               0.750000    3.082652   -2.332652 (VIOLATED)
_3891_/S1                               0.750000    3.082652   -2.332652 (VIOLATED)
_3893_/S1                               0.750000    3.082652   -2.332652 (VIOLATED)
_3894_/S1                               0.750000    3.082652   -2.332652 (VIOLATED)
_3898_/S1                               0.750000    3.082652   -2.332652 (VIOLATED)
_3899_/S1                               0.750000    3.082652   -2.332652 (VIOLATED)
_3900_/S1                               0.750000    3.082652   -2.332652 (VIOLATED)
_3901_/S1                               0.750000    3.082652   -2.332652 (VIOLATED)
_3904_/S1                               0.750000    3.082652   -2.332652 (VIOLATED)
_3905_/S1                               0.750000    3.082652   -2.332652 (VIOLATED)
_3907_/S1                               0.750000    3.082652   -2.332652 (VIOLATED)
_3908_/S1                               0.750000    3.082652   -2.332652 (VIOLATED)
_3912_/S1                               0.750000    3.082652   -2.332652 (VIOLATED)
_3913_/S1                               0.750000    3.082652   -2.332652 (VIOLATED)
_3914_/S1                               0.750000    3.082652   -2.332652 (VIOLATED)
_3915_/S1                               0.750000    3.082652   -2.332652 (VIOLATED)
_3918_/S1                               0.750000    3.082652   -2.332652 (VIOLATED)
_3919_/S1                               0.750000    3.082652   -2.332652 (VIOLATED)
_3921_/S1                               0.750000    3.082652   -2.332652 (VIOLATED)
_3922_/S1                               0.750000    3.082652   -2.332652 (VIOLATED)
_3926_/S1                               0.750000    3.082652   -2.332652 (VIOLATED)
_3927_/S1                               0.750000    3.082652   -2.332652 (VIOLATED)
_3928_/S1                               0.750000    3.082652   -2.332652 (VIOLATED)
_3929_/S1                               0.750000    3.082652   -2.332652 (VIOLATED)
_3932_/S1                               0.750000    3.082652   -2.332652 (VIOLATED)
_3933_/S1                               0.750000    3.082652   -2.332652 (VIOLATED)
_3935_/S1                               0.750000    3.082652   -2.332652 (VIOLATED)
_3936_/S1                               0.750000    3.082652   -2.332652 (VIOLATED)
_3940_/S1                               0.750000    3.082652   -2.332652 (VIOLATED)
_3941_/S1                               0.750000    3.082652   -2.332652 (VIOLATED)
_3942_/S1                               0.750000    3.082652   -2.332652 (VIOLATED)
_3943_/S1                               0.750000    3.082652   -2.332652 (VIOLATED)
_3946_/S1                               0.750000    3.082652   -2.332652 (VIOLATED)
_3947_/S1                               0.750000    3.082652   -2.332652 (VIOLATED)
_3949_/S1                               0.750000    3.082652   -2.332652 (VIOLATED)
_3950_/S1                               0.750000    3.082652   -2.332652 (VIOLATED)
_3954_/S1                               0.750000    3.082652   -2.332652 (VIOLATED)
_3955_/S1                               0.750000    3.082652   -2.332652 (VIOLATED)
_3957_/S1                               0.750000    3.082652   -2.332652 (VIOLATED)
_3958_/S1                               0.750000    3.082652   -2.332652 (VIOLATED)
_3962_/S1                               0.750000    3.082652   -2.332652 (VIOLATED)
_3963_/S1                               0.750000    3.082652   -2.332652 (VIOLATED)
_3964_/S1                               0.750000    3.082652   -2.332652 (VIOLATED)
_3965_/S1                               0.750000    3.082652   -2.332652 (VIOLATED)
_3968_/S1                               0.750000    3.082652   -2.332652 (VIOLATED)
_3969_/S1                               0.750000    3.082652   -2.332652 (VIOLATED)
_3971_/S1                               0.750000    3.082652   -2.332652 (VIOLATED)
_3972_/S1                               0.750000    3.082652   -2.332652 (VIOLATED)
_3976_/S1                               0.750000    3.082652   -2.332652 (VIOLATED)
_3977_/S1                               0.750000    3.082652   -2.332652 (VIOLATED)
_3978_/S1                               0.750000    3.082652   -2.332652 (VIOLATED)
_3979_/S1                               0.750000    3.082652   -2.332652 (VIOLATED)
_3982_/S1                               0.750000    3.082652   -2.332652 (VIOLATED)
_3983_/S1                               0.750000    3.082652   -2.332652 (VIOLATED)
_3984_/S1                               0.750000    3.082652   -2.332652 (VIOLATED)
_3985_/S1                               0.750000    3.082652   -2.332652 (VIOLATED)
_3988_/S1                               0.750000    3.082652   -2.332652 (VIOLATED)
_3989_/S1                               0.750000    3.082652   -2.332652 (VIOLATED)
_3990_/S1                               0.750000    3.082652   -2.332652 (VIOLATED)
_3991_/S1                               0.750000    3.082652   -2.332652 (VIOLATED)
_3994_/S1                               0.750000    3.082652   -2.332652 (VIOLATED)
_3995_/S1                               0.750000    3.082652   -2.332652 (VIOLATED)
_3996_/S1                               0.750000    3.082652   -2.332652 (VIOLATED)
_3997_/S1                               0.750000    3.082652   -2.332652 (VIOLATED)
_4693_/Q                                0.750000    3.082652   -2.332652 (VIOLATED)
_3284_/Y                                0.750000    1.999323   -1.249323 (VIOLATED)
_3285_/S                                0.750000    1.999323   -1.249323 (VIOLATED)
_3286_/S                                0.750000    1.999323   -1.249323 (VIOLATED)
_3287_/S                                0.750000    1.999323   -1.249323 (VIOLATED)
_3288_/S                                0.750000    1.999323   -1.249323 (VIOLATED)
_3289_/S                                0.750000    1.999323   -1.249323 (VIOLATED)
_3290_/S                                0.750000    1.999323   -1.249323 (VIOLATED)
_3291_/S                                0.750000    1.999323   -1.249323 (VIOLATED)
_3292_/S                                0.750000    1.999323   -1.249323 (VIOLATED)
_3293_/S                                0.750000    1.999323   -1.249323 (VIOLATED)
_3294_/S                                0.750000    1.999323   -1.249323 (VIOLATED)
_3295_/S                                0.750000    1.999323   -1.249323 (VIOLATED)
_3296_/S                                0.750000    1.999323   -1.249323 (VIOLATED)
_3297_/S                                0.750000    1.999323   -1.249323 (VIOLATED)
_3298_/S                                0.750000    1.999323   -1.249323 (VIOLATED)
_3299_/S                                0.750000    1.999323   -1.249323 (VIOLATED)
_3300_/S                                0.750000    1.999323   -1.249323 (VIOLATED)
_3301_/S                                0.750000    1.999323   -1.249323 (VIOLATED)
_3302_/S                                0.750000    1.999323   -1.249323 (VIOLATED)
_3303_/S                                0.750000    1.999323   -1.249323 (VIOLATED)
_3304_/S                                0.750000    1.999323   -1.249323 (VIOLATED)
_3305_/S                                0.750000    1.999323   -1.249323 (VIOLATED)
_3306_/S                                0.750000    1.999323   -1.249323 (VIOLATED)
_3307_/S                                0.750000    1.999323   -1.249323 (VIOLATED)
_3308_/S                                0.750000    1.999323   -1.249323 (VIOLATED)
_3309_/S                                0.750000    1.999323   -1.249323 (VIOLATED)
_3310_/S                                0.750000    1.999323   -1.249323 (VIOLATED)
_3311_/S                                0.750000    1.999323   -1.249323 (VIOLATED)
_3312_/S                                0.750000    1.999323   -1.249323 (VIOLATED)
_3313_/S                                0.750000    1.999323   -1.249323 (VIOLATED)
_3314_/S                                0.750000    1.999323   -1.249323 (VIOLATED)
_3315_/S                                0.750000    1.999323   -1.249323 (VIOLATED)
_3316_/S                                0.750000    1.999323   -1.249323 (VIOLATED)
_2620_/Y                                0.750000    1.860639   -1.110639 (VIOLATED)
_2622_/A                                0.750000    1.860639   -1.110639 (VIOLATED)
_2872_/S                                0.750000    1.860639   -1.110639 (VIOLATED)
_2873_/S                                0.750000    1.860639   -1.110639 (VIOLATED)
_2874_/S                                0.750000    1.860639   -1.110639 (VIOLATED)
_2875_/S                                0.750000    1.860639   -1.110639 (VIOLATED)
_2876_/S                                0.750000    1.860639   -1.110639 (VIOLATED)
_2877_/S                                0.750000    1.860639   -1.110639 (VIOLATED)
_2878_/S                                0.750000    1.860639   -1.110639 (VIOLATED)
_2879_/S                                0.750000    1.860639   -1.110639 (VIOLATED)
_2880_/S                                0.750000    1.860639   -1.110639 (VIOLATED)
_2881_/S                                0.750000    1.860639   -1.110639 (VIOLATED)
_2882_/S                                0.750000    1.860639   -1.110639 (VIOLATED)
_2883_/S                                0.750000    1.860639   -1.110639 (VIOLATED)
_2884_/S                                0.750000    1.860639   -1.110639 (VIOLATED)
_2885_/S                                0.750000    1.860639   -1.110639 (VIOLATED)
_2886_/S                                0.750000    1.860639   -1.110639 (VIOLATED)
_2887_/S                                0.750000    1.860639   -1.110639 (VIOLATED)
_2888_/S                                0.750000    1.860639   -1.110639 (VIOLATED)
_2889_/S                                0.750000    1.860639   -1.110639 (VIOLATED)
_2890_/S                                0.750000    1.860639   -1.110639 (VIOLATED)
_2891_/S                                0.750000    1.860639   -1.110639 (VIOLATED)
_2892_/S                                0.750000    1.860639   -1.110639 (VIOLATED)
_2893_/S                                0.750000    1.860639   -1.110639 (VIOLATED)
_2894_/S                                0.750000    1.860639   -1.110639 (VIOLATED)
_2895_/S                                0.750000    1.860639   -1.110639 (VIOLATED)
_2896_/S                                0.750000    1.860639   -1.110639 (VIOLATED)
_2897_/S                                0.750000    1.860639   -1.110639 (VIOLATED)
_2898_/S                                0.750000    1.860639   -1.110639 (VIOLATED)
_2899_/S                                0.750000    1.860639   -1.110639 (VIOLATED)
_2900_/S                                0.750000    1.860639   -1.110639 (VIOLATED)
_2901_/S                                0.750000    1.860639   -1.110639 (VIOLATED)
_2902_/S                                0.750000    1.860639   -1.110639 (VIOLATED)
_2903_/S                                0.750000    1.860639   -1.110639 (VIOLATED)
_2608_/B                                0.750000    1.798490   -1.048490 (VIOLATED)
_2613_/A1                               0.750000    1.798490   -1.048490 (VIOLATED)
_2615_/A                                0.750000    1.798490   -1.048490 (VIOLATED)
_4006_/A                                0.750000    1.798490   -1.048490 (VIOLATED)
_4008_/S0                               0.750000    1.798490   -1.048490 (VIOLATED)
_4010_/S0                               0.750000    1.798490   -1.048490 (VIOLATED)
_4012_/S0                               0.750000    1.798490   -1.048490 (VIOLATED)
_4013_/S0                               0.750000    1.798490   -1.048490 (VIOLATED)
_4019_/S0                               0.750000    1.798490   -1.048490 (VIOLATED)
_4021_/S0                               0.750000    1.798490   -1.048490 (VIOLATED)
_4023_/S0                               0.750000    1.798490   -1.048490 (VIOLATED)
_4024_/S0                               0.750000    1.798490   -1.048490 (VIOLATED)
_4030_/S0                               0.750000    1.798490   -1.048490 (VIOLATED)
_4032_/S0                               0.750000    1.798490   -1.048490 (VIOLATED)
_4034_/S0                               0.750000    1.798490   -1.048490 (VIOLATED)
_4035_/S0                               0.750000    1.798490   -1.048490 (VIOLATED)
_4041_/S0                               0.750000    1.798490   -1.048490 (VIOLATED)
_4043_/S0                               0.750000    1.798490   -1.048490 (VIOLATED)
_4045_/S0                               0.750000    1.798490   -1.048490 (VIOLATED)
_4046_/S0                               0.750000    1.798490   -1.048490 (VIOLATED)
_4052_/S0                               0.750000    1.798490   -1.048490 (VIOLATED)
_4054_/S0                               0.750000    1.798490   -1.048490 (VIOLATED)
_4056_/S0                               0.750000    1.798490   -1.048490 (VIOLATED)
_4057_/S0                               0.750000    1.798490   -1.048490 (VIOLATED)
_4063_/S0                               0.750000    1.798490   -1.048490 (VIOLATED)
_4065_/S0                               0.750000    1.798490   -1.048490 (VIOLATED)
_4067_/S0                               0.750000    1.798490   -1.048490 (VIOLATED)
_4068_/S0                               0.750000    1.798490   -1.048490 (VIOLATED)
_4074_/S0                               0.750000    1.798490   -1.048490 (VIOLATED)
_4076_/S0                               0.750000    1.798490   -1.048490 (VIOLATED)
_4078_/S0                               0.750000    1.798490   -1.048490 (VIOLATED)
_4079_/S0                               0.750000    1.798490   -1.048490 (VIOLATED)
_4085_/S0                               0.750000    1.798490   -1.048490 (VIOLATED)
_4087_/S0                               0.750000    1.798490   -1.048490 (VIOLATED)
_4089_/S0                               0.750000    1.798490   -1.048490 (VIOLATED)
_4090_/S0                               0.750000    1.798490   -1.048490 (VIOLATED)
_4096_/S0                               0.750000    1.798490   -1.048490 (VIOLATED)
_4098_/S0                               0.750000    1.798490   -1.048490 (VIOLATED)
_4100_/S0                               0.750000    1.798490   -1.048490 (VIOLATED)
_4101_/S0                               0.750000    1.798490   -1.048490 (VIOLATED)
_4107_/S0                               0.750000    1.798490   -1.048490 (VIOLATED)
_4108_/S0                               0.750000    1.798490   -1.048490 (VIOLATED)
_4111_/S0                               0.750000    1.798490   -1.048490 (VIOLATED)
_4113_/S0                               0.750000    1.798490   -1.048490 (VIOLATED)
_4656_/Q                                0.750000    1.798490   -1.048490 (VIOLATED)
_2608_/C                                0.750000    1.539409   -0.789409 (VIOLATED)
_2613_/A2                               0.750000    1.539409   -0.789409 (VIOLATED)
_2615_/B                                0.750000    1.539409   -0.789409 (VIOLATED)
_4007_/Y                                0.750000    1.539409   -0.789409 (VIOLATED)
_4017_/A                                0.750000    1.539409   -0.789409 (VIOLATED)
_4018_/A2                               0.750000    1.539409   -0.789409 (VIOLATED)
_4028_/A                                0.750000    1.539409   -0.789409 (VIOLATED)
_4029_/A2                               0.750000    1.539409   -0.789409 (VIOLATED)
_4039_/A                                0.750000    1.539409   -0.789409 (VIOLATED)
_4040_/A2                               0.750000    1.539409   -0.789409 (VIOLATED)
_4050_/A                                0.750000    1.539409   -0.789409 (VIOLATED)
_4051_/A2                               0.750000    1.539409   -0.789409 (VIOLATED)
_4061_/A                                0.750000    1.539409   -0.789409 (VIOLATED)
_4062_/A2                               0.750000    1.539409   -0.789409 (VIOLATED)
_4072_/A                                0.750000    1.539409   -0.789409 (VIOLATED)
_4073_/A2                               0.750000    1.539409   -0.789409 (VIOLATED)
_4083_/A                                0.750000    1.539409   -0.789409 (VIOLATED)
_4084_/A2                               0.750000    1.539409   -0.789409 (VIOLATED)
_4094_/A                                0.750000    1.539409   -0.789409 (VIOLATED)
_4095_/A2                               0.750000    1.539409   -0.789409 (VIOLATED)
_4105_/A                                0.750000    1.539409   -0.789409 (VIOLATED)
_4106_/A2                               0.750000    1.539409   -0.789409 (VIOLATED)
_4116_/S                                0.750000    1.539409   -0.789409 (VIOLATED)
_3227_/Y                                0.750000    1.512596   -0.762596 (VIOLATED)
_3228_/S                                0.750000    1.512596   -0.762596 (VIOLATED)
_3229_/S                                0.750000    1.512596   -0.762596 (VIOLATED)
_3230_/S                                0.750000    1.512596   -0.762596 (VIOLATED)
_3231_/S                                0.750000    1.512596   -0.762596 (VIOLATED)
_3232_/S                                0.750000    1.512596   -0.762596 (VIOLATED)
_3233_/S                                0.750000    1.512596   -0.762596 (VIOLATED)
_3234_/S                                0.750000    1.512596   -0.762596 (VIOLATED)
_3235_/S                                0.750000    1.512596   -0.762596 (VIOLATED)
_3236_/S                                0.750000    1.512596   -0.762596 (VIOLATED)
_3237_/S                                0.750000    1.512596   -0.762596 (VIOLATED)
_3238_/S                                0.750000    1.512596   -0.762596 (VIOLATED)
_3239_/S                                0.750000    1.512596   -0.762596 (VIOLATED)
_3240_/S                                0.750000    1.512596   -0.762596 (VIOLATED)
_3241_/S                                0.750000    1.512596   -0.762596 (VIOLATED)
_3242_/S                                0.750000    1.512596   -0.762596 (VIOLATED)
_3243_/S                                0.750000    1.512596   -0.762596 (VIOLATED)
_3244_/S                                0.750000    1.512596   -0.762596 (VIOLATED)
_3245_/S                                0.750000    1.512596   -0.762596 (VIOLATED)
_3246_/S                                0.750000    1.512596   -0.762596 (VIOLATED)
_3247_/S                                0.750000    1.512596   -0.762596 (VIOLATED)
_3248_/S                                0.750000    1.512596   -0.762596 (VIOLATED)
_3249_/S                                0.750000    1.512596   -0.762596 (VIOLATED)
_3350_/Y                                0.750000    1.285880   -0.535880 (VIOLATED)
_3351_/S                                0.750000    1.285880   -0.535880 (VIOLATED)
_3352_/S                                0.750000    1.285880   -0.535880 (VIOLATED)
_3353_/S                                0.750000    1.285880   -0.535880 (VIOLATED)
_3354_/S                                0.750000    1.285880   -0.535880 (VIOLATED)
_3355_/S                                0.750000    1.285880   -0.535880 (VIOLATED)
_3356_/S                                0.750000    1.285880   -0.535880 (VIOLATED)
_3357_/S                                0.750000    1.285880   -0.535880 (VIOLATED)
_3358_/S                                0.750000    1.285880   -0.535880 (VIOLATED)
_3359_/S                                0.750000    1.285880   -0.535880 (VIOLATED)
_3360_/S                                0.750000    1.285880   -0.535880 (VIOLATED)
_3361_/S                                0.750000    1.285880   -0.535880 (VIOLATED)
_3362_/S                                0.750000    1.285880   -0.535880 (VIOLATED)
_3363_/S                                0.750000    1.285880   -0.535880 (VIOLATED)
_3364_/S                                0.750000    1.285880   -0.535880 (VIOLATED)
_3365_/S                                0.750000    1.285880   -0.535880 (VIOLATED)
_3366_/S                                0.750000    1.285880   -0.535880 (VIOLATED)
_3367_/S                                0.750000    1.285880   -0.535880 (VIOLATED)
_3368_/S                                0.750000    1.285880   -0.535880 (VIOLATED)
_3369_/S                                0.750000    1.285880   -0.535880 (VIOLATED)
_3370_/S                                0.750000    1.285880   -0.535880 (VIOLATED)
_3371_/S                                0.750000    1.285880   -0.535880 (VIOLATED)
_3372_/S                                0.750000    1.285880   -0.535880 (VIOLATED)
_3373_/S                                0.750000    1.285880   -0.535880 (VIOLATED)
_3374_/S                                0.750000    1.285880   -0.535880 (VIOLATED)
_3375_/S                                0.750000    1.285880   -0.535880 (VIOLATED)
_3376_/S                                0.750000    1.285880   -0.535880 (VIOLATED)
_3377_/S                                0.750000    1.285880   -0.535880 (VIOLATED)
_3378_/S                                0.750000    1.285880   -0.535880 (VIOLATED)
_3379_/S                                0.750000    1.285880   -0.535880 (VIOLATED)
_3380_/S                                0.750000    1.285880   -0.535880 (VIOLATED)
_3381_/S                                0.750000    1.285880   -0.535880 (VIOLATED)
_3382_/S                                0.750000    1.285880   -0.535880 (VIOLATED)
_2330_/A1                               0.750000    1.241535   -0.491535 (VIOLATED)
_2506_/A                                0.750000    1.241535   -0.491535 (VIOLATED)
_2508_/A                                0.750000    1.241535   -0.491535 (VIOLATED)
_3776_/S                                0.750000    1.241535   -0.491535 (VIOLATED)
_3779_/S                                0.750000    1.241535   -0.491535 (VIOLATED)
_3783_/A                                0.750000    1.241535   -0.491535 (VIOLATED)
_3794_/S1                               0.750000    1.241535   -0.491535 (VIOLATED)
_3800_/S1                               0.750000    1.241535   -0.491535 (VIOLATED)
_3806_/S1                               0.750000    1.241535   -0.491535 (VIOLATED)
_3810_/S                                0.750000    1.241535   -0.491535 (VIOLATED)
_3813_/S                                0.750000    1.241535   -0.491535 (VIOLATED)
_3820_/S1                               0.750000    1.241535   -0.491535 (VIOLATED)
_3824_/S                                0.750000    1.241535   -0.491535 (VIOLATED)
_3827_/S                                0.750000    1.241535   -0.491535 (VIOLATED)
_3834_/S1                               0.750000    1.241535   -0.491535 (VIOLATED)
_3838_/S                                0.750000    1.241535   -0.491535 (VIOLATED)
_3841_/S                                0.750000    1.241535   -0.491535 (VIOLATED)
_3846_/S                                0.750000    1.241535   -0.491535 (VIOLATED)
_3849_/S                                0.750000    1.241535   -0.491535 (VIOLATED)
_3856_/S1                               0.750000    1.241535   -0.491535 (VIOLATED)
_3860_/S                                0.750000    1.241535   -0.491535 (VIOLATED)
_3863_/S                                0.750000    1.241535   -0.491535 (VIOLATED)
_3870_/S1                               0.750000    1.241535   -0.491535 (VIOLATED)
_3876_/S1                               0.750000    1.241535   -0.491535 (VIOLATED)
_3882_/S1                               0.750000    1.241535   -0.491535 (VIOLATED)
_3888_/S1                               0.750000    1.241535   -0.491535 (VIOLATED)
_3892_/S                                0.750000    1.241535   -0.491535 (VIOLATED)
_3895_/S                                0.750000    1.241535   -0.491535 (VIOLATED)
_3902_/S1                               0.750000    1.241535   -0.491535 (VIOLATED)
_3906_/S                                0.750000    1.241535   -0.491535 (VIOLATED)
_3909_/S                                0.750000    1.241535   -0.491535 (VIOLATED)
_3916_/S1                               0.750000    1.241535   -0.491535 (VIOLATED)
_3920_/S                                0.750000    1.241535   -0.491535 (VIOLATED)
_3923_/S                                0.750000    1.241535   -0.491535 (VIOLATED)
_3930_/S1                               0.750000    1.241535   -0.491535 (VIOLATED)
_3934_/S                                0.750000    1.241535   -0.491535 (VIOLATED)
_3937_/S                                0.750000    1.241535   -0.491535 (VIOLATED)
_3944_/S1                               0.750000    1.241535   -0.491535 (VIOLATED)
_3948_/S                                0.750000    1.241535   -0.491535 (VIOLATED)
_3951_/S                                0.750000    1.241535   -0.491535 (VIOLATED)
_3956_/S                                0.750000    1.241535   -0.491535 (VIOLATED)
_3959_/S                                0.750000    1.241535   -0.491535 (VIOLATED)
_3966_/S1                               0.750000    1.241535   -0.491535 (VIOLATED)
_3970_/S                                0.750000    1.241535   -0.491535 (VIOLATED)
_3973_/S                                0.750000    1.241535   -0.491535 (VIOLATED)
_3980_/S1                               0.750000    1.241535   -0.491535 (VIOLATED)
_3986_/S1                               0.750000    1.241535   -0.491535 (VIOLATED)
_3992_/S1                               0.750000    1.241535   -0.491535 (VIOLATED)
_3998_/S1                               0.750000    1.241535   -0.491535 (VIOLATED)
_4694_/Q                                0.750000    1.241535   -0.491535 (VIOLATED)
_2507_/A                                0.750000    1.238897   -0.488897 (VIOLATED)
_3780_/A_N                              0.750000    1.238897   -0.488897 (VIOLATED)
_3781_/A                                0.750000    1.238897   -0.488897 (VIOLATED)
_3788_/A1                               0.750000    1.238897   -0.488897 (VIOLATED)
_3794_/S0                               0.750000    1.238897   -0.488897 (VIOLATED)
_3800_/S0                               0.750000    1.238897   -0.488897 (VIOLATED)
_3806_/S0                               0.750000    1.238897   -0.488897 (VIOLATED)
_3814_/S                                0.750000    1.238897   -0.488897 (VIOLATED)
_3820_/S0                               0.750000    1.238897   -0.488897 (VIOLATED)
_3828_/S                                0.750000    1.238897   -0.488897 (VIOLATED)
_3834_/S0                               0.750000    1.238897   -0.488897 (VIOLATED)
_3842_/S                                0.750000    1.238897   -0.488897 (VIOLATED)
_3850_/S                                0.750000    1.238897   -0.488897 (VIOLATED)
_3856_/S0                               0.750000    1.238897   -0.488897 (VIOLATED)
_3864_/S                                0.750000    1.238897   -0.488897 (VIOLATED)
_3870_/S0                               0.750000    1.238897   -0.488897 (VIOLATED)
_3876_/S0                               0.750000    1.238897   -0.488897 (VIOLATED)
_3882_/S0                               0.750000    1.238897   -0.488897 (VIOLATED)
_3888_/S0                               0.750000    1.238897   -0.488897 (VIOLATED)
_3896_/S                                0.750000    1.238897   -0.488897 (VIOLATED)
_3902_/S0                               0.750000    1.238897   -0.488897 (VIOLATED)
_3910_/S                                0.750000    1.238897   -0.488897 (VIOLATED)
_3916_/S0                               0.750000    1.238897   -0.488897 (VIOLATED)
_3924_/S                                0.750000    1.238897   -0.488897 (VIOLATED)
_3930_/S0                               0.750000    1.238897   -0.488897 (VIOLATED)
_3938_/S                                0.750000    1.238897   -0.488897 (VIOLATED)
_3944_/S0                               0.750000    1.238897   -0.488897 (VIOLATED)
_3952_/S                                0.750000    1.238897   -0.488897 (VIOLATED)
_3960_/S                                0.750000    1.238897   -0.488897 (VIOLATED)
_3966_/S0                               0.750000    1.238897   -0.488897 (VIOLATED)
_3974_/S                                0.750000    1.238897   -0.488897 (VIOLATED)
_3980_/S0                               0.750000    1.238897   -0.488897 (VIOLATED)
_3986_/S0                               0.750000    1.238897   -0.488897 (VIOLATED)
_3992_/S0                               0.750000    1.238897   -0.488897 (VIOLATED)
_3998_/S0                               0.750000    1.238897   -0.488897 (VIOLATED)
_4695_/Q                                0.750000    1.238897   -0.488897 (VIOLATED)
_2258_/X                                0.750000    1.091138   -0.341138 (VIOLATED)
_2272_/A                                0.750000    1.091138   -0.341138 (VIOLATED)
_2275_/A1                               0.750000    1.091138   -0.341138 (VIOLATED)
_2280_/A2                               0.750000    1.091138   -0.341138 (VIOLATED)
_2282_/B1                               0.750000    1.091138   -0.341138 (VIOLATED)
_2285_/A2                               0.750000    1.091138   -0.341138 (VIOLATED)
_2287_/B1                               0.750000    1.091138   -0.341138 (VIOLATED)
_2290_/A2                               0.750000    1.091138   -0.341138 (VIOLATED)
_2292_/B1                               0.750000    1.091138   -0.341138 (VIOLATED)
_2295_/A2                               0.750000    1.091138   -0.341138 (VIOLATED)
_2297_/B1                               0.750000    1.091138   -0.341138 (VIOLATED)
_2300_/A2                               0.750000    1.091138   -0.341138 (VIOLATED)
_2302_/B1                               0.750000    1.091138   -0.341138 (VIOLATED)
_2305_/A2                               0.750000    1.091138   -0.341138 (VIOLATED)
_2307_/B1                               0.750000    1.091138   -0.341138 (VIOLATED)
_2310_/A2                               0.750000    1.091138   -0.341138 (VIOLATED)
_2312_/B1                               0.750000    1.091138   -0.341138 (VIOLATED)
_2315_/A2                               0.750000    1.091138   -0.341138 (VIOLATED)
_2318_/B1                               0.750000    1.091138   -0.341138 (VIOLATED)
_2320_/A2                               0.750000    1.091138   -0.341138 (VIOLATED)
_2322_/B1                               0.750000    1.091138   -0.341138 (VIOLATED)
_2325_/B                                0.750000    1.091138   -0.341138 (VIOLATED)
_2403_/A2                               0.750000    1.091138   -0.341138 (VIOLATED)
_2427_/S                                0.750000    1.091138   -0.341138 (VIOLATED)
_2430_/S                                0.750000    1.091138   -0.341138 (VIOLATED)
_2433_/B1                               0.750000    1.091138   -0.341138 (VIOLATED)
_2437_/B1                               0.750000    1.091138   -0.341138 (VIOLATED)
_2441_/S                                0.750000    1.091138   -0.341138 (VIOLATED)
_2444_/B1                               0.750000    1.091138   -0.341138 (VIOLATED)
_2448_/B1                               0.750000    1.091138   -0.341138 (VIOLATED)
_2452_/S                                0.750000    1.091138   -0.341138 (VIOLATED)
_2455_/B1                               0.750000    1.091138   -0.341138 (VIOLATED)
_2458_/A                                0.750000    1.091138   -0.341138 (VIOLATED)
_2467_/A2                               0.750000    1.091138   -0.341138 (VIOLATED)
_2473_/B1                               0.750000    1.091138   -0.341138 (VIOLATED)
_2477_/A2                               0.750000    1.091138   -0.341138 (VIOLATED)
_2480_/C1                               0.750000    1.091138   -0.341138 (VIOLATED)
_2484_/A2                               0.750000    1.091138   -0.341138 (VIOLATED)
_2485_/B1                               0.750000    1.091138   -0.341138 (VIOLATED)
_2490_/B2                               0.750000    1.091138   -0.341138 (VIOLATED)
_2492_/B1                               0.750000    1.091138   -0.341138 (VIOLATED)
_2495_/B2                               0.750000    1.091138   -0.341138 (VIOLATED)
_2188_/B2                               0.750000    1.066285   -0.316286 (VIOLATED)
_2193_/B2                               0.750000    1.066285   -0.316286 (VIOLATED)
_2198_/B2                               0.750000    1.066285   -0.316286 (VIOLATED)
_2203_/B2                               0.750000    1.066285   -0.316286 (VIOLATED)
_2208_/B2                               0.750000    1.066285   -0.316286 (VIOLATED)
_2213_/B2                               0.750000    1.066285   -0.316286 (VIOLATED)
_2218_/B2                               0.750000    1.066285   -0.316286 (VIOLATED)
_2223_/B2                               0.750000    1.066285   -0.316286 (VIOLATED)
_2228_/B2                               0.750000    1.066285   -0.316286 (VIOLATED)
_2233_/B2                               0.750000    1.066285   -0.316286 (VIOLATED)
_2238_/B1                               0.750000    1.066285   -0.316286 (VIOLATED)
_2528_/B2                               0.750000    1.066285   -0.316286 (VIOLATED)
_2530_/B                                0.750000    1.066285   -0.316286 (VIOLATED)
_2531_/B1                               0.750000    1.066285   -0.316286 (VIOLATED)
_2535_/A                                0.750000    1.066285   -0.316286 (VIOLATED)
_2536_/A2                               0.750000    1.066285   -0.316286 (VIOLATED)
_2539_/A2                               0.750000    1.066285   -0.316286 (VIOLATED)
_2542_/A                                0.750000    1.066285   -0.316286 (VIOLATED)
_2543_/A2                               0.750000    1.066285   -0.316286 (VIOLATED)
_2546_/B1                               0.750000    1.066285   -0.316286 (VIOLATED)
_2547_/A2                               0.750000    1.066285   -0.316286 (VIOLATED)
_2550_/A                                0.750000    1.066285   -0.316286 (VIOLATED)
_2551_/A2                               0.750000    1.066285   -0.316286 (VIOLATED)
_2554_/A                                0.750000    1.066285   -0.316286 (VIOLATED)
_2555_/A2                               0.750000    1.066285   -0.316286 (VIOLATED)
_2558_/B1                               0.750000    1.066285   -0.316286 (VIOLATED)
_2559_/A2                               0.750000    1.066285   -0.316286 (VIOLATED)
_2562_/A                                0.750000    1.066285   -0.316286 (VIOLATED)
_2563_/A2                               0.750000    1.066285   -0.316286 (VIOLATED)
_2566_/A                                0.750000    1.066285   -0.316286 (VIOLATED)
_2567_/A2                               0.750000    1.066285   -0.316286 (VIOLATED)
_2570_/B1                               0.750000    1.066285   -0.316286 (VIOLATED)
_2571_/A2                               0.750000    1.066285   -0.316286 (VIOLATED)
_2574_/A                                0.750000    1.066285   -0.316286 (VIOLATED)
_2575_/A2                               0.750000    1.066285   -0.316286 (VIOLATED)
_2581_/B                                0.750000    1.066285   -0.316286 (VIOLATED)
_2586_/A2                               0.750000    1.066285   -0.316286 (VIOLATED)
_2592_/B                                0.750000    1.066285   -0.316286 (VIOLATED)
_2600_/A                                0.750000    1.066285   -0.316286 (VIOLATED)
_2601_/A2                               0.750000    1.066285   -0.316286 (VIOLATED)
_2606_/S                                0.750000    1.066285   -0.316286 (VIOLATED)
_2647_/A2                               0.750000    1.066285   -0.316286 (VIOLATED)
_4118_/Y                                0.750000    1.066285   -0.316286 (VIOLATED)
_2608_/A                                0.750000    1.036105   -0.286105 (VIOLATED)
_2613_/B1                               0.750000    1.036105   -0.286105 (VIOLATED)
_4003_/B                                0.750000    1.036105   -0.286105 (VIOLATED)
_4004_/A_N                              0.750000    1.036105   -0.286105 (VIOLATED)
_4008_/S1                               0.750000    1.036105   -0.286105 (VIOLATED)
_4010_/S1                               0.750000    1.036105   -0.286105 (VIOLATED)
_4012_/S1                               0.750000    1.036105   -0.286105 (VIOLATED)
_4013_/S1                               0.750000    1.036105   -0.286105 (VIOLATED)
_4019_/S1                               0.750000    1.036105   -0.286105 (VIOLATED)
_4021_/S1                               0.750000    1.036105   -0.286105 (VIOLATED)
_4023_/S1                               0.750000    1.036105   -0.286105 (VIOLATED)
_4024_/S1                               0.750000    1.036105   -0.286105 (VIOLATED)
_4030_/S1                               0.750000    1.036105   -0.286105 (VIOLATED)
_4032_/S1                               0.750000    1.036105   -0.286105 (VIOLATED)
_4034_/S1                               0.750000    1.036105   -0.286105 (VIOLATED)
_4035_/S1                               0.750000    1.036105   -0.286105 (VIOLATED)
_4041_/S1                               0.750000    1.036105   -0.286105 (VIOLATED)
_4043_/S1                               0.750000    1.036105   -0.286105 (VIOLATED)
_4045_/S1                               0.750000    1.036105   -0.286105 (VIOLATED)
_4046_/S1                               0.750000    1.036105   -0.286105 (VIOLATED)
_4052_/S1                               0.750000    1.036105   -0.286105 (VIOLATED)
_4054_/S1                               0.750000    1.036105   -0.286105 (VIOLATED)
_4056_/S1                               0.750000    1.036105   -0.286105 (VIOLATED)
_4057_/S1                               0.750000    1.036105   -0.286105 (VIOLATED)
_4063_/S1                               0.750000    1.036105   -0.286105 (VIOLATED)
_4065_/S1                               0.750000    1.036105   -0.286105 (VIOLATED)
_4067_/S1                               0.750000    1.036105   -0.286105 (VIOLATED)
_4068_/S1                               0.750000    1.036105   -0.286105 (VIOLATED)
_4074_/S1                               0.750000    1.036105   -0.286105 (VIOLATED)
_4076_/S1                               0.750000    1.036105   -0.286105 (VIOLATED)
_4078_/S1                               0.750000    1.036105   -0.286105 (VIOLATED)
_4079_/S1                               0.750000    1.036105   -0.286105 (VIOLATED)
_4085_/S1                               0.750000    1.036105   -0.286105 (VIOLATED)
_4087_/S1                               0.750000    1.036105   -0.286105 (VIOLATED)
_4089_/S1                               0.750000    1.036105   -0.286105 (VIOLATED)
_4090_/S1                               0.750000    1.036105   -0.286105 (VIOLATED)
_4096_/S1                               0.750000    1.036105   -0.286105 (VIOLATED)
_4098_/S1                               0.750000    1.036105   -0.286105 (VIOLATED)
_4100_/S1                               0.750000    1.036105   -0.286105 (VIOLATED)
_4101_/S1                               0.750000    1.036105   -0.286105 (VIOLATED)
_4107_/S1                               0.750000    1.036105   -0.286105 (VIOLATED)
_4108_/S1                               0.750000    1.036105   -0.286105 (VIOLATED)
_4111_/S1                               0.750000    1.036105   -0.286105 (VIOLATED)
_4113_/S1                               0.750000    1.036105   -0.286105 (VIOLATED)
_4657_/Q                                0.750000    1.036105   -0.286105 (VIOLATED)
_2505_/C                                0.750000    0.984581   -0.234581 (VIOLATED)
_2510_/A2                               0.750000    0.984581   -0.234581 (VIOLATED)
_2512_/B                                0.750000    0.984581   -0.234581 (VIOLATED)
_3787_/X                                0.750000    0.984581   -0.234581 (VIOLATED)
_3788_/B1_N                             0.750000    0.984581   -0.234581 (VIOLATED)
_3789_/A2                               0.750000    0.984581   -0.234581 (VIOLATED)
_3795_/S                                0.750000    0.984581   -0.234581 (VIOLATED)
_3801_/S                                0.750000    0.984581   -0.234581 (VIOLATED)
_3807_/S                                0.750000    0.984581   -0.234581 (VIOLATED)
_3815_/S                                0.750000    0.984581   -0.234581 (VIOLATED)
_3821_/S                                0.750000    0.984581   -0.234581 (VIOLATED)
_3829_/S                                0.750000    0.984581   -0.234581 (VIOLATED)
_3835_/S                                0.750000    0.984581   -0.234581 (VIOLATED)
_3843_/S                                0.750000    0.984581   -0.234581 (VIOLATED)
_3851_/S                                0.750000    0.984581   -0.234581 (VIOLATED)
_3857_/S                                0.750000    0.984581   -0.234581 (VIOLATED)
_3865_/S                                0.750000    0.984581   -0.234581 (VIOLATED)
_3871_/S                                0.750000    0.984581   -0.234581 (VIOLATED)
_3877_/S                                0.750000    0.984581   -0.234581 (VIOLATED)
_3883_/S                                0.750000    0.984581   -0.234581 (VIOLATED)
_3889_/S                                0.750000    0.984581   -0.234581 (VIOLATED)
_3897_/S                                0.750000    0.984581   -0.234581 (VIOLATED)
_3903_/S                                0.750000    0.984581   -0.234581 (VIOLATED)
_3911_/S                                0.750000    0.984581   -0.234581 (VIOLATED)
_3917_/S                                0.750000    0.984581   -0.234581 (VIOLATED)
_3925_/S                                0.750000    0.984581   -0.234581 (VIOLATED)
_3931_/S                                0.750000    0.984581   -0.234581 (VIOLATED)
_3939_/S                                0.750000    0.984581   -0.234581 (VIOLATED)
_3945_/S                                0.750000    0.984581   -0.234581 (VIOLATED)
_3953_/S                                0.750000    0.984581   -0.234581 (VIOLATED)
_3961_/S                                0.750000    0.984581   -0.234581 (VIOLATED)
_3967_/S                                0.750000    0.984581   -0.234581 (VIOLATED)
_3975_/S                                0.750000    0.984581   -0.234581 (VIOLATED)
_3981_/S                                0.750000    0.984581   -0.234581 (VIOLATED)
_3987_/S                                0.750000    0.984581   -0.234581 (VIOLATED)
_3993_/S                                0.750000    0.984581   -0.234581 (VIOLATED)
_3999_/S                                0.750000    0.984581   -0.234581 (VIOLATED)
_2937_/X                                0.750000    0.940652   -0.190652 (VIOLATED)
_2938_/S                                0.750000    0.940652   -0.190652 (VIOLATED)
_2939_/S                                0.750000    0.940652   -0.190652 (VIOLATED)
_2940_/S                                0.750000    0.940652   -0.190652 (VIOLATED)
_2941_/S                                0.750000    0.940652   -0.190652 (VIOLATED)
_2942_/S                                0.750000    0.940652   -0.190652 (VIOLATED)
_2943_/S                                0.750000    0.940652   -0.190652 (VIOLATED)
_2944_/S                                0.750000    0.940652   -0.190652 (VIOLATED)
_2945_/S                                0.750000    0.940652   -0.190652 (VIOLATED)
_2946_/S                                0.750000    0.940652   -0.190652 (VIOLATED)
_2947_/S                                0.750000    0.940652   -0.190652 (VIOLATED)
_2948_/S                                0.750000    0.940652   -0.190652 (VIOLATED)
_2949_/S                                0.750000    0.940652   -0.190652 (VIOLATED)
_2950_/S                                0.750000    0.940652   -0.190652 (VIOLATED)
_2951_/S                                0.750000    0.940652   -0.190652 (VIOLATED)
_2952_/S                                0.750000    0.940652   -0.190652 (VIOLATED)
_2953_/S                                0.750000    0.940652   -0.190652 (VIOLATED)
_2954_/S                                0.750000    0.940652   -0.190652 (VIOLATED)
_2955_/S                                0.750000    0.940652   -0.190652 (VIOLATED)
_2956_/S                                0.750000    0.940652   -0.190652 (VIOLATED)
_2957_/S                                0.750000    0.940652   -0.190652 (VIOLATED)
_2958_/S                                0.750000    0.940652   -0.190652 (VIOLATED)
_2959_/S                                0.750000    0.940652   -0.190652 (VIOLATED)
_2960_/S                                0.750000    0.940652   -0.190652 (VIOLATED)
_2961_/S                                0.750000    0.940652   -0.190652 (VIOLATED)
_2962_/S                                0.750000    0.940652   -0.190652 (VIOLATED)
_2963_/S                                0.750000    0.940652   -0.190652 (VIOLATED)
_2964_/S                                0.750000    0.940652   -0.190652 (VIOLATED)
_2965_/S                                0.750000    0.940652   -0.190652 (VIOLATED)
_2966_/S                                0.750000    0.940652   -0.190652 (VIOLATED)
_2967_/S                                0.750000    0.940652   -0.190652 (VIOLATED)
_2968_/S                                0.750000    0.940652   -0.190652 (VIOLATED)
_2969_/S                                0.750000    0.940652   -0.190652 (VIOLATED)
_2805_/X                                0.750000    0.940621   -0.190621 (VIOLATED)
_2806_/S                                0.750000    0.940621   -0.190621 (VIOLATED)
_2807_/S                                0.750000    0.940621   -0.190621 (VIOLATED)
_2808_/S                                0.750000    0.940621   -0.190621 (VIOLATED)
_2809_/S                                0.750000    0.940621   -0.190621 (VIOLATED)
_2810_/S                                0.750000    0.940621   -0.190621 (VIOLATED)
_2811_/S                                0.750000    0.940621   -0.190621 (VIOLATED)
_2812_/S                                0.750000    0.940621   -0.190621 (VIOLATED)
_2813_/S                                0.750000    0.940621   -0.190621 (VIOLATED)
_2814_/S                                0.750000    0.940621   -0.190621 (VIOLATED)
_2815_/S                                0.750000    0.940621   -0.190621 (VIOLATED)
_2816_/S                                0.750000    0.940621   -0.190621 (VIOLATED)
_2817_/S                                0.750000    0.940621   -0.190621 (VIOLATED)
_2818_/S                                0.750000    0.940621   -0.190621 (VIOLATED)
_2819_/S                                0.750000    0.940621   -0.190621 (VIOLATED)
_2820_/S                                0.750000    0.940621   -0.190621 (VIOLATED)
_2821_/S                                0.750000    0.940621   -0.190621 (VIOLATED)
_2822_/S                                0.750000    0.940621   -0.190621 (VIOLATED)
_2823_/S                                0.750000    0.940621   -0.190621 (VIOLATED)
_2824_/S                                0.750000    0.940621   -0.190621 (VIOLATED)
_2825_/S                                0.750000    0.940621   -0.190621 (VIOLATED)
_2826_/S                                0.750000    0.940621   -0.190621 (VIOLATED)
_2827_/S                                0.750000    0.940621   -0.190621 (VIOLATED)
_2828_/S                                0.750000    0.940621   -0.190621 (VIOLATED)
_2829_/S                                0.750000    0.940621   -0.190621 (VIOLATED)
_2830_/S                                0.750000    0.940621   -0.190621 (VIOLATED)
_2831_/S                                0.750000    0.940621   -0.190621 (VIOLATED)
_2832_/S                                0.750000    0.940621   -0.190621 (VIOLATED)
_2833_/S                                0.750000    0.940621   -0.190621 (VIOLATED)
_2834_/S                                0.750000    0.940621   -0.190621 (VIOLATED)
_2835_/S                                0.750000    0.940621   -0.190621 (VIOLATED)
_2836_/S                                0.750000    0.940621   -0.190621 (VIOLATED)
_2837_/S                                0.750000    0.940621   -0.190621 (VIOLATED)
_2254_/Y                                0.750000    0.876649   -0.126649 (VIOLATED)
_2271_/B1                               0.750000    0.876649   -0.126649 (VIOLATED)
_2282_/A1                               0.750000    0.876649   -0.126649 (VIOLATED)
_2287_/A1                               0.750000    0.876649   -0.126649 (VIOLATED)
_2292_/A1                               0.750000    0.876649   -0.126649 (VIOLATED)
_2297_/A1                               0.750000    0.876649   -0.126649 (VIOLATED)
_2302_/A1                               0.750000    0.876649   -0.126649 (VIOLATED)
_2307_/A1                               0.750000    0.876649   -0.126649 (VIOLATED)
_2312_/A1                               0.750000    0.876649   -0.126649 (VIOLATED)
_2318_/A1                               0.750000    0.876649   -0.126649 (VIOLATED)
_2322_/A1                               0.750000    0.876649   -0.126649 (VIOLATED)
_2457_/B1                               0.750000    0.876649   -0.126649 (VIOLATED)
_2461_/B1                               0.750000    0.876649   -0.126649 (VIOLATED)
_2463_/B                                0.750000    0.876649   -0.126649 (VIOLATED)
_2466_/B2                               0.750000    0.876649   -0.126649 (VIOLATED)
_2468_/B1                               0.750000    0.876649   -0.126649 (VIOLATED)
_2472_/B                                0.750000    0.876649   -0.126649 (VIOLATED)
_2473_/A1                               0.750000    0.876649   -0.126649 (VIOLATED)
_2476_/B2                               0.750000    0.876649   -0.126649 (VIOLATED)
_2479_/B                                0.750000    0.876649   -0.126649 (VIOLATED)
_2480_/A1                               0.750000    0.876649   -0.126649 (VIOLATED)
_2483_/A2                               0.750000    0.876649   -0.126649 (VIOLATED)
_2485_/A1                               0.750000    0.876649   -0.126649 (VIOLATED)
_2488_/A                                0.750000    0.876649   -0.126649 (VIOLATED)
_2489_/A2                               0.750000    0.876649   -0.126649 (VIOLATED)
_2492_/A2                               0.750000    0.876649   -0.126649 (VIOLATED)
_2494_/B                                0.750000    0.876649   -0.126649 (VIOLATED)
_2497_/A2                               0.750000    0.876649   -0.126649 (VIOLATED)
_2500_/A2                               0.750000    0.876649   -0.126649 (VIOLATED)
_3072_/Y                                0.750000    0.866238   -0.116238 (VIOLATED)
_3073_/S                                0.750000    0.866238   -0.116238 (VIOLATED)
_3074_/S                                0.750000    0.866238   -0.116238 (VIOLATED)
_3075_/S                                0.750000    0.866238   -0.116238 (VIOLATED)
_3076_/S                                0.750000    0.866238   -0.116238 (VIOLATED)
_3077_/S                                0.750000    0.866238   -0.116238 (VIOLATED)
_3078_/S                                0.750000    0.866238   -0.116238 (VIOLATED)
_3079_/S                                0.750000    0.866238   -0.116238 (VIOLATED)
_3080_/S                                0.750000    0.866238   -0.116238 (VIOLATED)
_3081_/S                                0.750000    0.866238   -0.116238 (VIOLATED)
_3082_/S                                0.750000    0.866238   -0.116238 (VIOLATED)
_3083_/S                                0.750000    0.866238   -0.116238 (VIOLATED)
_3084_/S                                0.750000    0.866238   -0.116238 (VIOLATED)
_3085_/S                                0.750000    0.866238   -0.116238 (VIOLATED)
_3086_/S                                0.750000    0.866238   -0.116238 (VIOLATED)
_3087_/S                                0.750000    0.866238   -0.116238 (VIOLATED)
_3088_/S                                0.750000    0.866238   -0.116238 (VIOLATED)
_3089_/S                                0.750000    0.866238   -0.116238 (VIOLATED)
_3090_/S                                0.750000    0.866238   -0.116238 (VIOLATED)
_3091_/S                                0.750000    0.866238   -0.116238 (VIOLATED)
_3092_/S                                0.750000    0.866238   -0.116238 (VIOLATED)
_3093_/S                                0.750000    0.866238   -0.116238 (VIOLATED)
_3094_/S                                0.750000    0.866238   -0.116238 (VIOLATED)
_3095_/S                                0.750000    0.866238   -0.116238 (VIOLATED)
_3096_/S                                0.750000    0.866238   -0.116238 (VIOLATED)
_3097_/S                                0.750000    0.866238   -0.116238 (VIOLATED)
_3098_/S                                0.750000    0.866238   -0.116238 (VIOLATED)
_3099_/S                                0.750000    0.866238   -0.116238 (VIOLATED)
_3100_/S                                0.750000    0.866238   -0.116238 (VIOLATED)
_3101_/S                                0.750000    0.866238   -0.116238 (VIOLATED)
_3102_/S                                0.750000    0.866238   -0.116238 (VIOLATED)
_3103_/S                                0.750000    0.866238   -0.116238 (VIOLATED)
_3104_/S                                0.750000    0.866238   -0.116238 (VIOLATED)
_3105_/X                                0.750000    0.864186   -0.114186 (VIOLATED)
_3106_/S                                0.750000    0.864186   -0.114186 (VIOLATED)
_3107_/S                                0.750000    0.864186   -0.114186 (VIOLATED)
_3108_/S                                0.750000    0.864186   -0.114186 (VIOLATED)
_3109_/S                                0.750000    0.864186   -0.114186 (VIOLATED)
_3110_/S                                0.750000    0.864186   -0.114186 (VIOLATED)
_3111_/S                                0.750000    0.864186   -0.114186 (VIOLATED)
_3112_/S                                0.750000    0.864186   -0.114186 (VIOLATED)
_3113_/S                                0.750000    0.864186   -0.114186 (VIOLATED)
_3114_/S                                0.750000    0.864186   -0.114186 (VIOLATED)
_3115_/S                                0.750000    0.864186   -0.114186 (VIOLATED)
_3116_/S                                0.750000    0.864186   -0.114186 (VIOLATED)
_3117_/S                                0.750000    0.864186   -0.114186 (VIOLATED)
_3118_/S                                0.750000    0.864186   -0.114186 (VIOLATED)
_3119_/S                                0.750000    0.864186   -0.114186 (VIOLATED)
_3120_/S                                0.750000    0.864186   -0.114186 (VIOLATED)
_3121_/S                                0.750000    0.864186   -0.114186 (VIOLATED)
_3122_/S                                0.750000    0.864186   -0.114186 (VIOLATED)
_3123_/S                                0.750000    0.864186   -0.114186 (VIOLATED)
_3124_/S                                0.750000    0.864186   -0.114186 (VIOLATED)
_3125_/S                                0.750000    0.864186   -0.114186 (VIOLATED)
_3126_/S                                0.750000    0.864186   -0.114186 (VIOLATED)
_3127_/S                                0.750000    0.864186   -0.114186 (VIOLATED)
_3128_/S                                0.750000    0.864186   -0.114186 (VIOLATED)
_3129_/S                                0.750000    0.864186   -0.114186 (VIOLATED)
_3130_/S                                0.750000    0.864186   -0.114186 (VIOLATED)
_3131_/S                                0.750000    0.864186   -0.114186 (VIOLATED)
_3132_/S                                0.750000    0.864186   -0.114186 (VIOLATED)
_3133_/S                                0.750000    0.864186   -0.114186 (VIOLATED)
_3134_/S                                0.750000    0.864186   -0.114186 (VIOLATED)
_3135_/S                                0.750000    0.864186   -0.114186 (VIOLATED)
_3136_/S                                0.750000    0.864186   -0.114186 (VIOLATED)
_3137_/S                                0.750000    0.864186   -0.114186 (VIOLATED)
_3039_/X                                0.750000    0.863696   -0.113696 (VIOLATED)
_3040_/S                                0.750000    0.863696   -0.113696 (VIOLATED)
_3041_/S                                0.750000    0.863696   -0.113696 (VIOLATED)
_3042_/S                                0.750000    0.863696   -0.113696 (VIOLATED)
_3043_/S                                0.750000    0.863696   -0.113696 (VIOLATED)
_3044_/S                                0.750000    0.863696   -0.113696 (VIOLATED)
_3045_/S                                0.750000    0.863696   -0.113696 (VIOLATED)
_3046_/S                                0.750000    0.863696   -0.113696 (VIOLATED)
_3047_/S                                0.750000    0.863696   -0.113696 (VIOLATED)
_3048_/S                                0.750000    0.863696   -0.113696 (VIOLATED)
_3049_/S                                0.750000    0.863696   -0.113696 (VIOLATED)
_3050_/S                                0.750000    0.863696   -0.113696 (VIOLATED)
_3051_/S                                0.750000    0.863696   -0.113696 (VIOLATED)
_3052_/S                                0.750000    0.863696   -0.113696 (VIOLATED)
_3053_/S                                0.750000    0.863696   -0.113696 (VIOLATED)
_3054_/S                                0.750000    0.863696   -0.113696 (VIOLATED)
_3055_/S                                0.750000    0.863696   -0.113696 (VIOLATED)
_3056_/S                                0.750000    0.863696   -0.113696 (VIOLATED)
_3057_/S                                0.750000    0.863696   -0.113696 (VIOLATED)
_3058_/S                                0.750000    0.863696   -0.113696 (VIOLATED)
_3059_/S                                0.750000    0.863696   -0.113696 (VIOLATED)
_3060_/S                                0.750000    0.863696   -0.113696 (VIOLATED)
_3061_/S                                0.750000    0.863696   -0.113696 (VIOLATED)
_3062_/S                                0.750000    0.863696   -0.113696 (VIOLATED)
_3063_/S                                0.750000    0.863696   -0.113696 (VIOLATED)
_3064_/S                                0.750000    0.863696   -0.113696 (VIOLATED)
_3065_/S                                0.750000    0.863696   -0.113696 (VIOLATED)
_3066_/S                                0.750000    0.863696   -0.113696 (VIOLATED)
_3067_/S                                0.750000    0.863696   -0.113696 (VIOLATED)
_3068_/S                                0.750000    0.863696   -0.113696 (VIOLATED)
_3069_/S                                0.750000    0.863696   -0.113696 (VIOLATED)
_3070_/S                                0.750000    0.863696   -0.113696 (VIOLATED)
_3071_/S                                0.750000    0.863696   -0.113696 (VIOLATED)
_3006_/X                                0.750000    0.863048   -0.113048 (VIOLATED)
_3007_/S                                0.750000    0.863048   -0.113048 (VIOLATED)
_3008_/S                                0.750000    0.863048   -0.113048 (VIOLATED)
_3009_/S                                0.750000    0.863048   -0.113048 (VIOLATED)
_3010_/S                                0.750000    0.863048   -0.113048 (VIOLATED)
_3011_/S                                0.750000    0.863048   -0.113048 (VIOLATED)
_3012_/S                                0.750000    0.863048   -0.113048 (VIOLATED)
_3013_/S                                0.750000    0.863048   -0.113048 (VIOLATED)
_3014_/S                                0.750000    0.863048   -0.113048 (VIOLATED)
_3015_/S                                0.750000    0.863048   -0.113048 (VIOLATED)
_3016_/S                                0.750000    0.863048   -0.113048 (VIOLATED)
_3017_/S                                0.750000    0.863048   -0.113048 (VIOLATED)
_3018_/S                                0.750000    0.863048   -0.113048 (VIOLATED)
_3019_/S                                0.750000    0.863048   -0.113048 (VIOLATED)
_3020_/S                                0.750000    0.863048   -0.113048 (VIOLATED)
_3021_/S                                0.750000    0.863048   -0.113048 (VIOLATED)
_3022_/S                                0.750000    0.863048   -0.113048 (VIOLATED)
_3023_/S                                0.750000    0.863048   -0.113048 (VIOLATED)
_3024_/S                                0.750000    0.863048   -0.113048 (VIOLATED)
_3025_/S                                0.750000    0.863048   -0.113048 (VIOLATED)
_3026_/S                                0.750000    0.863048   -0.113048 (VIOLATED)
_3027_/S                                0.750000    0.863048   -0.113048 (VIOLATED)
_3028_/S                                0.750000    0.863048   -0.113048 (VIOLATED)
_3029_/S                                0.750000    0.863048   -0.113048 (VIOLATED)
_3030_/S                                0.750000    0.863048   -0.113048 (VIOLATED)
_3031_/S                                0.750000    0.863048   -0.113048 (VIOLATED)
_3032_/S                                0.750000    0.863048   -0.113048 (VIOLATED)
_3033_/S                                0.750000    0.863048   -0.113048 (VIOLATED)
_3034_/S                                0.750000    0.863048   -0.113048 (VIOLATED)
_3035_/S                                0.750000    0.863048   -0.113048 (VIOLATED)
_3036_/S                                0.750000    0.863048   -0.113048 (VIOLATED)
_3037_/S                                0.750000    0.863048   -0.113048 (VIOLATED)
_3038_/S                                0.750000    0.863048   -0.113048 (VIOLATED)
_2610_/A                                0.750000    0.851227   -0.101227 (VIOLATED)
_3631_/A                                0.750000    0.851227   -0.101227 (VIOLATED)
_4000_/A                                0.750000    0.851227   -0.101227 (VIOLATED)
_4009_/A                                0.750000    0.851227   -0.101227 (VIOLATED)
_4015_/A1                               0.750000    0.851227   -0.101227 (VIOLATED)
_4020_/A                                0.750000    0.851227   -0.101227 (VIOLATED)
_4026_/A1                               0.750000    0.851227   -0.101227 (VIOLATED)
_4031_/A                                0.750000    0.851227   -0.101227 (VIOLATED)
_4037_/A1                               0.750000    0.851227   -0.101227 (VIOLATED)
_4042_/A                                0.750000    0.851227   -0.101227 (VIOLATED)
_4048_/A1                               0.750000    0.851227   -0.101227 (VIOLATED)
_4053_/A                                0.750000    0.851227   -0.101227 (VIOLATED)
_4059_/A1                               0.750000    0.851227   -0.101227 (VIOLATED)
_4064_/A                                0.750000    0.851227   -0.101227 (VIOLATED)
_4070_/A1                               0.750000    0.851227   -0.101227 (VIOLATED)
_4075_/A                                0.750000    0.851227   -0.101227 (VIOLATED)
_4081_/A1                               0.750000    0.851227   -0.101227 (VIOLATED)
_4086_/A                                0.750000    0.851227   -0.101227 (VIOLATED)
_4092_/A1                               0.750000    0.851227   -0.101227 (VIOLATED)
_4097_/A                                0.750000    0.851227   -0.101227 (VIOLATED)
_4103_/A1                               0.750000    0.851227   -0.101227 (VIOLATED)
_4110_/A1                               0.750000    0.851227   -0.101227 (VIOLATED)
_4112_/A                                0.750000    0.851227   -0.101227 (VIOLATED)
_4659_/Q                                0.750000    0.851227   -0.101227 (VIOLATED)
_3171_/X                                0.750000    0.844988   -0.094988 (VIOLATED)
_3172_/S                                0.750000    0.844988   -0.094988 (VIOLATED)
_3173_/S                                0.750000    0.844988   -0.094988 (VIOLATED)
_3174_/S                                0.750000    0.844988   -0.094988 (VIOLATED)
_3175_/S                                0.750000    0.844988   -0.094988 (VIOLATED)
_3176_/S                                0.750000    0.844988   -0.094988 (VIOLATED)
_3177_/S                                0.750000    0.844988   -0.094988 (VIOLATED)
_3178_/S                                0.750000    0.844988   -0.094988 (VIOLATED)
_3179_/S                                0.750000    0.844988   -0.094988 (VIOLATED)
_3180_/S                                0.750000    0.844988   -0.094988 (VIOLATED)
_3181_/S                                0.750000    0.844988   -0.094988 (VIOLATED)
_3182_/S                                0.750000    0.844988   -0.094988 (VIOLATED)
_3183_/S                                0.750000    0.844988   -0.094988 (VIOLATED)
_3184_/S                                0.750000    0.844988   -0.094988 (VIOLATED)
_3185_/S                                0.750000    0.844988   -0.094988 (VIOLATED)
_3186_/S                                0.750000    0.844988   -0.094988 (VIOLATED)
_3187_/S                                0.750000    0.844988   -0.094988 (VIOLATED)
_3188_/S                                0.750000    0.844988   -0.094988 (VIOLATED)
_3189_/S                                0.750000    0.844988   -0.094988 (VIOLATED)
_3190_/S                                0.750000    0.844988   -0.094988 (VIOLATED)
_3191_/S                                0.750000    0.844988   -0.094988 (VIOLATED)
_3192_/S                                0.750000    0.844988   -0.094988 (VIOLATED)
_3193_/S                                0.750000    0.844988   -0.094988 (VIOLATED)
_3194_/S                                0.750000    0.844988   -0.094988 (VIOLATED)
_3195_/S                                0.750000    0.844988   -0.094988 (VIOLATED)
_3196_/S                                0.750000    0.844988   -0.094988 (VIOLATED)
_3197_/S                                0.750000    0.844988   -0.094988 (VIOLATED)
_3198_/S                                0.750000    0.844988   -0.094988 (VIOLATED)
_3199_/S                                0.750000    0.844988   -0.094988 (VIOLATED)
_3200_/S                                0.750000    0.844988   -0.094988 (VIOLATED)
_3201_/S                                0.750000    0.844988   -0.094988 (VIOLATED)
_3202_/S                                0.750000    0.844988   -0.094988 (VIOLATED)
_3203_/S                                0.750000    0.844988   -0.094988 (VIOLATED)
_3317_/X                                0.750000    0.844988   -0.094988 (VIOLATED)
_3318_/S                                0.750000    0.844988   -0.094988 (VIOLATED)
_3319_/S                                0.750000    0.844988   -0.094988 (VIOLATED)
_3320_/S                                0.750000    0.844988   -0.094988 (VIOLATED)
_3321_/S                                0.750000    0.844988   -0.094988 (VIOLATED)
_3322_/S                                0.750000    0.844988   -0.094988 (VIOLATED)
_3323_/S                                0.750000    0.844988   -0.094988 (VIOLATED)
_3324_/S                                0.750000    0.844988   -0.094988 (VIOLATED)
_3325_/S                                0.750000    0.844988   -0.094988 (VIOLATED)
_3326_/S                                0.750000    0.844988   -0.094988 (VIOLATED)
_3327_/S                                0.750000    0.844988   -0.094988 (VIOLATED)
_3328_/S                                0.750000    0.844988   -0.094988 (VIOLATED)
_3329_/S                                0.750000    0.844988   -0.094988 (VIOLATED)
_3330_/S                                0.750000    0.844988   -0.094988 (VIOLATED)
_3331_/S                                0.750000    0.844988   -0.094988 (VIOLATED)
_3332_/S                                0.750000    0.844988   -0.094988 (VIOLATED)
_3333_/S                                0.750000    0.844988   -0.094988 (VIOLATED)
_3334_/S                                0.750000    0.844988   -0.094988 (VIOLATED)
_3335_/S                                0.750000    0.844988   -0.094988 (VIOLATED)
_3336_/S                                0.750000    0.844988   -0.094988 (VIOLATED)
_3337_/S                                0.750000    0.844988   -0.094988 (VIOLATED)
_3338_/S                                0.750000    0.844988   -0.094988 (VIOLATED)
_3339_/S                                0.750000    0.844988   -0.094988 (VIOLATED)
_3340_/S                                0.750000    0.844988   -0.094988 (VIOLATED)
_3341_/S                                0.750000    0.844988   -0.094988 (VIOLATED)
_3342_/S                                0.750000    0.844988   -0.094988 (VIOLATED)
_3343_/S                                0.750000    0.844988   -0.094988 (VIOLATED)
_3344_/S                                0.750000    0.844988   -0.094988 (VIOLATED)
_3345_/S                                0.750000    0.844988   -0.094988 (VIOLATED)
_3346_/S                                0.750000    0.844988   -0.094988 (VIOLATED)
_3347_/S                                0.750000    0.844988   -0.094988 (VIOLATED)
_3348_/S                                0.750000    0.844988   -0.094988 (VIOLATED)
_3349_/S                                0.750000    0.844988   -0.094988 (VIOLATED)
_3383_/X                                0.750000    0.844988   -0.094988 (VIOLATED)
_3384_/S                                0.750000    0.844988   -0.094988 (VIOLATED)
_3385_/S                                0.750000    0.844988   -0.094988 (VIOLATED)
_3386_/S                                0.750000    0.844988   -0.094988 (VIOLATED)
_3387_/S                                0.750000    0.844988   -0.094988 (VIOLATED)
_3388_/S                                0.750000    0.844988   -0.094988 (VIOLATED)
_3389_/S                                0.750000    0.844988   -0.094988 (VIOLATED)
_3390_/S                                0.750000    0.844988   -0.094988 (VIOLATED)
_3391_/S                                0.750000    0.844988   -0.094988 (VIOLATED)
_3392_/S                                0.750000    0.844988   -0.094988 (VIOLATED)
_3393_/S                                0.750000    0.844988   -0.094988 (VIOLATED)
_3394_/S                                0.750000    0.844988   -0.094988 (VIOLATED)
_3395_/S                                0.750000    0.844988   -0.094988 (VIOLATED)
_3396_/S                                0.750000    0.844988   -0.094988 (VIOLATED)
_3397_/S                                0.750000    0.844988   -0.094988 (VIOLATED)
_3398_/S                                0.750000    0.844988   -0.094988 (VIOLATED)
_3399_/S                                0.750000    0.844988   -0.094988 (VIOLATED)
_3400_/S                                0.750000    0.844988   -0.094988 (VIOLATED)
_3401_/S                                0.750000    0.844988   -0.094988 (VIOLATED)
_3402_/S                                0.750000    0.844988   -0.094988 (VIOLATED)
_3403_/S                                0.750000    0.844988   -0.094988 (VIOLATED)
_3404_/S                                0.750000    0.844988   -0.094988 (VIOLATED)
_3405_/S                                0.750000    0.844988   -0.094988 (VIOLATED)
_3406_/S                                0.750000    0.844988   -0.094988 (VIOLATED)
_3407_/S                                0.750000    0.844988   -0.094988 (VIOLATED)
_3408_/S                                0.750000    0.844988   -0.094988 (VIOLATED)
_3409_/S                                0.750000    0.844988   -0.094988 (VIOLATED)
_3410_/S                                0.750000    0.844988   -0.094988 (VIOLATED)
_3411_/S                                0.750000    0.844988   -0.094988 (VIOLATED)
_3412_/S                                0.750000    0.844988   -0.094988 (VIOLATED)
_3413_/S                                0.750000    0.844988   -0.094988 (VIOLATED)
_3414_/S                                0.750000    0.844988   -0.094988 (VIOLATED)
_3415_/S                                0.750000    0.844988   -0.094988 (VIOLATED)
_2672_/X                                0.750000    0.844844   -0.094844 (VIOLATED)
_2673_/S                                0.750000    0.844844   -0.094844 (VIOLATED)
_2674_/S                                0.750000    0.844844   -0.094844 (VIOLATED)
_2675_/S                                0.750000    0.844844   -0.094844 (VIOLATED)
_2676_/S                                0.750000    0.844844   -0.094844 (VIOLATED)
_2677_/S                                0.750000    0.844844   -0.094844 (VIOLATED)
_2678_/S                                0.750000    0.844844   -0.094844 (VIOLATED)
_2679_/S                                0.750000    0.844844   -0.094844 (VIOLATED)
_2680_/S                                0.750000    0.844844   -0.094844 (VIOLATED)
_2681_/S                                0.750000    0.844844   -0.094844 (VIOLATED)
_2682_/S                                0.750000    0.844844   -0.094844 (VIOLATED)
_2683_/S                                0.750000    0.844844   -0.094844 (VIOLATED)
_2684_/S                                0.750000    0.844844   -0.094844 (VIOLATED)
_2685_/S                                0.750000    0.844844   -0.094844 (VIOLATED)
_2686_/S                                0.750000    0.844844   -0.094844 (VIOLATED)
_2687_/S                                0.750000    0.844844   -0.094844 (VIOLATED)
_2688_/S                                0.750000    0.844844   -0.094844 (VIOLATED)
_2689_/S                                0.750000    0.844844   -0.094844 (VIOLATED)
_2690_/S                                0.750000    0.844844   -0.094844 (VIOLATED)
_2691_/S                                0.750000    0.844844   -0.094844 (VIOLATED)
_2692_/S                                0.750000    0.844844   -0.094844 (VIOLATED)
_2693_/S                                0.750000    0.844844   -0.094844 (VIOLATED)
_2694_/S                                0.750000    0.844844   -0.094844 (VIOLATED)
_2695_/S                                0.750000    0.844844   -0.094844 (VIOLATED)
_2696_/S                                0.750000    0.844844   -0.094844 (VIOLATED)
_2697_/S                                0.750000    0.844844   -0.094844 (VIOLATED)
_2698_/S                                0.750000    0.844844   -0.094844 (VIOLATED)
_2699_/S                                0.750000    0.844844   -0.094844 (VIOLATED)
_2700_/S                                0.750000    0.844844   -0.094844 (VIOLATED)
_2701_/S                                0.750000    0.844844   -0.094844 (VIOLATED)
_2702_/S                                0.750000    0.844844   -0.094844 (VIOLATED)
_2703_/S                                0.750000    0.844844   -0.094844 (VIOLATED)
_2704_/S                                0.750000    0.844844   -0.094844 (VIOLATED)
_2839_/X                                0.750000    0.844844   -0.094844 (VIOLATED)
_2840_/S                                0.750000    0.844844   -0.094844 (VIOLATED)
_2841_/S                                0.750000    0.844844   -0.094844 (VIOLATED)
_2842_/S                                0.750000    0.844844   -0.094844 (VIOLATED)
_2843_/S                                0.750000    0.844844   -0.094844 (VIOLATED)
_2844_/S                                0.750000    0.844844   -0.094844 (VIOLATED)
_2845_/S                                0.750000    0.844844   -0.094844 (VIOLATED)
_2846_/S                                0.750000    0.844844   -0.094844 (VIOLATED)
_2847_/S                                0.750000    0.844844   -0.094844 (VIOLATED)
_2848_/S                                0.750000    0.844844   -0.094844 (VIOLATED)
_2849_/S                                0.750000    0.844844   -0.094844 (VIOLATED)
_2850_/S                                0.750000    0.844844   -0.094844 (VIOLATED)
_2851_/S                                0.750000    0.844844   -0.094844 (VIOLATED)
_2852_/S                                0.750000    0.844844   -0.094844 (VIOLATED)
_2853_/S                                0.750000    0.844844   -0.094844 (VIOLATED)
_2854_/S                                0.750000    0.844844   -0.094844 (VIOLATED)
_2855_/S                                0.750000    0.844844   -0.094844 (VIOLATED)
_2856_/S                                0.750000    0.844844   -0.094844 (VIOLATED)
_2857_/S                                0.750000    0.844844   -0.094844 (VIOLATED)
_2858_/S                                0.750000    0.844844   -0.094844 (VIOLATED)
_2859_/S                                0.750000    0.844844   -0.094844 (VIOLATED)
_2860_/S                                0.750000    0.844844   -0.094844 (VIOLATED)
_2861_/S                                0.750000    0.844844   -0.094844 (VIOLATED)
_2862_/S                                0.750000    0.844844   -0.094844 (VIOLATED)
_2863_/S                                0.750000    0.844844   -0.094844 (VIOLATED)
_2864_/S                                0.750000    0.844844   -0.094844 (VIOLATED)
_2865_/S                                0.750000    0.844844   -0.094844 (VIOLATED)
_2866_/S                                0.750000    0.844844   -0.094844 (VIOLATED)
_2867_/S                                0.750000    0.844844   -0.094844 (VIOLATED)
_2868_/S                                0.750000    0.844844   -0.094844 (VIOLATED)
_2869_/S                                0.750000    0.844844   -0.094844 (VIOLATED)
_2870_/S                                0.750000    0.844844   -0.094844 (VIOLATED)
_2871_/S                                0.750000    0.844844   -0.094844 (VIOLATED)
_3138_/X                                0.750000    0.844844   -0.094844 (VIOLATED)
_3139_/S                                0.750000    0.844844   -0.094844 (VIOLATED)
_3140_/S                                0.750000    0.844844   -0.094844 (VIOLATED)
_3141_/S                                0.750000    0.844844   -0.094844 (VIOLATED)
_3142_/S                                0.750000    0.844844   -0.094844 (VIOLATED)
_3143_/S                                0.750000    0.844844   -0.094844 (VIOLATED)
_3144_/S                                0.750000    0.844844   -0.094844 (VIOLATED)
_3145_/S                                0.750000    0.844844   -0.094844 (VIOLATED)
_3146_/S                                0.750000    0.844844   -0.094844 (VIOLATED)
_3147_/S                                0.750000    0.844844   -0.094844 (VIOLATED)
_3148_/S                                0.750000    0.844844   -0.094844 (VIOLATED)
_3149_/S                                0.750000    0.844844   -0.094844 (VIOLATED)
_3150_/S                                0.750000    0.844844   -0.094844 (VIOLATED)
_3151_/S                                0.750000    0.844844   -0.094844 (VIOLATED)
_3152_/S                                0.750000    0.844844   -0.094844 (VIOLATED)
_3153_/S                                0.750000    0.844844   -0.094844 (VIOLATED)
_3154_/S                                0.750000    0.844844   -0.094844 (VIOLATED)
_3155_/S                                0.750000    0.844844   -0.094844 (VIOLATED)
_3156_/S                                0.750000    0.844844   -0.094844 (VIOLATED)
_3157_/S                                0.750000    0.844844   -0.094844 (VIOLATED)
_3158_/S                                0.750000    0.844844   -0.094844 (VIOLATED)
_3159_/S                                0.750000    0.844844   -0.094844 (VIOLATED)
_3160_/S                                0.750000    0.844844   -0.094844 (VIOLATED)
_3161_/S                                0.750000    0.844844   -0.094844 (VIOLATED)
_3162_/S                                0.750000    0.844844   -0.094844 (VIOLATED)
_3163_/S                                0.750000    0.844844   -0.094844 (VIOLATED)
_3164_/S                                0.750000    0.844844   -0.094844 (VIOLATED)
_3165_/S                                0.750000    0.844844   -0.094844 (VIOLATED)
_3166_/S                                0.750000    0.844844   -0.094844 (VIOLATED)
_3167_/S                                0.750000    0.844844   -0.094844 (VIOLATED)
_3168_/S                                0.750000    0.844844   -0.094844 (VIOLATED)
_3169_/S                                0.750000    0.844844   -0.094844 (VIOLATED)
_3170_/S                                0.750000    0.844844   -0.094844 (VIOLATED)
_2904_/X                                0.750000    0.844812   -0.094812 (VIOLATED)
_2905_/S                                0.750000    0.844812   -0.094812 (VIOLATED)
_2906_/S                                0.750000    0.844812   -0.094812 (VIOLATED)
_2907_/S                                0.750000    0.844812   -0.094812 (VIOLATED)
_2908_/S                                0.750000    0.844812   -0.094812 (VIOLATED)
_2909_/S                                0.750000    0.844812   -0.094812 (VIOLATED)
_2910_/S                                0.750000    0.844812   -0.094812 (VIOLATED)
_2911_/S                                0.750000    0.844812   -0.094812 (VIOLATED)
_2912_/S                                0.750000    0.844812   -0.094812 (VIOLATED)
_2913_/S                                0.750000    0.844812   -0.094812 (VIOLATED)
_2914_/S                                0.750000    0.844812   -0.094812 (VIOLATED)
_2915_/S                                0.750000    0.844812   -0.094812 (VIOLATED)
_2916_/S                                0.750000    0.844812   -0.094812 (VIOLATED)
_2917_/S                                0.750000    0.844812   -0.094812 (VIOLATED)
_2918_/S                                0.750000    0.844812   -0.094812 (VIOLATED)
_2919_/S                                0.750000    0.844812   -0.094812 (VIOLATED)
_2920_/S                                0.750000    0.844812   -0.094812 (VIOLATED)
_2921_/S                                0.750000    0.844812   -0.094812 (VIOLATED)
_2922_/S                                0.750000    0.844812   -0.094812 (VIOLATED)
_2923_/S                                0.750000    0.844812   -0.094812 (VIOLATED)
_2924_/S                                0.750000    0.844812   -0.094812 (VIOLATED)
_2925_/S                                0.750000    0.844812   -0.094812 (VIOLATED)
_2926_/S                                0.750000    0.844812   -0.094812 (VIOLATED)
_2927_/S                                0.750000    0.844812   -0.094812 (VIOLATED)
_2928_/S                                0.750000    0.844812   -0.094812 (VIOLATED)
_2929_/S                                0.750000    0.844812   -0.094812 (VIOLATED)
_2930_/S                                0.750000    0.844812   -0.094812 (VIOLATED)
_2931_/S                                0.750000    0.844812   -0.094812 (VIOLATED)
_2932_/S                                0.750000    0.844812   -0.094812 (VIOLATED)
_2933_/S                                0.750000    0.844812   -0.094812 (VIOLATED)
_2934_/S                                0.750000    0.844812   -0.094812 (VIOLATED)
_2935_/S                                0.750000    0.844812   -0.094812 (VIOLATED)
_2936_/S                                0.750000    0.844812   -0.094812 (VIOLATED)
_2972_/X                                0.750000    0.844812   -0.094812 (VIOLATED)
_2973_/S                                0.750000    0.844812   -0.094812 (VIOLATED)
_2974_/S                                0.750000    0.844812   -0.094812 (VIOLATED)
_2975_/S                                0.750000    0.844812   -0.094812 (VIOLATED)
_2976_/S                                0.750000    0.844812   -0.094812 (VIOLATED)
_2977_/S                                0.750000    0.844812   -0.094812 (VIOLATED)
_2978_/S                                0.750000    0.844812   -0.094812 (VIOLATED)
_2979_/S                                0.750000    0.844812   -0.094812 (VIOLATED)
_2980_/S                                0.750000    0.844812   -0.094812 (VIOLATED)
_2981_/S                                0.750000    0.844812   -0.094812 (VIOLATED)
_2982_/S                                0.750000    0.844812   -0.094812 (VIOLATED)
_2983_/S                                0.750000    0.844812   -0.094812 (VIOLATED)
_2984_/S                                0.750000    0.844812   -0.094812 (VIOLATED)
_2985_/S                                0.750000    0.844812   -0.094812 (VIOLATED)
_2986_/S                                0.750000    0.844812   -0.094812 (VIOLATED)
_2987_/S                                0.750000    0.844812   -0.094812 (VIOLATED)
_2988_/S                                0.750000    0.844812   -0.094812 (VIOLATED)
_2989_/S                                0.750000    0.844812   -0.094812 (VIOLATED)
_2990_/S                                0.750000    0.844812   -0.094812 (VIOLATED)
_2991_/S                                0.750000    0.844812   -0.094812 (VIOLATED)
_2992_/S                                0.750000    0.844812   -0.094812 (VIOLATED)
_2993_/S                                0.750000    0.844812   -0.094812 (VIOLATED)
_2994_/S                                0.750000    0.844812   -0.094812 (VIOLATED)
_2995_/S                                0.750000    0.844812   -0.094812 (VIOLATED)
_2996_/S                                0.750000    0.844812   -0.094812 (VIOLATED)
_2997_/S                                0.750000    0.844812   -0.094812 (VIOLATED)
_2998_/S                                0.750000    0.844812   -0.094812 (VIOLATED)
_2999_/S                                0.750000    0.844812   -0.094812 (VIOLATED)
_3000_/S                                0.750000    0.844812   -0.094812 (VIOLATED)
_3001_/S                                0.750000    0.844812   -0.094812 (VIOLATED)
_3002_/S                                0.750000    0.844812   -0.094812 (VIOLATED)
_3003_/S                                0.750000    0.844812   -0.094812 (VIOLATED)
_3004_/S                                0.750000    0.844812   -0.094812 (VIOLATED)

max fanout

Pin                                   Limit Fanout  Slack
---------------------------------------------------------
arst_i                                   10    178   -168 (VIOLATED)
_4692_/Q                                 10    132   -122 (VIOLATED)
_4693_/Q                                 10    131   -121 (VIOLATED)
_4694_/Q                                 10     49    -39 (VIOLATED)
_4656_/Q                                 10     44    -34 (VIOLATED)
_4657_/Q                                 10     44    -34 (VIOLATED)
_4118_/Y                                 10     42    -32 (VIOLATED)
_2258_/X                                 10     41    -31 (VIOLATED)
_3787_/X                                 10     36    -26 (VIOLATED)
_4695_/Q                                 10     35    -25 (VIOLATED)
_2620_/Y                                 10     33    -23 (VIOLATED)
_2672_/X                                 10     32    -22 (VIOLATED)
_2805_/X                                 10     32    -22 (VIOLATED)
_2839_/X                                 10     32    -22 (VIOLATED)
_2904_/X                                 10     32    -22 (VIOLATED)
_2937_/X                                 10     32    -22 (VIOLATED)
_2972_/X                                 10     32    -22 (VIOLATED)
_3006_/X                                 10     32    -22 (VIOLATED)
_3039_/X                                 10     32    -22 (VIOLATED)
_3072_/Y                                 10     32    -22 (VIOLATED)
_3105_/X                                 10     32    -22 (VIOLATED)
_3138_/X                                 10     32    -22 (VIOLATED)
_3171_/X                                 10     32    -22 (VIOLATED)
_3284_/Y                                 10     32    -22 (VIOLATED)
_3317_/X                                 10     32    -22 (VIOLATED)
_3350_/Y                                 10     32    -22 (VIOLATED)
_3383_/X                                 10     32    -22 (VIOLATED)
_2254_/Y                                 10     28    -18 (VIOLATED)
_2061_/X                                 10     26    -16 (VIOLATED)
_2173_/X                                 10     26    -16 (VIOLATED)
_2175_/Y                                 10     26    -16 (VIOLATED)
_4658_/Q                                 10     24    -14 (VIOLATED)
_4659_/Q                                 10     23    -13 (VIOLATED)
_2176_/X                                 10     22    -12 (VIOLATED)
_2253_/X                                 10     22    -12 (VIOLATED)
_3227_/Y                                 10     22    -12 (VIOLATED)
_3250_/X                                 10     22    -12 (VIOLATED)
_4007_/Y                                 10     22    -12 (VIOLATED)
_3631_/Y                                 10     20    -10 (VIOLATED)
_4790_/Q                                 10     17     -7 (VIOLATED)
_4791_/Q                                 10     17     -7 (VIOLATED)
_4792_/Q                                 10     17     -7 (VIOLATED)
_4793_/Q                                 10     17     -7 (VIOLATED)
_4794_/Q                                 10     17     -7 (VIOLATED)
_4795_/Q                                 10     17     -7 (VIOLATED)
_4796_/Q                                 10     17     -7 (VIOLATED)
_4797_/Q                                 10     17     -7 (VIOLATED)
_4798_/Q                                 10     17     -7 (VIOLATED)
_4799_/Q                                 10     17     -7 (VIOLATED)
_4800_/Q                                 10     17     -7 (VIOLATED)
_4801_/Q                                 10     17     -7 (VIOLATED)
_4802_/Q                                 10     17     -7 (VIOLATED)
_4803_/Q                                 10     17     -7 (VIOLATED)
_4804_/Q                                 10     17     -7 (VIOLATED)
_4805_/Q                                 10     17     -7 (VIOLATED)
_4806_/Q                                 10     17     -7 (VIOLATED)
_4807_/Q                                 10     17     -7 (VIOLATED)
_4808_/Q                                 10     17     -7 (VIOLATED)
_4809_/Q                                 10     17     -7 (VIOLATED)
_4810_/Q                                 10     17     -7 (VIOLATED)
_4811_/Q                                 10     17     -7 (VIOLATED)
_4812_/Q                                 10     17     -7 (VIOLATED)
_4813_/Q                                 10     17     -7 (VIOLATED)
_4814_/Q                                 10     17     -7 (VIOLATED)
_4815_/Q                                 10     17     -7 (VIOLATED)
_4816_/Q                                 10     17     -7 (VIOLATED)
_4817_/Q                                 10     17     -7 (VIOLATED)
_4818_/Q                                 10     17     -7 (VIOLATED)
_4819_/Q                                 10     17     -7 (VIOLATED)
_4820_/Q                                 10     17     -7 (VIOLATED)
_4821_/Q                                 10     17     -7 (VIOLATED)
_5021_/Q                                 10     17     -7 (VIOLATED)
_5022_/Q                                 10     17     -7 (VIOLATED)
_5023_/Q                                 10     17     -7 (VIOLATED)
_5024_/Q                                 10     17     -7 (VIOLATED)
_5025_/Q                                 10     17     -7 (VIOLATED)
_5026_/Q                                 10     17     -7 (VIOLATED)
_5027_/Q                                 10     17     -7 (VIOLATED)
_5028_/Q                                 10     17     -7 (VIOLATED)
_5029_/Q                                 10     17     -7 (VIOLATED)
_5030_/Q                                 10     17     -7 (VIOLATED)
_4654_/Q                                 10     16     -6 (VIOLATED)
_4655_/Q                                 10     15     -5 (VIOLATED)
_2259_/X                                 10     14     -4 (VIOLATED)
_2189_/X                                 10     12     -2 (VIOLATED)
_4117_/Y                                 10     12     -2 (VIOLATED)
_2639_/X                                 10     11        (VIOLATED)
_4649_/Q                                 10     11        (VIOLATED)

max capacitance

Pin                                        Limit         Cap       Slack
------------------------------------------------------------------------
arst_i                                  0.200000    0.817233   -0.617233 (VIOLATED)
_4692_/Q                                0.200000    0.725219   -0.525219 (VIOLATED)
_4693_/Q                                0.200000    0.422812   -0.222812 (VIOLATED)
_4656_/Q                                0.200000    0.244880   -0.044880 (VIOLATED)
_2620_/Y                                0.086070    0.108880   -0.022810 (VIOLATED)
_3284_/Y                                0.086070    0.107392   -0.021322 (VIOLATED)
_4007_/Y                                0.078745    0.082367   -0.003622 (VIOLATED)



===========================================================================
report_parasitic_annotation -report_unannotated
============================================================================
Found 3130 unannotated drivers.
 arst_i
 clk
 count[0]
 count[10]
 count[11]
 count[12]
 count[13]
 count[14]
 count[15]
 count[16]
 count[17]
 count[18]
 count[19]
 count[1]
 count[20]
 count[21]
 count[2]
 count[3]
 count[4]
 count[5]
 count[6]
 count[7]
 count[8]
 count[9]
 load_base_addr[0]
 load_base_addr[10]
 load_base_addr[11]
 load_base_addr[12]
 load_base_addr[13]
 load_base_addr[14]
 load_base_addr[15]
 load_base_addr[16]
 load_base_addr[17]
 load_base_addr[18]
 load_base_addr[19]
 load_base_addr[1]
 load_base_addr[20]
 load_base_addr[21]
 load_base_addr[2]
 load_base_addr[3]
 load_base_addr[4]
 load_base_addr[5]
 load_base_addr[6]
 load_base_addr[7]
 load_base_addr[8]
 load_base_addr[9]
 load_complete
 load_data[0]
 load_data[10]
 load_data[11]
 load_data[12]
 load_data[13]
 load_data[14]
 load_data[15]
 load_data[16]
 load_data[17]
 load_data[18]
 load_data[19]
 load_data[1]
 load_data[20]
 load_data[21]
 load_data[22]
 load_data[23]
 load_data[24]
 load_data[25]
 load_data[26]
 load_data[27]
 load_data[28]
 load_data[29]
 load_data[2]
 load_data[30]
 load_data[31]
 load_data[3]
 load_data[4]
 load_data[5]
 load_data[6]
 load_data[7]
 load_data[8]
 load_data[9]
 start
 store_base_addr[0]
 store_base_addr[10]
 store_base_addr[11]
 store_base_addr[12]
 store_base_addr[13]
 store_base_addr[14]
 store_base_addr[15]
 store_base_addr[16]
 store_base_addr[17]
 store_base_addr[18]
 store_base_addr[19]
 store_base_addr[1]
 store_base_addr[20]
 store_base_addr[21]
 store_base_addr[2]
 store_base_addr[3]
 store_base_addr[4]
 store_base_addr[5]
 store_base_addr[6]
 store_base_addr[7]
 store_base_addr[8]
 store_base_addr[9]
 store_complete
 _2060_/Y
 _2061_/X
 _2062_/Y
 _2063_/Y
 _2064_/X
 _2065_/X
 _2066_/X
 _2067_/X
 _2068_/X
 _2069_/X
 _2070_/X
 _2071_/X
 _2072_/X
 _2073_/X
 _2074_/Y
 _2075_/X
 _2076_/X
 _2077_/X
 _2078_/X
 _2079_/Y
 _2080_/X
 _2081_/Y
 _2082_/X
 _2083_/X
 _2084_/X
 _2085_/Y
 _2086_/Y
 _2087_/Y
 _2088_/X
 _2089_/Y
 _2090_/X
 _2091_/X
 _2092_/Y
 _2093_/X
 _2094_/X
 _2095_/X
 _2096_/X
 _2097_/X
 _2098_/Y
 _2099_/X
 _2100_/X
 _2101_/Y
 _2102_/X
 _2103_/X
 _2104_/X
 _2105_/X
 _2106_/X
 _2107_/Y
 _2108_/Y
 _2109_/X
 _2110_/X
 _2111_/X
 _2112_/Y
 _2113_/X
 _2114_/X
 _2115_/X
 _2116_/X
 _2117_/X
 _2118_/X
 _2119_/Y
 _2120_/X
 _2121_/X
 _2122_/Y
 _2123_/Y
 _2124_/Y
 _2125_/X
 _2126_/Y
 _2127_/X
 _2128_/X
 _2129_/Y
 _2130_/X
 _2131_/X
 _2132_/Y
 _2133_/Y
 _2134_/X
 _2135_/Y
 _2136_/X
 _2137_/Y
 _2138_/X
 _2139_/Y
 _2140_/Y
 _2141_/Y
 _2142_/Y
 _2143_/X
 _2144_/X
 _2145_/Y
 _2146_/X
 _2147_/Y
 _2148_/X
 _2149_/Y
 _2150_/Y
 _2151_/X
 _2152_/Y
 _2153_/Y
 _2154_/X
 _2155_/X
 _2156_/X
 _2157_/X
 _2158_/X
 _2159_/X
 _2160_/X
 _2161_/X
 _2162_/Y
 _2163_/X
 _2164_/Y
 _2165_/X
 _2166_/X
 _2167_/X
 _2168_/X
 _2169_/X
 _2170_/X
 _2171_/X
 _2172_/Y
 _2173_/X
 _2174_/X
 _2175_/Y
 _2176_/X
 _2177_/X
 _2178_/X
 _2179_/X
 _2180_/X
 _2181_/X
 _2182_/X
 _2183_/X
 _2184_/X
 _2185_/X
 _2186_/X
 _2187_/X
 _2188_/X
 _2189_/X
 _2190_/X
 _2191_/X
 _2192_/X
 _2193_/X
 _2194_/X
 _2195_/X
 _2196_/X
 _2197_/X
 _2198_/X
 _2199_/X
 _2200_/X
 _2201_/X
 _2202_/X
 _2203_/X
 _2204_/X
 _2205_/X
 _2206_/X
 _2207_/X
 _2208_/X
 _2209_/X
 _2210_/X
 _2211_/X
 _2212_/X
 _2213_/X
 _2214_/X
 _2215_/X
 _2216_/X
 _2217_/X
 _2218_/X
 _2219_/X
 _2220_/X
 _2221_/X
 _2222_/X
 _2223_/X
 _2224_/X
 _2225_/X
 _2226_/X
 _2227_/X
 _2228_/X
 _2229_/X
 _2230_/X
 _2231_/X
 _2232_/X
 _2233_/X
 _2234_/X
 _2235_/X
 _2236_/X
 _2237_/X
 _2238_/X
 _2239_/Y
 _2240_/X
 _2241_/X
 _2242_/X
 _2243_/X
 _2244_/X
 _2245_/Y
 _2246_/X
 _2247_/X
 _2248_/Y
 _2249_/Y
 _2250_/Y
 _2251_/X
 _2252_/X
 _2253_/X
 _2254_/Y
 _2255_/X
 _2256_/Y
 _2257_/X
 _2258_/X
 _2259_/X
 _2260_/X
 _2261_/X
 _2262_/X
 _2263_/X
 _2264_/X
 _2265_/X
 _2266_/X
 _2267_/X
 _2268_/X
 _2269_/Y
 _2270_/X
 _2271_/X
 _2272_/Y
 _2273_/X
 _2274_/X
 _2275_/X
 _2276_/X
 _2277_/X
 _2278_/Y
 _2279_/X
 _2280_/X
 _2281_/X
 _2282_/Y
 _2283_/X
 _2284_/X
 _2285_/X
 _2286_/X
 _2287_/Y
 _2288_/X
 _2289_/X
 _2290_/X
 _2291_/X
 _2292_/Y
 _2293_/X
 _2294_/X
 _2295_/X
 _2296_/X
 _2297_/Y
 _2298_/Y
 _2299_/X
 _2300_/X
 _2301_/X
 _2302_/Y
 _2303_/Y
 _2304_/X
 _2305_/X
 _2306_/X
 _2307_/Y
 _2308_/Y
 _2309_/X
 _2310_/X
 _2311_/X
 _2312_/Y
 _2313_/Y
 _2314_/X
 _2315_/X
 _2316_/X
 _2317_/Y
 _2318_/Y
 _2319_/X
 _2320_/X
 _2321_/X
 _2322_/Y
 _2323_/X
 _2324_/X
 _2325_/X
 _2326_/X
 _2327_/X
 _2328_/X
 _2329_/X
 _2330_/Y
 _2331_/X
 _2332_/Y
 _2333_/X
 _2334_/Y
 _2335_/X
 _2336_/Y
 _2337_/X
 _2338_/X
 _2339_/Y
 _2340_/Y
 _2341_/X
 _2342_/Y
 _2343_/X
 _2344_/X
 _2345_/X
 _2346_/Y
 _2347_/Y
 _2348_/Y
 _2349_/Y
 _2350_/X
 _2351_/Y
 _2352_/X
 _2353_/X
 _2354_/X
 _2355_/Y
 _2356_/Y
 _2357_/Y
 _2358_/Y
 _2359_/X
 _2360_/Y
 _2361_/X
 _2362_/Y
 _2363_/Y
 _2364_/Y
 _2365_/Y
 _2366_/Y
 _2367_/Y
 _2368_/Y
 _2369_/X
 _2370_/Y
 _2371_/X
 _2372_/X
 _2373_/Y
 _2374_/X
 _2375_/X
 _2376_/Y
 _2377_/Y
 _2378_/X
 _2379_/X
 _2380_/X
 _2381_/X
 _2382_/X
 _2383_/Y
 _2384_/X
 _2385_/X
 _2386_/X
 _2387_/X
 _2388_/Y
 _2389_/X
 _2390_/X
 _2391_/Y
 _2392_/X
 _2393_/X
 _2394_/X
 _2395_/X
 _2396_/Y
 _2397_/Y
 _2398_/X
 _2399_/X
 _2400_/X
 _2401_/Y
 _2402_/X
 _2403_/X
 _2404_/Y
 _2405_/Y
 _2406_/X
 _2407_/Y
 _2408_/Y
 _2409_/Y
 _2410_/X
 _2411_/X
 _2412_/Y
 _2413_/X
 _2414_/Y
 _2415_/X
 _2416_/X
 _2417_/X
 _2418_/X
 _2419_/X
 _2420_/X
 _2421_/Y
 _2422_/Y
 _2423_/X
 _2424_/Y
 _2425_/Y
 _2426_/X
 _2427_/X
 _2428_/X
 _2429_/X
 _2430_/X
 _2431_/Y
 _2432_/Y
 _2433_/X
 _2434_/X
 _2435_/Y
 _2436_/Y
 _2437_/X
 _2438_/X
 _2439_/X
 _2440_/X
 _2441_/X
 _2442_/Y
 _2443_/Y
 _2444_/X
 _2445_/X
 _2446_/Y
 _2447_/Y
 _2448_/X
 _2449_/X
 _2450_/X
 _2451_/X
 _2452_/X
 _2453_/Y
 _2454_/Y
 _2455_/X
 _2456_/X
 _2457_/X
 _2458_/X
 _2459_/X
 _2460_/X
 _2461_/Y
 _2462_/Y
 _2463_/Y
 _2464_/X
 _2465_/Y
 _2466_/X
 _2467_/X
 _2468_/Y
 _2469_/Y
 _2470_/X
 _2471_/X
 _2472_/Y
 _2473_/X
 _2474_/X
 _2475_/Y
 _2476_/X
 _2477_/X
 _2478_/X
 _2479_/Y
 _2480_/X
 _2481_/Y
 _2482_/X
 _2483_/X
 _2484_/X
 _2485_/X
 _2486_/X
 _2487_/X
 _2488_/Y
 _2489_/X
 _2490_/X
 _2491_/X
 _2492_/X
 _2493_/X
 _2494_/Y
 _2495_/X
 _2496_/X
 _2497_/Y
 _2498_/Y
 _2499_/X
 _2500_/X
 _2501_/Y
 _2502_/X
 _2503_/Y
 _2504_/X
 _2505_/X
 _2506_/Y
 _2507_/Y
 _2508_/X
 _2509_/X
 _2510_/Y
 _2511_/Y
 _2512_/Y
 _2513_/Y
 _2514_/X
 _2515_/X
 _2516_/Y
 _2517_/X
 _2518_/Y
 _2519_/X
 _2520_/X
 _2521_/X
 _2522_/X
 _2523_/X
 _2524_/X
 _2525_/X
 _2526_/X
 _2527_/X
 _2528_/X
 _2529_/X
 _2530_/Y
 _2531_/Y
 _2532_/Y
 _2533_/X
 _2534_/X
 _2535_/Y
 _2536_/X
 _2537_/X
 _2538_/X
 _2539_/X
 _2540_/X
 _2541_/X
 _2542_/Y
 _2543_/X
 _2544_/X
 _2545_/X
 _2546_/Y
 _2547_/X
 _2548_/X
 _2549_/X
 _2550_/Y
 _2551_/X
 _2552_/X
 _2553_/X
 _2554_/Y
 _2555_/X
 _2556_/X
 _2557_/X
 _2558_/Y
 _2559_/X
 _2560_/X
 _2561_/X
 _2562_/Y
 _2563_/X
 _2564_/X
 _2565_/X
 _2566_/Y
 _2567_/X
 _2568_/X
 _2569_/X
 _2570_/Y
 _2571_/X
 _2572_/X
 _2573_/X
 _2574_/Y
 _2575_/X
 _2576_/X
 _2577_/Y
 _2578_/X
 _2579_/X
 _2580_/X
 _2581_/X
 _2582_/X
 _2583_/X
 _2584_/X
 _2585_/X
 _2586_/X
 _2587_/X
 _2588_/Y
 _2589_/X
 _2590_/X
 _2591_/X
 _2592_/X
 _2593_/X
 _2594_/X
 _2595_/Y
 _2596_/Y
 _2597_/X
 _2598_/X
 _2599_/X
 _2600_/Y
 _2601_/X
 _2602_/X
 _2603_/X
 _2604_/X
 _2605_/X
 _2606_/X
 _2607_/X
 _2608_/X
 _2609_/Y
 _2610_/Y
 _2611_/X
 _2612_/X
 _2613_/Y
 _2614_/Y
 _2615_/X
 _2616_/X
 _2617_/Y
 _2618_/X
 _2619_/Y
 _2620_/Y
 _2621_/X
 _2622_/X
 _2623_/X
 _2624_/X
 _2625_/Y
 _2626_/X
 _2627_/X
 _2628_/X
 _2629_/X
 _2630_/Y
 _2631_/X
 _2632_/Y
 _2633_/Y
 _2634_/X
 _2635_/X
 _2636_/Y
 _2637_/Y
 _2638_/X
 _2639_/X
 _2640_/Y
 _2641_/Y
 _2642_/Y
 _2643_/Y
 _2644_/Y
 _2645_/X
 _2646_/X
 _2647_/Y
 _2648_/X
 _2649_/X
 _2650_/X
 _2651_/X
 _2652_/X
 _2653_/X
 _2654_/X
 _2655_/X
 _2656_/X
 _2657_/X
 _2658_/X
 _2659_/X
 _2660_/Y
 _2661_/Y
 _2662_/X
 _2663_/X
 _2664_/X
 _2665_/X
 _2666_/X
 _2667_/X
 _2668_/X
 _2669_/X
 _2670_/X
 _2671_/X
 _2672_/X
 _2673_/X
 _2674_/X
 _2675_/X
 _2676_/X
 _2677_/X
 _2678_/X
 _2679_/X
 _2680_/X
 _2681_/X
 _2682_/X
 _2683_/X
 _2684_/X
 _2685_/X
 _2686_/X
 _2687_/X
 _2688_/X
 _2689_/X
 _2690_/X
 _2691_/X
 _2692_/X
 _2693_/X
 _2694_/X
 _2695_/X
 _2696_/X
 _2697_/X
 _2698_/X
 _2699_/X
 _2700_/X
 _2701_/X
 _2702_/X
 _2703_/X
 _2704_/X
 _2705_/X
 _2706_/X
 _2707_/X
 _2708_/X
 _2709_/X
 _2710_/X
 _2711_/X
 _2712_/X
 _2713_/X
 _2714_/X
 _2715_/X
 _2716_/X
 _2717_/Y
 _2718_/X
 _2719_/X
 _2720_/X
 _2721_/X
 _2722_/X
 _2723_/X
 _2724_/X
 _2725_/X
 _2726_/X
 _2727_/X
 _2728_/X
 _2729_/X
 _2730_/X
 _2731_/X
 _2732_/X
 _2733_/X
 _2734_/X
 _2735_/X
 _2736_/X
 _2737_/X
 _2738_/Y
 _2739_/X
 _2740_/X
 _2741_/X
 _2742_/X
 _2743_/X
 _2744_/X
 _2745_/X
 _2746_/X
 _2747_/X
 _2748_/X
 _2749_/X
 _2750_/X
 _2751_/X
 _2752_/X
 _2753_/X
 _2754_/X
 _2755_/X
 _2756_/X
 _2757_/X
 _2758_/X
 _2759_/X
 _2760_/Y
 _2761_/X
 _2762_/X
 _2763_/X
 _2764_/X
 _2765_/X
 _2766_/X
 _2767_/X
 _2768_/X
 _2769_/X
 _2770_/X
 _2771_/X
 _2772_/X
 _2773_/X
 _2774_/X
 _2775_/X
 _2776_/X
 _2777_/X
 _2778_/X
 _2779_/X
 _2780_/X
 _2781_/X
 _2782_/X
 _2783_/Y
 _2784_/X
 _2785_/X
 _2786_/X
 _2787_/X
 _2788_/X
 _2789_/X
 _2790_/X
 _2791_/X
 _2792_/X
 _2793_/X
 _2794_/X
 _2795_/X
 _2796_/X
 _2797_/X
 _2798_/X
 _2799_/X
 _2800_/X
 _2801_/X
 _2802_/X
 _2803_/X
 _2804_/X
 _2805_/X
 _2806_/X
 _2807_/X
 _2808_/X
 _2809_/X
 _2810_/X
 _2811_/X
 _2812_/X
 _2813_/X
 _2814_/X
 _2815_/X
 _2816_/X
 _2817_/X
 _2818_/X
 _2819_/X
 _2820_/X
 _2821_/X
 _2822_/X
 _2823_/X
 _2824_/X
 _2825_/X
 _2826_/X
 _2827_/X
 _2828_/X
 _2829_/X
 _2830_/X
 _2831_/X
 _2832_/X
 _2833_/X
 _2834_/X
 _2835_/X
 _2836_/X
 _2837_/X
 _2838_/X
 _2839_/X
 _2840_/X
 _2841_/X
 _2842_/X
 _2843_/X
 _2844_/X
 _2845_/X
 _2846_/X
 _2847_/X
 _2848_/X
 _2849_/X
 _2850_/X
 _2851_/X
 _2852_/X
 _2853_/X
 _2854_/X
 _2855_/X
 _2856_/X
 _2857_/X
 _2858_/X
 _2859_/X
 _2860_/X
 _2861_/X
 _2862_/X
 _2863_/X
 _2864_/X
 _2865_/X
 _2866_/X
 _2867_/X
 _2868_/X
 _2869_/X
 _2870_/X
 _2871_/X
 _2872_/X
 _2873_/X
 _2874_/X
 _2875_/X
 _2876_/X
 _2877_/X
 _2878_/X
 _2879_/X
 _2880_/X
 _2881_/X
 _2882_/X
 _2883_/X
 _2884_/X
 _2885_/X
 _2886_/X
 _2887_/X
 _2888_/X
 _2889_/X
 _2890_/X
 _2891_/X
 _2892_/X
 _2893_/X
 _2894_/X
 _2895_/X
 _2896_/X
 _2897_/X
 _2898_/X
 _2899_/X
 _2900_/X
 _2901_/X
 _2902_/X
 _2903_/X
 _2904_/X
 _2905_/X
 _2906_/X
 _2907_/X
 _2908_/X
 _2909_/X
 _2910_/X
 _2911_/X
 _2912_/X
 _2913_/X
 _2914_/X
 _2915_/X
 _2916_/X
 _2917_/X
 _2918_/X
 _2919_/X
 _2920_/X
 _2921_/X
 _2922_/X
 _2923_/X
 _2924_/X
 _2925_/X
 _2926_/X
 _2927_/X
 _2928_/X
 _2929_/X
 _2930_/X
 _2931_/X
 _2932_/X
 _2933_/X
 _2934_/X
 _2935_/X
 _2936_/X
 _2937_/X
 _2938_/X
 _2939_/X
 _2940_/X
 _2941_/X
 _2942_/X
 _2943_/X
 _2944_/X
 _2945_/X
 _2946_/X
 _2947_/X
 _2948_/X
 _2949_/X
 _2950_/X
 _2951_/X
 _2952_/X
 _2953_/X
 _2954_/X
 _2955_/X
 _2956_/X
 _2957_/X
 _2958_/X
 _2959_/X
 _2960_/X
 _2961_/X
 _2962_/X
 _2963_/X
 _2964_/X
 _2965_/X
 _2966_/X
 _2967_/X
 _2968_/X
 _2969_/X
 _2970_/X
 _2971_/Y
 _2972_/X
 _2973_/X
 _2974_/X
 _2975_/X
 _2976_/X
 _2977_/X
 _2978_/X
 _2979_/X
 _2980_/X
 _2981_/X
 _2982_/X
 _2983_/X
 _2984_/X
 _2985_/X
 _2986_/X
 _2987_/X
 _2988_/X
 _2989_/X
 _2990_/X
 _2991_/X
 _2992_/X
 _2993_/X
 _2994_/X
 _2995_/X
 _2996_/X
 _2997_/X
 _2998_/X
 _2999_/X
 _3000_/X
 _3001_/X
 _3002_/X
 _3003_/X
 _3004_/X
 _3005_/Y
 _3006_/X
 _3007_/X
 _3008_/X
 _3009_/X
 _3010_/X
 _3011_/X
 _3012_/X
 _3013_/X
 _3014_/X
 _3015_/X
 _3016_/X
 _3017_/X
 _3018_/X
 _3019_/X
 _3020_/X
 _3021_/X
 _3022_/X
 _3023_/X
 _3024_/X
 _3025_/X
 _3026_/X
 _3027_/X
 _3028_/X
 _3029_/X
 _3030_/X
 _3031_/X
 _3032_/X
 _3033_/X
 _3034_/X
 _3035_/X
 _3036_/X
 _3037_/X
 _3038_/X
 _3039_/X
 _3040_/X
 _3041_/X
 _3042_/X
 _3043_/X
 _3044_/X
 _3045_/X
 _3046_/X
 _3047_/X
 _3048_/X
 _3049_/X
 _3050_/X
 _3051_/X
 _3052_/X
 _3053_/X
 _3054_/X
 _3055_/X
 _3056_/X
 _3057_/X
 _3058_/X
 _3059_/X
 _3060_/X
 _3061_/X
 _3062_/X
 _3063_/X
 _3064_/X
 _3065_/X
 _3066_/X
 _3067_/X
 _3068_/X
 _3069_/X
 _3070_/X
 _3071_/X
 _3072_/Y
 _3073_/X
 _3074_/X
 _3075_/X
 _3076_/X
 _3077_/X
 _3078_/X
 _3079_/X
 _3080_/X
 _3081_/X
 _3082_/X
 _3083_/X
 _3084_/X
 _3085_/X
 _3086_/X
 _3087_/X
 _3088_/X
 _3089_/X
 _3090_/X
 _3091_/X
 _3092_/X
 _3093_/X
 _3094_/X
 _3095_/X
 _3096_/X
 _3097_/X
 _3098_/X
 _3099_/X
 _3100_/X
 _3101_/X
 _3102_/X
 _3103_/X
 _3104_/X
 _3105_/X
 _3106_/X
 _3107_/X
 _3108_/X
 _3109_/X
 _3110_/X
 _3111_/X
 _3112_/X
 _3113_/X
 _3114_/X
 _3115_/X
 _3116_/X
 _3117_/X
 _3118_/X
 _3119_/X
 _3120_/X
 _3121_/X
 _3122_/X
 _3123_/X
 _3124_/X
 _3125_/X
 _3126_/X
 _3127_/X
 _3128_/X
 _3129_/X
 _3130_/X
 _3131_/X
 _3132_/X
 _3133_/X
 _3134_/X
 _3135_/X
 _3136_/X
 _3137_/X
 _3138_/X
 _3139_/X
 _3140_/X
 _3141_/X
 _3142_/X
 _3143_/X
 _3144_/X
 _3145_/X
 _3146_/X
 _3147_/X
 _3148_/X
 _3149_/X
 _3150_/X
 _3151_/X
 _3152_/X
 _3153_/X
 _3154_/X
 _3155_/X
 _3156_/X
 _3157_/X
 _3158_/X
 _3159_/X
 _3160_/X
 _3161_/X
 _3162_/X
 _3163_/X
 _3164_/X
 _3165_/X
 _3166_/X
 _3167_/X
 _3168_/X
 _3169_/X
 _3170_/X
 _3171_/X
 _3172_/X
 _3173_/X
 _3174_/X
 _3175_/X
 _3176_/X
 _3177_/X
 _3178_/X
 _3179_/X
 _3180_/X
 _3181_/X
 _3182_/X
 _3183_/X
 _3184_/X
 _3185_/X
 _3186_/X
 _3187_/X
 _3188_/X
 _3189_/X
 _3190_/X
 _3191_/X
 _3192_/X
 _3193_/X
 _3194_/X
 _3195_/X
 _3196_/X
 _3197_/X
 _3198_/X
 _3199_/X
 _3200_/X
 _3201_/X
 _3202_/X
 _3203_/X
 _3204_/Y
 _3205_/X
 _3206_/X
 _3207_/X
 _3208_/X
 _3209_/X
 _3210_/X
 _3211_/X
 _3212_/X
 _3213_/X
 _3214_/X
 _3215_/X
 _3216_/Y
 _3217_/X
 _3218_/X
 _3219_/X
 _3220_/X
 _3221_/X
 _3222_/X
 _3223_/X
 _3224_/X
 _3225_/X
 _3226_/X
 _3227_/Y
 _3228_/X
 _3229_/X
 _3230_/X
 _3231_/X
 _3232_/X
 _3233_/X
 _3234_/X
 _3235_/X
 _3236_/X
 _3237_/X
 _3238_/X
 _3239_/X
 _3240_/X
 _3241_/X
 _3242_/X
 _3243_/X
 _3244_/X
 _3245_/X
 _3246_/X
 _3247_/X
 _3248_/X
 _3249_/X
 _3250_/X
 _3251_/X
 _3252_/X
 _3253_/X
 _3254_/X
 _3255_/X
 _3256_/X
 _3257_/X
 _3258_/X
 _3259_/X
 _3260_/X
 _3261_/X
 _3262_/X
 _3263_/X
 _3264_/X
 _3265_/X
 _3266_/X
 _3267_/X
 _3268_/X
 _3269_/X
 _3270_/X
 _3271_/X
 _3272_/X
 _3273_/Y
 _3274_/X
 _3275_/X
 _3276_/X
 _3277_/X
 _3278_/X
 _3279_/X
 _3280_/X
 _3281_/X
 _3282_/X
 _3283_/X
 _3284_/Y
 _3285_/X
 _3286_/X
 _3287_/X
 _3288_/X
 _3289_/X
 _3290_/X
 _3291_/X
 _3292_/X
 _3293_/X
 _3294_/X
 _3295_/X
 _3296_/X
 _3297_/X
 _3298_/X
 _3299_/X
 _3300_/X
 _3301_/X
 _3302_/X
 _3303_/X
 _3304_/X
 _3305_/X
 _3306_/X
 _3307_/X
 _3308_/X
 _3309_/X
 _3310_/X
 _3311_/X
 _3312_/X
 _3313_/X
 _3314_/X
 _3315_/X
 _3316_/X
 _3317_/X
 _3318_/X
 _3319_/X
 _3320_/X
 _3321_/X
 _3322_/X
 _3323_/X
 _3324_/X
 _3325_/X
 _3326_/X
 _3327_/X
 _3328_/X
 _3329_/X
 _3330_/X
 _3331_/X
 _3332_/X
 _3333_/X
 _3334_/X
 _3335_/X
 _3336_/X
 _3337_/X
 _3338_/X
 _3339_/X
 _3340_/X
 _3341_/X
 _3342_/X
 _3343_/X
 _3344_/X
 _3345_/X
 _3346_/X
 _3347_/X
 _3348_/X
 _3349_/X
 _3350_/Y
 _3351_/X
 _3352_/X
 _3353_/X
 _3354_/X
 _3355_/X
 _3356_/X
 _3357_/X
 _3358_/X
 _3359_/X
 _3360_/X
 _3361_/X
 _3362_/X
 _3363_/X
 _3364_/X
 _3365_/X
 _3366_/X
 _3367_/X
 _3368_/X
 _3369_/X
 _3370_/X
 _3371_/X
 _3372_/X
 _3373_/X
 _3374_/X
 _3375_/X
 _3376_/X
 _3377_/X
 _3378_/X
 _3379_/X
 _3380_/X
 _3381_/X
 _3382_/X
 _3383_/X
 _3384_/X
 _3385_/X
 _3386_/X
 _3387_/X
 _3388_/X
 _3389_/X
 _3390_/X
 _3391_/X
 _3392_/X
 _3393_/X
 _3394_/X
 _3395_/X
 _3396_/X
 _3397_/X
 _3398_/X
 _3399_/X
 _3400_/X
 _3401_/X
 _3402_/X
 _3403_/X
 _3404_/X
 _3405_/X
 _3406_/X
 _3407_/X
 _3408_/X
 _3409_/X
 _3410_/X
 _3411_/X
 _3412_/X
 _3413_/X
 _3414_/X
 _3415_/X
 _3416_/X
 _3417_/X
 _3418_/X
 _3419_/X
 _3420_/X
 _3421_/X
 _3422_/X
 _3423_/X
 _3424_/X
 _3425_/X
 _3426_/X
 _3427_/Y
 _3428_/X
 _3429_/X
 _3430_/X
 _3431_/X
 _3432_/X
 _3433_/X
 _3434_/X
 _3435_/X
 _3436_/X
 _3437_/X
 _3438_/X
 _3439_/Y
 _3440_/Y
 _3441_/Y
 _3442_/Y
 _3443_/Y
 _3444_/Y
 _3445_/Y
 _3446_/Y
 _3447_/Y
 _3448_/Y
 _3449_/Y
 _3450_/Y
 _3451_/Y
 _3452_/Y
 _3453_/Y
 _3454_/Y
 _3455_/Y
 _3456_/Y
 _3457_/Y
 _3458_/Y
 _3459_/Y
 _3460_/Y
 _3461_/Y
 _3462_/Y
 _3463_/Y
 _3464_/Y
 _3465_/Y
 _3466_/Y
 _3467_/Y
 _3468_/Y
 _3469_/Y
 _3470_/Y
 _3471_/Y
 _3472_/Y
 _3473_/Y
 _3474_/Y
 _3475_/Y
 _3476_/Y
 _3477_/Y
 _3478_/Y
 _3479_/Y
 _3480_/Y
 _3481_/Y
 _3482_/Y
 _3483_/Y
 _3484_/Y
 _3485_/Y
 _3486_/Y
 _3487_/Y
 _3488_/Y
 _3489_/Y
 _3490_/Y
 _3491_/Y
 _3492_/Y
 _3493_/Y
 _3494_/Y
 _3495_/Y
 _3496_/Y
 _3497_/Y
 _3498_/Y
 _3499_/Y
 _3500_/Y
 _3501_/Y
 _3502_/Y
 _3503_/Y
 _3504_/Y
 _3505_/Y
 _3506_/Y
 _3507_/Y
 _3508_/Y
 _3509_/Y
 _3510_/Y
 _3511_/Y
 _3512_/Y
 _3513_/Y
 _3514_/Y
 _3515_/Y
 _3516_/Y
 _3517_/Y
 _3518_/Y
 _3519_/Y
 _3520_/Y
 _3521_/Y
 _3522_/Y
 _3523_/Y
 _3524_/Y
 _3525_/Y
 _3526_/Y
 _3527_/Y
 _3528_/Y
 _3529_/Y
 _3530_/Y
 _3531_/Y
 _3532_/Y
 _3533_/Y
 _3534_/Y
 _3535_/Y
 _3536_/Y
 _3537_/Y
 _3538_/Y
 _3539_/Y
 _3540_/Y
 _3541_/Y
 _3542_/Y
 _3543_/Y
 _3544_/Y
 _3545_/Y
 _3546_/Y
 _3547_/Y
 _3548_/Y
 _3549_/Y
 _3550_/Y
 _3551_/Y
 _3552_/Y
 _3553_/Y
 _3554_/Y
 _3555_/Y
 _3556_/Y
 _3557_/Y
 _3558_/Y
 _3559_/Y
 _3560_/Y
 _3561_/Y
 _3562_/Y
 _3563_/Y
 _3564_/Y
 _3565_/Y
 _3566_/Y
 _3567_/Y
 _3568_/Y
 _3569_/Y
 _3570_/Y
 _3571_/Y
 _3572_/Y
 _3573_/Y
 _3574_/Y
 _3575_/Y
 _3576_/Y
 _3577_/Y
 _3578_/Y
 _3579_/Y
 _3580_/Y
 _3581_/Y
 _3582_/Y
 _3583_/Y
 _3584_/Y
 _3585_/Y
 _3586_/Y
 _3587_/Y
 _3588_/Y
 _3589_/Y
 _3590_/Y
 _3591_/Y
 _3592_/Y
 _3593_/Y
 _3594_/Y
 _3595_/Y
 _3596_/Y
 _3597_/Y
 _3598_/Y
 _3599_/Y
 _3600_/Y
 _3601_/Y
 _3602_/Y
 _3603_/Y
 _3604_/Y
 _3605_/Y
 _3606_/Y
 _3607_/Y
 _3608_/Y
 _3609_/Y
 _3610_/Y
 _3611_/Y
 _3612_/Y
 _3613_/Y
 _3614_/Y
 _3615_/Y
 _3616_/Y
 _3617_/Y
 _3618_/Y
 _3619_/Y
 _3620_/Y
 _3621_/Y
 _3622_/Y
 _3623_/Y
 _3624_/Y
 _3625_/Y
 _3626_/Y
 _3627_/Y
 _3628_/Y
 _3629_/Y
 _3630_/Y
 _3631_/Y
 _3632_/Y
 _3633_/Y
 _3634_/Y
 _3635_/Y
 _3636_/Y
 _3637_/Y
 _3638_/Y
 _3639_/Y
 _3640_/Y
 _3641_/Y
 _3642_/Y
 _3643_/Y
 _3644_/X
 _3645_/X
 _3646_/X
 _3647_/Y
 _3648_/Y
 _3649_/X
 _3650_/Y
 _3651_/Y
 _3652_/X
 _3653_/Y
 _3654_/X
 _3655_/Y
 _3656_/X
 _3657_/Y
 _3658_/X
 _3659_/Y
 _3660_/Y
 _3661_/X
 _3662_/Y
 _3663_/Y
 _3664_/X
 _3665_/Y
 _3666_/X
 _3667_/X
 _3668_/X
 _3669_/Y
 _3670_/X
 _3671_/Y
 _3672_/Y
 _3673_/Y
 _3674_/Y
 _3675_/X
 _3676_/Y
 _3677_/Y
 _3678_/Y
 _3679_/X
 _3680_/Y
 _3681_/X
 _3682_/Y
 _3683_/Y
 _3684_/X
 _3685_/Y
 _3686_/X
 _3687_/X
 _3688_/Y
 _3689_/Y
 _3690_/X
 _3691_/Y
 _3692_/X
 _3693_/Y
 _3694_/Y
 _3695_/Y
 _3696_/Y
 _3697_/Y
 _3698_/X
 _3699_/X
 _3700_/Y
 _3701_/X
 _3702_/Y
 _3703_/Y
 _3704_/Y
 _3705_/Y
 _3706_/Y
 _3707_/Y
 _3708_/X
 _3709_/Y
 _3710_/X
 _3711_/Y
 _3712_/Y
 _3713_/Y
 _3714_/Y
 _3715_/X
 _3716_/Y
 _3717_/X
 _3718_/Y
 _3719_/Y
 _3720_/Y
 _3721_/Y
 _3722_/Y
 _3723_/Y
 _3724_/X
 _3725_/Y
 _3726_/Y
 _3727_/X
 _3728_/Y
 _3729_/Y
 _3730_/Y
 _3731_/X
 _3732_/Y
 _3733_/X
 _3734_/Y
 _3735_/Y
 _3736_/X
 _3737_/Y
 _3738_/Y
 _3739_/Y
 _3740_/X
 _3741_/X
 _3742_/Y
 _3743_/Y
 _3744_/Y
 _3745_/X
 _3746_/X
 _3747_/Y
 _3748_/Y
 _3749_/Y
 _3750_/Y
 _3751_/X
 _3752_/X
 _3753_/X
 _3754_/X
 _3755_/X
 _3756_/X
 _3757_/X
 _3758_/X
 _3759_/Y
 _3760_/X
 _3761_/Y
 _3762_/X
 _3763_/X
 _3764_/Y
 _3765_/X
 _3766_/Y
 _3767_/X
 _3768_/X
 _3769_/Y
 _3770_/X
 _3771_/X
 _3772_/X
 _3773_/X
 _3774_/X
 _3775_/X
 _3776_/X
 _3777_/X
 _3778_/X
 _3779_/X
 _3780_/X
 _3781_/X
 _3782_/Y
 _3783_/X
 _3784_/X
 _3785_/Y
 _3786_/X
 _3787_/X
 _3788_/X
 _3789_/X
 _3790_/X
 _3791_/X
 _3792_/X
 _3793_/X
 _3794_/X
 _3795_/X
 _3796_/X
 _3797_/X
 _3798_/X
 _3799_/X
 _3800_/X
 _3801_/X
 _3802_/X
 _3803_/X
 _3804_/X
 _3805_/X
 _3806_/X
 _3807_/X
 _3808_/X
 _3809_/X
 _3810_/X
 _3811_/X
 _3812_/X
 _3813_/X
 _3814_/X
 _3815_/X
 _3816_/X
 _3817_/X
 _3818_/X
 _3819_/X
 _3820_/X
 _3821_/X
 _3822_/X
 _3823_/X
 _3824_/X
 _3825_/X
 _3826_/X
 _3827_/X
 _3828_/X
 _3829_/X
 _3830_/X
 _3831_/X
 _3832_/X
 _3833_/X
 _3834_/X
 _3835_/X
 _3836_/X
 _3837_/X
 _3838_/X
 _3839_/X
 _3840_/X
 _3841_/X
 _3842_/X
 _3843_/X
 _3844_/X
 _3845_/X
 _3846_/X
 _3847_/X
 _3848_/X
 _3849_/X
 _3850_/X
 _3851_/X
 _3852_/X
 _3853_/X
 _3854_/X
 _3855_/X
 _3856_/X
 _3857_/X
 _3858_/X
 _3859_/X
 _3860_/X
 _3861_/X
 _3862_/X
 _3863_/X
 _3864_/X
 _3865_/X
 _3866_/X
 _3867_/X
 _3868_/X
 _3869_/X
 _3870_/X
 _3871_/X
 _3872_/X
 _3873_/X
 _3874_/X
 _3875_/X
 _3876_/X
 _3877_/X
 _3878_/X
 _3879_/X
 _3880_/X
 _3881_/X
 _3882_/X
 _3883_/X
 _3884_/X
 _3885_/X
 _3886_/X
 _3887_/X
 _3888_/X
 _3889_/X
 _3890_/X
 _3891_/X
 _3892_/X
 _3893_/X
 _3894_/X
 _3895_/X
 _3896_/X
 _3897_/X
 _3898_/X
 _3899_/X
 _3900_/X
 _3901_/X
 _3902_/X
 _3903_/X
 _3904_/X
 _3905_/X
 _3906_/X
 _3907_/X
 _3908_/X
 _3909_/X
 _3910_/X
 _3911_/X
 _3912_/X
 _3913_/X
 _3914_/X
 _3915_/X
 _3916_/X
 _3917_/X
 _3918_/X
 _3919_/X
 _3920_/X
 _3921_/X
 _3922_/X
 _3923_/X
 _3924_/X
 _3925_/X
 _3926_/X
 _3927_/X
 _3928_/X
 _3929_/X
 _3930_/X
 _3931_/X
 _3932_/X
 _3933_/X
 _3934_/X
 _3935_/X
 _3936_/X
 _3937_/X
 _3938_/X
 _3939_/X
 _3940_/X
 _3941_/X
 _3942_/X
 _3943_/X
 _3944_/X
 _3945_/X
 _3946_/X
 _3947_/X
 _3948_/X
 _3949_/X
 _3950_/X
 _3951_/X
 _3952_/X
 _3953_/X
 _3954_/X
 _3955_/X
 _3956_/X
 _3957_/X
 _3958_/X
 _3959_/X
 _3960_/X
 _3961_/X
 _3962_/X
 _3963_/X
 _3964_/X
 _3965_/X
 _3966_/X
 _3967_/X
 _3968_/X
 _3969_/X
 _3970_/X
 _3971_/X
 _3972_/X
 _3973_/X
 _3974_/X
 _3975_/X
 _3976_/X
 _3977_/X
 _3978_/X
 _3979_/X
 _3980_/X
 _3981_/X
 _3982_/X
 _3983_/X
 _3984_/X
 _3985_/X
 _3986_/X
 _3987_/X
 _3988_/X
 _3989_/X
 _3990_/X
 _3991_/X
 _3992_/X
 _3993_/X
 _3994_/X
 _3995_/X
 _3996_/X
 _3997_/X
 _3998_/X
 _3999_/X
 _4000_/X
 _4001_/X
 _4002_/Y
 _4003_/Y
 _4004_/Y
 _4005_/X
 _4006_/Y
 _4007_/Y
 _4008_/X
 _4009_/Y
 _4010_/X
 _4011_/Y
 _4012_/X
 _4013_/X
 _4014_/Y
 _4015_/Y
 _4016_/X
 _4017_/Y
 _4018_/X
 _4019_/X
 _4020_/Y
 _4021_/X
 _4022_/Y
 _4023_/X
 _4024_/X
 _4025_/Y
 _4026_/Y
 _4027_/X
 _4028_/Y
 _4029_/X
 _4030_/X
 _4031_/Y
 _4032_/X
 _4033_/Y
 _4034_/X
 _4035_/X
 _4036_/Y
 _4037_/Y
 _4038_/X
 _4039_/Y
 _4040_/X
 _4041_/X
 _4042_/Y
 _4043_/X
 _4044_/Y
 _4045_/X
 _4046_/X
 _4047_/Y
 _4048_/Y
 _4049_/X
 _4050_/Y
 _4051_/X
 _4052_/X
 _4053_/Y
 _4054_/X
 _4055_/Y
 _4056_/X
 _4057_/X
 _4058_/Y
 _4059_/Y
 _4060_/X
 _4061_/Y
 _4062_/X
 _4063_/X
 _4064_/Y
 _4065_/X
 _4066_/Y
 _4067_/X
 _4068_/X
 _4069_/Y
 _4070_/Y
 _4071_/X
 _4072_/Y
 _4073_/X
 _4074_/X
 _4075_/Y
 _4076_/X
 _4077_/Y
 _4078_/X
 _4079_/X
 _4080_/Y
 _4081_/Y
 _4082_/X
 _4083_/Y
 _4084_/X
 _4085_/X
 _4086_/Y
 _4087_/X
 _4088_/Y
 _4089_/X
 _4090_/X
 _4091_/Y
 _4092_/Y
 _4093_/X
 _4094_/Y
 _4095_/X
 _4096_/X
 _4097_/Y
 _4098_/X
 _4099_/Y
 _4100_/X
 _4101_/X
 _4102_/Y
 _4103_/Y
 _4104_/X
 _4105_/Y
 _4106_/X
 _4107_/X
 _4108_/X
 _4109_/X
 _4110_/X
 _4111_/X
 _4112_/X
 _4113_/X
 _4114_/X
 _4115_/X
 _4116_/X
 _4117_/Y
 _4118_/Y
 _4119_/Y
 _4120_/Q
 _4121_/Q
 _4122_/Q
 _4123_/Q
 _4124_/Q
 _4125_/Q
 _4126_/Q
 _4127_/Q
 _4128_/Q
 _4129_/Q
 _4130_/Q
 _4131_/Q
 _4132_/Q
 _4133_/Q
 _4134_/Q
 _4135_/Q
 _4136_/Q
 _4137_/Q
 _4138_/Q
 _4139_/Q
 _4140_/Q
 _4141_/Q
 _4142_/Q
 _4143_/Q
 _4144_/Q
 _4145_/Q
 _4146_/Q
 _4147_/Q
 _4148_/Q
 _4149_/Q
 _4150_/Q
 _4151_/Q
 _4152_/Q
 _4153_/Q
 _4154_/Q
 _4155_/Q
 _4156_/Q
 _4157_/Q
 _4158_/Q
 _4159_/Q
 _4160_/Q
 _4161_/Q
 _4162_/Q
 _4163_/Q
 _4164_/Q
 _4165_/Q
 _4166_/Q
 _4167_/Q
 _4168_/Q
 _4169_/Q
 _4170_/Q
 _4171_/Q
 _4172_/Q
 _4173_/Q
 _4174_/Q
 _4175_/Q
 _4176_/Q
 _4177_/Q
 _4178_/Q
 _4179_/Q
 _4180_/Q
 _4181_/Q
 _4182_/Q
 _4183_/Q
 _4184_/Q
 _4185_/Q
 _4186_/Q
 _4187_/Q
 _4188_/Q
 _4189_/Q
 _4190_/Q
 _4191_/Q
 _4192_/Q
 _4193_/Q
 _4194_/Q
 _4195_/Q
 _4196_/Q
 _4197_/Q
 _4198_/Q
 _4199_/Q
 _4200_/Q
 _4201_/Q
 _4202_/Q
 _4203_/Q
 _4204_/Q
 _4205_/Q
 _4206_/Q
 _4207_/Q
 _4208_/Q
 _4209_/Q
 _4210_/Q
 _4211_/Q
 _4212_/Q
 _4213_/Q
 _4214_/Q
 _4215_/Q
 _4216_/Q
 _4217_/Q
 _4218_/Q
 _4219_/Q
 _4220_/Q
 _4221_/Q
 _4222_/Q
 _4223_/Q
 _4224_/Q
 _4225_/Q
 _4226_/Q
 _4227_/Q
 _4228_/Q
 _4229_/Q
 _4230_/Q
 _4231_/Q
 _4232_/Q
 _4233_/Q
 _4234_/Q
 _4235_/Q
 _4236_/Q
 _4237_/Q
 _4238_/Q
 _4239_/Q
 _4240_/Q
 _4241_/Q
 _4242_/Q
 _4243_/Q
 _4244_/Q
 _4245_/Q
 _4246_/Q
 _4247_/Q
 _4248_/Q
 _4249_/Q
 _4250_/Q
 _4251_/Q
 _4252_/Q
 _4253_/Q
 _4254_/Q
 _4255_/Q
 _4256_/Q
 _4257_/Q
 _4258_/Q
 _4259_/Q
 _4260_/Q
 _4261_/Q
 _4262_/Q
 _4263_/Q
 _4264_/Q
 _4265_/Q
 _4266_/Q
 _4267_/Q
 _4268_/Q
 _4269_/Q
 _4270_/Q
 _4271_/Q
 _4272_/Q
 _4273_/Q
 _4274_/Q
 _4275_/Q
 _4276_/Q
 _4277_/Q
 _4278_/Q
 _4279_/Q
 _4280_/Q
 _4281_/Q
 _4282_/Q
 _4283_/Q
 _4284_/Q
 _4285_/Q
 _4286_/Q
 _4287_/Q
 _4288_/Q
 _4289_/Q
 _4290_/Q
 _4291_/Q
 _4292_/Q
 _4293_/Q
 _4294_/Q
 _4295_/Q
 _4296_/Q
 _4297_/Q
 _4298_/Q
 _4299_/Q
 _4300_/Q
 _4301_/Q
 _4302_/Q
 _4303_/Q
 _4304_/Q
 _4305_/Q
 _4306_/Q
 _4307_/Q
 _4308_/Q
 _4309_/Q
 _4310_/Q
 _4311_/Q
 _4312_/Q
 _4313_/Q
 _4314_/Q
 _4315_/Q
 _4316_/Q
 _4317_/Q
 _4318_/Q
 _4319_/Q
 _4320_/Q
 _4321_/Q
 _4322_/Q
 _4323_/Q
 _4324_/Q
 _4325_/Q
 _4326_/Q
 _4327_/Q
 _4328_/Q
 _4329_/Q
 _4330_/Q
 _4331_/Q
 _4332_/Q
 _4333_/Q
 _4334_/Q
 _4335_/Q
 _4336_/Q
 _4337_/Q
 _4338_/Q
 _4339_/Q
 _4340_/Q
 _4341_/Q
 _4342_/Q
 _4343_/Q
 _4344_/Q
 _4345_/Q
 _4346_/Q
 _4347_/Q
 _4348_/Q
 _4349_/Q
 _4350_/Q
 _4351_/Q
 _4352_/Q
 _4353_/Q
 _4354_/Q
 _4355_/Q
 _4356_/Q
 _4357_/Q
 _4358_/Q
 _4359_/Q
 _4360_/Q
 _4361_/Q
 _4362_/Q
 _4363_/Q
 _4364_/Q
 _4365_/Q
 _4366_/Q
 _4367_/Q
 _4368_/Q
 _4369_/Q
 _4370_/Q
 _4371_/Q
 _4372_/Q
 _4373_/Q
 _4374_/Q
 _4375_/Q
 _4376_/Q
 _4377_/Q
 _4378_/Q
 _4379_/Q
 _4380_/Q
 _4381_/Q
 _4382_/Q
 _4383_/Q
 _4384_/Q
 _4385_/Q
 _4386_/Q
 _4387_/Q
 _4388_/Q
 _4389_/Q
 _4390_/Q
 _4391_/Q
 _4392_/Q
 _4393_/Q
 _4394_/Q
 _4395_/Q
 _4396_/Q
 _4397_/Q
 _4398_/Q
 _4399_/Q
 _4400_/Q
 _4401_/Q
 _4402_/Q
 _4403_/Q
 _4404_/Q
 _4405_/Q
 _4406_/Q
 _4407_/Q
 _4408_/Q
 _4409_/Q
 _4410_/Q
 _4411_/Q
 _4412_/Q
 _4413_/Q
 _4414_/Q
 _4415_/Q
 _4416_/Q
 _4417_/Q
 _4418_/Q
 _4419_/Q
 _4420_/Q
 _4421_/Q
 _4422_/Q
 _4423_/Q
 _4424_/Q
 _4425_/Q
 _4426_/Q
 _4427_/Q
 _4428_/Q
 _4429_/Q
 _4430_/Q
 _4431_/Q
 _4432_/Q
 _4433_/Q
 _4434_/Q
 _4435_/Q
 _4436_/Q
 _4437_/Q
 _4438_/Q
 _4439_/Q
 _4440_/Q
 _4441_/Q
 _4442_/Q
 _4443_/Q
 _4444_/Q
 _4445_/Q
 _4446_/Q
 _4447_/Q
 _4448_/Q
 _4449_/Q
 _4450_/Q
 _4451_/Q
 _4452_/Q
 _4453_/Q
 _4454_/Q
 _4455_/Q
 _4456_/Q
 _4457_/Q
 _4458_/Q
 _4459_/Q
 _4460_/Q
 _4461_/Q
 _4462_/Q
 _4463_/Q
 _4464_/Q
 _4465_/Q
 _4466_/Q
 _4467_/Q
 _4468_/Q
 _4469_/Q
 _4470_/Q
 _4471_/Q
 _4472_/Q
 _4473_/Q
 _4474_/Q
 _4475_/Q
 _4476_/Q
 _4477_/Q
 _4478_/Q
 _4479_/Q
 _4480_/Q
 _4481_/Q
 _4482_/Q
 _4483_/Q
 _4484_/Q
 _4485_/Q
 _4486_/Q
 _4487_/Q
 _4488_/Q
 _4489_/Q
 _4490_/Q
 _4491_/Q
 _4492_/Q
 _4493_/Q
 _4494_/Q
 _4495_/Q
 _4496_/Q
 _4497_/Q
 _4498_/Q
 _4499_/Q
 _4500_/Q
 _4501_/Q
 _4502_/Q
 _4503_/Q
 _4504_/Q
 _4505_/Q
 _4506_/Q
 _4507_/Q
 _4508_/Q
 _4509_/Q
 _4510_/Q
 _4511_/Q
 _4512_/Q
 _4513_/Q
 _4514_/Q
 _4515_/Q
 _4516_/Q
 _4517_/Q
 _4518_/Q
 _4519_/Q
 _4520_/Q
 _4521_/Q
 _4522_/Q
 _4523_/Q
 _4524_/Q
 _4525_/Q
 _4526_/Q
 _4527_/Q
 _4528_/Q
 _4529_/Q
 _4530_/Q
 _4531_/Q
 _4532_/Q
 _4533_/Q
 _4534_/Q
 _4535_/Q
 _4536_/Q
 _4537_/Q
 _4538_/Q
 _4539_/Q
 _4540_/Q
 _4541_/Q
 _4542_/Q
 _4543_/Q
 _4544_/Q
 _4545_/Q
 _4546_/Q
 _4547_/Q
 _4548_/Q
 _4549_/Q
 _4550_/Q
 _4551_/Q
 _4552_/Q
 _4553_/Q
 _4554_/Q
 _4555_/Q
 _4556_/Q
 _4557_/Q
 _4558_/Q
 _4559_/Q
 _4560_/Q
 _4561_/Q
 _4562_/Q
 _4563_/Q
 _4564_/Q
 _4565_/Q
 _4566_/Q
 _4567_/Q
 _4568_/Q
 _4569_/Q
 _4570_/Q
 _4571_/Q
 _4572_/Q
 _4573_/Q
 _4574_/Q
 _4575_/Q
 _4576_/Q
 _4577_/Q
 _4578_/Q
 _4579_/Q
 _4580_/Q
 _4581_/Q
 _4582_/Q
 _4583_/Q
 _4584_/Q
 _4585_/Q
 _4586_/Q
 _4587_/Q
 _4588_/Q
 _4589_/Q
 _4590_/Q
 _4591_/Q
 _4592_/Q
 _4593_/Q
 _4594_/Q
 _4595_/Q
 _4596_/Q
 _4597_/Q
 _4598_/Q
 _4599_/Q
 _4600_/Q
 _4601_/Q
 _4602_/Q
 _4603_/Q
 _4604_/Q
 _4605_/Q
 _4606_/Q
 _4607_/Q
 _4608_/Q
 _4609_/Q
 _4610_/Q
 _4611_/Q
 _4612_/Q
 _4613_/Q
 _4614_/Q
 _4615_/Q
 _4616_/Q
 _4617_/Q
 _4618_/Q
 _4619_/Q
 _4620_/Q
 _4621_/Q
 _4622_/Q
 _4623_/Q
 _4624_/Q
 _4625_/Q
 _4626_/Q
 _4627_/Q
 _4628_/Q
 _4629_/Q
 _4630_/Q
 _4631_/Q
 _4632_/Q
 _4633_/Q
 _4634_/Q
 _4635_/Q
 _4636_/Q
 _4637_/Q
 _4638_/Q
 _4639_/Q
 _4640_/Q
 _4641_/Q
 _4642_/Q
 _4643_/Q
 _4644_/Q
 _4645_/Q
 _4646_/Q
 _4647_/Q
 _4648_/Q
 _4649_/Q
 _4650_/Q
 _4651_/Q
 _4652_/Q
 _4653_/Q
 _4654_/Q
 _4655_/Q
 _4656_/Q
 _4657_/Q
 _4658_/Q
 _4659_/Q
 _4660_/Q
 _4661_/Q
 _4662_/Q
 _4663_/Q
 _4664_/Q
 _4665_/Q
 _4666_/Q
 _4667_/Q
 _4668_/Q
 _4669_/Q
 _4670_/Q
 _4671_/Q
 _4672_/Q
 _4673_/Q
 _4674_/Q
 _4675_/Q
 _4676_/Q
 _4677_/Q
 _4678_/Q
 _4679_/Q
 _4680_/Q
 _4681_/Q
 _4682_/Q
 _4683_/Q
 _4684_/Q
 _4685_/Q
 _4686_/Q
 _4687_/Q
 _4688_/Q
 _4689_/Q
 _4690_/Q
 _4691_/Q
 _4692_/Q
 _4693_/Q
 _4694_/Q
 _4695_/Q
 _4696_/Q
 _4697_/Q
 _4698_/Q
 _4699_/Q
 _4700_/Q
 _4701_/Q
 _4702_/Q
 _4703_/Q
 _4704_/Q
 _4705_/Q
 _4706_/Q
 _4707_/Q
 _4708_/Q
 _4709_/Q
 _4710_/Q
 _4711_/Q
 _4712_/Q
 _4713_/Q
 _4714_/Q
 _4715_/Q
 _4716_/Q
 _4717_/Q
 _4718_/Q
 _4719_/Q
 _4720_/Q
 _4721_/Q
 _4722_/Q
 _4723_/Q
 _4724_/Q
 _4725_/Q
 _4726_/Q
 _4727_/Q
 _4728_/Q
 _4729_/Q
 _4730_/Q
 _4731_/Q
 _4732_/Q
 _4733_/Q
 _4734_/Q
 _4735_/Q
 _4736_/Q
 _4737_/Q
 _4738_/Q
 _4739_/Q
 _4740_/Q
 _4741_/Q
 _4742_/Q
 _4743_/Q
 _4744_/Q
 _4745_/Q
 _4746_/Q
 _4747_/Q
 _4748_/Q
 _4749_/Q
 _4750_/Q
 _4751_/Q
 _4752_/Q
 _4753_/Q
 _4754_/Q
 _4755_/Q
 _4756_/Q
 _4757_/Q
 _4758_/Q
 _4759_/Q
 _4760_/Q
 _4761_/Q
 _4762_/Q
 _4763_/Q
 _4764_/Q
 _4765_/Q
 _4766_/Q
 _4767_/Q
 _4768_/Q
 _4769_/Q
 _4770_/Q
 _4771_/Q
 _4772_/Q
 _4773_/Q
 _4774_/Q
 _4775_/Q
 _4776_/Q
 _4777_/Q
 _4778_/Q
 _4779_/Q
 _4780_/Q
 _4781_/Q
 _4782_/Q
 _4783_/Q
 _4784_/Q
 _4785_/Q
 _4786_/Q
 _4787_/Q
 _4788_/Q
 _4789_/Q
 _4790_/Q
 _4791_/Q
 _4792_/Q
 _4793_/Q
 _4794_/Q
 _4795_/Q
 _4796_/Q
 _4797_/Q
 _4798_/Q
 _4799_/Q
 _4800_/Q
 _4801_/Q
 _4802_/Q
 _4803_/Q
 _4804_/Q
 _4805_/Q
 _4806_/Q
 _4807_/Q
 _4808_/Q
 _4809_/Q
 _4810_/Q
 _4811_/Q
 _4812_/Q
 _4813_/Q
 _4814_/Q
 _4815_/Q
 _4816_/Q
 _4817_/Q
 _4818_/Q
 _4819_/Q
 _4820_/Q
 _4821_/Q
 _4822_/Q
 _4823_/Q
 _4824_/Q
 _4825_/Q
 _4826_/Q
 _4827_/Q
 _4828_/Q
 _4829_/Q
 _4830_/Q
 _4831_/Q
 _4832_/Q
 _4833_/Q
 _4834_/Q
 _4835_/Q
 _4836_/Q
 _4837_/Q
 _4838_/Q
 _4839_/Q
 _4840_/Q
 _4841_/Q
 _4842_/Q
 _4843_/Q
 _4844_/Q
 _4845_/Q
 _4846_/Q
 _4847_/Q
 _4848_/Q
 _4849_/Q
 _4850_/Q
 _4851_/Q
 _4852_/Q
 _4853_/Q
 _4854_/Q
 _4855_/Q
 _4856_/Q
 _4857_/Q
 _4858_/Q
 _4859_/Q
 _4860_/Q
 _4861_/Q
 _4862_/Q
 _4863_/Q
 _4864_/Q
 _4865_/Q
 _4866_/Q
 _4867_/Q
 _4868_/Q
 _4869_/Q
 _4870_/Q
 _4871_/Q
 _4872_/Q
 _4873_/Q
 _4874_/Q
 _4875_/Q
 _4876_/Q
 _4877_/Q
 _4878_/Q
 _4879_/Q
 _4880_/Q
 _4881_/Q
 _4882_/Q
 _4883_/Q
 _4884_/Q
 _4885_/Q
 _4886_/Q
 _4887_/Q
 _4888_/Q
 _4889_/Q
 _4890_/Q
 _4891_/Q
 _4892_/Q
 _4893_/Q
 _4894_/Q
 _4895_/Q
 _4896_/Q
 _4897_/Q
 _4898_/Q
 _4899_/Q
 _4900_/Q
 _4901_/Q
 _4902_/Q
 _4903_/Q
 _4904_/Q
 _4905_/Q
 _4906_/Q
 _4907_/Q
 _4908_/Q
 _4909_/Q
 _4910_/Q
 _4911_/Q
 _4912_/Q
 _4913_/Q
 _4914_/Q
 _4915_/Q
 _4916_/Q
 _4917_/Q
 _4918_/Q
 _4919_/Q
 _4920_/Q
 _4921_/Q
 _4922_/Q
 _4923_/Q
 _4924_/Q
 _4925_/Q
 _4926_/Q
 _4927_/Q
 _4928_/Q
 _4929_/Q
 _4930_/Q
 _4931_/Q
 _4932_/Q
 _4933_/Q
 _4934_/Q
 _4935_/Q
 _4936_/Q
 _4937_/Q
 _4938_/Q
 _4939_/Q
 _4940_/Q
 _4941_/Q
 _4942_/Q
 _4943_/Q
 _4944_/Q
 _4945_/Q
 _4946_/Q
 _4947_/Q
 _4948_/Q
 _4949_/Q
 _4950_/Q
 _4951_/Q
 _4952_/Q
 _4953_/Q
 _4954_/Q
 _4955_/Q
 _4956_/Q
 _4957_/Q
 _4958_/Q
 _4959_/Q
 _4960_/Q
 _4961_/Q
 _4962_/Q
 _4963_/Q
 _4964_/Q
 _4965_/Q
 _4966_/Q
 _4967_/Q
 _4968_/Q
 _4969_/Q
 _4970_/Q
 _4971_/Q
 _4972_/Q
 _4973_/Q
 _4974_/Q
 _4975_/Q
 _4976_/Q
 _4977_/Q
 _4978_/Q
 _4979_/Q
 _4980_/Q
 _4981_/Q
 _4982_/Q
 _4983_/Q
 _4984_/Q
 _4985_/Q
 _4986_/Q
 _4987_/Q
 _4988_/Q
 _4989_/Q
 _4990_/Q
 _4991_/Q
 _4992_/Q
 _4993_/Q
 _4994_/Q
 _4995_/Q
 _4996_/Q
 _4997_/Q
 _4998_/Q
 _4999_/Q
 _5000_/Q
 _5001_/Q
 _5002_/Q
 _5003_/Q
 _5004_/Q
 _5005_/Q
 _5006_/Q
 _5007_/Q
 _5008_/Q
 _5009_/Q
 _5010_/Q
 _5011_/Q
 _5012_/Q
 _5013_/Q
 _5014_/Q
 _5015_/Q
 _5016_/Q
 _5017_/Q
 _5018_/Q
 _5019_/Q
 _5020_/Q
 _5021_/Q
 _5022_/Q
 _5023_/Q
 _5024_/Q
 _5025_/Q
 _5026_/Q
 _5027_/Q
 _5028_/Q
 _5029_/Q
 _5030_/Q
 _5031_/Q
 _5032_/Q
 _5033_/Q
 _5034_/Q
 _5035_/Q
 _5036_/Q
 _5037_/Q
 _5038_/Q
 _5039_/Q
 _5040_/Q
 _5041_/Q
 _5042_/Q
 _5043_/HI
 _5043_/LO
 _5044_/HI
 _5044_/LO
 _5045_/HI
 _5045_/LO
 _5046_/HI
 _5046_/LO
 _5047_/HI
 _5047_/LO
 _5048_/HI
 _5048_/LO
 _5049_/HI
 _5049_/LO
 _5050_/HI
 _5050_/LO
 _5051_/HI
 _5051_/LO
 _5052_/HI
 _5052_/LO
 _5053_/HI
 _5053_/LO
 _5054_/HI
 _5054_/LO
 _5055_/HI
 _5055_/LO
 _5056_/HI
 _5056_/LO
 _5057_/HI
 _5057_/LO
 _5058_/HI
 _5058_/LO
 _5059_/HI
 _5059_/LO
 _5060_/HI
 _5060_/LO
 _5061_/HI
 _5061_/LO
 _5062_/HI
 _5062_/LO
 _5063_/HI
 _5063_/LO
 _5064_/HI
 _5064_/LO
Found 0 partially unannotated drivers.

===========================================================================
max slew violation count 1403
max fanout violation count 88
max cap violation count 7
============================================================================

===========================================================================
check_setup -verbose -unconstrained_endpoints -multiple_clock -no_clock -no_input_delay -loops -generated_clocks
===========================================================================
Warning: There are 22 unconstrained endpoints.
  store_data[10]
  store_data[11]
  store_data[12]
  store_data[13]
  store_data[14]
  store_data[15]
  store_data[16]
  store_data[17]
  store_data[18]
  store_data[19]
  store_data[20]
  store_data[21]
  store_data[22]
  store_data[23]
  store_data[24]
  store_data[25]
  store_data[26]
  store_data[27]
  store_data[28]
  store_data[29]
  store_data[30]
  store_data[31]
